question_number,question_text,options_json,answer_text,answer_index,explanation_text
1,A 54-year-old man is diagnosed as having acute myeloid leukaemia. What is the single most important test in determining his prognosis?,"[""Gene-expression profiling"", ""White cell count at diagnosis"", ""Immunophenotyping"", ""Lactate dehydrogenase"", ""Cytogenetics""]",Cytogenetics,4,
2,"A 70-year-old Caucasian man was referred by his general practitioner for a persistently elevated white cell count of >100 x 109/L, significant unexplained weight loss, and extreme fatigue. On examination, he had extensive lymphadenopathy (cervical, supraclavicular and axillary), splenomegaly, and hepatomegaly. His full blood count showed:


Hb	126 g/L	Male: (135-180)
Female: (115 - 160)
Platelets	131 * 109/L	(150 - 400)
WBC	113 * 109/L	(4.0 - 11.0)
Blood film	Lymphocytosis with extensive smudge cells

What is the key investigation for confirming the diagnosis?","[""Bone marrow histology"", ""Immunophenotyping"", ""Lymph node histology"", ""Serum beta-2 microglobulin"", ""Spleen histology""]",Immunophenotyping,1,"CLL - immunophenotyping is investigation of choice

Immunophenotyping

with flow cytometry is the key investigation. Distinctive characteristics of CLL cellular expression of a clonal nature promotes diagnostic certainty with a sensitivity up to 96%.

Bone marrow histology

is not required for the diagnosis of chronic lymphocytic leukaemia (CLL). It often demonstrates normal or increased cellularity and is not specific for making a diagnosis of CLL.

Lymph node histology

may help confirm a diagnosis of CLL by demonstrating the pathognomonic pseudofollicular pattern of featuring scattered prolymphocytes and paraimmunoblasts. However, lymph node biopsies are only required if there is diagnostic uncertainty following other key investigations, such as immunophenotyping, and is, therefore, not routinely performed.

Serum beta-2 microglobulin

is a component of MHC class I and although levels may be elevated in CLL it has a sensitivity of only 60%, nor is it specific to CLL.

Spleen histology

often shows infiltration of the white and red pulp, possibly with proliferation centres. These do not feature specifically for CLL."
3,"A 30-year-old man is investigated for enlarged, painless cervical lymph nodes. A biopsy is taken and a diagnosis of Hodgkin's lymphoma is made. Which one of the following types of Hodgkin's lymphoma carries the best prognosis?","[""Lymphocyte predominant"", ""Mixed cellularity"", ""Nodular sclerosing"", ""Hairy cell"", ""Lymphocyte depleted""]",Lymphocyte predominant,0,"Hodgkin's lymphoma - best prognosis = lymphocyte predominant

The correct answer is

Lymphocyte predominant

. This type of Hodgkin's lymphoma is associated with the best prognosis as it tends to be localized and responds well to treatment. It represents about 5% of all cases of Hodgkin's lymphoma, and typically presents in younger individuals. It has a distinctive histological appearance, with large, often multinucleated cells called 'popcorn' cells or LP cells.

Mixed cellularity

is an incorrect answer. Mixed cellularity Hodgkin's lymphoma is more common than lymphocyte predominant subtype but carries a worse prognosis. It typically presents in middle-aged adults and can involve any nodal site. The characteristic Reed-Sternberg cells are present within a mixed inflammatory background.

Nodular sclerosing

is another incorrect option. Nodular sclerosing Hodgkin's lymphoma is the most common type but does not carry the best prognosis. It frequently affects young adults, particularly women, and often involves the mediastinal lymph nodes. Histologically, it shows nodules separated by bands of fibrous tissue containing lacunar cells (a variant of Reed-Sternberg cells).

Hairy cell

leukaemia is also incorrect because it isn't a subtype of Hodgkin's lymphoma at all - it's a type of chronic B-cell leukaemia characterised by 'hairy' projections on the surface of the malignant B-cells.

Finally,

Lymphocyte depleted

is incorrect as this type actually carries the worst prognosis among all types of Hodgkin's lymphoma due to its aggressive nature and late stage at presentation. It is rare and usually occurs in older patients or those with HIV infection."
4,Chronic lymphocytic leukaemia is mostly due to a:,"[""Polyclonal proliferation of B-cell lymphocytes"", ""Monoclonal proliferation of B-cell lymphocytes"", ""Monoclonal proliferation of large granular lymphocytes"", ""Monoclonal proliferation of T-cell lymphocytes"", ""Polyclonal proliferation of T-cell lymphocytes""]",Monoclonal proliferation of B-cell lymphocytes,1,"CLL is caused by a monoclonal proliferation of B-cell lymphocytes

The correct answer is

Monoclonal proliferation of B-cell lymphocytes

. Chronic Lymphocytic Leukaemia (CLL) is a type of cancer that starts from cells that become certain white blood cells (called lymphocytes) in the bone marrow. The cells grow and multiply too much, leading to an accumulation of these abnormal B-cells. These are monoclonal, meaning they all derive from a single mutated cell and have identical characteristics.

Polyclonal proliferation of B-cell lymphocytes

is incorrect because CLL involves the monoclonal proliferation, not polyclonal. Polyclonal proliferation refers to the growth of multiple different types of cells, which is not characteristic of CLL as it originates from a single cell line.

Monoclonal proliferation of large granular lymphocytes

refers to another type of leukaemia called Large Granular Lymphocyte Leukaemia (LGL). This is a rare type of chronic leukaemia that affects large granular lymphocytes, not B-cells.

Monoclonal proliferation of T-cell lymphocytes

, while it does involve monoclonal expansion, refers to other types of leukaemias or lymphomas such as T-cell acute lymphoblastic leukaemia or certain types of T-cell non-Hodgkin's lymphoma. In CLL, the affected cells are B-lymphocytes.

Finally,

Polyclonal proliferation of T-cell lymphocytes

would suggest a reactive process rather than a neoplastic one. It could be seen in various conditions like viral infections or autoimmune diseases but it doesn't describe the pathophysiology behind CLL."
5,Which one of the following is the most common type of Hodgkin's lymphoma?,"[""Lymphocyte predominant"", ""Nodular sclerosing"", ""Lymphocyte depleted"", ""Mixed cellularity"", ""Hairy cell""]",Nodular sclerosing,1,"Hodgkin's lymphoma - most common type = nodular sclerosing

The correct answer is

Nodular sclerosing

. Nodular sclerosing type of Hodgkin's lymphoma is the most common subtype, accounting for approximately 60-80% of all cases in developed countries. It is characterised by large malignant cells known as Reed-Sternberg cells within a background of reactive lymphocytes, eosinophils and fibrous bands separating nodules. Patients often present with painless enlargement of cervical or supraclavicular lymph nodes.

On the other hand,

Lymphocyte predominant

Hodgkin's lymphoma is a rare subtype that accounts for less than 5% of cases. It has a better prognosis compared to other types due to its indolent course and good response to treatment.

Lymphocyte depleted

Hodgkin's lymphoma is another rare subtype which represents less than 1% of all Hodgkin's lymphoma in developed countries. This subtype has a poor prognosis due to its aggressive clinical behaviour and association with advanced-stage disease at presentation.

Mixed cellularity

Hodgkin's lymphoma constitutes around 15-30% of all cases and it is more common in developing countries. It affects both children and adults and can involve any nodal site. The histology shows mixed inflammatory background without sclerosis.

Lastly,

Hairy cell

leukaemia is not a type of Hodgkin's lymphoma but rather a chronic B-cell leukaemia characterised by 'hairy' projections on the surface of the malignant cells when viewed under microscopy. Therefore, this option does not fit into the category of Hodgkin's Lymphomas at all."
6,A 48-year-old female who has just completed a course of chemotherapy complains of difficulty using her hands associated with 'pins and needles'. She has also experienced urinary hesitancy. Which cytotoxic drug is most likely to be responsible?,"[""Doxorubicin"", ""Cyclophosphamide"", ""Methotrexate"", ""Vincristine"", ""Bleomycin""]",Vincristine,3,"Vincristine - peripheral neuropathy

Vincristine is associated with peripheral neuropathy. Urinary hesitancy may develop secondary to bladder atony."
7,A 52-year-old man with a history of anaemia and abdominal discomfort is diagnosed as having chronic myeloid leukaemia. What is the mechanism of action of imatinib?,"[""EGF receptor antagonist"", ""Tyrosine kinase inhibitor"", ""Anti-CD52 monoclonal antibody"", ""Anti-CD23 monoclonal antibody"", ""p53 inhibitor""]",Tyrosine kinase inhibitor,1,"Chronic myeloid leukaemia - imatinib = tyrosine kinase inhibitor

The correct answer is

Tyrosine kinase inhibitor

. Imatinib, a first-generation tyrosine kinase inhibitor (TKI), works by blocking the action of an abnormal protein that signals cancer cells to multiply in chronic myeloid leukaemia (CML). This disease is characterised by a genetic abnormality known as the Philadelphia chromosome, which leads to the production of BCR-ABL, an oncogenic protein with constitutively active tyrosine kinase activity. By inhibiting this enzyme, imatinib helps control the proliferation of leukemic cells.

Discussing the incorrect answers:

The option

EGF receptor antagonist

is incorrect. EGF stands for Epidermal Growth Factor. While EGF receptor antagonists are used in some cancers - such as non-small cell lung cancer and colorectal cancer where EGFR mutations are common - they do not play a role in CML treatment because CML does not typically involve EGFR mutations or overexpression.

Anti-CD52 monoclonal antibody

is another incorrect choice. Anti-CD52 monoclonal antibodies like alemtuzumab target CD52, a protein found on the surface of mature lymphocytes, but not on stem cells from which these lymphocytes are derived. They are used primarily in conditions like chronic lymphocytic leukaemia (CLL) and certain types of lymphomas, not CML.

Similarly,

Anti-CD23 monoclonal antibody

is also wrong. Anti-CD23 monoclonal antibodies target CD23 antigen present on mature B-cells and follicular dendritic cells and are used in treating conditions like CLL and certain types of non-Hodgkin's lymphoma where these antigens are overexpressed. They have no role in CML treatment.

Finally,

p53 inhibitor

is also not correct. p53 inhibitors aim to suppress TP53 gene mutation which can lead to uncontrolled cell division and tumour growth. However, p53 inhibition would be counterproductive in most cases since p53 has a crucial role in preventing cancer via its actions causing cell cycle arrest or apoptosis when DNA damage is detected within a cell. Thus far, there's no clinically approved drug that inhibits p53 for use in human cancers including CML."
8,"A 70-year-old woman is seen in the oncology clinic after originally presenting with a breast lump and a biopsy confirmed malignancy.

Cancer receptor testing confirms the presence of oestrogen receptors and so, given the patient is postmenopausal, a plan is made for her to be commenced on an aromatase inhibitor.

Due to known adverse effects of the medication, a DEXA scan is conducted before commencing treatment.

What drug is this patient to be commenced on?","[""Anastrozole"", ""Docetaxel"", ""Levonorgestrel"", ""Tamoxifen"", ""Trastuzumab""]",Anastrozole,0,"Anastrozole and letrozole are aromatase inhibitors that reduces peripheral oestrogen synthesis

Anastrozole

and the similar letrozole are examples of aromatase inhibitors used for the management of oestrogen receptor-positive (ER +ve) breast cancer. These drugs reduce the production of oestrogen and are particularly used for ER +ve breast cancer in postmenopausal women as aromatisation accounts for the majority of oestrogen production in this group.

Docetaxel

is an example of a taxane drug, usually added to chemotherapy regimens for the treatment of breast cancer (e.g. combine with cyclophosphamide and doxorubicin to form 'CAT' one of the most common breast cancer chemotherapy regimens). As with most chemotherapy drugs it works by destroying the fast-replicating cells that cause cancer and do not affect aromatisation.

Levonorgestrel

is a progestin and mimics the effect of the hormone progesterone. As such it is used in combination with oestrogen in both birth control and menopausal hormone therapy. Levonorgestrel has no role in the management of breast cancer with research indicating that its use is associated with a slightly increased risk of malignancy.

Tamoxifen

is an example of a selective oestrogen receptor modulator (SERM) commonly used in the treatment of ER +ve breast cancer. Unlikely aromatase inhibitors SERMs directly block the cancer oestrogen receptors, inhibiting growth.

Trastuzumab

is a monoclonal antibody used to treat specific HER2 receptor +ve breast cancers. This monoclonal antibody targets HER2, which is amplified in 20-30% of early-stage breast cancers and induces an immune-mediated response, reducing proliferation. Again aromatisation is not affected by this drug."
9,"Each one of the following is associated with hyposplenism, except:","[""Sickle-cell anaemia"", ""Liver cirrhosis"", ""Systemic lupus erythematous"", ""Coeliac disease"", ""Splenectomy""]",Liver cirrhosis,1,
10,"A 24-year-old woman presents with a 3-month history of 10kg weight loss, night sweats, and fevers. On examination, there is no evidence of lymphadenopathy, organomegaly, or palpable masses.

A CT is organised:


CT neck, chest, abdomen and pelvis	Large mediastinal mass with a maximal diameter of 14cm; External compression of the SVC

What additional symptom would be most common in this condition?","[""Cranial nerve deficits"", ""Dyspnoea"", ""Headache"", ""Swelling of the face"", ""Visual disturbance""]",Dyspnoea,1,"SVC obstruction - dyspnoea is the most common symptom

The patient has superior vena cava obstruction (SVCO). Features of this condition include a plethoric and cyanosed face with periorbital oedema, conjunctival injection, venous dilatation in the fundi, distended non-pulsatile neck veins and a positive Pemberton sign. Pemberton's sign is facial flushing and jugular venous distension on raising the arms above the head, which can be seen in SVC obstruction.

Dyspnoea

is correct. The patient has superior vena cava obstruction (SVCO) as indicated by the CT scan results. Dyspnoea is the most common symptom associated with this condition.

Cranial nerve deficits

is incorrect. Horner's syndrome (constricted pupil, anhidrosis and drooping eyelid) can occur with Pancoast tumours, a type of lung cancer that affects the apex of the lung. SVCO can also occur as a complication of this condition.

Headache

is incorrect. Although headaches can occur with SVCO, dyspnoea is more common.

Swelling of the face

is incorrect. While dyspnoea is indeed the most common symptom in SVCO, swelling of the face, neck and upper extremities can also be quite common due to impaired venous drainage from these areas.

Visual disturbance

is incorrect. Although visual disturbance can occur with SVCO, dyspnoea is more common."
11,"A 35-year-old man is admitted to the hospital with a deep vein thrombosis of his left leg. On taking a history, it is established that he has been feeling very tired over the last month and has been experiencing dark-colored urine, particularly in the mornings. He has no significant past medical history.

His blood tests show the following:


Hb	85 g/L	Male: (135-180)
Platelets	120 * 109/L	(150 - 400)
WBC	4.2 * 109/L	(4.0 - 11.0)
LDH	4007 mmol/L* 109/L	(135 - 225 )

What investigation is the gold standard test for the most likely diagnosis?","[""Complement levels"", ""Flow cytometry for CD59 and CD55"", ""Glycoprotein glycosyl-phosphatidylinositol (GPI) levels"", ""Ham's test for acid induced haemolysis"", ""Urinalysis""]",Flow cytometry for CD59 and CD55,1,"Flow cytometry for CD59 and CD55 is the gold standard test for paroxysmal nocturnal haemoglobinuria

The diagnosis is paroxysmal nocturnal haemoglobinuria (PNH), an acquired condition that characteristically presents with anaemia (secondary to haemolysis), thrombocytopenia or pancytopenia as well as haemoglobinuria resulting in dark-coloured urine and an increased risk of venous thrombosis. The

gold standard investigation for PNH is flow cytometry of blood to detect low levels of CD59 and CD55

.

Proteins important for cell membrane maintenance are regulated by complement. With the lack of GPI and complement-regulating proteins attached to the cell membrane, the membrane becomes more sensitive to complement however

complement levels

themselves would be unchanged and not diagnostic of PNH.

PNH is caused by a lack of

glycoprotein glycosyl-phosphatidylinositol (GPI)

, an anchor protein that attaches proteins to the cell membrane which are important for cell membrane maintenance. GPI levels are not measured to diagnose PNH.

Prior to flow cytometry,

Ham's test

was used to diagnose PNH in which red cells exposed to acid in a patient with PNH would undergo haemolysis.

Urinalysis

would confirm haemoglobinuria, however is not diagnostic of PNH."
12,"A 73-year-old woman is seen in the 2-week wait breast clinic as her GP has felt a lump in her left breast. Following triple assessment, she is diagnosed with oestrogen receptor-positive breast cancer. The oncologist recommends starting a medication which can specifically target this type of breast cancer in post-menopausal women only.

What medication might they be describing?","[""Anastrozole"", ""Bleomycin"", ""Cisplatin"", ""Tamoxifen"", ""Trastuzumab""]",Anastrozole,0,"Anastrozole and letrozole are aromatase inhibitors that reduces peripheral oestrogen synthesis

Anastrozole

is a medication called an aromatase inhibitor, which works by inhibiting the enzyme aromatase and hence reducing the conversion of androgens into oestrogens in peripheral tissues. This is the main source of oestrogen production in postmenopausal women, compared to pre-menopausal women, where the main source of oestrogen is the ovaries. Aromatase inhibitors are therefore particularly useful in post-menopausal women who have breast cancer which requires oestrogen to grow.

By contrast

tamoxifen

is a selective oestrogen receptor modulator, meaning it antagonises oestrogen receptors on the breast cancer cells and blocks the anabolic effects of oestrogen. It can be used in both pre and post-menopausal women with oestrogen receptor-positive tumours.

Trastuzumab,

also known as Herceptin, is a monoclonal antibody used to treat cancer which is HER-2 receptor-positive. The HER-2 receptor is not an oestrogen receptor, therefore trastuzumab is not the correct answer here.

Bleomycin

is a form of chemotherapy which is not specific to oestrogen receptor-positive cancers, therefore is not the correct answer here.

Cisplatin

is also a form of chemotherapy which is not specific to oestrogen receptor-positive cancers, therefore is not the correct answer here."
13,"A 72-year-old man is admitted with a deep vein thrombosis. He is normally fit and well but has recently lost weight. Blood tests reveal the following:


IgG	889 mg/dl (range 600-1300 mg/dl)
IgM	1674 mg/dl (range 50-330 mg/dl)
IgA	131 mg/dl (range 60-300 mg/dl)

What is the most likely diagnosis?","[""Monoclonal gammopathy of undetermined significance"", ""Acute promyelocytic leukaemia"", ""Waldenstrom's macroglobulinaemia"", ""Antiphospholipid syndrome"", ""Multiple myeloma""]",Waldenstrom's macroglobulinaemia,2,"IgM paraproteinaemia - ?Waldenstrom's macroglobulinaemia

Waldenstrom's macroglobulinaemia is more likely than monoclonal gammopathy of undetermined significance given the weight loss and deep vein thrombosis (evidence of hyperviscosity).

IgG and IgA and the most common type of immunoglobulins produced in myeloma."
14,Which one of the following causes of primary immunodeficiency is due to a defect in neutrophil function?,"[""Wiskott-Aldrich syndrome"", ""Common variable immunodeficiency"", ""Bruton's congenital agammaglobulinaemia"", ""Di George syndrome"", ""Chronic granulomatous disease""]",Chronic granulomatous disease,4,
15,"A 23-year-old woman presents to the emergency department with a 2-day history of fatigue.

She appears slightly tired and pale. On examination, she has pallor of the conjunctivae and nail beds, is mildly icteric, and her spleen is palpable 2 cm below the left costal margin.

Investigations show:


Hb	96 g/L	Man: (135-180) g/L
Woman: (115 - 160) g/L
Reticulocytes	8%	(0.5 - 1.5) %
Bilirubin	31 µmol/L	(3 - 17) µmol/L


Blood film	Spherocytes present

What is the most appropriate initial management for this patient?","[""Corticosteroids therapy"", ""Folic acid supplementation"", ""Hydroxyurea therapy"", ""Immunosuppressive therapy"", ""Splenectomy""]",Folic acid supplementation,1,"Generally supportive treatment is given in the management of a patient in haemolytic crisis secondary to hereditary spherocytosis. I.e. folic acid, transfusion if symptomatic from anaemia. Steroids are not indicated

Folic acid supplementation

is correct. This patient is experiencing a haemolytic crisis secondary to hereditary spherocytosis, as indicated by anaemia, jaundice, elevated bilirubin, and a raised reticulocyte count (8%). The increased reticulocyte count reflects heightened bone marrow activity in response to ongoing red cell destruction. In this context of accelerated erythropoiesis, folate stores are rapidly depleted; therefore, supplementation with folic acid is necessary to support continued red blood cell production and to prevent the development of megaloblastic anaemia. As the patient is currently stable, folic acid represents the most appropriate immediate management.

Immunosuppressive therapy

is incorrect because it has no role in hereditary spherocytosis. This condition arises from an intrinsic structural defect in the red cell membrane rather than from an autoimmune process. Immunosuppressive therapy is typically employed in immune-mediated conditions such as autoimmune haemolytic anaemia or aplastic anaemia.

Corticosteroids

are incorrect as they are ineffective in hereditary spherocytosis due to the absence of antibody-mediated destruction of red cells. Their use is confined to immune causes of haemolysis, such as autoimmune haemolytic anaemia, which does not apply in this scenario.

Splenectomy

is incorrect because although it can reduce haemolysis by removing the primary site of red cell destruction, it is reserved for patients with severe or recurrent disease. Splenectomy is not used acutely and should only be considered after stabilisation as an elective procedure.

Hydroxyurea

is incorrect because its indication primarily lies with haemoglobinopathies, such as sickle cell disease, where it reduces sickling and the frequency of crises. Hereditary spherocytosis results from a defect in the red cell cytoskeleton; thus, hydroxyurea has no therapeutic benefit for this condition."
16,"A 62-year-old man with advanced non-small cell lung cancer begins a chemotherapy regimen involving a platinum-based agent known for its efficacy in treating his condition. During a follow-up visit, he mentions new symptoms affecting his daily activities, prompting further evaluation by his oncologist.

What side effect is most likely associated with this patient’s treatment?","[""Cardiomyopathy"", ""Hepatotoxicity"", ""Myelosuppression"", ""Peripheral neuropathy"", ""Pulmonary fibrosis""]",Peripheral neuropathy,3,"Cisplatin may cause peripheral neuropathy

The chemotherapy described in this case is likely cisplatin, a platinum-based agent commonly used for advanced non-small cell lung cancer. Cisplatin’s efficacy in treating various solid tumours is well-documented, making it a typical choice in this clinical context. One of its notable side effects is

peripheral neuropathy

, which occurs due to its neurotoxic effects on sensory nerves. Cisplatin disrupts mitochondrial function and induces oxidative stress, leading to damage in the peripheral nervous system. Patients may present with tingling, numbness, or pain in the extremities.

Cardiomyopathy

is not typically associated with cisplatin chemotherapy. This side effect is more commonly linked to other chemotherapy agents, such as anthracyclines (e.g., doxorubicin). While cisplatin's primary toxicities are nephrotoxicity, ototoxicity, and peripheral neuropathy, cardiotoxicity can occur with high doses or cumulative use. However, it is not a prominent side effect compared to agents like anthracyclines. As a result, cardiomyopathy is an unlikely side effect of the platinum-based chemotherapy regimen described in the case.

Hepatotoxicity

is incorrect because platinum-based chemotherapy agents, such as cisplatin, are not commonly associated with significant liver damage. While some chemotherapeutic agents (e.g., methotrexate or anthracyclines) can cause hepatotoxicity, cisplatin is more commonly linked to nephrotoxicity, ototoxicity, and peripheral neuropathy. Although mild transient liver enzyme elevation might occur in some cases, it is not a defining or prominent side effect of cisplatin. Peripheral neuropathy, due to damage to sensory nerves, is a hallmark adverse effect and is more consistent with this patient's presentation.

Myelosuppression

is incorrect because, while it is a common side effect of many chemotherapy agents, it is not a significant adverse effect of cisplatin. Myelosuppression is more prominently observed with other agents, such as carboplatin, another platinum-based compound. Cisplatin’s primary toxicities do not typically involve significant bone marrow suppression, which distinguishes it from other chemotherapy drugs that affect haematopoiesis. Therefore, while chemotherapy often raises concerns about myelosuppression, it is not characteristic of cisplatin therapy.

Pulmonary fibrosis

is not a common side effect of cisplatin. This complication is more often associated with other chemotherapy agents like bleomycin. While some cancer treatments can cause lung toxicity, cisplatin is more likely to cause nephrotoxicity, ototoxicity, and peripheral neuropathy."
17,"A 4-year-old child with a deforming mandibular neck swelling. Biopsy of the lesion reveals a 'starry sky' appearance under microscopy.

Infection with which virus is an essential step in the pathogenesis of this disease?","[""HTLV-1"", ""EBV"", ""HPV"", ""HIV"", ""HSV-2""]",EBV,1,"EBV infection is implicated in the pathogenesis of Burkitt's lymphoma

EBV is identifiable in nearly all cases of Burkitt's lymphoma.

HTLV-1 is associated with adult T cell lymphoma

HPV is associated with cervical and anal cancers

HIV infection is important in the pathogenesis of immunodeficiency-associated Burkitt's lymphoma. However, in the endemic variant clearly described here the disease may occur in HIV negative children.

HSV-2 causes genital herpes"
18,"A 28-year-old woman attends the clinic with a 6-month history of diarrhoea and abdominal pain. She describes her stools as offensive smelling and difficult to flush. On examination, she has generalised abdominal tenderness.

Blood results are as follows:


Hb	120 g/L	Male: (135-180)
Female: (115 - 160)
Platelets	192 * 109/L	(150 - 400)
WBC	6.2 * 109/L	(4.0 - 11.0)
Anti-tissue transglutaminase antibody	14 U/ml	(>9 U/ml positive)

What blood film abnormality is commonly associated with her underlying condition?","[""Blasts"", ""Heinz bodies"", ""Howell-Jolly bodies"", ""Schistocytes"", ""Spherocytes""]",Howell-Jolly bodies,2,"Target cells and Howell-Jolly bodies may be seen in coeliac disease → hyposplenism

The patient has a diagnosis of coeliac disease confirmed with the raised anti-tissue transglutaminase antibody. This condition is frequently associated with hyposplenism. Blood film abnormalities in a hyposplenic patient include

Howell-Jolly bodies

, target cells, and acanthocytes.

Blasts

are often seen in the peripheral blood due to haematological malignancies such as acute myeloid leukaemia, and myelodysplastic syndrome. However, a 'leukoerythroblastic' reaction can also be seen in patients who are extremely unwell (e.g. due to sepsis).

Heinz bodies

are associated with G6PD deficiency. They occur due to oxidative damage resulting in denatured haemoglobin. They are removed by the spleen resulting in the production of a 'bite cell'.

Schistocytes

are red cell fragments which occur due to mechanical damage to red cells. They are associated with microangiopathic haemolytic anaemias such as thrombotic thrombocytopaenic purpura (TTP).

Spherocytes

occur to hereditary spherocytosis and auto-immune haemolytic anaemia."
19,"A 73-year-old man visits his general practitioner with a 12-week history of increased lethargy and weight loss. His appetite has reduced over time although he is still trying to eat regularly. His past medical history includes osteoarthritis and mild hypertension.

On examination, his observations are recorded and within normal range. His chest sounds are clear and heart sounds are normal. He has a soft and non-tender abdomen. There is palpable splenomegaly and palpable axillary and inguinal lymphadenopathy.

Investigations:


Hb	148 g/L	Male: (135-180))
Platelets	200 * 109/L	(150 - 400)
WBC	49.3 * 109/L	(4.0 - 11.0)
Lymphocytes	46.4 * 109/L	(0.8 - 5.0)
Neutrophils	3.1 * 109/L	(2.5 - 7.5)

Blood film: Smudge cells.

What is the next investigation to order?","[""Coomb's test"", ""Cytogenetic testing"", ""Immunoglobulin assay"", ""Immunophenotyping"", ""Lymph node biopsy""]",Immunophenotyping,3,"CLL - immunophenotyping is investigation of choice

Chronic lymphocytic leukaemia is the most common leukaemia secondary to a monoclonal expansion of predominantly B cells. Often there are no symptoms and the disease is picked up incidentally on routine blood tests. In other cases, symptoms include anorexia, weight loss, lymphadenopathy and hepatosplenomegaly and increased bleeding and infections. The investigation of CLL includes a full blood count, blood film which may show the presence of smudge or smear cells and a bone marrow aspiration to demonstrate infiltration with lymphocytes. Immunophenotyping is an important investigation for diagnosing CLL and has a role in predicting prognosis.

Patients with CLL have an increased risk of warm autoimmune haemolytic anaemia. In these patients, a Coomb's test may be positive. However, a positive Coomb's test is not specific for CLL and can be present in multiple other conditions associated with autoimmune haemolytic anaemia.

Cytogenetic testing is not needed in CLL. Rather, it is an important investigation for other leukaemias such as acute myeloid leukaemia and chronic myeloid leukaemia where certain chromosomal translocations have favourable or less desirable outcomes that can ultimately help determine prognosis and predict treatment.

An immunoglobulin assay will measure the patient's levels of immunoglobulins. Immunoglobulin levels may be low or normal in patients with CLL. However, immunoglobulin levels can be affected by several other conditions including pre-existing autoimmune deficiencies and paraproteinaemias.

A lymph node biopsy is an important investigation to consider. However, it is not a diagnosis needed to confirm CLL. Rather, it is an important diagnostic investigation in other haematological malignancies such as lymphoma."
20,"A 35-year-old woman presents with menorrhagia and a persistent sore throat. A full blood count shows the following:


Hb	6.8 g/dl
Platelets	45 * 109/l
WBC	1.4 * 109/l
Neutrophils	0.8 * 109/l

Which one of the following medications is most likely to account for this finding?","[""Trimethoprim"", ""Rifampicin"", ""Olanzapine"", ""Montelukast"", ""Clomifene""]",Trimethoprim,0,"Trimethoprim may cause pantcytopaenia

The correct answer in this case is

Trimethoprim

. This medication, which is an antibiotic commonly used to treat urinary tract infections, can cause bone marrow suppression leading to pancytopenia. Pancytopenia is a reduction in the number of all three major blood cell types: red blood cells (resulting in anaemia), white blood cells (resulting in leukopenia), and platelets (resulting in thrombocytopenia). In this patient, the low haemoglobin (Hb), white blood cell count (WBC) with neutropenia, and platelet count are consistent with pancytopenia.

Rifampicin

is an antibiotic used primarily for the treatment of tuberculosis. It can cause a variety of side effects including hepatotoxicity, gastrointestinal symptoms, and hypersensitivity reactions; however, it does not typically cause pancytopenia.

Olanzapine

is an atypical antipsychotic medication used to treat schizophrenia and bipolar disorder. Its main side effects include weight gain, metabolic syndrome, extrapyramidal symptoms, and sedation. While it can cause agranulocytosis (a severe decrease in granulocyte count), it does not usually lead to pancytopenia.

Montelukast

is a leukotriene receptor antagonist that is used for the management of asthma and allergic rhinitis. Its side effects are generally mild and include headache, gastrointestinal symptoms, and rash. Montelukast does not typically affect the blood counts or cause pancytopenia.

Clomifene

, also known as clomiphene citrate, is a selective oestrogen receptor modulator that stimulates ovulation in women with anovulatory infertility. The most common side effects are hot flushes, mood changes, and ovarian hyperstimulation syndrome. Clomifene does not generally cause pancytopenia.

In summary, the most likely medication to account for this patient's pancytopenia is

Trimethoprim

, as it can cause bone marrow suppression leading to a reduction in all three major blood cell types."
21,"A 70-year-old woman presents with progressive symptoms of fatigue, weight loss and general aching, especially of the lower back.

She has a past medical history of HIV with a suppressed viral load on treatment. She has been depended on alcohol since her husband died 10 years ago and currently drinks a bottle of wine a day.

Spinal X-rays identify multiple lytic lesions and blood tests confirm hypercalcaemia. As such a potential diagnosis of bone metastases is suspect and further investigations are planned including a PET and isotope bone scan.

What is the most likely primary tumour site?","[""Breast"", ""Cervical"", ""Liver"", ""Lung"", ""Ovarian""]",Breast,0,"Woman with bone metastases- most likely to originate in the breast

Bone metastasis can unfortunately be the presenting issue in many patients with underlying cancer. Common features include bone pain, fatigue and signs and symptoms related to hypercalcaemia as calcium is released from bone structure.

Breast cancer

is one of the commonest malignancies in women and the commonest origin site for bone metastases.

Cervical

cancer remains in the top five commonest cancers in women worldwide however there has been a significant reduction in incidence achieved via human papillomavirus vaccination drives. Patients with uncontrolled HIV are three times more likely to develop cervical cancer however it still remains less common than breast cancer in patients with viral suppression. Bone metastasis in patients with cervical cancer is infrequent with the lungs and liver being the common sites for spread.

The most common risk factors associated with

liver

cancer are chronic infection with hepatitis B and C. Although this patient has a relatively higher risk of cancer due to excessive alcohol consumption most patients who develop liver cirrhosis do not progress to develop liver cancer. Finally, primary liver cancer has a relatively lower rate of metastasising when compared to breast cancer.

The incidence of

lung

cancer is strongly linked to tobacco smoke therefore its incidence is reduced in countries where smoking numbers are decreasing. Also, as smoking is less common in women worldwide, lung cancer is not commonly the primary site for bone metastasis unless a significant smoking history is provided.

Ovarian

cancer although a common form of malignancy in women worldwide wide, has a lower rate of metastasising than other cancers such as breast cancer. Also, ovarian cancer generally metastases to the lungs, spleen and colon with spread to the bone being relatively rare."
22,"A 42-year-old who has a known diagnosis of G6PD deficiency is admitted to the acute medical unit with jaundice. He has recently been unwell with a suspected urinary tract infection for which he had been prescribed nitrofurantoin. Bloods taken on admission are below; acute haemolysis is suspected.


Hb	94 g/L	(135-180)
Platelets	210* 109/L	(150 - 400)
WBC	7.2*109/L	(4.0 - 11.0)
Reticulocytes	8.0%	(0.2-2.0)

Which underlying process will occur in response to the above presentation?","[""Haemopexin binds free haemoglobin"", ""Haptoglobin binds complexed haemoglobin"", ""Haptoglobin binds free haem"", ""Haptoglobin binds free haemoglobin"", ""Macrophages remove free haemoglobin""]",Haptoglobin binds free haemoglobin,3,"Haptoglobin binds to free haemoglobin

Haptoglobin binds free haemoglobin is correct

following haemolysis, haptoglobin complexes with free haemoglobin, this complex can then bind to macrophage CD163 receptors allowing clearance and metabolism of the complex by the macrophage. This is an important pathway to avoid local toxicity from haemoglobin degradation products, such as free radicals. Accordingly, in cases of intravascular haemolysis, haptoglobin levels will quickly bind haemoglobin and their levels reduced upon testing.

Haemopexin binds free haemoglobin

is incorrect. Haemopexin binds free haem, a product of free haemoglobin degradation, rather than haemoglobin itself.

Haptoglobin binds complexed haemoglobin

is incorrect. Haptoglobin is the protein that binds

free

haemoglobin to allow it to be scavenged by macrophages.

Haptoglobin binds free heme

is incorrect. As detailed above, haptoglobin binds free haemoglobin; failure of this process will cause the release of free haem.

Macrophages remove free haemoglobin

is incorrect. Macrophages are unable to remove free haemoglobin. They can only recognise and clear haemoglobin when it is bound to haptoglobin."
23,"A 33-year-old woman presents with tiredness and loose stools for the last 12 months.

Her GP has arranged blood tests which show the following:


Hb	100 g/L	(115 - 160)
Platelets	301 * 109/L	(150 - 400)
WBC	8.4 * 109/L	(4.0 - 11.0)
Ferritin	10.4 ng/mL	(20 - 230)
Tissue transglutaminase IgA antibody	48 u/ml	(0-10)

On review of her blood film, target cells are seen.

Which other abnormal finding is most likely to be seen on her blood film?","[""Heinz bodies"", ""Howell-Jolly bodies"", ""Reed Sternberg cells"", ""Schistocytes"", ""Teardrop cells""]",Howell-Jolly bodies,1,"Target cells and Howell-Jolly bodies may be seen in coeliac disease → hyposplenism

The gastrointestinal symptoms, combined with iron deficiency anaemia and highly positive anti-tissue transglutaminase (anti-TTG) antibodies, is strongly suggestive of a diagnosis of coeliac disease.

Acquired hyposplenism occurs in about one-third of patients with coeliac disease. Hyposplenism can manifest in a number of blood film abnormalities, including target cells (red blood cells (RBC) that have a bullseye appearance) and Howell-Jolly bodies (small round remnants of nuclear DNA inside the RBC). Note that both these findings are not specific to hyposplenism.

Heinz bodies are large inclusion bodies within the RBCs composed of denatured haemoglobin, and are associated with glucose-6-phosphate dehydrogenase (G6PD) deficiency.

Reed Sternberg cells are distinctive giant multinucleated cells derived from B lymphocytes that are seen in Hodgkin's lymphoma.

Schistocytes are fragmented or broken RBCs which are seen in haemolysis.

Teardrop-shaped RBCs are seen in myelofibrosis."
24,Which one of the following is least associated with thymomas?,"[""Syndrome inappropriate ADH"", ""Myasthenia gravis"", ""Red cell aplasia"", ""Dermatomyositis"", ""Motor neurone disease""]",Motor neurone disease,4,
25,"A 30-year-old woman is admitted to the Emergency Department following a suspected peanut allergy. On examination she has gross facial and tongue oedema. Her oxygen saturations are 97% on room air, pulse is 96 / min and blood pressure is 90/62 mmHg. The paramedics have already gained intravenous access. What is the most appropriate way to give adrenaline in this situation?","[""Nebulised"", ""Subdermally"", ""Intramuscularly"", ""Intravenously"", ""Subcutaenously""]",Intramuscularly,2,"IM adrenaline should be injected in the anterolateral aspect of the

The correct answer is intramuscularly. According to UK Resuscitation Council guidelines, intramuscular (IM) adrenaline is the first-line treatment for anaphylaxis. The recommended adult dose is 500 micrograms (0.5ml of 1:1000 adrenaline) given into the anterolateral thigh. IM administration provides rapid absorption but is safer than the intravenous route. This patient is showing signs of anaphylaxis with airway compromise (facial and tongue oedema) and early signs of cardiovascular compromise (borderline hypotension), making immediate IM adrenaline essential.

Let's examine why the other options are incorrect:

Nebulised

adrenaline can be useful in upper airway obstruction, particularly in children with croup, but it is not the appropriate route for treating systemic anaphylaxis. It would not adequately address the cardiovascular effects of anaphylaxis.

Subdermally

administered adrenaline would be inappropriate as absorption would be too slow and unreliable. The subdermal route is not a recognised method for giving adrenaline in anaphylaxis.

Intravenously

administered adrenaline should only be given by experienced specialists in a monitored setting, typically in cardiac arrest or profound shock unresponsive to IM adrenaline. It carries significant risks of cardiac arrhythmias and is not appropriate as first-line treatment in this scenario.

Subcutaneously

administered adrenaline would have slower absorption compared to the IM route due to lower vascularity in subcutaneous tissue. This would delay the onset of action, which is undesirable in anaphylaxis where rapid treatment is essential."
26,"A 48-year-old woman with a background of non-Hodgkin's lymphoma undergoing chemotherapy presents to the emergency department with recent onset of haematuria. She is apyrexial and her imaging demonstrates no evidence of structural abnormality in the urinary tract. Urine culture shows no growth. Her chemotherapy regimen includes cyclophosphamide and she had received her first dose the previous day.

What medication is often used to prevent this adverse effect?","[""Allopurinol"", ""Co-trimoxazole"", ""Mesna"", ""Rasburicase"", ""Tranexamic acid""]",Mesna,2,"Cyclophosphamide - haemorrhagic cystitis - prevent with mesna

Sodium 2-mercaptoethane sulfonate (

mesna

) is often used before the administration of cyclophosphamide to prevent haemorrhagic cystitis. Urinary symptoms including haemorrhagic cystitis are some of the main dose-limiting toxicities of cyclophosphamide. One of the metabolites of cyclophosphamide, acrolein, is toxic to the urothelium. Mesna binds to acrolein to form a non-toxic compound.

Allopurinol

is used in prophylaxis against tumour lysis syndrome. It has no effect on cyclophosphamide-associated haemorrhagic cystitis.

Co-trimoxazole

is an antibiotic often used for prophylaxis against

Pneumocystis jirovecii

infection in severely immunocompromised patients.

Rasburicase

is another medication used in the prevention of tumour lysis syndrome, not haemorrhagic cystitis.

Tranexamic acid

is not commonly used in the prevention of cyclophosphamide-induced haemorrhagic cystitis. Concomitant use of cyclophosphamide and tranexamic acid may lead to an increased risk of thromboembolism."
27,"A 17-year-old man is reviewed in immunology outpatients. He has been referred by his general practitioner with recurrent stereotyped attacks of generalised swelling and abdominal pain. There is no history of pruritus. A family member has a similar condition.

Examination at the time of review is unremarkable.

Given the likely diagnosis, which blood test is most widely used as a screening test between attacks to aid diagnosis?","[""Tryptase"", ""C1 inhibitor"", ""C2"", ""C3"", ""C4""]",C4,4,"Hereditary angioedema - C4 is the best screening test inbetween attacks

C4 is correct. The patient presents with recurrent stereotyped attacks of generalised swelling and abdominal pain associated with a family history of a similar condition. This is suggestive of hereditary angioedema (HAE). C4 is the most commonly used test to screen for this condition between attacks. It is typically low between attacks.

C1 inhibitor is incorrect. This is typically low during an attack and can be measured during an acute event.

C2 is incorrect. C2 may also be low between attacks but it is not widely used as a screening test for HAE.

C3 is incorrect. The level of C3 is unaffected in HAE.

Tryptase is incorrect. This can be used in the diagnosis of anaphylaxis if requested early after the event has taken place. However, recurrent stereotyped episodes of oedema and abdominal pain are not consistent with anaphylaxis."
28,"A 62-year-old man presents to the emergency department with vomiting, diarrhoea and lethargy that started yesterday. He has passed minimal urine in the last 24 hours. His past medical history includes stage 3 non-Hodgkin lymphoma; he last received chemotherapy 2 days ago.

On examination, he appears unwell. Blood pressure is 96/68 mmHg and heart rate 113 bpm. Blood tests are performed:


Na+	133 mmol/L	(135 - 145)
K+	6.2 mmol/L	(3.5 - 5.0)
Urea	13.4 mmol/L	(2.0 - 7.0)
Creatinine	212 µmol/L	(55 - 120)
Calcium	1.78 mmol/L	(2.1-2.6)
Phosphate	1.6 mmol/L	(0.8-1.4)
Uric acid	551 mmol/L	(0.18 - 0.48)

What drug is most appropriate for the prevention of this condition?","[""Allopurinol"", ""Colchicine"", ""Febuxostat"", ""Prednisolone"", ""Rasburicase""]",Rasburicase,4,"Prevention of tumour lysis syndrome: rasburicase is used in preference to allopurinol for high-risk patients, e.g. those with aggressive non-Hodgkin's lymphomas

This patient's presentation is suggestive of tumour lysis syndrome (TLS), an oncological emergency related to lymphomas and leukaemias. It is characterised by the breakdown of tumour cells and the release of intracellular contents into the bloodstream, typically following chemotherapy. It often presents as seen here, with an unwell patient, vomiting, diarrhoea, hyperuricemia, hyperkalaemia, hyperphosphataemia and hypocalcemia. Acute kidney injury is usually present. For high-risk patients - such as this patient with advanced non-Hodgkin's lymphoma -

rasburicase

is used first-line for prevention of TLS.

Allopurinol

is incorrect. This is sometimes used for prophylaxis of TLS, although typically in lower-risk patients. Of note, allopurinol and rasburicase should not be given together as the effect of the latter is reduced.

Colchicine

is incorrect. In the context of hyperuricaemia, this is typically used for acute gout pain. It does not routinely play a role in the management of TLS.

Febuxostat

is incorrect. This is used for patients with gout who have been unable to tolerate allopurinol. This patient is experiencing TLS and so rasburicase is most appropriate.

Prednisolone

is incorrect. Although sometimes used for acute gout flares, this patient is experiencing TLS, given the history and investigation findings seen here."
29,What is the mechanism of action of DDAVP in von Willebrand's disease?,"[""Prevents renal excretion of von Willebrand's factor"", ""Induces release of factor VIII from endothelial cells"", ""Induces release of von Willebrand's factor from endothelial cells"", ""Inhibits breakdown of von Willebrand's factor"", ""Acts as substitute carrier molecule for factor VIII""]",Induces release of von Willebrand's factor from endothelial cells,2,"Desmopressiin - induces release of von Willebrand's factor from endothelial cells

The correct answer is

Induces release of von Willebrand's factor from endothelial cells

.

DDAVP (desmopressin, 1-desamino-8-D-arginine vasopressin) is a synthetic analogue of vasopressin that is used in the treatment of von Willebrand's disease (vWD), particularly type 1 vWD. Its primary mechanism of action in treating vWD is to stimulate the release of von Willebrand factor (vWF) from its storage sites in endothelial cells, specifically from Weibel-Palade bodies. This leads to a rapid increase in plasma vWF levels, which helps to correct the haemostatic defect in patients with vWD. Additionally, since vWF serves as a carrier protein for factor VIII, protecting it from proteolytic degradation, the increase in vWF also leads to increased factor VIII levels in the circulation. This dual effect makes DDAVP particularly effective in managing mild to moderate forms of vWD.

Prevents renal excretion of von Willebrand's factor

is incorrect. While DDAVP does have antidiuretic effects by increasing water reabsorption in the kidneys (it is used to treat diabetes insipidus), it does not prevent renal excretion of vWF. Von Willebrand factor is a large multimeric glycoprotein that is not typically filtered by the kidneys due to its size, and its clearance is primarily mediated by the liver and macrophages.

Induces release of factor VIII from endothelial cells

is incorrect. Factor VIII is primarily synthesised in the liver and, to a lesser extent, in other tissues such as the spleen and kidneys. It is not stored in endothelial cells for release upon stimulation. DDAVP indirectly increases factor VIII levels by increasing vWF, which serves as a carrier protein for factor VIII, protecting it from proteolytic degradation.

Inhibits breakdown of von Willebrand's factor

is incorrect. DDAVP does not directly inhibit the breakdown or clearance of vWF. The primary mechanism by which DDAVP increases vWF levels is by stimulating its release from endothelial cell storage sites. The clearance of vWF from circulation is primarily mediated by the ADAMTS13 protease, which cleaves large vWF multimers, and by receptor-mediated endocytosis in the liver.

Acts as substitute carrier molecule for factor VIII

is incorrect. DDAVP is a synthetic peptide hormone and does not function as a carrier molecule for factor VIII. In normal physiology, vWF serves as the carrier protein for factor VIII, protecting it from proteolytic degradation and extending its half-life in circulation. DDAVP increases vWF levels, which indirectly leads to increased factor VIII levels due to this carrier function of vWF."
30,"A 68-year-old woman is referred to the rheumatology department with Raynaud's phenomenon. She has no significant past medical history. She does not take any regular medications.

Examination reveals dusky coloured digits on her hands and feet. There is no ulceration or skin hardening.

Blood tests:


Hb	123 g/L	Male: (135-180)
Female: (115 - 160)
Platelets	189 * 109/L	(150 - 400)
WBC	4.5 * 109/L	(4.0 - 11.0)
Na+	138 mmol/L	(135 - 145)
K+	4.2 mmol/L	(3.5 - 5.0)
Urea	5.2 mmol/L	(2.0 - 7.0)
Creatinine	89 µmol/L	(55 - 120)
CRP	4 mg/L	(< 5)
ESR	94 mm/hr	(0-20)
IgA	2.1 g/L	(0.8 - 3.0)
IgM	12.1 g/L	(0.4 - 2.5L)
IgG	14.2 g/L	(6.0-16.0)
Antinuclear antibody (ANA)	negative	(negative)
Rheumatoid factor	negative	(negative)

What is the most likely diagnosis?","[""Limited systemic sclerosis"", ""Systemic lupus erythematosus (SLE)"", ""Type 1 cryoglobulinaemia"", ""Type 2 cryoglobulinaemia"", ""Type 3 cryoglobulinaemia""]",Type 1 cryoglobulinaemia,2,"Raynaud's - Type I cryoglobulinaemia

Type 1 cryoglobulinaemia is the correct answer. The patient presents with Raynaud's phenomenon (RP). Her IgM is significantly raised suggesting a diagnosis of Waldenstrom's macroglobulinaemia. Type 1 cryoglobulinaemia is the only form of cryoglobulinaemia causing Raynaud's phenomenon and it is associated with Waldenstrom's macroglobulinaemia.

Systemic lupus erythematosus is incorrect. This can cause RP. However, a positive ANA is an entry criterion to be classified as having this condition and therefore this is not likely.

Limited systemic sclerosis is incorrect. This is a cause of secondary RP but the negative ANA and absence of skin findings make this less likely.

Type 2 cryoglobulinaemia is incorrect. This condition does not cause RP. Additionally, rheumatoid factor is invariably positive. It is associated with hepatitis C, rheumatoid arthritis, Sjogren's and lymphoma.

Type 3 cryoglobulinaemia is incorrect. Again, this does not cause RP. It is associated with Sjogren's and rheumatoid arthritis and rheumatoid factor is typically positive."
31,"A 52-year-old man with hypertension on ramipril is admitted for a lower respiratory tract infection and started on intravenous amoxicillin–clavulanate.

Soon after treatment, he develops worsening breathlessness, widespread wheeze, and a non-specific skin eruption.

His blood pressure is 80/50 mmHg, pulse 122 bpm, and oxygen saturation 88% on 100% oxygen.

Immediate blood tests are taken:


Hb	140 g/L	(115 - 160)
Platelets	154 * 10 9/L	(150 - 400)
WBC	8.3 * 10 9/L	(4.0 - 11.0)
Eosin	0.4 * 10 9/L	(0.0 - 0.4)


CRP	4 mg/L	(< 5)
Serum tryptase	9.8 µg/L	(< 11.0)

First-line treatment is given, and he improves.

Which option is the best next test to confirm the diagnosis?","[""Arrange CT chest, followed by CT pulmonary angiography (CTPA)"", ""Arrange skin prick test for"", ""Measure C1-inhibitor levels"", ""Measure total and specific serum IgE"", ""Repeat serum tryptase within 1-2 hours""]",Repeat serum tryptase within 1-2 hours,4,"Anaphylaxis - serum tryptase levels rise following an acute episode

Repeat serum tryptase within 1–2 hours

is correct. This patient developed sudden hypotension, widespread wheezing, hypoxia, and a skin eruption shortly after starting intravenous amoxicillin–clavulanate, consistent with anaphylaxis. While the initial serum tryptase was normal (9.8 µg/L), this may have been taken too early. Tryptase peaks around 1–2 hours after mast cell degranulation, so repeating it at that time helps confirm mast cell activation. Hence, a single normal level does not rule out anaphylaxis. Hospital guidelines often recommend collecting one sample as soon as possible after the reaction, a second sample within 1–2 hours, and a third baseline sample 24 hours later or during follow-up. This allows comparison between acute and baseline tryptase levels to aid diagnosis.

Arrange CT chest, followed by CTPA

is incorrect. Although pulmonary embolism (PE) can cause acute breathlessness and hypoxia, this patient’s symptoms occurred soon after antibiotic administration and include wheeze and a skin eruption, which are not features of PE. These signs strongly suggest a systemic allergic reaction rather than a thromboembolic event. Elevated respiratory rate and hypoxia are better explained by bronchospasm due to anaphylaxis, making imaging less relevant at this stage.

Arrange skin prick test for amoxicillin–clavulanate

is incorrect as it is not suitable for confirming anaphylaxis during the acute phase. While skin prick testing may help identify the causative agent, it is performed weeks later in a specialist setting. This test does not confirm mast cell degranulation, which is needed now to support the diagnosis. This may be relevant instead if this patient had recovered from the acute event and required allergy testing to identify the trigger (e.g., amoxicillin–clavulanate), which would be done later under supervision, not during the perioperative crisis.

Measure C1-inhibitor levels

is incorrect as C1-inhibitor deficiency causes bradykinin-mediated angioedema, not the IgE-mediated reaction seen here. While both can cause swelling and airway symptoms, this patient has skin eruption, wheezing, hypotension, and hypoxia immediately after treatment with amoxicillin–clavulanate, typical of anaphylaxis, not C1-inhibitor deficiency. This may be relevant instead if this patient had recurrent, non-pruritic facial or airway swelling without urticaria, bronchospasm, or hypotension, suggestive of hereditary or acquired angioedema, which is not seen in this acute perioperative context.

Measure total and specific serum IgE

is incorrect as these tests do not confirm acute mast cell activation. While they can help identify allergens in IgE-mediated hypersensitivity, they are not used to confirm anaphylaxis during or shortly after a reaction. This may be relevant instead if this patient had a history of atopy or suspected allergies outside the perioperative setting, presenting with recurrent urticaria or allergic symptoms, where total or specific IgE might support diagnosis, but this is not applicable in an acute event."
32,"A 66-year-old man presents to the Emergency Department with a 5-day history of worsening breathlessness. He also reports a headache over a similar time period. He has noticed these symptoms are worsened on bending forward. He has a long-standing cough. He has a past medical history of small-cell lung cancer, chronic obstructive pulmonary disease (COPD), ischaemic heart disease and gout.

On examination, the patient is tachypnoeic with a respiratory rate of 25 breaths/min. Oxygen saturations are 92% on room air. Pulse is 90 beats per minute and blood pressure is 150/85 mmHg. Temperature is 37.2ºC.

You note the patient's face appears slightly flushed. The jugular venous pulse (JVP) is elevated. Heart sounds are normal. There are scattered crepitations in both bases, but the lungs are otherwise clear. There is bilateral pitting oedema to the calves but the patient reports this is longstanding.

Chest xray demonstrates hyperexpanded lungs, cardiomegaly and a mass in the right upper lobe.

Which of the following is the most likely explanation for this patient's presentation?","[""Acute exacerbation of COPD"", ""Acute pulmonary oedema"", ""Cardiac tamponade"", ""Pulmonary embolism"", ""Superior vena cava obstruction (SVCO)""]",Superior vena cava obstruction (SVCO),4,"SVC obstruction - oncological emergency

This patient's presentation is typical for SVCO. The history of lung malignancy, facial flushing, and the postural nature of symptoms are key features of this diagnosis. SVCO can be caused by external pressure, thrombus or direct tumour invasion causing obstruction of the SVC. It occurs in 5-10% of patients with a right-sided thoracic malignancy, most commonly lung cancer (70% of all cases), but also lymphoma and thymoma. If SVCO is suspected, urgent CT chest should be performed in order to confirm the diagnosis. Initial treatment includes sitting the patient up, oxygen and a stat dose of dexamethasone to help reduce swelling. Definitive management options include SVC stenting, radiotherapy and chemotherapy.

Acute exacerbation of COPD is incorrect. While this patient has a history of COPD, this presentation is not in keeping with an exacerbation, which would usually present with symptoms including worsened cough, increased sputum production, wheeze and hypoxia (and/or hypercarbia).

Acute pulmonary oedema is incorrect. This often presents with a short history of breathlessness, fatigue, and worsened peripheral oedema. The chest examination findings in this patient are not in keeping with this diagnosis.

Cardiac tamponade is incorrect. This can present with dyspnoea and may occur in patients with malignancy due to metastatic infiltration of the pericardium. Pulsus paradoxus is often present, and the JVP is seen to vary with respiration. Quiet heart sounds, hypotension and tachycardia are also key diagnostic features.

Pulmonary embolism is incorrect. This typically presents with symptoms including dyspnoea, pleuritic chest pain, haemoptysis and fever. Unilateral eg swelling may be present."
33,Which one of the following is associated with a high leucocyte alkaline phosphatase score?,"[""Myelofibrosis"", ""Pernicious anaemia"", ""Infectious mononucleosis"", ""Paroxysmal nocturnal haemoglobinuria"", ""Chronic myeloid leukaemia""]",Myelofibrosis,0,
34,"A 57-year-old man with known colon cancer is being reviewed in the hospital's colorectal cancer multidisciplinary team meeting. His imaging and staging is reviewed and a decision is made to trial a chemotherapeutic agent - specifically, irinotecan. The patient is informed of this plan and agrees to commence the drug.

What is its mechanism of action?","[""Cross-links DNA"", ""Inhibition of ribonucleotide reductase"", ""Inhibition of topoisomerase I"", ""Inhibits formation of microtubules"", ""Pyrimidine analogue""]",Inhibition of topoisomerase I,2,"Irinotecan inhibits topoisomerase I which prevents relaxation of supercoiled DNA

The correct answer is the inhibition of topoisomerase I. This is the method of action of irinotecan. By doing so, it prevents the relaxation of supercoiled DNA. Adverse effects include myelosuppression. It is usually used for colon cancer.

Cross-linking of DNA refers to cyclophosphamide, an alkylating agent. Its adverse effects include myelosuppression and haemorrhagic cystitis. It may be used as a chemotherapeutic agent for a number of cancers, including lymphoma and myeloma, but also as an immunosuppressant following organ transplant.

Inhibition of ribonucleotide reductase refers to the action of hydroxyurea. Its adverse effects also include myelosuppression. It may be used in chronic myeloid leukaemia and myeloproliferative diseases.

Preventing the formation of microtubules is the action of vincristine. This drug may cause reversible peripheral neuropathy. It is used to treat a number of cancers.

Fluorouracil is a pyrimidine analogue, inducing cell cycle arrest and apoptosis. Although its adverse effects include initial dermatitis, it is often used topically for various dermatological conditions."
35,"A 38-year-old woman presents with a 2-month history of symptoms of fatigue, pallor and palpitations. She also complains of breathlessness at rest as well as during exertion. She has an established diagnosis of systemic lupus erythematosus (SLE). On abdominal examination you notice the spleen is slightly enlarged. Blood tests reveal:


Hb	90 g/l (115-160 g/l)
MCV	90 fl (82-100 fl)
D-dimer	150 ng/ml (<400 ng/ml)
Direct Coombs test	Pos

What is the most likely diagnosis?","[""IgM-mediated autoimmune haemolytic anaemia"", ""IgG-mediated autoimmune haemolytic anaemia"", ""Paroxysmal nocturnal haemoglobinuria"", ""Immune thrombocytopenic purpura"", ""G6PD deficiency""]",IgG-mediated autoimmune haemolytic anaemia,1,"SLE is a risk factor for warm autoimmune haemolytic anaemia

SLE is an important risk factor for IgG-mediated, warm autoimmune haemolytic anaemia. This is associated with extravascular haemolysis which can lead to a hypertrophic spleen.

IgM-mediated autoimmune haemolytic anaemia is not specifically linked to SLE and would also present with cold-induced symptoms involving the hands and toes.

Paroxysmal nocturnal haemoglobinuria is a deficiency of GPI protein on red blood cells leaving them susceptible to complement-mediated destruction.

Immune thrombocytopenic purpura is an autoimmune condition characterised by thrombocytopaenia.

G6PD deficiency is an enzymatic deficiency within red blood cells rendering them prone to oxidative stress."
36,"A 65-year-old man presents to the emergency department with a 7-day history of fever and fatigue associated with a reduced appetite.

On examination, he is pale. He has a heart rate of 116bpm and a blood pressure of 84/57mmHg. His chest sounds are clear with saturations of 92% on air and heart sounds are normal. There is no palpable organomegaly or guarding.

Laboratory tests:


Hb	130 g/L	(135-180)
Platelets	555 * 109/L	(150 - 400)
WBC	50.1 * 109/L	(4.0 - 11.0)
Neuts	47.6 * 109/L	(2.0 - 7.0)


Leukocyte alkaline phosphatase	raised

What is the most likely explanation of the laboratory findings?","[""Acute lymphoblastic leukaemia"", ""Chronic myeloid leukaemia"", ""Leukaemoid reaction"", ""Myelofibrosis"", ""Non-Hodgkin's lymphoma""]",Leukaemoid reaction,2,"Differentiating chronic myeloid leukaemia from leukaemoid reactions: leukocyte alkaline phosphatase score is low in CML, high in leukaemoid reaction

This patient has an elevated white cell count, largely made up of neutrophils. There are numerous possible causes of this finding including malignancy, myelodysplastic syndromes and

leukaemoid reactions

. A leukaemoid reaction describes a left-shift of neutrophils as the bone marrow rapidly tries to increase cell numbers as a physiological response to stress or infection. This patient has presented with fever and lethargy and his observations suggest an underlying septic cause given the hypotension, tachycardia and fever making a leukaemoid reaction highly likely. Furthermore, leukocyte alkaline phosphatase levels are normal or raised in leukaemoid reactions, compared to other differentials (e.g. chronic myeloid leukaemia).

Acute lymphoblastic leukaemia

is a common childhood malignancy associated with a rapid decline in normal bone marrow function with symptoms including fatigue, easy bruising and recurrent infections. A full blood count would usually show anaemia, thrombocytopenia and elevated white cells of lymphocytic origin.

Chronic myeloid leukaemia

is a reasonable differential diagnosis and can often appear similar to a leukaemoid reaction on laboratory testing. Chronic myeloid leukaemia presents between 60-70 years and symptoms include lethargy, weight loss and night sweats. Similarly to this patient, there will be a raised white cell count with neutrophilia. However, leukocyte alkaline phosphatase is lowered in chronic myeloid leukaemia, compared to leukaemoid reaction.

Myelofibrosis

is a myeloproliferative disease that is associated with hyperplasia of abnormal megakaryocytes. A raised white cell count and platelet count are often seen, as shown for this patient. The onset of the disease is more common in the elderly and symptoms predominantly include fatigue, weight loss and night sweats. Furthermore, leukocyte alkaline phosphatase levels may be normal. However, this patient has an acute onset of symptoms and signs of sepsis making a leukaemoid reaction more likely.

Non-Hodgkin's lymphoma

is a malignant proliferation of lymphocytes that accumulate in the lymph nodes. Symptoms include painless lymphadenopathy and constitutional symptoms of fever, weight loss and night sweats. Leukocyte alkaline phosphatase levels are normally lower in malignancy and Non-Hodgkin's lymphoma would cause a raised lymphocyte count as opposed to neutrophilia."
37,"A 65-year-old woman is reviewed. She is on the waiting list for a varicose vein operation but during the preoperative assessment was noted to have a raised lymphocyte count. She reports feeling well currently and clinical examination is normal. Her bloods were as follows:


Hb	11.8 g/dl
Plt	184 * 109/l
WBC	21.2 * 109/l

There are no previous bloods to compare these results with. Following referral to haematology a diagnosis of chronic lymphocytic leukaemia was made. What is the most appropriate management?","[""No treatment + cancel operation"", ""No treatment + go ahead with operation"", ""Chlorambucil + cancel operation"", ""Fludarabine + go ahead with operation but with quinolone prophylaxis"", ""Alemtuzumab + cancel operation""]",No treatment + go ahead with operation,1,
38,Transmission of which type of infection is most likely to occur following a platelet transfusion?,"[""Syphilis"", ""Malaria"", ""Hepatitis B"", ""Bacterial"", ""HIV""]",Bacterial,3,"Platelet transfusions are at particular risk of bacterial contamination as they are stored at room temperature

As platelet concentrates are generally stored at room temperature they provide a more favourable environment for bacterial contamination than other blood products."
39,"A 28-year-old gentleman was diagnosed with Hodgkin's lymphoma after presenting to his GP with painless lymphadenopathy. Following a staging positron emission tomography (PET) scan, nodes involving both sides of the diaphragm were found. Which stage of the Ann-Arbor classification does his presentation fall under?","[""Stage I"", ""Stage II"", ""Stage III"", ""Stage IV"", ""Stage V""]",Stage III,2,"Stage III of the Ann-Arbor clinical staging of lymphomas involve lymph nodes on both sides of the diaphragm

The Ann-Arbor classification is used for Hodgkin's lymphoma and is split into 4 stages according to the spread of the disease.

Stage I - involves a single regional lymph node

Stage II - involves two or more lymph nodes on one side of the diaphragm

Stage IV - distant spread involving one or more extra lymphatic organs

Stage V - Not part of the Ann-Arbor classification"
40,"A 60-year-old man is scheduled for laparoscopic-assisted sigmoid colectomy. He is induced with anaesthesia using rocuronium. Within a few minutes, the patient developed angioedema and treatment-resistant severe hypotension. He eventually required a bolus of intravenous adrenaline which brought his blood pressure back up to 117/65 mmHg.

What following test would be raised?","[""Serum calcium"", ""Serum glucose"", ""Serum potassium"", ""Serum prolactin"", ""Serum tryptase""]",Serum tryptase,4,"Anaphylaxis - serum tryptase levels rise following an acute episode

Serum tryptase

levels start to be detected in serum within minutes of anaphylaxis but the level will gradually revert to normal over the next 6-24 hours depending on the height of the increase and often correlates with the severity of the anaphylaxis - which is a severe life-threatening allergic reaction.

Serum glucose

levels are not directly correlated with severe allergic reactions.

Serum potassium

levels are typically known to fall during acute anaphylactic reactions. This is likely because high catecholamine levels would induce potassium transport into the cells and produce a transient decrease in serum potassium.

Serum prolactin

levels are not directly impacted by severe allergic reactions.

Serum calcium

levels actually fall in severe anaphylaxis patients and might be related to suppressed thyroid function, ineffective activated vitamin D and hypomagnesemia or calcium redistribution induced by inflammatory factors."
41,"A 68-year-old man who has small cell lung cancer is admitted onto the ward for chemotherapy. He has experienced severe nausea and vomiting due to the chemotherapy in the past. The consultant asks you to prescribe a neurokinin 1 (NK1) receptor blocker.

What agent will you choose?","[""Aprepitant"", ""Dexamethasone"", ""Metoclopramide"", ""Domperidone"", ""Haloperidol""]",Aprepitant,0,"Aprepitant is an anti-emetic which blocks the neurokinin 1 (NK1) receptor

Aprepitant is an anti-emetic which blocks the neurokinin 1 (NK1) receptor.  It is a substance P antagonists (SPA).  It is licensed for chemotherapy-induced nausea and vomiting (CINV) and for prevention of postoperative nausea and vomiting. It is also been shown to be effective in treating clinical depression.

Dexamethasone is a glucocorticoid.  It is useful for preventing the delayed emesis phase of CINV.

Metoclopramide, domperidone, and haloperidol can all be used as anti-emetics due to their dopamine blocking effects."
42,"A 24-year-old woman of Greek Cypriot descent is reviewed in the haematology clinic following an incidental finding of anaemia. She is asymptomatic. Her iron studies, including ferritin, are normal. Haemoglobin electrophoresis is performed.


Hb	108 g/L	(115 - 160)
MCV	65 fL	(80 - 100)
HbA2	5.5%	(2.0 - 3.5%)
HbF	1.5%	(< 1.0%)

What is the most likely diagnosis?","[""Alpha-thalassaemia trait"", ""Beta-thalassaemia trait"", ""Iron deficiency anaemia"", ""Beta-thalassaemia major"", ""Hereditary persistence of fetal haemoglobin""]",Beta-thalassaemia trait,1,"Beta-thalassaemia trait: HbA2 markedly raised but HbF normal or slightly increased (contrast with beta-thalassaemia major)

Beta-thalassaemia trait

is the correct diagnosis. This patient presents with a classic picture: she is a young, asymptomatic woman from a high-prevalence population (Greek Cypriot) with a mild microcytic anaemia. The key feature is the disproportionate microcytosis (MCV of 65 fL) relative to the mild degree of anaemia (Hb 108 g/L). The normal iron studies exclude the most common cause of microcytic anaemia. The diagnosis is confirmed by haemoglobin electrophoresis. In beta-thalassaemia trait, there is reduced production of beta-globin chains. This leads to a relative excess of alpha-globin chains, which preferentially combine with delta-globin chains, resulting in a compensatory increase in Haemoglobin A2 (HbA2), which is composed of two alpha and two delta chains (α2δ2). A HbA2 level greater than 3.5% is diagnostic. The HbF may be normal or slightly raised, as seen here.

Alpha-thalassaemia trait

is an important differential for microcytic anaemia in this demographic. However, in the common forms of alpha-thalassaemia trait (deletion of one or two of the four alpha-globin genes), the proportions of HbA, HbA2, and HbF remain normal. Therefore, haemoglobin electrophoresis is typically normal. The diagnosis of alpha-thalassaemia trait is usually one of exclusion or requires genetic testing, which would be the next step if Hb electrophoresis were normal in a patient with unexplained microcytosis.

Iron deficiency anaemia

is the most common cause of microcytic anaemia worldwide. However, the question stem explicitly states that her iron studies, including ferritin, are normal, which effectively rules out this diagnosis. Furthermore, in iron deficiency, the HbA2 level is typically normal or even slightly reduced, in contrast to the significantly elevated level seen in this patient.

Beta-thalassaemia major

(Cooley's anaemia) is a severe, transfusion-dependent anaemia that presents in infancy (usually around 6 months of age) as fetal haemoglobin production switches off. An asymptomatic 24-year-old would not have undiagnosed beta-thalassaemia major. The haemoglobin electrophoresis pattern would also be very different, showing a profound reduction or absence of HbA, with the majority of haemoglobin being HbF (often >90%).

Hereditary persistence of fetal haemoglobin (HPFH)

is a benign condition where significant levels of fetal haemoglobin persist into adulthood. While patients are usually asymptomatic with a mild microcytic anaemia, the defining feature is a significantly elevated HbF, typically in the range of 10-40%. The HbA2 level in HPFH is characteristically normal or low, which is inconsistent with the raised HbA2 of 5.5% in this case."
43,"A 66-year-old male presents to the emergency department with a rash over his lower limbs. He has recently recovered from an upper respiratory tract infection three weeks ago. He has no past medical history of note and is not taking any medications.

On examination, you find widespread fine petechiae over the lower limbs and a large bruise over his right knee. The patient reports this occurred when he hit his knee whilst getting out of the car. There is no evidence of active bleeding.

Observations are taken:


Blood pressure	132/78 mmHg
Heart rate	91 bpm
Temperature	37.2ºC
Saturations	95% on air

Blood results show:


Hb	121 g/L	Male: (135-180)
Female: (115 - 160)
Platelets	8 * 109/L	(150 - 400)
WBC	4.5 * 109/L	(4.0 - 11.0)
Na+	140 mmol/L	(135 - 145)
K+	3.9 mmol/L	(3.5 - 5.0)
Urea	5.9 mmol/L	(2.0 - 7.0)
Creatinine	70 µmol/L	(55 - 120)
CRP	12 mg/L	(< 5)


Peripheral blood film	True thrombocytopenia with no evidence of myelodysplasia

What is the most appropriate initial of management for this patient?","[""Intravenous immunoglobulin"", ""Intravenous methylprednisolone"", ""Observation"", ""Oral prednisolone"", ""Pooled platelet transfusion""]",Oral prednisolone,3,"First-line treatment for ITP is oral prednisolone

The patient here has presented with a typical history of immune thrombocytopenia (ITP) which has been precipitated by a recent upper respiratory tract infection. The patient is haemodynamically stable without any significant active bleeding. Generally, asymptomatic patients do not require active treatment. However, where the platelet count falls below 30* 10

9

/L treatment is usually indicated due to the increased risk of bleeding once the platelet count falls to this level.

The general treatment principle is as follows in adults:

Presentation	First line management
Emergency treatment: life-threatening or organ threatening bleeding	Platelet transfusion, IV methylprednisolone and intravenous immunoglobulin
Platelet count >30*109/L	Observation
Platelet count <30*109/L	Oral prednisolone

Intravenous immunoglobulin IVIg is used in the treatment of ITP however it would not be indicated as a first-line treatment. IVIg is typically indicated where there has been a poor response to initial therapy or there are contraindications to steroid therapy.

Intravenous methylprednisolone is used in the treatment of ITP however the patient in this circumstance is haemodynamically stable and can take medications orally. Initial therapy with oral prednisolone should be considered therefore in the first instance.

Observation would be considered if the platelet count was >30*10

9

/L as a first-line treatment. However, in this circumstance the platelet count is 8*10

9

/L and so the patient is at risk of severe bleeding with the current platelet count.

Oral prednisolone is the correct answer in this circumstance due to the fact the patient is haemodynamically stable and the platelet count is below 30*10

9

/L.

Pooled platelets are avoided in ITP unless the patient is suffering from life-threatening bleeding."
44,Acute intermittent porphyria is due to a defect in:,"[""ALA synthetase"", ""PPG oxidase"", ""Uroporphyrinogen decarboxylase"", ""Ferrochelatase"", ""Porphobilinogen deaminase""]",Porphobilinogen deaminase,4,"A

The correct answer is

Porphobilinogen deaminase

. Acute intermittent porphyria (AIP) is a disorder that results from a deficiency of the enzyme porphobilinogen deaminase, also known as hydroxymethylbilane synthase. This enzyme plays a crucial role in the heme biosynthesis pathway, which is responsible for producing heme, a component of hemoglobin. When this enzyme is deficient, it leads to an accumulation of porphyrin precursors like delta-aminolevulinic acid and porphobilinogen in the body, causing various neurological symptoms characteristic of AIP.

Discussing the incorrect options:

ALA synthetase

is not the correct answer. Although ALA synthetase is involved in heme biosynthesis, its deficiency does not cause acute intermittent porphyria. Instead, an overactivity of ALA synthetase can lead to X-linked sideroblastic anemia.

PPG oxidase

, or protoporphyrinogen oxidase, when deficient causes variegate porphyria and not acute intermittent porphyria. Variegate porphyria presents with both cutaneous manifestations such as blistering skin lesions and neurological symptoms similar to AIP.

Uroporphyrinogen decarboxylase

deficiency leads to another type of porphyria called Porphyria Cutanea Tarda (PCT). PCT primarily affects the skin causing photosensitivity and blistering but does not cause acute attacks of abdominal pain or neurologic issues seen in AIP.

Lastly,

Ferrochelatase

deficiency results in Erythropoietic Protoporphyria (EPP), which presents with photosensitivity and liver disease but lacks the acute neurovisceral attacks seen in AIP. Ferrochelatase catalyses the final step in heme synthesis: insertion of ferrous iron into protoporphyrin IX to form heme."
45,Which one of the following is not a feature of paroxysmal nocturnal haemoglobinuria?,"[""Haemolytic anaemia"", ""Positive Ham test"", ""Haemoglobinuria"", ""Aplastic anaemia"", ""Haemarthrosis""]",Haemarthrosis,4,
46,"A 40-year-old female is referred to medical assessment unit by her physician for querying thrombotic thrombocytopenic purpura (TTP) after she presented with a temperature of 38.9ºC. Her subsequent urea and electrolytes showed deteriorating renal function with a creatinine 3 times greater than her baseline.

What is the underlying pathophysiology of TTP?","[""Autoimmune destruction of red blood cells"", ""Failure to cleave von Willebrand factor normally"", ""Anti-bodies against von Willebrand factor"", ""Autoimmune destruction of platelets"", ""A deficiency of von Willebrand factor""]",Failure to cleave von Willebrand factor normally,1,"TTP is caused by the failure to cleave vWF normally

Patients with TTP have unusually large multimers of von Willebrand factor (vWF) in their plasma. Patients with TTP lack a plasma protease that is responsible for the breakdown of these ultra-large vWF multimers. See notes below.

Autoimmune destruction of red blood cells is a form of autoimmune hemolytic anaemia and is not the correct answer in this scenario.

Autoimmune destruction of platelets is seen in idiopathic thrombocytopenic purpura (ITP).

A deficiency of von Willebrand factor (vWF) is seen in von Willebrand disease, a genetic disorder.

Anti-bodies against vWF is incorrect."
47,"A 17-year-old girl with known sickle cell disease attends the emergency department with a 1 day history of neck and back pain, and fevers. She has experienced a rapidly worsening dyspnoea, but denies chest pain.

On examination, the patient is pale and lethargic, but not jaundiced. There is considerable bony tenderness along the thoracic and cervical spine. She has bilateral non-tender cervical lymphadenopathy. There is no palpable hepatosplenomegaly.

Her observations were as follows:
Blood pressure - 98/64mmHg, heart rate - 98bpm, temperature - 39.1ºC, oxygen saturations - 88% on air, respiratory rate - 26/min.

Blood tests revealed:

Hb	54 g/L	Female: (115 - 160)
Platelets	301 * 109/L	(150 - 400)
WBC	3.6 * 109/L	(4.0 - 11.0)
Reticulocytes	0.3%	(0.5 - 1.5)

Examination of her notes reveals a baseline haemoglobin of 110g/L.

What is the most likely diagnosis?","[""Sequestration crisis"", ""Aplastic crisis"", ""Vaso-occlusive crisis"", ""Osteomyelitis"", ""Haemolytic crises""]",Aplastic crisis,1,"Aplastic crises in sickle cell disease are associated with a sudden drop in haemoglobin

Option 1. Incorrect - while this is a logical and important differential for a decrease in haemoglobin, the lack of significant splenomegaly or hypotension drastically reduces the likelihood. Sequestration crises occur due to sickling of cells within the splenic vasculature, and resultant trapping of significant blood volume within the spleen itself.

Option 2. Correct - the sudden decrease in haemoglobin, alongside bone pain and reticulocytopoenia point towards an aplastic crisis. Aplastic crises are a result of a sudden arrest of bone marrow erythropoiesis, commonly due to parvovirus B19 infection. The lack of red cell production is evidenced by the low circulating level of reticulocytes. Recurrence is rare, due to immunity.

Option 3. Incorrect - vaso-occlusive crises typically present with extremely severe, deep bone pain, and are not normally associated with such a severe drop in haemoglobin.

Option 4. Incorrect - osteomyelitis is an important differential in the setting of bony pain, where infection arises from areas of bone infarction. In this instance it does not explain the blood test results nor the dyspnoea.

Option 5. Incorrect - haemolytic crises are extremely rare and are strongly disputed over. It is only important to note the reasoning why this is not a haemolytic crisis: in such an event there would be significant reticulocytosis as well as a pre-hepatic jaundice, neither of which are observed here."
48,"A blood film is reported as follows:


Howell-Jolly bodies, target cells and occasional Pappenheimer bodies are seen

What is the most likely underlying cause?","[""Iron-deficiency anaemia"", ""Lead poisoning"", ""Myelofibrosis"", ""Sideroblastic anaemia"", ""Post-splenectomy""]",Post-splenectomy,4,
49,Which one of the following therapeutic options is least recognised in the treatment of aplastic anaemia?,"[""Interferon-alpha"", ""Stem cell transplantation"", ""Anti-lymphocyte globulin"", ""Anti-thymocyte globulin"", ""Platelet transfusion""]",Interferon-alpha,0,
50,"A 64-year-old man with known polycythaemia rubra vera presents with increasing lethargy over the past month.

A full blood count is performed:


Hb	90 g/L	Male: (135-180)
Platelets	95 * 109/L	(150 - 400)
WBC	20.1 * 109/L	(4.0 - 11.0)

A blood film is requested and the medical team discuss with haematology regarding a bone marrow biopsy.

Which complication of polycythaemia rubra vera is the patient most likely to be experiencing?","[""Transformation to acute lymphoblastic leukaemia"", ""Transformation to acute myeloid leukaemia"", ""Transformation to chronic lymphocytic leukaemia"", ""Transformation to chronic myeloid leukaemia"", ""Transformation to diffuse large B cell lymphoma""]",Transformation to acute myeloid leukaemia,1,"Polycythaemia rubra vera - around 5-15% progress to myelofibrosis or AML

The answer is transformation to acute myeloid leukaemia. The most common transformation of polycythaemia rubra vera (PCV) is to myelofibrosis or acute myeloid leukaemia.

Acute myeloid leukaemia may present over weeks with progressive lethargy and exertional breathlessness due to anaemia. Some patients present with acute infection due to lack of mature, functioning neutrophils. Some patients will have petechiae due to thrombocytopenia. Leukemias with predominant monocytes may present with signs of extramedullary organ infiltration e.g. gingival hypertrophy. Patients with acute promyelocytic leukemia (APML) often have disseminated intravascular coagulation. Bone marrow biopsy will confirm the diagnosis.

Polycythaemia rubra vera may transform to myelofibrosis and this may be difficult to distinguish from acute myeloid leukaemia without a bone marrow biopsy. Bone marrow biopsy will demonstrate fibrosis. Myelofibrosis was not given as an option.

Polycythaemia rubra vera does not typically transform to acute lymphoblastic leukaemia, chronic lymphocytic leukaemia or chronic myeloid leukaemia.

Acute lymphoblastic leukaemia is the most common leukaemia of childhood. Chronic lymphocytic leukaemia may transform into acute lymphoblastic leukaemia but this is very rare.

Chronic myeloid leukaemia (CML) may transform into an acute myeloid leukaemia but transformation from PCV to CML is not described.

Transformation to diffuse large B cell lymphoma may occur in B cell chronic lymphocytic leukaemia (CLL) or hairy cell leukaemia (Richter's transformation)."
51,"A 25-year-old female patient presents with massive haemorrhage. You are working in the hospital blood bank and are asked to prepare 2 units each of Red cells and Fresh Frozen Plasma (FFP) when the result of the group and save is available.

The patient's sample is grouped as B RhD negative. You manage to procure some Group B red cells from the fridge but there is no Group B FFP available.

FFP from a donor of which blood group would be best to give?","[""A RhD negative"", ""A RhD positive"", ""AB RhD negative"", ""AB RhD positive"", ""O RhD positive""]",AB RhD negative,2,"The universal donor of fresh frozen plasma is AB RhD negative blood

This patient is blood group B RhD negative, meaning her red cells possess B antigens only from the ABO grouping, and she naturally produces anti-A antigens in her plasma.  Therefore, she needs to receive red cells with only B antigen or no antigens at all (i.e. Groups B or O) but needs to receive FFP that does not have anti-B in it.  Group O donors naturally produce anti-A and anti-B, Group A donors naturally produce only anti-B, so she can only receive FFP from groups B or AB.

Group AB is the universal donor for FFP because they produce neither anti-A or anti-B and is therefore compatible with all ABO groups.

In many cases the RhD status would not matter for blood transfusion, however as this is a woman of childbearing age who is RhD negative, she should receive RhD negative blood in order to avoid problems with future pregnancies in which the foetus is RhD positive.

Source: http://lifeinthefastlane.com/ccc/blood-products/"
52,A 25-year-old woman with primary antiphospholipid syndrome is reviewed. She has just had a booking ultrasound at 11 weeks gestation which confirms a viable pregnancy. This is her first pregnancy and she is otherwise fit and well. Which one of the following is the recommend treatment?,"[""Aspirin + prednisolone"", ""Low-molecular weight heparin"", ""Prednisolone + low-molecular weight heparin"", ""Aspirin + low-molecular weight heparin"", ""Aspirin""]",Aspirin + low-molecular weight heparin,3,"Antiphospholipid syndrome in pregnancy: aspirin + LMWH

The correct answer is

aspirin + low-molecular weight heparin

. According to UK guidelines (RCOG Green-top Guideline No. 37a), women with antiphospholipid syndrome (APS) who are pregnant should receive combination therapy with low-dose aspirin (75-150mg daily) and prophylactic low-molecular weight heparin (LMWH) throughout pregnancy. This combination has been shown to significantly improve pregnancy outcomes by reducing the risk of pregnancy loss and complications such as pre-eclampsia, placental insufficiency, and thrombosis. The treatment should be commenced as soon as pregnancy is confirmed and continued throughout pregnancy and for six weeks postpartum.

Aspirin + prednisolone

is incorrect. While aspirin is part of the correct management, prednisolone is not routinely recommended for APS in pregnancy unless there are other specific indications such as significant autoimmune thrombocytopaenia or systemic lupus erythematosus (SLE) with major organ involvement.

Low-molecular weight heparin

alone is insufficient. While LMWH is crucial for preventing thrombosis and improving placental function, the synergistic effect with aspirin is important for optimal outcomes. Using LMWH as monotherapy would miss the beneficial antiplatelet effects of aspirin.

Prednisolone + low-molecular weight heparin

is incorrect. As mentioned earlier, prednisolone is not routinely indicated in APS during pregnancy. Furthermore, this combination omits aspirin, which is a crucial component of the management strategy.

Aspirin

alone is inadequate for managing APS in pregnancy. While aspirin is important for its antiplatelet effects, it does not provide sufficient anticoagulation to prevent thrombosis, which is a major risk in APS. The combination with LMWH is essential for optimal maternal and foetal outcomes."
53,"A 38-year-old Pakistani woman was admitted with shortness of breath and a syncopal episode. She reported a two-week history of lethargy, malaise, and dizziness. She had recently commenced anti-tuberculous treatment. Dietary history confirmed she was not a vegetarian.


Hb	85g/dL (11.5–16.5 g/dL)
MCV	72fl (80–100 fL)
WCC	11 * 10^9/l (4.0–11.0 × 10^9/L)
Platelets	225 * 10^9/l (150–400 × 10^9/L)
Transferrin saturation	33% (20–45%)
Ferritin	600ng/ml (13–150 ng/mL)
Haemoglobin electrophoresis	normal

A bone marrow aspirate is obtained.

Which stain should be applied to confirm the most likely diagnosis?","[""Giemsa"", ""Gram"", ""Ziehl Neelsen"", ""Perl's"", ""India ink""]",Perl's,3,
54,"An 80-year-old man is reviewed in the haematology clinic. He has been referred due to weight loss, lethargy and a significantly elevated IgM level. Recent bloods show the following:


Hb	13.8 g/dl
Platelets	127 * 109/l
IgM	2150 mg/dl (range 50-330 mg/dl)
ESR	45 mm/hr

Given the likely diagnosis, which one of the following complications is he most likely to develop?","[""Renal failure"", ""Chronic lymphocytic leukaemia"", ""Thrombocytopenia"", ""Hyperviscosity syndrome"", ""Hypercalcemia""]",Hyperviscosity syndrome,3,"IgM paraproteinaemia - ?Waldenstrom's macroglobulinaemia

This patient has Waldenstrom's macroglobulinaemia. Hyperviscosity syndrome is present in around 10-15% of patients. Other common complications include hepatosplenomegaly."
55,In idiopathic thrombocytopenic purpura what are the autoantibodies most commonly directed at?,"[""Platelet activating factor"", ""Glycoprotein IIb/IIIa complex"", ""ATP receptor"", ""Anti-thrombin III receptor"", ""ADP receptor""]",Glycoprotein IIb/IIIa complex,1,
56,A patient with lung cancer has a Positron Emission Tomography (PET) scan to evaluate possible metastatic disease. What does this type of scan demonstrate?,"[""Cellular proliferation"", ""Apoptotic activity"", ""Glucose uptake"", ""Vascular supply"", ""Tyrosine kinase activity""]",Glucose uptake,2,
57,"A 28-year-old female patient presents to the emergency department with abdominal pain, diarrhoea and progressive weakness and pain in the limbs. She looks low in mood and tearful at times. You ask for a urine sample and leaves it standing near the window. 20 minutes later, you notice that the urine has become darker.

What is the most likely diagnosis?","[""Porphyria cutanea tarda"", ""Lead poisoning"", ""Acute intermittent porphyria"", ""Polymyalgia rheumatica"", ""Guillain-Barre syndrome""]",Acute intermittent porphyria,2,"In acute intermittent porphyria, the urine classically turns deep red on standing

This patient has recurrent gastrointestinal symptoms associated with neuropsychiatric features. This raises the suspicion of acute intermittent porphyria (AIP). In AIP, the urine classically turns deep red on standing following sun exposure.

Lead poisoning can present with similar presentation but the darkening of urine on sun exposure is only found in AIP.

Porphyria cutanea tarda presents with photosensitive skin bullae.

Polymyalgia rheumatica may present with proximal limb weakness but does not result in the urinary phenomenon described.

Guillain-barre syndrome can develop following gastrointestinal symptoms, however, it does not cause the urine to turn red."
58,"A 27-year-old woman is admitted to the acute medical unit with worsening shortness of breath, haemoptysis and pleuritic chest pain. A CTPA confirms the presence of a pulmonary embolism (PE) and she is commenced on apixaban.

Both her mother and older brother have a history of venous thromboembolism.

Which of the following conditions is the most likely underlying cause?","[""Activated protein S resistance"", ""Activated protein C resistance"", ""Antithrombin III deficiency"", ""Deficiency in von Willebrand factor"", ""ADAMTS13 mutation""]",Activated protein C resistance,1,"Factor V  Leiden mutation results in activated protein C resistance

The correct answer is activated protein C resistance.

The most common inherited thrombophilia is factor V Leiden, which is caused by a mutation in factor V, resulting in resistance to inactivation by protein C. Protein C normally acts to inhibit co-factors FVa and FVIIIa as a negative feedback mechanism in the clotting cascade.

Activated protein S resistance would result in thrombophilia, however, it is not involved in the pathophysiology of factor V Leiden and is a less common of thrombophilia. Protein S combines with activated protein C to inhibit clotting co-factors FVa and FVIIIa.

Antithrombin III acts to inhibit clotting factors such as FIIa (thrombin) and FXa. A deficiency in this protein does result in thrombophilia, however, it is less common than factor V Leiden.

Von Willebrand factor is a transporter of FVIII in the blood and acts as a binding surface on damaged endothelium for platelets. Von Willebrand disease is the most common inherited bleeding disorder.

ADAMTS13 is a metalloprotease enzyme that cleaves von Willebrand factor in the blood, allowing for controlled binding and activation of platelets to damaged endothelium. A mutation can result in loss of cleavage and consumption and accumulation of platelets within the endothelial lumen, a condition known as thrombotic thrombocytopenic purpura (TTP). It is a much less common condition than factor V Leiden."
59,"A 52-year-old woman with known adenocarcinoma of the lung is reviewed after a round of treatment. She appears generally well but mentions some ongoing fatigue. Blood tests are taken which demonstrate the following:


Hb	108 g/L	Male: (135-180)
Female: (115 - 160)
WBC	63.4 * 109/L	(4.0 - 11.0)

Additional tests reveal a raised leucocyte alkaline phosphatase.

Which of the following is the most likely diagnosis?","[""Acute myeloid leukaemia"", ""Chronic lymphocytic leukaemia"", ""Chronic myeloid leukaemia"", ""Infectious mononucleosis"", ""Leukemoid reaction""]",Leukemoid reaction,4,"Leukemoid reaction has a high leucocyte alkaline phosphatase score

The correct answer here is leukemoid reaction. This is characterised by a leukocytosis over 50 * 10

9

/L. Typically, there is a neutrophil predominance. This reaction occurs in a variety of conditions, such as infections, reactions to medications, diabetic ketoacidosis, but also certain malignancies, including lung adenocarcinoma as mentioned here. Leucocyte alkaline phosphatase is raised, unlike in chronic myeloid leukaemia (CML) or acute myeloid leukaemia (AML) where it is lowered.

AML would also present with leukocytosis, but more acutely. Crucially, leucocyte alkaline phosphatase would be lowered in AML, not elevated.

Chronic lymphocytic leukaemia (CLL) is often picked up incidentally as leukocytosis and is monitored as time goes, rather than initiating treatment. Unlike CML and AML, CLL has not been linked to a specific high or low leukocyte alkaline phosphatase score.

CML would also present with leukocytosis and, similarly, vague symptoms such as fatigue, weight loss and tiredness. Again, however, leucocyte alkaline phosphatase would be lowered, not elevated.

Infectious mononucleosis would have presented with signs of infection and is generally seen in younger patients, with lymphadenopathy, fever and sore throat. It would cause a low leukocyte alkaline phosphatase, not elevated."
60,"A 36-year-old woman attends the emergency department with a 2 hour history of left sided arm and leg weakness. She reports a 5 day history of fatigue, dizziness and nausea. She has never had anything like this before.

She has no relevant medical history, or family history of autoimmune disease.

On examination, she had multiple petechiae on her legs bilaterally. She is able to talk in full sentences and shows no signs of higher cognitive deficit. She has 4/5 power on her left arm and leg, with no sensory deficit. She has no cranial nerve abnormalities.

Her observations were as follows:
Blood pressure - 161/93mmHg, heart rate - 75bpm, temperature - 38.2ºC, oxygen saturations - 97% on air, respiratory rate - 18/min.


Hb	82 g/L	Female: (115 - 160)
Platelets	21 * 109/L	(150 - 400)
WBC	8.7 * 109/L	(4.0 - 11.0)
Prothrombin time (PT)	12 secs	(10-14 secs)
Activated partial thromboplastin time (APTT)	25 secs	(25-35 secs)
Reticulocytes	6 %	(0.5 - 1.5)
Urea	20.1 mmol/L	(2.0 - 7.0)
Creatinine	201 µmol/L	(55 - 120)

Blood film showed schistocytosis.

What is the most likely diagnosis?","[""Haemolytic uraemic syndrome"", ""Antiphospholipid syndrome"", ""Disseminated intravascular coagulation"", ""Thrombotic thrombocytopenic purpura"", ""Malignant hypertension""]",Thrombotic thrombocytopenic purpura,3,"TTP presents with a pentad of fever, neuro signs, thrombocytopenia, haemolytic anaemia and renal failure

Thrombotic thrombocytopenic purpura (TTP) is a thrombotic microangiopathy that arises from reduced von Willebrand factor-cleaving proteases (ADAMTS13). This process is autoimmune in 95% of cases and is labelled as acquired.

Thrombi that form from platelets in the small vessels cause resultant thrombocytopenia with a risk of occlusion of end-organ vasculature, which may result in neurological, gastrointestinal, renal and cardiac symptoms. The classic pentad only occurs in 5% of cases. Mechanical sheering results in haemolytic anaemia.

Option 1. Incorrect - haemolytic-uraemic syndrome (HUS) is an important differential as it is also thrombotic microangiopathy, and so can present with multi-organ dysfunction, thrombocytopenia and haemolytic anaemia. However, is typically preceded by a period of diarrhoea and abdominal pain. If the diagnosis is unclear, ADAMTS13 assays should be done.

Option 2. Incorrect - antiphospholipid syndrome is an autoimmune procoagulant state characterised by venous and/or arterial thromboses. While it can cause stroke due to vascular occlusion, it does not cause purpura or schistocytosis.

Option 3. Incorrect - disseminated intravascular coagulation (DIC) is an important differential as it can cause similar symptoms, including renal failure, purpura, thrombocytopenia and neurological/GI/cardiac compromise. However, given the normal bleeding profile, it is less likely to be the case.

Option 4. Correct - TTP is typically diagnosed with a combination of clinical findings and ADAMTS13 testing. Schistocytosis on the blood film suggests erythrocyte fragment shearing and is secondary to TTP/DIC/HUS.

Option 5. Incorrect - malignant hypertension can cause a microangiopathic haemolytic anaemia, as well as a renal failure with thrombocytopenia, however, it is typically characterised by a blood pressure of >180/120mmHg, and would not cause purpura."
61,"A 52-year-old female patient presents to the oncology clinic with an 8-months history of poor appetite and weight loss. She also complains of a right upper quadrant discomfort which has been present for the last 3 months. An ultrasound scan reveals multiple lesions in the liver suggestive of liver metastasis. A tumour marker profile reveals a raised level of CA 15-3.

What is the most likely primary tumour?","[""Colorectal carcinoma"", ""Small cell lung carcinoma"", ""Breast carcinoma"", ""Ovarian carcinoma"", ""endometrial carcinoma""]",Breast carcinoma,2,"CA 15-3 is a tumour marker in breast cancers

CA 15-3 is a tumour marker in breast cancers.

Bombesin is a tumour marker in small cell lung cancers.

Carcinoembryonic antigen (CEA) is a tumour marker in colorectal cancers.

CA 125 is a tumour marker in ovarian cancers and also endometrial cancers."
62,"A 75-year-old woman presents to her general practitioner with four months of weight loss. She used to weigh 70kg and now she weighs 60kg. She has no past medical history and is not on any regular medications.

On examination, there was palpable cervical, axillary, and inguinal lymphadenopathy.

Blood tests:


Hb	121 g/L	Male: (135-180)
Female: (115 - 160)
Platelets	189 * 109/L	(150 - 400)
WBC	101.2 * 109/L	(4.0 - 11.0)
Neuts	1.0 * 109/L	(2.0 - 7.0)
Lymphs	100.2 * 109/L	(1.0 - 3.5)
Mono	0.0 * 109/L	(0.2 - 0.8)
Eosin	0.0 * 109/L	(0.0 - 0.4)

Given the likely diagnosis, what is the appropriate treatment strategy?","[""Fludarabine, Cyclophosphamide and Rituximab (FCR)"", ""Fluorouracil, epirubicin and cyclophosphamide (FEC)"", ""Imatinib"", ""No treatment required"", ""Rituximab, cyclophosphamide, doxorubicin, vincristine and prednisolone (R-CHOP)""]","Fludarabine, Cyclophosphamide and Rituximab (FCR)",0,"CLL - treatment: Fludarabine, Cyclophosphamide and Rituximab (FCR)

Fludarabine, Cyclophosphamide and Rituximab (FCR)

is correct. This elderly woman presents with weight loss and palpable lymphadenopathy. The extremely elevated lymphocyte count suggests a diagnosis of chronic lymphocytic leukaemia (CLL). An indication for treatment is weight loss of > 10% body weight in < 6 months. She has lost approximately 14% of her body weight and so requires treatment. The first-line treatment of CLL is fludarabine, cyclophosphamide, and rituximab (FCR).

Fluorouracil, epirubicin and cyclophosphamide (FEC)

is incorrect. This is a commonly used chemotherapy regimen in breast cancer rather than CLL. While metastatic breast cancer may cause diffuse lymphadenopathy it is unlikely to result in a lymphocyte count > 100  * 10

9

/L. It is therefore not a likely diagnosis here and this is not the correct answer.

Imatinib

is incorrect. This is a small molecule inhibitor targeting multiple receptor tyrosine kinases such as CSF1R, ABL, c-KIT, FLT3, and PDGFR-β. It is typically indicated in chronic myelogenous leukaemia (CML). In contrast to CLL, CML is characterized by the unregulated growth of myeloid cells in the bone marrow and the proliferation of these cells in the blood. We would expect to see raised neutrophils, basophils, and eosinophils in the blood rather than lymphocytes and so this is therefore not the likely diagnosis or correct treatment.

No treatment required

is incorrect. The > 10% weight loss in < 6 months is an indication that this patient should be treated. If the patient did not have any hard indications for treatment she could be monitored with full blood counts serially.

Rituximab, cyclophosphamide, doxorubicin, vincristine and prednisolone (R-CHOP)

is incorrect. R-CHOP is used for the treatment of lymphoma but it is typically used in Non-Hodgkin's lymphoma rather than CLL."
63,Which one of the following is the most common cause of recurrent first trimester spontaneous miscarriage?,"[""Factor V Leiden gene mutation"", ""Polycystic ovarian syndrome"", ""Hyperprolactinaemia"", ""Antithrombin III deficiency"", ""Antiphospholipid syndrome""]",Antiphospholipid syndrome,4,
64,"A 48-year-old female presents to her family physician complaining of post-coital pain. She initially thought that this was related to her age but recently she has been feeling a constant dull pain in her pelvis. She also reports having a foul-smelling discharge from her vagina. Her past medical and surgical history reveal nothing significant along but she says that she has had several sexual partners in her early teenage years and twenties. She currently smokes about 10 cigarettes a day for the past 10 years and does not consume alcohol. On examination, the doctor finds an irregular mass on her cervix. Which of the following best describes the mechanism for the strongest risk factor for this patient's condition?","[""Human papilloma virus 16 and 18 produces oncoproteins which causes inhibition of the tumor suppressor genes causing cervical carcinoma"", ""Cigarette smoking produces dysplasia of the squamocolumnar junction leading to cervical cancer"", ""Having multiple sexual partners increase the risk of getting HIV which then expresses viral proteins leading to cervical dysplasia and carcinoma"", ""Human papilloma virus 16 and 18 produces oncoproteins which then activate oncogenes causing cervical carcinoma"", ""The patients age is the strongest risk factor as the cervical cells lose their repair capacity and then progress on to dysplasia and carcinoma""]",Human papilloma virus 16 and 18 produces oncoproteins which causes inhibition of the tumor suppressor genes causing cervical carcinoma,0,
65,"A 44-year-old woman is reviewed in a haematology clinic. He has a past medical history of stage III Hodgkin's lymphoma. She has lost 10kg of body weight in the last six months and now weighs 75kg (previously 85kg). She denies fevers or night sweats. She has been treated with 6 cycles of gemcitabine, cisplatin and prednisolone (GemP).

On examination, there is palpable cervical lymphadenopathy.


Hb	131 g/L	Male: (135-180)
Female: (115 - 160)
Platelets	189 * 109/L	(150 - 400)
WBC	13.1 * 109/L	(4.0 - 11.0)
Na+	144 mmol/L	(135 - 145)
K+	4.2 mmol/L	(3.5 - 5.0)
Urea	5.3 mmol/L	(2.0 - 7.0)
Creatinine	89 µmol/L	(55 - 120)
CRP	4 mg/L	(< 5)

Which factor in her history suggests a poor prognosis?","[""Age"", ""Sex"", ""Stage III disease"", ""Weight loss"", ""White cell count""]",Weight loss,3,"'B' symptoms in Hodgkin's lymphoma are associated with a poor prognosis

Weight loss is the correct answer. The patient has Hodgkin's lymphoma (HL). Weight loss is a 'B' symptom and portends a poor prognosis. Specifically, weight loss < 10kg in the last six months.

Age is not the correct answer. This woman is 44 years of age. Age > 45 years of age is associated with a poor prognosis in HL.

Sex is incorrect. It is being male rather than a female that is associate with a worse prognosis.

Stage III disease is incorrect. Stage III disease means that there is a disease on both sides of the diaphragm in HL. This means that either the lymph nodes are affected on both sides of the diaphragm or the lymph nodes and spleen are affected. However, it is stage IV disease that is associated with a worse prognosis in HL, rather than stage III disease. Stage 4 lymphoma occurs when cancer has spread to a distant part of the body outside of the lymphatic system, such as the spinal cord, lungs, or liver.

The white cell count is incorrect. The white cell count, in this case, is 13.1. A white cell count > 15 * 10

9

/L is associated with a poor prognosis."
66,"John, a 35-year-old gentleman on the gastrointestinal ward has been suffering from melaena for a week. His haemoglobin level today is 60g/L and the consultant has requested that you transfuse John a unit of packed red blood cells. Within minutes of starting the transfusion, John complains of itching and stinging sensations on his trunk. On examination, you observe red raised welts over his abdomen and chest. His blood pressure is unaltered from prior to the transfusion at 130/70mmHg, his temperature is 37ºC and there are no signs of dyspnoea, wheezing, stridor or angioedema. Which one of the following management options is the most appropriate?","[""Temporary transfusion termination and an antihistamine"", ""Permanent transfusion termination, generous fluid resuscitation with saline solution and inform the lab"", ""Permanent transfusion termination, intramuscular adrenaline, antihistamines, corticosteroids, bronchodilators and supportive care"", ""Temporary transfusion termination and an antipyretic"", ""Permanent transfusion termination and high dose immune globulin therapy""]",Temporary transfusion termination and an antihistamine,0,"During blood transfusions, minor allergic reactions may be managed by temporarily stopping the transfusion and giving an antihistamine

This patient is suffering from an urticarial rash following blood transfusion, hence the transfusion should be stopped and an antihistamine given. Once the symptoms resolve, the transfusion may be continued with no need for further workup.

Additional IM adrenaline, corticosteroids, bronchodilators and supportive care would only be required for symptoms of anaphylaxis or severe allergic reaction. This patient does not have angioedema or signs of breathing difficulties.

Permanent termination with generous fluid resuscitation and informing the lab is not appropriate and is the management of acute haemolytic transfusion reaction. There is no fever, abdominal/chest pain or hypotension to indicate this complication.

Temporary transfusion termination with an antipyretic is used to treat non-haemolytic febrile reaction, however, there is no fever here to indicate this complication.

High dose immunoglobulin is used to treat post-transfusion purpura, which is a rare, delayed transfusion reaction

(BMJ Best Practice)"
67,A 54-year-old man who has developed disseminated intravascular coagulation secondary to sepsis is reviewed. Twenty minutes ago he started to bleed per rectum. Blood products including packed red cells and fresh frozen plasma have been ordered. What is the single most important factor in determining whether cryoprecipitate should be given?,"[""A low fibrinogen level"", ""A high prothrombin time"", ""A high activated partial thromboplastin time"", ""A low platelet count"", ""A low haemoglobin""]",A low fibrinogen level,0,"A low fibrinogen level is the major criteria determining the use of cryoprecipitate in bleeding

The correct answer is

A low fibrinogen level

. Cryoprecipitate is a blood product that contains concentrated amounts of fibrinogen, factor VIII, and von Willebrand factor. It is primarily indicated for the treatment of hypofibrinogenaemia, which can occur in disseminated intravascular coagulation (DIC). In this case, the patient has developed DIC secondary to sepsis and has started bleeding per rectum. The administration of cryoprecipitate would be appropriate if the patient's fibrinogen level is low, as it would help replenish the depleted fibrinogen and promote clot formation.

Regarding the other options:

A high prothrombin time

indicates a prolonged extrinsic pathway of coagulation, which may be due to deficiencies in factors II, V, VII or X. Although an elevated prothrombin time can be seen in DIC, it does not directly indicate a need for cryoprecipitate administration. Instead, fresh frozen plasma (FFP) would be more appropriate to address these deficiencies.

A high activated partial thromboplastin time

suggests a prolonged intrinsic pathway of coagulation, which may result from deficiencies in factors II, V, VIII, IX or XI. Similar to a high prothrombin time, an elevated activated partial thromboplastin time does not necessarily indicate a need for cryoprecipitate; FFP would be more suitable for addressing these deficiencies.

A low platelet count

is common in DIC due to increased consumption and destruction of platelets. However, administering cryoprecipitate will not address this issue as it does not contain platelets. Instead, platelet transfusion should be considered to manage thrombocytopenia in this situation.

Finally,

a low haemoglobin

level indicates anaemia, which may occur due to blood loss or haemolysis in DIC. While it is important to address a low haemoglobin level in this patient, cryoprecipitate is not the appropriate intervention as it does not contain red blood cells. Packed red blood cells (RBCs) should be transfused to manage anaemia and improve oxygen-carrying capacity.

In summary, the single most important factor in determining whether cryoprecipitate should be given in this case is

a low fibrinogen level

, as it directly addresses hypofibrinogenaemia and promotes clot formation."
68,"You are reviewing a 75-year-old patient, presenting with shortness of breath, lethargy, night sweats, weight loss, and aches in her bones over the past 2 months. She also reports that she has been suffering from frequent epistaxis and recurrent skin infections.

She had a stroke with unknown cause one year ago and reports experiencing intense pruritis especially after a hot shower and her skin appearing red and flushed over the past year. Examination is unremarkable other than splenomegaly.

Given the probable underlying condition, what is the most likely cause of her new symptoms?","[""Acute myeloid leukaemia"", ""Aplastic anaemia"", ""Chronic myeloid leukaemia"", ""Feltys syndrome"", ""HIV""]",Acute myeloid leukaemia,0,"Polycythaemia rubra vera - around 5-15% progress to myelofibrosis or AML

Acute myeloid leukaemia is correct. The underlying diagnosis referred to is polycythaemia rubra vera, a myeloproliferative disorder caused by clonal proliferation of a marrow stem cell leading to an increase in red cell volume, often accompanied by overproduction of neutrophils and platelets. This can present with pruritis, flushing, splenomegaly, haemorrhage due to defective platelet function, splenomegaly and hyperviscosity - hence the patient presenting previously with a stroke of unknown cause, pruritus and flushing. This is most common in patients in their sixties. In 5-15% of cases, this can progress to myelofibrosis or acute myeloid leukaemia (AML). Here the patient is presenting with symptoms of AML including anaemia - lethargy and shortness of breath, neutropenia - recurrent infections, thrombocytopenia with the epistaxis, night sweats, weight loss and bone pain.

Aplastic anaemia is incorrect, this does fit with the anaemia symptoms but does not explain the thrombocytopenia, or the long-standing symptoms.

Chronic myeloid leukaemia can present similarly to AML, but it does not fit well with the underlying long-standing diagnosis of polycythemia rubra vera.

Felty's syndrome is a triad of low neutrophils, splenomegaly and rheumatoid arthritis. This could explain the splenomegaly and achy bones but it does not account for the other symptoms.

HIV can also present with night sweats, weight loss, and recurrent infections due to the immune system being compromised. However, this does not fit well the longer standing symptoms of pruritis, flushing, and previous stroke."
69,Which one of the following is least associated with eosinophilia?,"[""Churg-Strauss syndrome"", ""Nematode infection"", ""Histoplasmosis"", ""Allergic bronchopulmonary aspergillosis"", ""Asthma""]",Histoplasmosis,2,
70,"A 35-year-old woman is referred to the medical admissions unit by her general practitioner with 3 days of jaundice. She has no past medical history and does not take any regular medications. She does not smoke cigarettes, drink alcohol or use intravenous drugs. She works in human resources and is originally from Norway.

On examination, there is scleral icterus. Chest auscultation is normal. There is clinical evidence of splenomegaly but no hepatomegaly. The abdomen is soft and non-tender. There is no lymphadenopathy. The jugular venous pulse is not raised and there is no peripheral oedema.

Bloods tests:


Hb	82 g/L	Male: (135-180)
Female: (115 - 160)
MCV	85 fL	(80-100)
MCH	34 pg/cell	(27 - 31)
MCHC	38 g/dl	(32-36)
Reticulocytes	3.4%	(0.2-2)
Platelets	244 * 109/L	(150 - 400)
WBC	8.1 * 109/L	(4.0 - 11.0)
Neuts	5 * 109/L	(2.0 - 7.0)
Lymphs	2.8 * 109/L	(1.0 - 3.5)
Mono	0.3 * 109/L	(0.2 - 0.8)
Eosin	0.0 * 109/L	(0.0 - 0.4)


Na+	138 mmol/L	(135 - 145)
K+	4.2 mmol/L	(3.5 - 5.0)
Bicarbonate	24 mmol/L	(22 - 29)
Urea	5.1 mmol/L	(2.0 - 7.0)
Creatinine	65 µmol/L	(55 - 120)


Bilirubin	88 µmol/L	(3 - 17)
ALP	44 u/L	(30 - 100)
ALT	22 u/L	(3 - 40)
Î³GT	40 u/L	(8 - 60)
Albumin	38 g/L	(35 - 50)
CRP	4 mg/L	(<5)

Urinalysis is normal.

A blood film demonstrates spherocytes and a direct antiglobulin test is negative.

Given the likely diagnosis, which test is recommended to confirm the diagnosis?","[""Eosin-5€²-maleimide (EMA) binding test"", ""Haemoglobin electrophoresis"", ""Osmotic fragility test"", ""G6PD enzyme activity"", ""ADAMTS13 enzyme activity""]",Eosin-5€²-maleimide (EMA) binding test,0,"The EMA binding test should be used to diagnose hereditary spherocytosis - the osmotic fragility test is no longer widely used

Eosin-5€²-maleimide (EMA) binding test is the correct answer. This patient likely has hereditary spherocytosis. She has clinical and biochemical evidence of haemolytic anaemia (jaundice, splenomegaly, anaemia, raised MCH and MCHC, hyperbilirubinemia and reticulocytosis) and is of northern European descent. Spherocytes on the blood film raise the possibility of autoimmune haemolytic anaemia or hereditary spherocytosis. A negative DAT test makes an autoimmune haemolytic cause unlikely. In the absence of family history, we should confirm the diagnosis with further testing. The up to date recommendation for testing is the EMA binding test. This is a flow cytometry test. EMA binds to erythrocyte membrane proteins, which are missing in the cases of hereditary spherocytosis, resulting in the diminished intensity of fluorescence.

Haemoglobin electrophoresis is incorrect. This can be used to diagnose haemoglobinopathies such as sickle cell anaemia. The blood film may show sickle cells in this case.

Osmotic fragility test is not correct. This was previously recommended for the diagnosis of hereditary spherocytosis. However, the EMA test has superseded it as the test of choice due to greater sensitivity.

G6PD enzyme activity is incorrect. This affects males (X-linked) and is less common in people of northern European descent.

ADAMTS13 enzyme activity is incorrect. This is a test used in the diagnosis of thrombotic thrombocytopenic purpura. This causes intravascular haemolysis and we would expect to see schistocytes on the blood film in addition to haematuria on urinalysis. Additionally, there is no thrombocytopenia."
71,"Each one of the following is seen in Wiskott-Aldrich syndrome, except:","[""Thrombocytopenia"", ""Recurrent chest infections"", ""X-linked recessive inheritance"", ""Mutation in the WASP gene"", ""Psoriasis""]",Psoriasis,4,
72,"A 56-year-old woman presents to her GP with several symptoms affecting the hands. She describes a generalised discolouration of her hands. She complains that they become painful and blue in cold weather. On examination, her hands are currently white and blue, swollen and tender.

She is referred to the hospital for specialist input. Blood tests are conducted and reveal serum cryoglobulins.

Given the findings, which type of the likely condition is present?","[""Type I"", ""Type II"", ""Type III"", ""Type IV"", ""Type V""]",Type I,0,"Raynaud's - Type I cryoglobulinaemia

The correct answer is type I. The diagnosis here is cryoglobulinaemia, given the blood test results. The history and examination are consistent with Raynaud's syndrome - discolouration and pain of the hands in cold temperatures - which is only found with type I cryoglobulinaemia. Type I is associated with multiple myeloma, and Waldenstrom macroglobulinaemia and monoclonal antibodies are present.

Type II is, therefore, incorrect. It has a mixed monoclonal and polyclonal picture and often a positive rheumatoid factor. It is associated with hepatitis C, rheumatoid arthritis, lymphoma and Sjogren's syndrome.

Type III is incorrect. It is associated with polyclonal antibodies, usually with rheumatoid factor. Disease associations include rheumatoid arthritis and Sjogren's syndrome.

Type IV is not a recognised cryoglobulinaemia classification.

Type V is also not a recognised classification."
73,A 24-year-old man is diagnosed with a deep vein thrombosis of his right leg. He is initially treated with low-molecular weight heparin but is switched after three days to warfarin. He then develops necrotic skin lesions on his lower limbs and forearms. Which one of the following conditions is characteristically associated with this complication?,"[""Protein S deficiency"", ""Antiphospholipid syndrome"", ""Antithrombin III deficiency"", ""Activated protein C resistance"", ""Protein C deficiency""]",Protein C deficiency,4,
74,"You are an SHO on an acute oncology ward. You are asked to speak to a 56-year-old man with colorectal cancer. He was diagnosed 1 month ago after participating in screening. Following a positive faecal occult blood test, colonoscopy demonstrated a malignant lesion in the descending colon. CT staging showed lymph node involvement but no distant metastases. He has undergone a left-hemicolectomy and is due to start adjuvant chemotherapy with a combination of 5-FU and oxaliplatin. During his work-up, his consultant explained that he would need to be monitored for disease recurrence.

Which of the following has a role in monitoring disease activity in colorectal cancer?","[""Alpha-Fetoprotein (AFP)"", ""Mesorectal MRI"", ""Ca-19-9"", ""Carcinoembryonic Antigen (CEA)"", ""Ca-15-3""]",Carcinoembryonic Antigen (CEA),3,"Carcinoembryonic Antigen (CEA) is a tumour marker in colorectal cancer and has a role in monitoring disease activity

The correct answer is carcinoembryonic antigen (CEA). CEA is a known tumour marker for colorectal cancer. It is not used diagnostically, but in patient's with a known diagnosis of colorectal cancer associated with raised CEA levels, it can be used to monitor disease activity and help with early identification of disease recurrence."
75,Burkitt's lymphoma is associated with a mutation in which one of the following genes?,"[""Cyclin D1 gene"", ""PML gene"", ""BCR-ABL gene"", ""RAR-alpha gene"", ""MYC gene""]",MYC gene,4,
76,Which one of the following causes of primary immunodeficiency is due to a defect in B-cell function?,"[""Di George syndrome"", ""Chediak-Higashi syndrome"", ""Common variable immunodeficiency"", ""Chronic granulomatous disease"", ""Wiskott-Aldrich syndrome""]",Common variable immunodeficiency,2,
77,"A 30-year-old man presented with general malaise. On examination, he is jaundiced, and there is splenomegaly and right upper quadrant tenderness on abdominal palpation. He recalls that his aunt had a splenectomy and cholecystectomy but is unsure of the reason. Blood tests are as follows:


Hb	101 g/L	Male: (135-180)
Female: (115 - 160)
MCHC	387 g/L	(310 - 350)
MCV	81 fL	(80 - 100)
Reticulocyte	9%	(0.5 - 1.5)

What is the most appropriate investigation to confirm the underlying diagnosis?","[""Coeliac screen"", ""Coombs test"", ""EMA binding test"", ""Osmotic fragility test"", ""Peripheral blood smear""]",EMA binding test,2,"The EMA binding test should be used to diagnose hereditary spherocytosis - the osmotic fragility test is no longer widely used

The features of jaundice and splenomegaly with a family history are strongly suggestive of hereditary spherocytosis. According to the British Journal of Haematology, patients with features as such do not require additional investigations for diagnosis. However, if patients were to go for a diagnostic investigation, the definitive test would be the

eosin-5€²-maleimide (EMA) binding test

.

Coeliac screen

tests for coeliac disease. In chronic untreated cases, it can lead to splenomegaly, but patients would also present with signs of malnutrition such as raised MCV, signifying folate deficiency, or diarrhoea and weight loss. It also does not explain the patient's jaundice and raised reticulocyte count.

Coombs test

can be used to differentiate hereditary spherocytosis from autoimmune haemolytic anaemia, as the latter would have a positive Coombs test. However, it is not the diagnostic investigation of choice in hereditary spherocytosis.

The

osmotic fragility test

is used to test the erythrocyte's resistance to haemolysis. Spherocytes are osmotically fragile and rupture easily as compared to normal red blood cells, therefore a positive test indicates hereditary spherocytosis. However, it is now not favoured due to its lower sensitivity and specificity than EMA binding test.

A

peripheral blood smear

would reveal spherocytes that lack central pallor. However, it is also non-specific and therefore not the diagnostic investigation of choice."
78,"A 77-year-old woman with a history of interstitial lung disease and Hashimoto's thyroiditis presents with worsening breathlessness and fatigue. Her chest X-ray shows bibasal reticulonodular changes consistent with previous imaging. She is noted to have scleral icterus and conjunctival pallor on examination.

Blood test results are as follows:


Hb	62 g/L	Man: (135-180)
Woman: (115 - 160)
Platelets	162* 10 9/L	(150 - 400)
WBC	7.8* 10 9/L	(4.0 - 11.0)
Haptoglobin	5 mg/dL	(41 -165)
Bilirubin	82 µmol/L	(3 - 17)
ALP	65 u/L	(30 - 100)
ALT	42 u/L	(3 - 40)
Albumin	29 g/L	(35 -50)

Binding of haptoglobin to which component explains these results?","[""Bilirubin"", ""Free haemoglobin"", ""Free iron"", ""Intact red cells"", ""Schistocytes""]",Free haemoglobin,1,"Haptoglobin binds to free haemoglobin

The emergence of new-onset anaemia accompanied by an increased bilirubin level, while liver function tests remain otherwise unremarkable, should prompt consideration of haemolytic anaemia. Autoimmune haemolytic anaemia, in particular, should be considered in patients with a background of other autoimmune conditions (e.g. interstitial lung disease, Hashimoto's thyroiditis). It may sometimes be triggered by infections or exposure to new medications, however, around half of cases are idiopathic.

Haptoglobin

is a plasma protein that binds free haemoglobin and thus plays an essential role in its clearance. In cases of haemolytic anaemia, marked by high levels of free haemoglobin, haptoglobin gets depleted, leading to diminished levels within the circulation. This renders it a critical marker in the evaluation for haemolysis.

Bilirubin

is initially bound to albumin which transports it to the liver. Once within the hepatocytes, the bilirubin is conjugated with glucuronic acid and is subsequently referred to as 'conjugated' bilirubin. This is then excreted in the bile.

Free iron

refers to the relatively small proportion of iron that remains unbound to plasma proteins. Of the iron within the circulation, the vast majority will be bound to transferrin and transported to the bone marrow for use in the synthesis of haemoglobin.

Intact red cells

will circulate in the blood without becoming sequestered. Ageing cell will be removed by the macrophages in the spleen.

Schistocytes

are fragments of red blood cells that are commonly seen on the blood film in haemolytic disorders. They are removed by macrophages in the spleen."
79,What is the main mechanism by which vitamin B12 is absorbed?,"[""Passive absorption in the terminal ileum"", ""Active absorption in the middle to terminal part of jejunum"", ""Active absorption by the parietal cells of the stomach"", ""Active absorption in the terminal ileum"", ""Passive absorption in the proximal ileum""]",Active absorption in the terminal ileum,3,"Vitamin B12 is actively absorbed in the terminal ileum

The correct answer is

Active absorption in the terminal ileum

. Vitamin B12, also known as cobalamin, is primarily absorbed in the terminal ileum. This process involves active transport and requires intrinsic factor (IF), a glycoprotein secreted by gastric parietal cells. After ingestion, vitamin B12 binds to proteins present in food. In the stomach, hydrochloric acid and pepsin release vitamin B12 from these dietary proteins. The released vitamin B12 then binds with IF to form a complex that can be recognised by specific receptors on the mucosal cells of the terminal ileum for active absorption.

The first option,

Passive absorption in the terminal ileum

, is incorrect because passive absorption refers to simple diffusion which does not require any energy or special carrier proteins. However, vitamin B12 absorption is an active process requiring energy and a specific binding protein - IF.

The second option,

Active absorption in the middle to terminal part of jejunum

, is also incorrect. While some nutrients are indeed absorbed in this region of the small intestine, vitamin B12 specifically relies on receptors located in the terminal ileum for its uptake.

Active absorption by the parietal cells of the stomach

is another incorrect response because while these cells do play a role in vitamin B12 absorption, their main function is secreting IF rather than absorbing vitamin B12 directly.

Finally,

Passive absorption in the proximal ileum

isn't correct either since it suggests passive diffusion which doesn't apply to Vitamin B12's mechanism of uptake; furthermore, it misplaces where this active process occurs along the intestinal tract - it happens at the end (terminal) rather than at beginning (proximal) part of ileum."
80,"A 24-year-old woman is referred to the acute medical unit with fatigue, easy bruising and bleeding from her mouth. She has no past medical history.

On examination, she is pale, ecchymoses are noted on her limbs and abdomen and there is bleeding from her oral mucosa. There is no lymphadenopathy or splenomegaly.

Blood tests:


Hb	77 g/L	Male: (135-180)
Female: (115 - 160)
Platelets	54 * 109/L	(150 - 400)
WBC	13.1 * 109/L	(4.0 - 11.0)
Prothrombin time (PT)	43.2 seconds	(11-13.5)
Activated partial thromboplastin time (APTT)	74.2 seconds	(21-35)
Fibrinogen	0.4 g/L	(2.0-4.0)

What is the most likely chromosomal translocation responsible for this presentation?","[""t(12;21)"", ""t(15;17)"", ""t(8;14)"", ""t(8;22)"", ""t(9;22)""]",t(15;17),1,"Acute promyelocytic leukaemia - t(15;17)

t(15;17)

is the correct answer. This young woman presents with fatigue, bruising and bleeding from her mucus membranes. Her blood tests demonstrate dual lineage cytopenias (anaemia and thrombocytopenia), leucocytosis and likely disseminated intravascular coagulation (DIC) (raised PT and APTT and low fibrinogen). This presentation is consistent with a diagnosis of acute promyelocytic leukaemia (APML), which is associated with the t(15;17) translocation. It is differentiated from other acute haematological malignancies by DIC at presentation.

t(12;21)

is incorrect. This generates the TEL-AML1 fusion gene, the most common structural chromosome change in childhood cancers and associated with acute lymphoblastic leukaemia (ALL). The typical presentation of ALL is fever, hepatosplenomegaly, bone pain and bleeding. This patient is older than the typical age of presentation for this cancer. Children are mostly younger than 15 when affected.

t(8;14)

is incorrect. This translocation is the most common translocation associated with Burkitt's lymphoma. It is a type of non-Hodgkin's lymphoma (NHL), which are cancers that develop from lymphocytes. In contrast to APML, lymphadenopathy is prominent in this form of malignancy. Furthermore, patients with NHL do not present with DIC. Therefore, the presence of DIC and the absence of lymphadenopathy make this diagnosis unlikely.

t(8;22)

is incorrect. This translocation is associated with 20% of cases of Burkitt's lymphoma. There are three forms of Burkitt's lymphoma (sporadic, immunodeficiency related and endemic). The endemic variant is common in regions where malaria is endemic and typically involves the jaw, facial bones or abdomen, caecum, distal ileum, ovaries, kidneys or breast. The sporadic type is common in areas where malaria is not endemic (the abdominal region is the most likely site of involvement). The median age of onset is 10. The immunodeficiency subtype is associated with HIV infection. It typically involves the gastro-intestinal tract, lymph nodes and bone marrow. This patient does not present with lymphadenopathy or organomegaly but has DIC (not a feature of Burkitt's lymphoma); therefore, this diagnosis is not likely.

t(9;22)

is incorrect. This is the translocation responsible for chronic myeloid leukaemia. The typical presentation for this malignancy is an incidental raised white cell count and hepatosplenomegaly in older males (average age 65). It is less likely to present in younger women with DIC and therefore is not the likely diagnosis."
81,"An 18-year-old male with known sickle cell is admitted to the haematology department with tiredness and yellowing of his eyes following a recent change in weather. You note his haemoglobin usually runs between 80-90g/L but an up to date blood test shows his Hb is now 53g/L. You suspect he is suffering from a haemolytic crisis.

Which other blood parameter would you expect to be low in this patient's case?","[""Reticulocytes"", ""Conjugated bilirubin"", ""Unconjugated bilirubin"", ""Haptoglobin"", ""Lactate dehydrogenase""]",Haptoglobin,3,"Haptoglobin binds to free haemoglobin

Patients with sickle cell disease usually have a degree of anaemia and are adapted to this. However, they can suffer from a haemolytic crisis where the Hb drops by 30-40g/L acutely giving them symptoms such as tiredness and jaundice. This can be triggered by infection, a change in the temperature (usually cold weather) and hypoxia to name a few. The accelerated break down of red blood cells releases haemoglobin which haptoglobin binds to, therefore reducing the levels of haptoglobin in the blood.

Reticulocytes are immature red blood cells and are released into the blood by the bone marrow in response to haemolysis and haemorrhage therefore their levels increase in a haemolytic crisis.

Hyperbilirubinaemia causes jaundice. Haemolysis causes high levels of unconjugated bilirubin. High levels of conjugated bilirubin are due to conditions such as pancreatic cancer of biliary tree strictures.

Lactate dehydrogenase (LDH) is released from red cells as they break down, therefore, levels increase in a haemolytic crisis."
82,"A 50-year-old man presents with several months of increasing tiredness, frequent respiratory infections and easy bruising. Examination confirms multiple bruises across the body; the patient denies any obvious trauma.

Blood tests reveal neutropaenia and thrombocytopenia. A blood film demonstrates hypergranulated promyelocytes, some with bilobed nuclei and bundles of Auer rods. A bone marrow biopsy is subsequently performed, which demonstrates a blast cell presence of 35%.

Which of the following chromosomal translocations is recognised as conferring a good prognosis in this condition?","[""9:22"", ""11:14"", ""11:18"", ""14:18"", ""15:17""]",15:17,4,"Acute myeloid leukaemia - good prognosis: t(15;17)

The correct answer is t(15:17). The diagnosis here is acute myeloid leukaemia (AML), given the history and investigation findings. AML has a number of subtypes, one of which is acute promyelocytic leukaemia, associated with the aforementioned translocation - a fusion of PML and RAR-alpha genes. It generally presents younger than other types of AML and has a much better prognosis.

t(9:22) is known as the Philadelphia chromosome. This is associated with chronic myeloid leukaemia, not AML.

t(11:14) is associated with mantle cell lymphoma, not AML, which would present differently. This is a type of non-Hodgkin's lymphoma.

t(11:18) is typically associated with MALT lymphoma, not AML. This is frequently associated with chronic

Helicobacter pylori

infection.

t(14:18) is associated with follicular lymphoma - found in over 90% of cases. Again, this is not associated with AML."
83,Which one of the following statements regarding allergy testing is incorrect?,"[""Both irritants and allergens may be tested for using skin patch testing"", ""The radioallergosorbent test determines the level of IgE to a specific allergen"", ""Skin prick testing is easy to perform and inexpensive"", ""Skin prick testing should be read after 48 hours"", ""Skin prick testing normally includes a histamine control""]",Skin prick testing should be read after 48 hours,3,
84,Which of the following cytotoxic agents is most associated with ototoxicity?,"[""Vincristine"", ""Bleomycin"", ""Cisplatin"", ""Doxorubicin"", ""Cyclophosphamide""]",Cisplatin,2,Cisplatin may cause ototoxicity
85,"A 30-year-old patient is referred to the haematology clinic after a pre-operative workup, for a minor procedure, identified an isolated neutropenia (result below). The patient is well, with no clinical symptoms and a normal examination.


Haemoglobin	140 g/L	130-180
White cell count	4.0Ã—109/L	4.0-11.0
Neutrophils	1.2 Ã—109	2.0 - 7.5
Platelet count	253 Ã—109/L	150-400

Once a clear past medical history and examination is established the neutropenia is diagnosed as a benign condition of no consequence and no further investigation is required.

In which ethnicity group is this benign haematological finding common?","[""Black African and Afro-Caribbean"", ""Caucasian"", ""Hispanic/Latino"", ""Mediterranean"", ""Southeast Asian""]",Black African and Afro-Caribbean,0,"Benign ethnic neutropaenia is common in people of black African and Afro-Caribbean ethnicity

Benign ethnic neutropenia is a form of chronic neutropenia and is commonly seen in

black African and Afro-Caribbean

. The mechanism of the condition is not fully understood but it is believed to be a result of decreased mature granulocyte reserve and release from the bone marrow. Clinically the condition is benign with patients being at no higher risk for infection or complications however due to its unfamiliarity amongst physicians, otherwise health patients often undergo unnecessary investigation when the neutropenia is first identified.

Although some haematological malignancies including specific types of leukaemia have a higher prevalence in those of

Caucasian

ethnicity there is no clear association of neutropenia within this group.

Again a higher rate of certain haematological malignancies have been observed in those of

Hispanic/Latino

ethnicity but there is no clear association with neutropenia.

The haematological condition classically observed in those of

Mediterranean

ethnicity is the haemoglobinopathy beta-thalassemia where patients have reduced or absent synthesis of the haemoglobin beta chains resulting in varying degrees of anaemia. Benign ethnic neutropenia has not been associated with this ethnic group.

Certain types of thalassemia, haemoglobinopathies (e.g. haemoglobin E disorders) and glucose-6-phosphate dehydrogenase (G6PD) deficiency have all been observed in higher prevalence within those of

Southeast Asian

ethnicity however benign ethnic neutropenia is not associated with this group."
86,"A 20-year-old woman presents with fatigue and a preceding viral infection. She reports she is known to have hereditary spherocytosis.

Investigations show:

Hb	81 g/L	Male: (135-180)
Female: (115 - 160)
LDH	700 U/L	(140-280)


Blood film	schistocytes and circular red blood cells

Her blood pressure is 101/57 mmHg, she denies chest pain or feeling light headed. Abdominal exam demonstrates a palpable spleen 3cm below the costal margin.

What is the best treatment option?","[""Emergency splenectomy"", ""Fluids"", ""Fluids and high dose folic acid"", ""Steroids"", ""Immediate transfusion""]",Fluids and high dose folic acid,2,"Generally supportive treatment is given in the management of a patient in haemolytic crisis secondary to hereditary spherocytosis. I.e. folic acid, transfusion if symptomatic from anaemia. Steroids are not indicated

Most patients with hereditary spherocytosis undergo elective splenectomy to reduce the risk of acute haemolytic crisis.

If a patient is in acute haemolytic crisis treatment is supportive with fluids, high dose folic acid, careful monitoring of the blood count and transfusing if symptomatic from the anaemia.

Steroids are not indicated as haemolysis is not an autoimmune process. It is due to mechanical fragility of the round red blood cells."
87,"A 7-year-old child is brought into the clinic by his parents who report they have just moved from abroad seeking asylum. They report the child has a medical condition from birth that manifested at age 2 and affects his blood. He has frequent episodes which require the family to bring the child to the hospital for medical attention and treatment.

On investigation, the child has a haemoglobin level of 8 g/dl with a raised reticulocyte count. The child's diagnosis is confirmed via electrophoresis. He has no allergies and is on no current medications.

What is the most appropriate treatment to commence to reduce the incidence of further presentations?","[""Aspirin"", ""Folic acid and penicillin"", ""Hydroxocobalamin"", ""Hydroxycarbamide"", ""NSAIDS""]",Hydroxycarbamide,3,"Sickle cell patients should be started on long term hydroxycarbamide to reduce the incidence of complications and acute crises

The child has the classic description of sickle cell anaemia which is normally diagnosed at birth but does not manifest until after 6-months (when the foetal haemoglobin is replaced) and then result in frequent sickle cell acute attacks/crisis. The child has the typical low haemoglobin (Hb) and raised reticulocyte and diagnosis is confirmed with the presence of the abnormal Hb on electrophoresis. Hydroxycarbamide, or hydroxyurea, increases the concentration of foetal Hb and has been shown to reduce the frequency of painful episodes and the risk of life-threatening complications.

Aspirin is used to reduce the risk of blood clot formation in essential thrombocythemia and in childhood conditions such as Kawasaki disease but it has no role in the management of sickle cell anaemia.

Folic acid and penicillin are incorrect as the child is over 5 years and there is limited evidence of their effectiveness, particular when compared to hydroxycarbamide. Current guidelines recommend the use of penicillin until the age of 5 only. There is no clear evidence to date showing that sickle cell patients develop folate deficiency and folic acid benefit is disputed despite its frequent use. Hydroxycarbamide in comparison has good evidence of reducing crisis and complications and therefore is the correct answer.

Hydroxocobalamin or vitamin B12 is used as a supplement to treat vitamin B12 deficiency including pernicious anaemia but has no role in the management of sickle cell anaemia.

NSAIDs are often used for breakthrough pain and as analgesia for sickle cell crisis however they do not reduce the incidence of complications or the frequency of acute crisis."
88,"A 35-year-old woman presents with a history of recurrent chest and sinus infections since childhood. She has a past medical history of two episodes of pneumonia that have required admission for intravenous antibiotics. Currently, she appears well on examination and there are no specific findings.

She is referred for blood tests:


Hb	112 g/L	(115 - 160)
Platelets	343 * 109/L	(150 - 400)
WBC	5.6 * 109/L	(4.0 - 11.0)
Serum IgG	Low
Serum IgA	Low
Serum IgM	Low

What is the most likely diagnosis?","[""Bruton's agammaglobulinaemia"", ""Common variable immunodeficiency (CVID)"", ""DiGeorge syndrome"", ""Severe combined immunodeficiency (SCID)"", ""Wiskott-Aldrich syndrome""]",Common variable immunodeficiency (CVID),1,"Common variable immunodeficiency -  low antibody levels, specifically in immunoglobulin types IgG, IgM and IgA. → recurrent chest and other infections

This patient's presentation fits most with

CVID

. This is an immune disorder characterised by recurrent infections and low levels of immunoglobulins IgA, IgG, and IgM. It is caused by a variety of possible genetic mutations. The condition is typically not diagnosed until adulthood when patients present with a longstanding history of frequent infections. Treatment usually involves lifelong immunoglobulin replacement therapy.

Bruton's agammaglobulinaemia

is a rare X-linked recessive immune disorder resulting in poor B-cell development. Whilst it also presents with recurrent infections and low immunoglobulins of all classes, it is much less common overall than CVID and mainly affects male patients due to the X-linked nature of its inheritance.

DiGeorge syndrome

is a genetic condition affecting T-cell development. Patients also commonly have congenital heart disease, learning difficulties, and cleft palate, none of which are present here.

SCID

, as the name implies, is a much more severe immunodeficiency than the presentation described here, affecting both T-cells and B-cells. The most common form is X-linked SCID, usually due to mutations in the gene coding the common gamma chain of multiple interleukin receptors. Patients are afflicted with significant infections from infancy and do not survive into childhood unless the condition is diagnosed early and treated with bone marrow transplantation.

Wiskott-Aldrich syndrome

, like SCID, also affects both T-cells and B-cells. As well as recurrent infections, it is also linked to eczema and thrombocytopaenia, which are not described here. However, it is X-linked recessive, making it much less likely than CVID in this scenario."
89,"A 31-year-old woman who is 25-weeks pregnant is brought to the Emergency Department by her husband. Over the past two days she has become increasingly confused. Her temperature is 37.8ºC and blood pressure is 104/62 mmHg. Blood tests show:


Hb	8.3 g/dl
Platelets	88 * 109/l
WBC	15.1 * 109/l
Blood film	Fragmented red blood cells
Sodium	139 mmol/l
Potassium	5.2 mmol/l
Urea	19.4 mmol/l
Creatinine	296 µmol/l

What is the most appropriate treatment?","[""Rituximab"", ""Intravenous immunoglobulin"", ""Methylprednisolone"", ""Ceftriaxone + vancomycin"", ""Plasma exchange""]",Plasma exchange,4,"TTP - plasma exchange is first-line

The correct answer is

Plasma exchange

. The patient's findings of confusion, thrombocytopenia (platelets 88 * 10

9

/l), microangiopathic haemolytic anaemia (Hb 8.3 g/dl and fragmented red blood cells on blood film) and renal impairment (urea 19.4 mmol/l and creatinine 296 µmol/l) are suggestive of a diagnosis of thrombotic thrombocytopenic purpura (TTP). TTP is a medical emergency that requires urgent treatment with plasma exchange, which removes the autoantibodies causing the disease and replaces ADAMTS13, the enzyme that they inhibit.

Rituximab

is incorrect as it is not first-line treatment for TTP. It may be used in refractory or relapsing cases but only after plasma exchange has been initiated.

Intravenous immunoglobulin

is incorrect because while it can be used in immune-mediated conditions such as Guillain-Barre syndrome or chronic inflammatory demyelinating polyneuropathy, it does not have a role in the management of TTP.

Methylprednisolone

can be used to suppress the immune system in certain conditions such as autoimmune haemolytic anaemia or vasculitis, but again it does not have a role in the initial management of TTP.

Finally,

Ceftriaxone + vancomycin

would be appropriate if there was a suspicion of bacterial meningitis which could present with fever, confusion and an elevated white cell count. However, this patient's blood film showing fragmented red blood cells along with her renal impairment and thrombocytopenia make TTP a more likely diagnosis."
90,"A 66-year-old man presents with progressive fatigue and weight loss over several months. He has a past medical history of asthma but is otherwise generally fit and well.

The examination is unremarkable. Blood tests are taken:


Hb	138 g/L	Male: (135-180)
Platelets	267 * 109/L	(150 - 400)
WBC	58 * 109/L	(4.0 - 11.0)
Na+	142 mmol/L	(135 - 145)
K+	3.8 mmol/L	(3.5 - 5.0)
Urea	5.6 mmol/L	(2.0 - 7.0)
Creatinine	68 µmol/L	(55 - 120)
CRP	45 mg/L	(< 5)
Blood film and histology	Pending

The doctor wishes to differentiate the most likely diagnosis of chronic myeloid leukaemia from a leukaemoid reaction.

What would point more towards the former diagnosis, rather than the latter?","[""'Left shift' of neutrophils"", ""Low leukocyte alkaline phosphatase"", ""Presence of Dohle bodies"", ""Presence of toxic granules"", ""Weight loss""]",Low leukocyte alkaline phosphatase,1,"Differentiating chronic myeloid leukaemia from leukaemoid reactions: leukocyte alkaline phosphatase score is low in CML, high in leukaemoid reaction

Leukaemoid reaction is the presence of immature leukocytes in the peripheral blood, as evidenced by the high white cell count here. It can be caused by a number of problems, such as infection, haemolysis, massive haemorrhage and malignancy; CRP is raised here, indicating some sort of inflammatory/infective process is present. Differentiating chronic myeloid leukaemia (CML) from leukaemoid reaction is a relatively common exam question. One of the key differences is the

leukocyte alkaline phosphatase

score - this is low in CML, but high in leukaemoid reaction.

A

left shift of neutrophils

refers to a greater proportion of immature neutrophils being present. This is seen with both CML and leukaemoid reaction and so is not a useful way of distinguishing the two.

Dohle bodies

are single/multiple blue cytoplasmic inclusions that are remnants of rough endoplasmic reticulum. Their presence on histology would indicate leukaemoid reaction, rather than CML.

Similarly,

toxic granules

on histology would be present with leukaemoid reaction, but not CML.

Weight loss

is another non-specific finding - this would not help to differentiate between the two."
91,"A 65-year-old man with metastatic lung adenocarcinoma attends clinic for routine blood tests prior to commencing his next cycle of chemotherapy.

Results are as follows:

Na	140 mmol/L	(135 - 145)
K	4.0 mmol/L	(3.5 - 5.0)
Magnesium	0.39 mmol/L	(0.7-1.0)
Phosphate	0.78 mmol/L	(0.7-1.4)
Urea	4.5 mmol/L	(2.0 - 7.0)
Creatinine	65 µmol/L	(55 - 120)

Which of the following chemotherapy agents is most likely responsible for the abnormality seen?","[""Bleomycin"", ""Cisplatin"", ""Cyclophosphamide"", ""Docetaxel"", ""Vincristine""]",Cisplatin,1,"Cisplatin is associated with hypomagnesaemia

The correct answer is

Cisplatin

. Cisplatin is a platinum-containing chemotherapy agent that is known to cause hypomagnesaemia (low magnesium levels). This occurs due to renal tubular damage which leads to increased urinary excretion of magnesium. Hypomagnesaemia can manifest with neuromuscular symptoms such as tremors, seizures, and muscle cramps, but many patients remain asymptomatic. The condition can be managed by giving oral or intravenous magnesium supplements.

Bleomycin

is incorrect because it primarily causes pulmonary toxicity, presenting as cough, dyspnoea or interstitial lung disease on imaging. It does not typically cause electrolyte disturbances like hypomagnesaemia.

Cyclophosphamide

is also an incorrect option. While it can cause several side effects such as bone marrow suppression, haemorrhagic cystitis, nausea and vomiting, it does not usually lead to hypomagnesaemia.

The option

Docetaxel

is incorrect as well. Docetaxel primarily causes myelosuppression leading to neutropenia and anaemia. Other common side effects include alopecia, nail changes and fluid retention. It doesn't typically cause hypomagnesaemia.

Finally,

Vincristine

is not the correct answer either. Vincristine commonly causes peripheral neuropathy manifesting as numbness and tingling in the hands and feet. It may also cause constipation and hair loss but does not lead to hypomagnesaemia."
92,"A 67-year-old woman presents to the emergency department with 3 days of weakness, fatigue and tremors. She has recently started chemotherapy for ovarian cancer privately but is unsure of the name of the agents used.

Bloods are performed which she the following:


Na+	137 mmol/L	(135 - 145)
K+	3.4 mmol/L	(3.5 - 5.0)
Bicarbonate	24 mmol/L	(22 - 29)
Urea	4.2 mmol/L	(2.0 - 7.0)
Creatinine	112 µmol/L	(55 - 120)
Magnesium	0.32 mmol/L	(0.7-1.0)

What agent is the most likely cause of this presentation?","[""Cisplatin"", ""Cyclophosphamide"", ""Docetaxel"", ""Hydroxycarbamide"", ""Vincristine""]",Cisplatin,0,"Cisplatin is associated with hypomagnesaemia

Cisplatin

is correct. The patient's presentation of weakness, fatigue, and tremors, along with the laboratory finding of hypomagnesemia, is most consistent with the use of cisplatin. Among the options provided, cisplatin is the most likely to cause hypomagnesemia as an adverse effect due to renal tubular damage that can lead to electrolyte imbalances. Hypokalaemia can also occur with cisplatin therapy with or without hypomagnesemia but in this case, symptoms are more in keeping with hypomagnesemia.

Cyclophosphamide

is associated with haemorrhagic cystitis (albeit rarely) and secondary malignancies such as transitional cell carcinoma. There is no indication in the scenario of either of these complications, which should be suspected in a patient on this agent presenting with visible haematuria.

Docetaxel

is incorrect as it does not commonly cause electrolyte abnormalities. Docetaxel has multiple side effects but neutropenia with resultant increased risk of serious infection is a notable one. A history of fever with localising infective symptoms such as cough or dysuria with a low neutrophil count would be a more typical presentation associated with docetaxel.

Hydroxycarbamide

is incorrect. It can cause hypomagnesaemia but not as commonly as cisplatin. Hydroxycarbamide is more commonly associated with anaemia and leucopenia. Therefore, a history of fatigue, exertional dyspnoea with or infective symptoms with neutropenia would be a more typical presentation.

Vincristine

is incorrect as It is not known to cause hypomagnesaemia. It is more commonly known to be associated with sensory and motor neuropathies. Therefore, patients may present with numbness or focal weakness rather than fatigue and tremors."
93,"A 34-year-old man has presented to the emergency department with shortness of breath. His girlfriend has also noted that his lips and nail-beds are significantly blue. He mentions that he has been feeling short of breath for the past 48 hours and that he has an accompanying headache.

He was recently started on a new medication by his general practitioner. However, he can not recall the name of this medication. He does not have any significant past medical history and has not taken any other medication apart from this new medication.

Physical examination revealed a tachycardia of 120 beats/minute with a normal blood pressure of 125/65mmHg. Heart sounds were normal and his chest was clear. His oxygen saturations were 80% on room air. This improved only to 83% on 35% venturi mask.

Arterial blood gas was performed and the results were as follows:


pH	7.40	7.35-7.45
pO2	14.6 kPa	11-13 kPa
pCO2	4.0 kPa	4.7 - 6.0kPa
HCO3	23mmol/L	22-26
BE	-1	-2 - +2

Given the likely cause for his presentation, which of the following medications could have resulted in his presentation?","[""Amoxicillin"", ""Clarithromycin"", ""Co-trimoxazole"", ""Levofloxacin"", ""Metronidazole""]",Co-trimoxazole,2,"Normal pO2 but decreased oxygen saturation is characteristic of methaemoglobinaemia

The presence of the low peripheral oxygen saturation and high pO2 on arterial blood gas raises the suspicion for methaemoglobinaemia as the underlying cause. Common symptoms for this include headaches, shortness of breath and peripheral cyanosis. Acquired methaemoglobinaemia can occur following medications or recreational drugs. Commonly associated medications include antimalarials (chloroquine, atovaquone), antibiotics (co-trimoxazole, dapsone) and local anaesthetics (benzocaine, lidocaine).

Of the medications listed, co-trimoxazole is the only medication that is likely to result in methaemoglobinaemia. The remainder of the medications would not cause methaemoglobinaemia.

Treatment for acquired methaemoglobinaemia involves oxygen supplementation and the use of methylene blue if hypoxia persists."
94,"A 54-year-old man is admitted to the surgical ward following elective total hip replacement. Four weeks later, he presents to the medical assessment unit with sudden onset left calf pain and swelling. Doppler ultrasound confirms a proximal deep vein thrombosis (DVT). He has no previous history of VTE or malignancy, and is otherwise well. What is the most appropriate total duration of anticoagulation for this patient according to current UK guidelines?","[""3 months"", ""6 weeks"", ""6 months"", ""Indefinite"", ""12 months""]",3 months,0,"Venous thromoboembolism - length of anticoagulation

3 months

is the correct answer because this patient's DVT was provoked by recent major surgery (total hip replacement within 12 weeks), which is considered a transient risk factor. According to NICE guidelines, patients with a first episode of provoked venous thromboembolism should receive anticoagulation for 3 months, as this provides adequate protection against recurrence once the provoking factor has resolved. Continuing beyond 3 months does not significantly reduce recurrence risk in provoked cases but increases bleeding risk.

6 weeks

is not recommended by UK guidelines for treatment of DVT; while some superficial thrombophlebitis may be treated with shorter courses, a proximal DVT requires at least 3 months’ anticoagulation even if provoked.

6 months

would be appropriate for an unprovoked DVT or if there were ongoing risk factors such as active cancer or persistent immobility. However, in this scenario, the precipitating event (surgery) is clear and resolved, so extended therapy offers little additional benefit compared to increased bleeding risk.

Indefinite

anticoagulation is reserved for patients with recurrent unprovoked VTEs or those with significant ongoing risk factors (e.g., active malignancy, antiphospholipid syndrome). This patient’s DVT was clearly provoked and he has no high-risk features warranting lifelong treatment.

12 months

exceeds guideline recommendations and would only be considered in exceptional cases where there are persistent high-risk features or recurrent events despite standard therapy. For a single provoked event like this one, prolonged anticoagulation would unnecessarily increase bleeding risk without substantial benefit."
95,Which of the following may be used in the treatment of hereditary angioedema?,"[""Anabolic steroids"", ""Oral contraceptive pill"", ""ACE inhibitors"", ""Beta-blockers"", ""Aspirin""]",Anabolic steroids,0,
96,"A 58-year-old male is referred to the haematology clinic after abnormal blood tests. He had the blood tests as part of a workup for a cataract operation he is due to have next month. He reports feeling well in himself with no acute symptoms.

His past medical history includes type 2 diabetes mellitus and hypercholesterolaemia.

He currently takes metformin 500mg and atorvastatin 20mg once a day.

Blood tests show the following:


Hb	143 g/L	Male: (135-180)
Female: (115 - 160)
Platelets	27 * 109/L	(150 - 400)
WBC	7.1 * 109/L	(4.0 - 11.0)
Cholesterol	4.9 mmol/L	(<5)
HbA1C	48 mmol/mol	

Which of the following is the most appropriate management?","[""Commence oral prednisolone"", ""Admit for intravenous hydrocortisone"", ""Stop metformin"", ""Stop statin"", ""Transfuse one unit of platelets""]",Commence oral prednisolone,0,"First-line treatment for ITP is oral prednisolone

This patient has a diagnosis of immune thrombocytopaenic purpura (ITP) - often presenting as isolated thrombocytopaenia in an otherwise well patient.

Intravenous hydrocortisone is incorrect as oral steroids are recommended first line for ITP. There is no contraindication to oral steroids in the question therefore this should be given first.

Stopping metformin or statin would be of no benefit as neither drug is known to commonly cause thrombocytopaenia.

A platelet transfusion would likely not result in a significant increase in platelet number as the pathogenic process would be ongoing. Furthermore, platelet transfusions are indicated if the patient is actively bleeding alongside a low platelet count which is not the case here."
97,"A 77-year-old female presents to the emergency department with a 1 month history of lethargy and progressive dyspnoea. She has a past medical history of rheumatoid arthritis and angina.

A full workup is done and blood tests reveal a haemoglobin of 53g/L, for which she is prescribed 3 units of blood.

One hour into her third bag of blood, the patient begins to feel increasingly breathless, with chills and a headache. There is no focal less swelling or tenderness.

Her observations are as follows:
Blood pressure - 172/101mmHg, heart rate - 113 bpm, temperature - 37.3ºC, oxygen saturation - 92% on air, respiratory rate - 34/min.

The transfusion is immediate stopped. Initial blood tests reveal:


Hb	82 g/L	Female: (115 - 160)
Platelets	171 * 109/L	(150 - 400)
WBC	6.4 * 109/L	(4.0 - 11.0)
Neuts	4.1 * 109/L	(2.0 - 7.0)
Lymphs	1.8 * 109/L	(1.0 - 3.5)
Mono	0.4 * 109/L	(0.2 - 0.8)
Eosin	0.1 * 109/L	(0.0 - 0.4)

Chest X-ray revealed diffuse bilateral infiltrates, with no focal consolidation or effusion.

What is the most likely diagnosis?","[""Acute haemolytic reaction"", ""Transfusion related acute lung injury"", ""Transfusion associated circulatory overload"", ""Pulmonary embolus"", ""Transfusion associated sepsis""]",Transfusion associated circulatory overload,2,"TRALI is differentiated from TACO by the presence of hypotension in TRALI vs hypertension in TACO

While transfusion related lung injury (TRALI) and transfusion associated circulatory overload (TACO) are similar and difficult to differentiate, there are key factors in the patient history and investigations that point towards TACO:

TACO usually occurs in elderly patients with a decreased cardiovascular reserve and ability to compensate for an increase in fluid volume.
TACO is more likely in rapid/substantial transfusions, whereby receiving more units increase the likelihood of overload.
TACO presents with hypertension due to volume excess, whereas TRALI presents with hypotension due to ARDS and the resultant hypovolaemic shock.
TRALI is likely to be associated with fever and leukopenia, whereas TACO usually has neither.

TACO is also more common than TRALI with an incidence of roughly 1%, compared to 0.1% of TRALI.

The other explanations are all less likely than TRALI/TACO:

Option 1. Acute haemolysis typically presents immediately after the transfusion begins, with fever, flank/chest pain and oozing from the venepuncture site. Here the onset is after an hour of initiation, and the patient is not pyrexial.

Option 4. Pulmonary embolus should be suspected in any patient who suffers sudden dyspnoea, however it is less clinically likely with no signs of deep vein thrombosis nor any predisposing risk factors.

Option 5. Transfusion associated sepsis would cause fever, chills and hypotension secondary to septic shock."
98,"A 74-year-old woman with advanced dementia has weight loss and back pain. A collateral history is limited, but her family reports she occasionally smoked in her 20s, drinks 8 units of alcohol weekly, and has no recent trauma or cough.

She has clear lung sounds and equal air entry bilaterally. Palpating the thoracic spine reveals tenderness, but a neurological examination is normal. An X-ray shows osteolytic lesions in the thoracic spine.

Investigations:


Calcium	2.8 mmol/L	(2.1-2.6)
Phosphate	1.1 mmol/L	(0.8-1.4)
Bilirubin	5 µmol/L	(3 - 17)
ALP	231 u/L	(30 - 100)
ALT	39 u/L	(3 - 40)

Which option is the most likely primary site of pathology?","[""Breast tissue"", ""Cervical tissue"", ""Liver tissue"", ""Lung tissue"", ""Ovarian tissue""]",Breast tissue,0,"Woman with bone metastases- most likely to originate in the breast

Breast tissue

is correct. This 74-year-old woman presents with weight loss, thoracic spine pain, and osteolytic lesions on imaging, alongside hypercalcaemia and raised ALP, which are all classic signs of bone metastases. In elderly women, the most likely primary site for osteolytic spinal metastases is breast cancer, which commonly spreads to bone, particularly the spine. The hypercalcaemia is due to osteolysis, and the raised ALP reflects increased bone turnover. Normal bilirubin and ALT make liver metastases unlikely. Despite limited collateral history, the clinical picture strongly supports breast cancer as the most probable source of the metastases.

Cervical tissue

is incorrect because cervical cancer rarely causes osteolytic spinal metastases or hypercalcaemia. It usually spreads locally to pelvic nodes or distantly to lungs and liver, not bone. The absence of pelvic symptoms, such as vaginal bleeding, pelvic pain, or obstructive uropathy, also argues against it. Cervical cancer could be considered if there were signs of pelvic involvement or late-stage disease with known metastases, which are not present in this case.

Liver tissue

is incorrect because hepatocellular carcinoma rarely presents with osteolytic spinal lesions or hypercalcaemia. This patient’s normal bilirubin and ALT also argue against liver disease, and she drinks within the recommended alcohol limits. Liver cancer more commonly causes right upper quadrant pain, jaundice, or hepatomegaly and spreads to the lungs rather than bones. It could be considered if the patient had risk factors like chronic hepatitis or cirrhosis with typical liver signs, or known liver cancer with bone spread.

Lung tissue

is incorrect due to the lack of respiratory symptoms such as cough, dyspnoea, or haemoptysis, and the normal chest examination findings. While lung cancer can cause lytic bone metastases and hypercalcaemia, this patient’s very limited smoking history and absence of pulmonary signs reduce the likelihood. Lung cancer would be more likely if there were chest symptoms, abnormal auscultation, or imaging showing a lung mass.

Ovarian tissue

is incorrect as ovarian cancer typically spreads within the peritoneum and lymph nodes, not to bone. It is rare for bone metastases, especially in the spine, to be the first sign of ovarian malignancy. There are no symptoms such as abdominal distension, pelvic pain, or ascites, which would suggest ovarian involvement. This would be considered only if there were signs of peritoneal disease or elevated CA-125 with supporting imaging findings."
99,A 60-year-old man is known to have renal cell carcinoma and is currently undergoing treatment. He presents to the medical take with a one-month history of worsening central lower back pain which he cannot manage with analgesia at home and which is worse at night. He has no other new symptoms. Which investigation should be performed next?,"[""X-ray whole spine"", ""CT lumbar spine"", ""MRI whole spine"", ""MRI lumbar spine"", ""X-ray lumbar and sacral spine""]",MRI whole spine,2,"An MRI whole spine should be performed in a patient suspected of spinal metastases

Spinal metastases should be high on your list of differentials for this patient. He is known to have a type of cancer which readily metastasises to the bone, and has progressive back pain. He, therefore, needs urgent imaging of his spine. MRI whole spine is preferable because patients with spinal metastases often have metastases at multiple levels within the spine. Plain radiographs and CT should not be performed as they have a lower sensitivity for revealing lesions and cannot exclude cord compression.

Imaging should be performed within 1 week if there are symptoms suspicious for spinal metastases but no neurological symptoms, and within 24 hours if there are symptoms suggestive of malignant spinal cord compression."
100,"A 52-year-old woman with acute myeloid leukaemia is receiving treatment with chemotherapy, which has significantly altered her blood cell counts. Due to her low blood counts, she requires a transfusion of blood components. Shortly after starting the transfusion, she develops symptoms including fever, chills, and rigours. The medical team suspects a transfusion-related infection and is considering the possibility of bacterial contamination.

What blood component is most likely associated with the above presentation?","[""Cryoprecipitate"", ""Fresh frozen plasma"", ""Platelet concentrate"", ""Red blood cells"", ""Whole blood""]",Platelet concentrate,2,"Platelet transfusions are at particular risk of bacterial contamination as they are stored at room temperature

Platelet concentrates

are stored at ambient temperatures, which increases the risk of bacterial proliferation. Common contaminants include

Staphylococcus epidermidis

and

Bacillus cereus

. Given the conducive conditions for bacterial growth during storage, platelets are particularly susceptible to contamination, which can lead to rapid onset of sepsis and septic shock. The clinical presentation of a patient with fever, chills, and rigours shortly after starting a transfusion is indicative of a bacterial infection.

Fresh frozen plasma

is stored at significantly reduced temperatures, greatly reducing the likelihood of bacterial contamination. The low-temperature storage hinders bacterial activity.

Red blood cells

are stored at 4°C, which effectively limits bacterial multiplication and minimises the risk of contamination. This temperature is not favourable for most bacteria to multiply.

Cryoprecipitate

, like fresh frozen plasma, is maintained at very low temperatures. While these conditions significantly decrease the probability of bacterial growth, they do not entirely prevent it.

Whole blood

, similarly to red blood cells, is kept at 4°C. Although this temperature does inhibit bacterial growth more than room temperature storage does, whole blood is not typically used for extended storage in modern transfusion practices within the emergency department setting."
101,A 26-year-old newly qualified nurse presents as she has developed a bilateral erythematous rash on both hands. She has recently emigrated from the Philippines and has no past medical history of note. A diagnosis of contact dermatitis is suspected. What is the most suitable to test to identify the underlying cause?,"[""Radioallergosorbent test (RAST)"", ""Latex IgM levels"", ""Skin prick test"", ""Urinary porphyrins"", ""Skin patch test""]",Skin patch test,4,
102,Which one of the following haematological malignancies is most commonly associated with the t(11;14) translocation?,"[""Acute promyelocytic leukaemia"", ""Burkitt's lymphoma"", ""Acute lymphoblastic leukaemia"", ""Mantle cell lymphoma"", ""Chronic myeloid leukaemia""]",Mantle cell lymphoma,3,
103,A patient is diagnosed with acute lymphoblastic leukaemia after presenting with lethargy and easy bruising. Which one of the following is a marker of a bad prognosis in acute lymphoblastic leukaemia?,"[""Pre-B phenotype"", ""Presentation in childhood"", ""Initial white cell count of 18 * 109/l"", ""Female sex"", ""Philadelphia chromosome positive""]",Philadelphia chromosome positive,4,"Philadelphia translocation, t(9;22) - good prognosis in CML, poor prognosis in AML + ALL

The correct answer is

Philadelphia chromosome positive

. The Philadelphia chromosome is a specific genetic abnormality in chromosome 22 of leukaemia cancer cells. It results from a reciprocal translocation between chromosome 9 and 22, which leads to the formation of BCR-ABL fusion gene that encodes for a tyrosine kinase protein with unregulated activity. This protein plays a crucial role in cell proliferation and survival, contributing to the pathogenesis of leukaemia. The presence of this Philadelphia chromosome is associated with a worse prognosis in acute lymphoblastic leukaemia (ALL), as it often leads to resistance against traditional chemotherapy agents.

Pre-B phenotype

is not associated with poor prognosis in ALL. In fact, pre-B-cell ALL represents the most common subtype of ALL and usually has a favourable outcome, especially when treated according to current treatment protocols.

Contrary to what might be expected,

Presentation in childhood

does not indicate a poor prognosis but instead is associated with better outcomes compared to adult ALL. Children generally respond better to chemotherapy than adults and have higher cure rates.

An

Initial white cell count of 18 * 109/l

also does not signify a bad prognosis. High white blood cell count at diagnosis (>30 * 10

9

/l in children or >100 * 10

9

/l in adults) can be associated with poorer outcomes, but an initial count of 18 falls well within normal range.

Similarly,

Female sex

does not correlate with poorer outcomes in ALL. There are no significant differences between sexes regarding response to treatment or overall survival rates; both males and females have similar prognoses when other factors are accounted for."
104,"A 34-year-old man who is HIV positive is starting treatment for Burkitt's lymphoma. His chemotherapy regime includes cyclophosphamide, vincristine, methotrexate and prednisolone. Around 24 hours after starting chemotherapy he becomes confused and complains of muscle cramps in his legs. Which one of the following is most likely to have occurred?","[""Prednisolone-induced psychosis"", ""Hypercalcaemia"", ""Methotrexate pneumonitis leading to hypoxia"", ""Haemorrhagic cystitis leading to acute renal failure"", ""Tumour lysis syndrome""]",Tumour lysis syndrome,4,"Burkitt's lymphoma is a common cause of tumour lysis syndrome

Tumour lysis syndrome

is the correct answer. This is a potentially life-threatening complication that occurs when large numbers of cancer cells are destroyed rapidly, typically following the initiation of chemotherapy in highly proliferative malignancies such as Burkitt's lymphoma. The rapid cell death releases intracellular contents including potassium, phosphate, and nucleic acids into the bloodstream. The nucleic acids are metabolised to uric acid. This metabolic derangement typically presents within 24-48 hours of starting treatment with symptoms including confusion, muscle cramps (due to hyperkalaemia), and can progress to acute kidney injury, cardiac arrhythmias, and seizures if untreated.

Prednisolone-induced psychosis

is incorrect. While corticosteroids can cause psychiatric symptoms including psychosis, this typically develops after several days of treatment rather than within 24 hours. Additionally, steroid psychosis usually presents with symptoms such as euphoria, insomnia, and frank psychotic features rather than confusion and muscle cramps.

Hypercalcaemia

is incorrect. While hypercalcaemia can occur in lymphoma, it typically presents before treatment rather than acutely after chemotherapy initiation. The symptoms of hypercalcaemia include confusion and weakness, but muscle cramps are not a typical feature.

Methotrexate pneumonitis

is incorrect. This is an uncommon side effect of methotrexate that typically presents with dyspnoea, non-productive cough, and fever. It usually develops after several doses rather than acutely, and while hypoxia could cause confusion, it would not explain the muscle cramps.

Haemorrhagic cystitis

is incorrect. While this is a recognised complication of cyclophosphamide therapy, it typically presents with dysuria and haematuria. Although it can lead to acute kidney injury if severe, this would take longer to develop and would be unlikely to cause the acute onset of confusion and muscle cramps described in this case."
105,A 54-year-old female is receiving a course of chemotherapy for breast cancer. She is experiencing troublesome vomiting which has not been helped by domperidone. What is the most appropriate next management step?,"[""Add an antihistamine"", ""Add a 5HT2 antagonist"", ""Add a phenothiazine"", ""Add a dopamine receptor antagonist"", ""Add a 5HT3 antagonist""]",Add a 5HT3 antagonist,4,
106,"A 44-year-old man attends with severe abdominal pain. This is the third admission in the last 3 months with similar presentations. Previous endoscopies and cross-sectional imaging demonstrated severe constipation but no other abnormalities. His wife advises you that he has also been suffering from insomnia, irritability and aggressive behaviour.

The consultant requests further specialist tests:


Blood film	Microcytic anaemia with basophilic stippling
Serum delta aminolaevulinic acid	Normal
Urine delta aminolaevulinic acid	Normal

What is the most likely diagnosis?","[""Acute intermittent porphyria"", ""Lead poisoning"", ""Myelodysplastic syndrome"", ""Porphyria cutanea tarda"", ""Thalassemia""]",Lead poisoning,1,"Abdominal pain, constipation, neuropsychiatric features, basophilic stippling → lead poisoning

The clinical and laboratory features are suggestive of

lead poisoning

. This condition classically presents with abdominal pain, constipation, peripheral neuropathy (mainly motor) and neuropsychiatric features. Haematological abnormalities include a microcytic anaemia and basophilic stippling as demonstrated in this case.

Along with lead poisoning,

acute intermittent porphyria

should be considered in patients presenting with a combination of abdominal pain and neurological signs.  In lead poisoning, raised serum and urine levels of delta aminolaevulinic acid may be seen making it sometimes difficult to differentiate from acute intermittent porphyria. However, in this case, the normal delta aminolaevulinic acid levels favour the diagnosis of lead poisoning.

Porphyria cutanea tarda

is a rare disorder characterised by painful, blistering skin lesions that develop on sun-exposed skin (photosensitivity). It does not present with visceral involvement as seen in this case, making it an unlikely diagnosis.

Whilst both

myelodysplastic syndrome

and

thalassemia

can cause microcytic anaemia with basophilic stippling, the neurological and gastrointestinal features present in this case is not typical of these conditions."
107,"A 33-year-old man who is receiving chemotherapy with cisplatin for metastatic testicular cancer presents to the clinic with symptoms of fatigue, nausea, and decreased urine output two weeks after his most recent treatment cycle.

On urinalysis, granular casts with mild shedding of epithelial cells are noted, and there is no significant proteinuria or hematuria.

His baseline and current blood test results are shown below.



Baseline:

Urea	3 mmol/L	(2.0 - 7.0)
Creatinine	70 µmol/L	(55 - 120)



Current:

Urea	15 mmol/L	(2.0 - 7.0)
Creatinine	300 µmol/L	(55 - 120)

What is the most likely underlying mechanism of his acute kidney injury?","[""Acute interstitial nephritis due to immune-mediated tubular injury"", ""Acute tubular necrosis from direct nephrotoxicity"", ""Crystal-induced nephropathy causing intratubular obstruction"", ""Prerenal azotemia due to dehydration and renal hypoperfusion"", ""Thrombotic microangiopathy from endothelial injury""]",Acute tubular necrosis from direct nephrotoxicity,1,"Nephrotoxicity is the primary dose-limiting side effect of cisplatin

Acute tubular necrosis from direct nephrotoxicity

is correct because cisplatin causes direct injury to the proximal tubular cells through oxidative stress, mitochondrial dysfunction, and apoptosis. This damage leads to impaired tubular reabsorption, necrosis, and shedding of tubular epithelial cells, resulting in the granular casts observed in the urinalysis. The hematuria and proteinuria seen in this patient are mild and are consistent with tubular damage, as injured tubules may allow the leakage of small amounts of protein and red blood cells into the urine. The significant rise in creatinine (from 70 to 300 µmol/L) and urea (from 3 to 15 mmol/L) reflects impaired renal function due to tubular injury. The two-week interval between cisplatin administration and symptom onset is characteristic of its nephrotoxic effects. Symptoms such as fatigue, nausea, and decreased urine output further support acute kidney injury (AKI) as a result of tubular damage.

Acute interstitial nephritis (AIN)

is incorrect because it typically involves immune-mediated inflammation of the renal interstitium and presents with systemic features such as fever, rash, and eosinophilia—none of which are present here. While AIN can cause proteinuria and hematuria, the hallmark findings of granular casts and tubular epithelial cell shedding on urinalysis specifically point to tubular necrosis, not interstitial inflammation. Additionally, cisplatin is not commonly associated with AIN.

Crystal-induced nephropathy

is incorrect because it results from drugs such as acyclovir, methotrexate, or sulfonamides that precipitate insoluble crystals within the renal tubules, causing obstruction and damage. Crystal-induced nephropathy typically presents with significant hematuria, crystalluria, and obstructive findings on imaging—none of which are observed in this case. Cisplatin does not cause crystal formation, further ruling out this diagnosis.

Prerenal azotemia

is incorrect because while chemotherapy-related nausea and reduced oral intake might predispose to hypovolemia, the presence of granular casts and epithelial cells on urinalysis confirms intrinsic tubular injury rather than a prerenal cause. Additionally, the marked and sustained elevation of creatinine and urea is disproportionate to what is expected in prerenal azotemia, where these values typically improve with fluid resuscitation.

Thrombotic microangiopathy (TMA)

is incorrect because it involves microvascular endothelial injury leading to thrombosis, hemolysis, and thrombocytopenia. TMA is associated with agents such as gemcitabine or mitomycin C but is not a common complication of cisplatin. The absence of features like schistocytes on a blood smear, hemolysis, or thrombocytopenia makes TMA an unlikely diagnosis in this patient."
108,Which one of the following malignancies may be associated with HTLV-1?,"[""Adult T-cell leukaemia"", ""Colorectal cancer"", ""Burkitt's lymphoma"", ""Medullary thyroid cancer"", ""Breast cancer""]",Adult T-cell leukaemia,0,
109,"A 58-year-old woman is seen in clinic for review. She is halfway through 6 cycles of chemotherapy and complains of tiredness, muscle weakness and lethargy. Routine blood tests are taken with the following results.


Hb	112 g/L	Male: (135-180)
Female: (115 - 160)
Platelets	211* 109/L	(150 - 400)
WBC	4.62 * 109/L	(4.0 - 11.0)
Na+	137 mmol/L	(135 - 145)
K+	4.2 mmol/L	(3.5 - 5.0)
Urea	2.8 mmol/L	(2.0 - 7.0)
Creatinine	56 µmol/L	(55 - 120)
CRP	9 mg/L	(< 5)
Calcium	2.19 mmol/L	(2.1-2.6)
Phosphate	1.23 mmol/L	(0.8-1.4)
Magnesium	0.24 mmol/L	(0.7-1.0)

Which of the following cytotoxic agents is most likely to be responsible?","[""Docetaxel"", ""Vincristine"", ""Cisplatin"", ""Cyclophosphamide"", ""Cytarabine""]",Cisplatin,2,"Cisplatin is associated with hypomagnesaemia

The correct answer is cisplatin. Platinum-based compounds are commonly used to treat ovarian cancer and can cause a number of side effects including peripheral neuropathy, ototoxicity and hypomagnesaemia, as seen here.

Taxanes such as docetaxel are often used in combination with platinum-based compounds to treat ovarian cancer. Common side effects include neutropenia but they do not cause hypomagnesaemia.

Vincristine is more commonly used to treat haematological malignancies and breast cancer. Common side effects include peripheral neuropathy and paralytic ileus.

Cyclophosphamide can be used to treat ovarian cancer, but is not associated with hypomagnesaemia. It more commonly causes haemorrhagic cystitis, myelosuppression and transitional cell carcinoma.

Cytarabine is used to treat haematological malignancies and can cause myelosuppression and ataxia."
110,"An 18-year-old man presents with recurrent but relatively infrequent severe episodes of chest and abdominal pain on a background of fatigue and anaemia. Haemoglobinopathy screening identifies sickle cell disease. His parents are not affected.

What genotype is associated with a milder form of this disease and the likely genotype of this patient?","[""HbAA"", ""HbAC"", ""HbAS"", ""HbSC"", ""HbSS""]",HbSC,3,"Hb SC is a milder form of sickle disease

HbSC

disease is the second most common type of sickle cell disease. It occurs when you inherit the Hb S gene from one parent and the Hb C gene from the other. Individuals with HbSC have similar but milder symptoms to individuals with HbSS.

Normal adult haemoglobin, Haemoglobin A, is the most common haemoglobin found in adults and is composed of two α and two β-globin chains. If a person inherits a haemoglobin A gene from each parent

(HbAA)

, that person will have normal haemoglobin.

Haemoglobin C is an abnormal type of haemoglobin and is a type of haemoglobinopathy. The disease is caused by a problem in the β-globin gene and is one of the most common structural haemoglobin variants. People with haemoglobin C trait

(HbAC)

are phenotypically normal, with no clinically evident limitations or symptoms.

People who inherit one sickle cell gene (HbS) and one normal gene (HbA) have sickle cell trait

(HbAS)

. As sickle cell disease is inherited in an autosomal recessive pattern, people with sickle cell trait usually have no medical problems related to sickle cell trait.

HbSS

is the most common and most severe type of sickle cell disease. It occurs when you inherit the haemoglobin S gene mutation from both parents. In this type, the body only produces haemoglobin S."
111,"A 28-year-old woman presents to the emergency department with abdominal pain and constipation. She drinks 4 bottles of wine per week.

On examination, there is mild abdominal tenderness, but the abdomen is soft and there is no guarding or rigidity. A sensory peripheral neuropathy is noted, affecting the lower limbs.

Blood tests:


Hb	88 g/L	Male: (135-180)
Female: (115 - 160)
Platelets	189 * 109/L	(150 - 400)
MCV	72 fL	(80-96)
WBC	4.6 * 109/L	(4.0 - 11.0)
Na+	138 mmol/L	(135 - 145)
K+	4.2 mmol/L	(3.5 - 5.0)
Urea	5.3 mmol/L	(2.0 - 7.0)
Creatinine	88 µmol/L	(55 - 120)
CRP	4 mg/L	(< 5)
Film comment	Basophilic stippling	

What is the likely diagnosis?","[""Acute intermittent porphyria"", ""Alcohol excess"", ""Familial Mediterranean fever (FMF)"", ""Lead poisoning"", ""Polyarteritis nodosa""]",Lead poisoning,3,"Abdominal pain, constipation, neuropsychiatric features, basophilic stippling → lead poisoning

Lead poisoning

is correct. The patient has abdominal pain, constipation and peripheral neuropathy in association with microcytic anaemia and a blood film demonstrating basophilic stippling. The unifying diagnosis is lead poisoning.

Acute intermittent porphyria

is incorrect. This is a plausible differential as it can also cause gastrointestinal and neurological symptoms and signs. However, basophilic stippling is typical of lead poisoning.

Alcohol excess

is incorrect. Excess alcohol use may result in abdominal pain and peripheral neuropathy. It is also a cause of sideroblastic anaemia, which may cause microcytic anaemia. Basophilic stippling is not typical but rather a dimorphic blood film in this case.

Familial Mediterranean fever (FMF)

is incorrect. This can cause abdominal pain in the form of peritonitis and theoretically could cause peripheral neuropathy with secondary amyloidosis. However, the abdominal findings here do not suggest peritonitis given the abdomen is soft and there is no guarding or rigidity. Additionally, it is not associated with microcytic anaemia or basophilic stippling.

Polyarteritis nodosa

is incorrect. This can cause abdominal pain and peripheral neuropathy. However, vasculitis is typically associated with systemic inflammation e.g. raised CRP, which is absent here."
112,"A 26-year-old female is diagnosed with an unprovoked DVT and a thrombophilia screen is performed.

What abnormality is most likely to be found?","[""Factor V Leiden"", ""Lupus anticoagulant"", ""Protein C deficiency"", ""Protein S deficiency"", ""Waldenstrom's macroglobulinaemia""]",Factor V Leiden,0,"Factor V Leiden is the commonest inherited thrombophilia

Factor V Leiden is the commonest inherited thrombophilia in European populations (approximately 5% prevalence of a heterozygous mutation).

Protein C and S deficiency are possible answers but both are less common than Factor V Leiden. Lupus anticoagulant is another possible answer and features in antiphospholipid syndrome but this is again less common.

Waldenstrom's macroglobulinaemia typically presents in elderly males with symptoms of hyperviscosity."
113,A patient is due to start chemotherapy for metastatic colorectal cancer. What is the main advantage of using capecitabine instead of fluorouracil?,"[""Current data shows increased survival"", ""Less cardiotoxic"", ""Oral administration"", ""Less nausea"", ""Not renally excreted therefore can be used in patients with chronic kidney disease""]",Oral administration,2,
114,"A 31-year-old male with a past medical history of known sickle cell disease presents to the emergency department with pain in his right leg.

He described the pain as a throbbing, severe pain which he believes has been precipitated by the recent cold weather. He has had three similar episodes in the last five years.

The pain is not initially controlled with two boluses of 5mg of subcutaneous morphine. He reports no chest pain is not short of breath.

His observations are taken: heart rate 95 bpm, blood pressure 134/78 mmHg, temperature 36.3 ºC, saturations 96% on air, respiratory rate 15/min.

What further information is required to arrive at a diagnosis of acute vaso-occlusive crisis?","[""Chest X-ray"", ""Full blood count"", ""No further investigations are required"", ""Peripheral blood film"", ""X-ray of the right femur""]",No further investigations are required,2,"In sickle-cell, acute painful vaso-occlusive crises should be diagnosed clinically

Whilst other investigations may be required for making sure other complications of a sickle cell vaso-occlusive crisis are taking place, the initial diagnosis of a vaso-occlusive crisis should be diagnosed clinically. Hence, no further investigations are required in the diagnosis of vaso-occlusive crises.

A chest X-ray is not required to diagnose a vaso-occlusive crisis. Chest X-rays are indicated where a patient has respiratory symptoms, fever or chest pain. The presence of pulmonary infiltrates may be an indication of acute chest syndrome. A chest X-ray may be requested as part of routine investigations in the emergency department but it is not required for the initial diagnosis.

A full blood count may demonstrate a degree of longstanding anaemia or possibly a sudden drop in haemoglobin from an acute haemolytic crisis. This is a rare complication of vaso-occlusive crises and is not required for the initial diagnosis. The patient is haemodynamically stable and does not appear to be exhibiting features of an acute haemolytic crisis. A full blood count is likely to be requested as part of the routine investigations for a patient with sickle cell before admission.

A peripheral blood film may show the presence of nucleated red blood cells, sickle-shaped cells and Howell-Jolly bodies. It may be indicated in the monitoring of patients with sickle cell to rule out other causes of anaemia but cannot be used to determine whether a patient is in a vaso-occlusive crisis.

An X-ray of the femur can be used to demonstrate areas of bone infarction. Infarctions can be seen on X-ray as irregular bony margins, or moth-eaten destruction with overlying periosteal new bone formation. Nevertheless, most bone infarctions are diagnosed clinically by symptoms and X-rays are not required for the diagnosis."
115,"A 25-year-old man is brought to the emergency department with profuse bleeding from his gums and fluctuating levels of consciousness. On examination, he has a blood pressure of 97/45 mmHg and a widespread petechial rash over his trunk.


Platelets	45 * 10 9/L	(150 - 400)
Prothrombin time (PT)	22 secs	(10-14 secs)
Activated partial thromboplastin time (APTT)	41 secs	(25-35 secs)

Following stabilisation, he is transferred to a ward where an oncologist reviews him and arranges cytogenetic testing, which reveals a t(15;17) translocation.

What is the most appropriate initial management for this man?","[""All-trans retinoic acid (ATRA)"", ""Anthracycline-based chemotherapy regimen"", ""CHOP chemotherapy regime"", ""Haematopoietic stem cell transplant"", ""Methotrexate""]",All-trans retinoic acid (ATRA),0,"APML is treated with all-trans retinoic acid (ATRA) to force immature granulocytes into maturation to resolve a blast crisis prior to more definitive chemotherapy

Acute promyelocytic myeloid leukaemia (APML) typically presents with disseminated intravascular coagulopathy (DIC), as demonstrated in this patient. Clinical manifestations include both haemorrhagic symptoms (evidenced by gingival bleeding and a petechial rash) and thrombotic events (suggested by fluctuating levels of consciousness, which may indicate cerebral micro-emboli). The patient's haematological profile is consistent with DIC, characterised by thrombocytopenia and prolonged prothrombin time (PT) and activated partial thromboplastin time (APTT). Additionally, APML is commonly associated with the t(15;17) chromosomal translocation, which can be identified through cytogenetic analysis. The initial management of patients diagnosed with APML involves the administration of

all-trans retinoic acid (ATRA)

, followed by definitive chemotherapy.

While an

anthracycline-based chemotherapy regimen

is a therapeutic option for APML, it is not the most appropriate initial treatment. According to the clinical scenario provided, ATRA should be administered first, with subsequent chemotherapy to follow.

A

CHOP chemotherapy regimen

, consisting of cyclophosphamide, doxorubicin, vincristine and prednisolone, is primarily indicated for non-Hodgkin's lymphoma rather than APML. Therefore, its use in this context would be inappropriate.

Considering a

haematopoietic stem cell transplant

, this intervention may be reserved for severe or treatment-resistant cases of APML but is not considered standard initial therapy before ATRA administration. Thus, it is not the correct choice in this instance.

The use of

methotrexate

may have a role in the maintenance phase of APML treatment to prevent relapse; however, it does not constitute an initial therapeutic approach and hence is not correct here."
116,"A 58-year-old woman presents with a mass in the left breast and general weight loss. She has no significant past medical history. She is urgently referred for further investigations, which demonstrate oestrogen receptor-positive invasive ductal carcinoma. Following a discussion at the local breast oncology meeting, she is commenced on anastrozole.

What is the mechanism of action of this drug?","[""Aromatase inhibitor (AI)"", ""Gonadotropin releasing hormone (GnRH) agonist"", ""Human epidermal growth factor receptor 2 (HER2) modulator"", ""Selective oestrogen receptor modulator (SERM)"", ""Topoisomerase-II-mediated DNA repair disruptor""]",Aromatase inhibitor (AI),0,"Anastrozole and letrozole are aromatase inhibitors that reduces peripheral oestrogen synthesis

A number of drugs are used depending on which receptors and markers are positive in the disease. In the case of oestrogen receptor positivity, an anti-oestrogen drug should be used. This patient is 58 and can be assumed to be postmenopausal. As such, anastrozole and letrozole are typically used. These drugs are

aromatase inhibitors

(AIs) - aromatisation accounts for the majority of oestrogen production in post-menopausal women.

Goserelin is an example of a

GnRH agonist

, not an AI. This is typically used in pre-menopausal women, not post-menopausal, to suppress ovarian function as an alternative to tamoxifen.

Trastuzumab is an example of a

HER2 modulator

. These may be considered for patients with HER2-positive early-stage breast cancer. Anastrozole does not fall into this category of drugs.

In pre-menopausal women with oestrogen receptor-positive breast cancer,

SERMs

are typically used in preference to AIs. The most common example of this family of drugs is tamoxifen.

Doxorubicin is a disruptor of

topoisomerase-II-mediated DNA repair

. This is a chemotherapy agent sometimes used in the treatment of breast cancer, not a hormonal agent."
117,"A 54-year-old lady presents with shortness of breath, distended neck veins, and a swollen and red face. She had She undergoes a CT scan of her chest demonstrating obstruction of the superior vena cava (SVC). What is the most likely cause?","[""Fibrosing mediastinitis"", ""Thrombosis"", ""Syphilitic thoracic aortic aneurysm"", ""Primary malignancy"", ""Metastatic malignancy""]",Primary malignancy,3,
118,Which one of the following translocations is associated with acute promyelocytic leukaemia?,"[""t(15;17)"", ""t(9;17)"", ""t(9;22)"", ""t(15;22)"", ""t(17;22)""]",t(15;17),0,"Acute promyelocytic leukaemia - t(15;17)

The correct answer is

t(15;17)

. This translocation is typically associated with acute promyelocytic leukaemia (APL), a subtype of acute myeloid leukaemia. In this chromosomal abnormality, there is a reciprocal translocation between the long arms of chromosomes 15 and 17. This results in a fusion gene, PML-RARA, which produces an abnormal retinoic acid receptor protein that blocks the maturation of myeloid cells and leads to an accumulation of promyelocytes.

t(9;17)

is not associated with any specific type of leukaemia. It's worth noting that chromosomal translocations in leukaemia often involve genes that regulate cell growth and differentiation. However, t(9;17) does not involve such genes and hence it's not linked to any known malignancies.

t(9;22)

, on the other hand, is associated with chronic myeloid leukaemia (CML), not APL. This translocation results in the Philadelphia chromosome and generates BCR-ABL1 fusion gene which has tyrosine kinase activity leading to uncontrolled cell proliferation.

t(15;22)

is linked to Ewing sarcoma, a rare type of cancer that occurs in bones or soft tissue around the bones. This translocation results in a fusion gene EWSR1-ERG which promotes cell proliferation and inhibits cellular differentiation.

Finally,

t(17;22)

is associated with dermatofibrosarcoma protuberans, a rare skin cancer. The result of this translocation is COL1A1-PDGFB fusion gene which leads to overproduction of platelet-derived growth factor (PDGF), causing cells to multiply excessively."
119,"A 43-year-old man, currently an inpatient on a surgical ward for acute pancreatitis, develops episodic epistaxis. Blood tests are taken which demonstrate the following:


Platelets	52 * 109/L	(150 - 400)
Prothrombin time (PT)	23 secs	(10-14 secs)
Activated partial thromboplastin time (APTT)	46 secs	(25-35 secs)
Fibrinogen	0.8 g/L	(2 - 4)
D-Dimer	1203 ng/mL	(< 400)

Given the likely diagnosis, what would be expected on blood film?","[""Elliptocytes"", ""Heinz bodies"", ""Howell-Jolly bodies"", ""Schistocytes"", ""Spherocytes""]",Schistocytes,3,"DIC is associated with schistocytes due to microangiopathic haemolytic anaemia

The diagnosis here is disseminated intravascular coagulation (DIC), a procoagulant state due to the activation of coagulant pathways. It can be triggered by a number of factors - in this instance, an acutely unwell patient. The blood tests show a depletion of platelets and coagulation factors, characteristic of DIC. The condition is associated with

schistocytes

due to microangiopathic haemolytic anaemia.

Elliptocytes

would not typically be expected due to DIC. These are erythrocytes that appear rod- or pencil-shaped. These are seen in iron deficiency, thalassaemia and a number of other conditions.

Heinz bodies

are inclusions within red blood cells due to a number of conditions, including alpha-thalassaemia and glucose-6-phosphate dehydrogenase deficiency. They would not be expected in DIC.

Howell-Jolly bodies

are inclusions within red blood cells, characteristic of decreased splenic function, such as post-splenectomy. They would not be expected in DIC either.

Spherocytes

are erythrocytes that are sphere-shaped rather than biconcave. These would not be expected in DIC, and are seen in hereditary spherocytosis."
120,"A 23-year-old woman is reviewed in the Allergy clinic. She had presented to the Emergency Department two weeks ago with a wheeze and swollen lips, which was unresponsive to multiple doses of adrenaline. She reports that both she and her mother have had a number of allergic reactions in the past, but have never been able to identify a trigger.

Given the likely diagnosis, which of the following is the most appropriate test to request from this clinic?","[""C1 complement levels"", ""C1 inhibitor levels"", ""C2 complement levels"", ""C4 complement levels"", ""Mast cell tryptase""]",C4 complement levels,3,"Hereditary angioedema - C4 is the best screening test inbetween attacks

This patient has a likely diagnosis of hereditary angioedema. Features pointing towards this are repeated episodes of spontaneous angioedema without an obvious allergenic trigger; failure of resolution of the angioedema with adrenaline; and a family history of a similar problem. The most reliable laboratory test to screen for hereditary angioedema between acute attacks is C4 levels, which are characteristically low.

C1 complement levels, particularly C1q levels, tend to be normal in hereditary angioedema, and hence this is not used as a diagnostic test for the condition.

Low levels of C1 inhibitor are the best diagnostic test to send during an acute attack, but this test would have lost its sensitivity two weeks after an acute episode.

C2 complement levels are often also low between acute attacks of hereditary angioedema, but C4 levels are a more reliable, and hence more widely used screening tool.

Mast cell tryptase is useful in confirming suspected anaphylactic reactions, but cannot confirm a diagnosis of angioedema due to C1 esterase inhibitor deficiency. When mast cell tryptase is used, it tends to be used within the first 24h of suspected anaphylaxis, and is not a useful test two weeks after suspected episodes."
121,"A 68-year-old man presents with lymphadenopathy. On examination you note splenomegaly. Investigations reveal:


Hb	125 g/l
Ca2+	2.34 mmol/l
Creatinine	101 µmol/l

Further investigations reveal an IgM paraprotein of 40 g/L and skeletal survey shows no bone lesions.

What is the most likely diagnosis?","[""Acute myeloid leukaemia"", ""Monoclonal gammopathy of unknown significance"", ""Chronic lymphocytic leukaemia"", ""Waldenstrom's macroglobulinaemia"", ""Myeloma""]",Waldenstrom's macroglobulinaemia,3,
122,Which one of the following statements regarding the aetiology of venous thromboembolism (VTE) is correct?,"[""Third generation combined oral contraceptive pills are safer than second generation ones"", ""VTE develops in around 5% of patients with Goodpasture's syndrome"", ""Female gender is a risk factor recurrent VTE"", ""The second trimester of pregnancy is associated with a greater risk than the puerperium"", ""Tamoxifen therapy increases the risk of VTE""]",Tamoxifen therapy increases the risk of VTE,4,
123,"A 22-year-old man attends the allergy clinic. Over the last 12 months, he has had recurrent attacks of swelling of his lips and tongue. These are often proceeded by a painful macular rash.

At the clinic, what investigation is most appropriate to identify the diagnosis?","[""ANA"", ""C1-INH"", ""C2"", ""C4"", ""Tryptase""]",C4,3,"Hereditary angioedema - C4 is the best screening test inbetween attacks

C4

is correct. The clinical features are highly suggestive of hereditary angioedema.  Low C2 and C4 levels are seen both during and even between attacks in this condition. However, serum C4 is the most reliable and widely used screening tool.

ANA

is incorrect. Although autoimmune conditions (such as systemic lupus erythematosus) can cause angioedema, there are no other clinical features in this case to suggest an autoimmune pathology.

C1-INH

is incorrect.  Low levels of C1-INH occur during an attack, however, return to normal levels following recovery.

C2

is incorrect. Although low C2 levels are associated with hereditary angioedema, serum C4 is the most reliable and widely used screening tool.

Tryptase

is incorrect. Although anaphylaxis remains within the differential diagnosis, the presence of a painful macular rash makes this an exceedingly unlikely diagnosis."
124,"A 67-year-old man presents to the emergency department with a 4-week history of progressive dyspnoea, weight loss, and haemoptysis. Chest X-ray shows a right hilar mass with mediastinal widening. CT scan confirms a 5 cm right hilar mass with extensive mediastinal lymphadenopathy. Serum biochemistry reveals hyponatraemia. A bronchoscopic biopsy is performed.

Which tumour marker would most likely be elevated in this patient?","[""Alpha-fetoprotein"", ""Bombesin"", ""CA 19-9"", ""Carcinoembryonic antigen"", ""Prostate specific antigen""]",Bombesin,1,"Bombesin is a tumour marker in small cell lung carcinomas

Bombesin

is the correct answer. The clinical presentation strongly suggests small cell lung carcinoma (SCLC). The patient has a hilar mass with mediastinal lymphadenopathy, which is typical of SCLC. Additionally, the presence of hyponatraemia is a common paraneoplastic manifestation of SCLC due to inappropriate ADH secretion (SIADH). Bombesin is a neuropeptide that functions as a tumour marker in SCLC. It is produced by neuroendocrine cells and has been found to be elevated in patients with SCLC. Bombesin stimulates the growth of SCLC cells and may contribute to the aggressive nature of this malignancy. It can be used as a diagnostic marker and potentially as a therapeutic target, though it's not routinely measured in clinical practice compared to other markers like neuron-specific enolase for SCLC.

Alpha-fetoprotein (AFP)

is incorrect. AFP is primarily associated with hepatocellular carcinoma and germ cell tumours, particularly non-seminomatous testicular cancer and some teratomas. It is not typically elevated in lung cancers, including SCLC. The clinical scenario does not suggest liver involvement or a testicular primary with metastasis to the lung.

CA 19-9

is incorrect. This tumour marker is primarily associated with pancreatic adenocarcinoma, although it can also be elevated in biliary tract malignancies, gastric cancer, and colorectal cancer. It is not a characteristic marker for lung cancers, including SCLC. The clinical presentation with a hilar mass and mediastinal lymphadenopathy is not consistent with pancreatic cancer.

Carcinoembryonic antigen (CEA)

is incorrect. While CEA can be elevated in various malignancies including some lung cancers, it is more commonly associated with colorectal cancer. It is not specifically elevated in SCLC compared to other lung cancer types. Non-small cell lung cancer, particularly adenocarcinoma, is more likely to show CEA elevation than SCLC.

Prostate specific antigen (PSA)

is incorrect. PSA is specific to prostate tissue and is elevated in prostate cancer and some benign prostatic conditions. There is no indication in the scenario that this patient has prostate pathology, and PSA is not associated with lung malignancies. The clinical presentation with respiratory symptoms and a hilar mass is inconsistent with prostate cancer as the primary diagnosis."
125,Which one of the following features is characteristic of acute intermittent porphyria?,"[""Photosensitivity"", ""Increased urinary porphobilinogen between acute attacks"", ""Hypernatraemia during attacks"", ""Autosomal recessive inheritance"", ""Increased faecal protoporphyrin excretion""]",Increased urinary porphobilinogen between acute attacks,1,
126,"A 73-year-old woman is reviewed in the pre-op clinic prior to an elective hip replacement. Her past medical history includes polymyalgia rheumatica and ischaemic heart disease. Screening blood tests are ordered and the full blood count is reported as follows:


Hb	12.9 g/dl
Plt	158 * 109/l
WBC	19.0 * 109/l
Neuts	4.2 * 109/l
Lymphs	14.1 * 109/l

What is the most likely diagnosis?","[""Lymphoma"", ""Nicorandil-related lymphocytosis"", ""Transient viral illness"", ""Chronic lymphocytic leukaemia"", ""Secondary to steroid use""]",Chronic lymphocytic leukaemia,3,
127,"A 10-year-old boy is brought to the emergency department with acute onset pain in his hands for the past 2 hours. He has a history of recurrent infections. Physical examination shows tender diffuse swelling of his hands bilaterally.

His blood tests show:

Hb	80 g/L	Male: (119-150)
Female: (119-150)
Platelets	200 * 109/L	(150 - 400)
WBC	5 * 109/L	(4.0 - 11.0)
Mean corpuscular volume (MCV)	86 fL	(80-100)

Peripheral smear examination shows numerous sickled red blood cells (RBC) and Howell-jolly bodies. Haemoglobin electrophoresis confirms sickle cell disease.

Which of the following is a beneficial prophylactic drug for him?","[""Hydroxyurea"", ""Morphine"", ""Paracetamol"", ""Methotrexate"", ""Erythropoietin""]",Hydroxyurea,0,"Hydroxyurea increases the HbF levels and is used in the prophylactic management of sickle cell anemia to prevent painful episodes

Management of sickle cell disease comprises of two different aspects. Acute episodes are treated with sufficient hydration using intravenous fluids and effective analgesia which may include morphine.

Chronic management attempts to prevent the occurrence of acute episodes and prevent or treat the complications that may arise from this condition. Hydroxyurea has been shown to reduce the frequency of painful crisis and reduce the need for blood transfusions. It acts by increasing the level of fetal haemoglobin (HbF) in the blood which has a higher affinity for oxygen than haemoglobin A. As HbF binds strongly to oxygen, it prevents desaturation of the red blood cells which is a precipitant of sickling. Another aspect to be considered is that HbF causes a left shift of the oxygen-haemoglobin dissociation curve which prevents sickling.

Paracetamol is an analgesic that acts by inhibiting cyclooxygenase enzyme. It can be used in cases of mild pain and thus not useful in preventing attacks and unlikely very helpful alone for management of acute episodes which often present with severe pain. Methotrexate is a chemotherapeutic agent that competitively inhibits dihydrofolate reductase so reduces the synthesis of tetrahydrofolate. It is used in the treatment of several cancers but has no role in the management of sickle cell disease.

Erythropoietin is a naturally occurring hormone synthesised in the renal interstitium in response to hypoxia. It acts on the bone marrow to increase the production of red blood cells. It can also be used as a medication in certain conditions to raise the red blood cell count such as renal failure."
128,"A 65-year-old man presents to the emergency department with frank haematuria. He has a history of diffuse cutaneous systemic sclerosis with lung fibrosis. He has recently been treated with cyclophosphamide.

Observations:


Heart rate 88 beats per minute
Blood pressure 101/65 mmHg
Temperature 37ºC

On examination, there is mild suprapubic tenderness.

Urinalysis


leucocytes	++
Protein	-ve
Blood	+++
Nitrites	-ve
Glucose	-ve

Blood tests:


Hb	131 g/L	Male: (135-180)
Female: (115 - 160)
Platelets	189 * 109/L	(150 - 400)
WBC	4.2 * 109/L	(4.0 - 11.0)
Na+	138 mmol/L	(135 - 145)
K+	4.2 mmol/L	(3.5 - 5.0)
Urea	5.2 mmol/L	(2.0 - 7.0)
Creatinine	88 µmol/L	(55 - 120)
CRP	8 mg/L	(< 5)

Given the likely diagnosis, what medication would have been most appropriate to administer to prevent this complication?","[""Azathioprine"", ""Idarucizumab"", ""Mesna"", ""Septrin"", ""Tranexamic acid""]",Mesna,2,"Cyclophosphamide - haemorrhagic cystitis - prevent with mesna

Mesna is the correct answer. The patient presents with frank haematuria and abdominal tenderness after recent treatment with cyclophosphamide. This is likely to represent haemorrhagic cystitis, which is a known complication of this treatment.  Mesna detoxifies acrolein, a urotoxic metabolite of cyclophosphamide that accumulates in the bladder. It is typically co-administered with cyclophosphamide to prevent this complication.

Azathioprine is incorrect. This may be used as a disease-modifying agent in scleroderma related lung disease but would not prevent haemorrhagic cystitis.

Idarucizumab is incorrect. This is a reversal agent for the anticoagulant agent dabigatran. Haematuria is a possible complication of anticoagulation treatment. However, the patient is not on anticoagulation in this scenario and it has no role in preventing haemorrhagic cystitis.

Septrin is incorrect. Antibiotic prophylaxis with septrin during cyclophosphamide treatment is designed to prevent

Pneumocystis jirovecii

pneumonia rather than haemorrhagic cystitis.

Tranexamic acid is incorrect. This is not the usual treatment for prophylaxis against haemorrhagic cystitis with cyclophosphamide treatment. Additionally, there is the risk that it precipitates clot retention in haematuria and so is typically avoided."
129,A 34-year-old man who is known to have type 1 von Willebrand's disease asks for advice. He is due to have a tooth extracted at the dentist next week. Which one of the following is the most appropriate management to reduce the risk of bleeding?,"[""Mefanamic acid"", ""Vitamin K"", ""Desmopressin"", ""Factor VIII concentrate"", ""Factor VII concentrate""]",Desmopressin,2,"Desmopressin is used in the management of Von Willebrand's disease

The correct answer is

Desmopressin

. Desmopressin (DDAVP) is a synthetic analogue of vasopressin that stimulates the release of von Willebrand factor (vWF) and Factor VIII from endothelial cells. In type 1 von Willebrand's disease, where there is a quantitative deficiency of vWF, desmopressin is the first-line treatment for minor procedures such as dental extractions. It can be administered intranasally or intravenously and effectively raises vWF and Factor VIII levels for several hours, providing adequate haemostasis for minor procedures.

Mefanamic acid

is incorrect as it is a non-steroidal anti-inflammatory drug (NSAID) that inhibits platelet function and would actually increase the risk of bleeding in this patient. NSAIDs should be avoided in patients with bleeding disorders, particularly around the time of procedures.

Vitamin K

is incorrect as it is involved in the synthesis of clotting factors II, VII, IX, and X. It would not help in von Willebrand's disease as this condition involves a deficiency of vWF, not vitamin K-dependent factors. Vitamin K is useful in warfarin reversal or vitamin K deficiency states.

Factor VIII concentrate

is incorrect as monotherapy for type 1 von Willebrand's disease. While Factor VIII levels are often secondarily reduced in von Willebrand's disease, replacing Factor VIII alone without addressing the vWF deficiency would not be the most appropriate first-line treatment for a minor procedure.

Factor VII concentrate

is incorrect as it is primarily used in the treatment of Factor VII deficiency or as activated Factor VII (NovoSeven) in severe bleeding or specific indications. It would not address the underlying vWF deficiency in von Willebrand's disease and would be an inappropriate and costly choice for a dental extraction in type 1 disease."
130,"A 26-year-old man has been referred to the immunology clinic after three hospital admissions in the last year with lip and tongue swelling and shortness of breath. On all of these occasions, he denies exposure to specific allergens and nothing could be identified that may have precipitated the attacks.

On all three occasions, he was given hydrocortisone, chlorphenamine, and adrenaline with no improvement in his symptoms.

Clinical examination was normal with no evidence of lip or tongue swelling. Cardiovascular and respiratory examinations were normal.

Which test is likely to confirm the diagnosis?","[""Immunoglobulins"", ""Mast cell tryptase"", ""C1-INH (C1 esterase inhibitor)"", ""C2"", ""C4""]",C4,4,"Hereditary angioedema - C4 is the best screening test inbetween attacks

The correct answer is C4. C4 is the most reliable screening test for hereditary angioedema.

Immunoglobulin levels are not used in the investigation or management of hereditary angioedema.

Mast cell tryptase is helpful in anaphylactic and allergic reactions, but of no benefit in hereditary angioedema.

C1-INH can be tested during an acute attack of hereditary angioedema and are often low. However, this is not a valid screening tool for hereditary angioedema and so shouldn't be performed between episodes.

C2 is low between attacks of hereditary angioedema, however, levels are not as reliable as C4 and therefore this is not the correct answer."
131,"An 18-year-old female presents to the emergency department with easy bruising, bleeding gums, and recurrent epistaxis. Additionally, she reports heavier than usual menstruation 2 weeks ago. She is otherwise well. On examination, there are areas of petechiae on the upper and lower limbs, evidence of dried blood in the nasal cavity, and small blood blisters on the tongue. There are no other abnormal findings. There is no evidence of active bleeding and she is haemodynamically stable.

Investigations:


Hb	110 g/L	Male: (135-180)
Female: (115 - 160)
Platelets	34 * 109/L	(150 - 400)
WBC	8.0 * 109/L	(4.0 - 11.0)

Which of the following is the most appropriate first-line therapy for this patient?","[""Cyclophosphamide"", ""Intravenous immunoglobulin (IVIG)"", ""Oral prednisolone"", ""Platelet transfusion"", ""Splenectomy""]",Oral prednisolone,2,"First-line treatment for ITP is oral prednisolone

Oral prednisolone is the correct answer. The history provided above with significant thrombocytopaenia, normal white cell count and relatively normal haemoglobin in an otherwise well patient is consistent with a diagnosis of idiopathic thrombocytopenic purpura (ITP). The first-line treatment for ITP is 1-2mg/kg oral prednisolone.

Cyclophosphamide is an incorrect answer. Cyclophosphamide is not a first-line therapy for ITP. It can be used as a second-line therapy in the management of severe refractory ITP, although targeted monoclonal antibodies, like rituximab, have become a more preferred option.

Intravenous immunoglobulin (IVIG) is an incorrect answer. IVIG is used as a first-line therapy for patients with life-threatening haemorrhage or the potential for life-threatening haemorrhage. Typically this refers to patients with severe thrombocytopenia (<30x10

9

/L) and evidence of a haemostatic defect (e.g. mucous membrane haemorrhage) or active bleeding. This patient has no evidence of active bleeding, her platelets are >30x10

9

/L and she is haemodynamically stable.

Platelet transfusion is an incorrect answer. Platelet transfusion is reserved for life-threatening bleeding in ITP. This patient has no evidence of active bleeding. Platelet transfusion in this scenario would result in rapid immune destruction of the platelets.

Splenectomy is an incorrect answer. Splenectomy is not a first-line therapy for ITP. It is used as a second-line treatment for patients with steroid-refractory ITP."
132,"A 15-year-old girl is referred to haematology. She started having periods three years ago which have always been heavy and prolonged. Unfortunately the menorrhagia has responded poorly to trials of tranexamic acid and the combined oral contraceptive pill. Blood tests show the following:


Hb	10.3 g/dl
Plt	239 * 109/l
WBC	6.5 * 109/l
 
PT	12.9 secs
APTT	37 secs

What is the most likely diagnosis?","[""Haemophilia B"", ""Disseminated intravascular coagulation"", ""Haemophilia A"", ""Idiopathic thrombocytopenic purpura"", ""Von Willebrand's disease""]",Von Willebrand's disease,4,
133,"A 59-year-old woman has presented to the emergency department following a fall. Plain radiographs have confirmed a left hip fracture.

She has a history of breast cancer, type 2 diabetes, hypercholesterolaemia and recurrent urinary tract infections.

Which of the following drugs that she is taking is most likely to have contributed towards her hip fracture?","[""Fenofibrate"", ""Letrozole"", ""Methenamine hippurate"", ""Nitrofurantoin"", ""Sitagliptin""]",Letrozole,1,"Anastrozole and letrozole are aromatase inhibitors that reduces peripheral oestrogen synthesis

Letrozole is an aromatase inhibitor that reduces peripheral oestrogen synthesis by blocking the conversion of androgens into oestrogen.

It is used in the treatment of oestrogen-receptor-positive breast cancer in postmenopausal women. This helps to prevent oestrogen-mediated growth stimulation in cancer tissues. In postmenopausal women, oestrogens are mainly derived from the action of the aromatase enzyme; ovarian synthesis of oestrogen has ceased.

The inhibition of oestrogen production subsequently increases the risk of osteoporosis which can predispose to fractures. Hence it is advised to assess bone mineral density before letrozole treatment and at regular intervals.

Fenofibrate, methenamine hippurate, nitrofurantoin and sitagliptin have not been associated with increased fracture risk."
134,"A 68-year-old man who takes warfarin for atrial fibrillation is taken to the emergency department after being involved in a road traffic accident. His GCS is reduced and a CT head shows an intracranial haemorrhage. Bloods on admission show the following:


Hb	132 g/l
Platelets	222 * 109/l
WBC	11.2 * 109/l
INR	3.1

In addition to vitamin K, which one of the following blood products should be given?","[""Cryoprecipitate"", ""Platelet transfusion"", ""Prothrombin complex concentrate"", ""Packed red cells"", ""Fresh frozen plasma (FFP)""]",Prothrombin complex concentrate,2,"Prothrombin complex concentrate is used for the emergency reversal of anticoagulation in patients with severe bleeding or a head injury

The correct answer in this scenario is

prothrombin complex concentrate

. Prothrombin complex concentrate (PCC) is the preferred treatment option to rapidly reverse the anticoagulant effect of warfarin in patients with life-threatening bleeding, such as an intracranial haemorrhage. PCC contains factors II, VII, IX and X, which are essential for normal blood clotting. In addition to vitamin K, PCC will help to quickly normalize the patient's INR and reduce the risk of further bleeding.

The first incorrect option is

cryoprecipitate

. Cryoprecipitate is a concentrated source of fibrinogen and factor VIII. It is typically used in cases of massive bleeding where fibrinogen levels are low or when there is a deficiency of factor VIII, such as in patients with haemophilia A. However, it does not contain the necessary factors to reverse warfarin's anticoagulant effect.

The second incorrect option is

platelet transfusion

. Platelet transfusion may be considered in patients with thrombocytopenia or platelet dysfunction who are experiencing active bleeding. In this case, the patient's platelet count is within normal range (222 * 10

9

/l), so platelet transfusion would not be appropriate for reversing his elevated INR due to warfarin.

The third incorrect option is

packed red cells

. Packed red cells are used to increase oxygen-carrying capacity in patients with anaemia or acute blood loss. While this patient has been involved in a road traffic accident and has an intracranial haemorrhage, his Hb level remains within normal limits (132 g/l). Therefore, packed red cells would not address his elevated INR from warfarin therapy.

The final incorrect option is

fresh frozen plasma (FFP)

. FFP contains all coagulation factors and can be used to correct coagulopathy in patients with severe liver disease or disseminated intravascular coagulation. Although FFP can also help to reverse warfarin's anticoagulant effect, it is less concentrated than PCC and requires a larger volume infusion, which may increase the risk of fluid overload. Furthermore, PCC has a faster onset of action compared to FFP, making it more suitable for emergency reversal of warfarin anticoagulation in life-threatening bleeding situations like this one."
135,"An 18-year-old is due to start chemotherapy for a new diagnosis of testicular cancer. He is being counselled on a platinum-based cytotoxic medication which works by causing damage to purine bases on DNA.

It is explained to him that certain baseline tests may be done before treatment to help identify adverse reactions to the chemotherapy.

What is the most appropriate test to identify a potential adverse reaction to this medication?","[""Audiometric testing"", ""CT chest"", ""Gait analysis"", ""Transthoracic echocardiogram"", ""Upper GI endoscopy""]",Audiometric testing,0,"Cisplatin may cause ototoxicity

Audiometric testing

is correct. Ototoxicity is an uncommon but important adverse effect of cisplatin in both paediatric and adult patients. Cisplatin is a platinum-based anti-neoplastic medication used in the treatment of testicular cancer. It binds to the purine base guanine, interfering with DNA repair and inhibiting its replication. For some patients, especially children or those with prior hearing loss, audiometric testing may be done before and after administration. The degree of toxicity is dose-related.

CT chest

is incorrect. This would identify lung fibrosis which is more typically associated with methotrexate and bleomycin. Regardless, CT chest would not be a suitable baseline test to perform prior to starting methotrexate or bleomycin.

Gait analysis

is incorrect. This would detect ataxia which is more commonly associated with cytarabine which is normally used in the treatment of acute myeloid leukaemia. Cisplatin does not commonly cause ataxia.

Transthoracic echocardiogram

is incorrect. This would identify cardiomyopathies which are typically associated with doxorubicin. Doxorubicin typically causes a dilated cardiomyopathy and an echocardiogram may be performed prior to starting treatment.

Upper GI endoscopy

is incorrect. This would identify mucositis (inflammation and erosion of the mucosa of the GI tract). Mucositis is typically associated with fluorouracil (5FU) which is used for solid tumours and basal skin cancer, but not commonly testicular cancer."
136,"A 24-year-old man attends the emergency department with lip and tongue swelling which he developed whilst at a restaurant. He also complains of an itchy rash and abdominal pain. On examination, his observations are within normal limits. There is marked swelling of the throat and tongue and he has a hoarse voice and stridor. An urticarial rash is present on his limbs, torso and back.

Which of the following blood tests may play a role diagnostically?","[""Amylase"", ""C1 esterase inhibitor"", ""C4"", ""Lipase"", ""Tryptase""]",Tryptase,4,"Anaphylaxis - serum tryptase levels rise following an acute episode

The clinical features are suggestive of anaphylaxis which is a severe, life-threatening, generalised or systemic hypersensitivity reaction.

Sometimes diagnosing anaphylaxis is not always straightforward. In this setting, a serum

tryptase

can be helpful. Serum tryptase concentration is increased in anaphylaxis and anaphylactoid reactions.

NICE recommends that 'after a suspected anaphylactic reaction in adults or young people aged 16 years or older, take timed blood samples for mast cell tryptase testing as follows: a baseline sample as soon as possible after emergency treatment has started, and a second sample ideally within 1-2 hours (but no later than 4 hours) from the onset of symptoms'.

Amylase

and

lipase

are useful investigations to assess for pancreatitis. Although the patient has abdominal pain, this is most likely related to anaphylaxis rather than pancreatitis.

C1 esterase inhibitor

and

C4

are useful investigations for diagnosing hereditary angioedema. This is an uncommon disorder that results in recurrent attacks of severe swelling most commonly affecting the arms, legs, face, intestinal tract, and airway. An urticarial rash is not typical of this condition, favouring a diagnosis of anaphylaxis in this case."
137,"A 62-year-old woman is admitted under the gynaecology team with vaginal bleeding. She has a history of breast cancer and is taking letrozole 2.5mg.

What is the underlying mechanism of action of this medication?","[""Increases oestrogen breakdown"", ""Oestrogen receptor antagonist"", ""Reduces oestrogen release from the ovaries"", ""Reduces peripheral oestrogen synthesis"", ""Selective oestrogen receptor degrader (SERD)""]",Reduces peripheral oestrogen synthesis,3,"Anastrozole and letrozole are aromatase inhibitors that reduces peripheral oestrogen synthesis

Letrozole and anastrozole are aromatase inhibitors which are used as a treatment in post-menopausal women with hormone-dependent breast cancer. They work by reducing peripheral oestrogen synthesis from body fat and muscles. Common side effects include osteoporosis, hot flushes and vaginal bleeding.

Tamoxifen is another medication used in oestrogen-receptor-positive breast cancer, but it can be used in pre- and post-menopausal women and works as a selective oestrogen receptor antagonist.

Fulvestrant is less commonly used in oestrogen-receptor-positive breast cancer. Rather than decrease oestrogen synthesis, it works by blocking and damaging oestrogen receptors. It is known as a selective oestrogen receptor degrader (SERD).

Goserelin (zoladex) is a gonadorelin analogue which down-regulates the gonadotropin-releasing hormone receptors and therefore reduces the release of follicle-stimulating hormone and luteinising hormone which in turn reduces oestrogen release from the ovaries."
138,A 51-year-old female is referred to the haematology clinic with a haemoglobin of 19.2 g/dl. She is a non-smoker. Her oxygen saturations on room air are 98% and she is noted to have mass in the left upper quadrant. What is the most useful test to establish whether she has polycythaemia vera?,"[""Bone marrow aspiration"", ""Blood film"", ""Red cell mass"", ""Transferrin saturation"", ""JAK2 mutation screen""]",JAK2 mutation screen,4,"Polycythaemia rubra vera - JAK2 mutation

The correct answer is JAK2 mutation screen. According to British Society for Haematology guidelines, testing for JAK2 V617F mutation is the initial investigation of choice in suspected polycythaemia vera (PV).

JAK2 mutation screen

is positive in approximately 95% of PV cases, making it highly sensitive and specific. The presence of JAK2 V617F or exon 12 mutations is now a major diagnostic criterion for PV in the WHO classification.

Bone marrow aspiration

is not the most useful initial test as it is invasive and should only be performed after JAK2 mutation testing. While bone marrow examination can show characteristic features of PV such as panmyelosis and reduced iron stores, it is typically reserved for cases where the diagnosis remains unclear after initial investigations or when transformation is suspected.

Blood film

, while useful in the overall assessment, is not specific enough to establish the diagnosis of PV. It may show features such as increased red cells and sometimes basophilia, but these findings are non-specific and can be seen in other conditions including secondary polycythaemia.

Red cell mass

measurement was historically important in diagnosing PV but is now rarely performed. It has been largely superseded by haemoglobin concentration and haematocrit measurements, combined with JAK2 mutation testing, as these are more readily available and provide sufficient diagnostic information.

Transferrin saturation

is not particularly useful in establishing the diagnosis of PV. While iron studies may be altered in PV (typically showing low iron and ferritin due to increased red cell production), these changes are non-specific and can occur in many other conditions. The finding would not definitively establish the diagnosis of PV.

The clinical scenario strongly suggests PV given the elevated haemoglobin, normal oxygen saturations (ruling out hypoxic drive), and presence of splenomegaly (the left upper quadrant mass). In this context, JAK2 mutation testing is the most appropriate initial investigation to confirm the diagnosis."
139,"A 53-year-old gentleman of Mediterranean descent presented to the GP surgery with increased fatigue, jaundice and abdominal discomfort. There is no history of rigor, vomiting or any bowel symptoms. He has a background of type 2 diabetes, gastro-oesophageal reflux disease, hypertension, glucose-6-phosphate deficiency and hyperlipidaemia. His regular medications include lansoprazole, ramipril, metformin, simvastatin and glimepiride. He drinks approximately 10 units of alcohol per week.

Examination shows mild scleral icterus, splenomegaly and mild abdominal tenderness in the left upper quadrant.
His recent blood results are as follow:


Hb	122g/L	Male: (135-180)
Female: (115 - 160)
Platelets	180* 109/L	(150 - 400)
WBC	6.2* 109/L	(4.0 - 11.0)


Bilirubin	34 µmol/L	(3 - 17)
ALP	90u/L	(30 - 100)
ALT	35u/L	(3 - 40)
γGT	60 u/L	(8 - 60)
Albumin	36 g/L	(35 - 50)

Blood film shows bite cells and blister cells.

Which medication is the most likely to be responsible for his symptom?","[""Ramipril"", ""Metformin"", ""Glimepiride"", ""Simvastatin"", ""Lansoprazole""]",Glimepiride,2,"G6PD deficiency:

The correct answer is glimepiride. It belongs to the sulphonylurea class of diabetes medicine. It is used in the treatment of type 2 diabetes. It can trigger haemolysis in patients with G6PD deficiency. The finding of mild anaemia, raised bilirubin and the presence of bite cells and blister cells on blood film are suggestive of haemolytic anaemia.

Simvastatin can cause jaundice by inducing hepatitis. Normal alanine transaminase and alkaline phosphatase makes this unlikely.

Metformin, ramipril and lansoprazole are not known to cause haemolytic anaemia."
140,"A 24-year-old female presents to the acute medical take with several lumps in her neck and under her arms, weight loss, vomiting and low mood. She is found to have several areas of suspicious lymphadenopathy, including in the neck, both axillae and mediastinum. She also has multiple lesions in her liver. All lesions are confirmed to be manifestations of Hodgkin's lymphoma after biopsy and discussion at the oncology MDT. Which stage of disease does she have?","[""I"", ""II"", ""III"", ""IV"", ""V""]",IV,3,"Spread into the liver, bone marrow, lungs or other organs would be classified as stage IV on the Ann Arbor staging system for Hodgkin's lymphoma

This patient has stage IV disease as per the Ann Arbor scale. She has spread of disease beyond the lymph nodes into the liver.

Stage I consists of disease in one lymph node area only. Stage II consists of disease in two lymph node areas, but both on the same side of the diaphragm. Stage III consists of disease in two lymph node areas on different sides of the diaphragm. Stage IV consists of the spread of disease beyond the lymph nodes, into the liver, lungs or bone marrow. Stage V is not included in the scale.

Lymphoma Association: Staging of lymphoma.

https://www.lymphomas.org.uk/about-lymphoma/what-is-lymphoma/staging-lymphoma"
141,"A 39-year-old male presented with bruising, and superficial bleeding on the skin that appeared as pinpoint-sized reddish-purple spots on the lower legs. He reported one episode of bleeding from the nose. Blood tests were performed which are shown in the table below. Other causes were eventually excluded following a bone marrow biopsy.


Hb	130 g/L	Male: (135-180)
Platelets	35 * 109/L	(150 - 400)
WBC	8 * 109/L	(4.0 - 11.0)


ESR	6 mm/hr	Men: < (age / 2)
Prothrombin time (PT)	12 secs	(10-14 secs)
Activated partial thromboplastin time (APTT)	30 secs	(25-35 secs)
Fibrinogen	3 g/L	(2 - 4)
D-Dimer	333 ng/mL	(< 400)
Ferritin	200 ng/mL	(20 - 230)
Vitamin B12	500 ng/L	(200 - 900)
Folate	0.1 nmol/L	(> 3.0)
Reticulocytes	1 %	(0.5 - 1.5)

What is the first-line treatment for this condition?","[""Azathioprine"", ""Folic acid"", ""Intravenous immunoglobulin"", ""Intravenous methylprednisolone"", ""Oral prednisolone""]",Oral prednisolone,4,"ITP - give oral prednisolone

Oral prednisolone is the first-line treatment for immune thrombocytopenic purpura (ITP) which is defined as an isolated low platelet count with normal bone marrow in the absence of other causes of low platelets. Prednisolone works by suppressing the immune system.

Intravenous methylprednisolone can be used in urgent situations in cases of active bleeding.

Azathioprine which is an immunosuppressant agent can be considered if there is a poor response to steroids.

Intravenous immunoglobulin may be given as an infusion in some cases in order to decrease the rate at which macrophages consume antibody-tagged platelets.

Folic acid would be indicated given the normal B12 level and the deficiency in folate level but it would not treat the underlying condition of ITP."
142,"A 54-year-old man presents to his GP with a one-month history of fever, malaise and weight loss. He also complains of abdominal fullness and early satiety. His past medical history and travel history is unremarkable and he is not on any regular medications. On examination, the GP detects splenomegaly.

The results of his full blood count and white cell differential are presented below:


Hb	123 g/l	(130-180 g/l)
MCV	85.6 fL	(80-100 fL)
Platelets	420 * 109/l	(140-400 * 109/l)
WBC	102 * 109/l	(4-11 * 109/l)
Neutrophils	51.0 %	(50-70%)
Bands	23.0 %	(0-4%)
Lymphocytes	2.0 %	(20-40%)
Monocytes	2.0 %	(2-8%)
Eosinophils	1.0 %	(0-5%)
Basophils	3.0 %	(0-2%)

What is the most likely diagnosis?","[""Acute myeloid leukaemia"", ""Acute lymphocytic leukaemia"", ""Chronic myeloid leukaemia"", ""Chronic lymphocytic leukaemia"", ""Essential thrombocytosis""]",Chronic myeloid leukaemia,2,"In chronic myeloid leukaemia there is an increase in granulocytes at different stages of maturation +/- thrombocytosis

Acute myeloid leukaemia - blood tests will reveal immature blood cells (blasts).

Acute lymphocytic leukaemia - far more common in children and blood tests will reveal immature blasts.

Chronic lymphocytic leukaemia - a malignancy of the lymphoid lineage so there will be a raised lymphocyte count.

Essential thrombocytosis - although patients with essential thrombocytosis can have a raised white cell count, these patients tend to have much higher platelet counts (typically >450 * 10

9

/l).

The white cell differential in this case demonstrates granulocytes at different stages of maturation (immature band forms and mature neutrophils) which is suggestive of chronic myeloid leukaemia. The platelet count may also be raised in these patients."
143,"A 15-year-old boy presents to the emergency department with excessive bleeding following a tooth extraction. He reports a history of easy bruising following minor trauma for as long as he can remember, and his mother has experienced similar symptoms.

On examination, there are multiple bruises on his legs and arms. Blood investigations revealed:


Haemoglobin	120 g/L	135–180
WBC	6 *10 9/L	4.0–11.0
Platelets	197 * 10 9/L	150–400
Activated partial thromboplastin time (APTT)	45 seconds	25-40
Factor VIII assay	50 IU/dl	50 – 150
Von Willebrand factor (vWF)	0.2 IU/ml	0.5- 2.0

What is the most appropriate medication for this patient?","[""Desmopressin"", ""Eltrombopag"", ""Factor IX concentrate"", ""Factor VIII concentrate"", ""Vitamin K""]",Desmopressin,0,"Desmopressin is used in the management of Von Willebrand's disease

Desmopressin

is the appropriate choice, as the clinical presentation suggests von Willebrand's disease. The history of easy bruising following minor trauma, coupled with an elevated APTT and reduced Von Willebrand factor (vWF) supports this diagnosis. Desmopressin works by raising the vWF level and acts as a haemostatic agent.

Eltrombopag

is not suitable for this case as it is indicated for the treatment of ITP, not von Willebrand's disease. Given that the clinical features and investigations point towards von Willebrand's disease, eltrombopag would not be beneficial. Raised APTT and reduced vWF are seen in von Willebrand's disease.

Factor IX concentrate

is incorrect because it is utilised in managing haemophilia B. Given that the patient's mother experienced similar symptoms, it is unlikely that the patient suffers from haemophilia B, as it is rare for a female to have this condition. Haemophilia is an X-linked recessive disorder. Raised APTT and normal levels of platelets can also be seen in haemophilia B. Reduced vWF can be seen in von Willebrand's disease.

Factor VIII concentrate

is not an appropriate option. It is used in managing haemophilia A; however, this scenario does not align with a diagnosis of haemophilia A. As the mother suffered from similar symptoms, haemophilia is unlikely because it rarely affects females. Reduced vWF is also not seen in haemophilia.

Vitamin K

would not be an appropriate selection. The clinical picture and investigations, such as raised APTT and reduced vWF do not support a deficiency in vitamin K-related pathways in this instance. In vitamin K deficiency, there will be normal APTT. Vitamin K would be an appropriate option for vitamin K deficiency."
144,"A 58-year-old woman presents with progressive fatigue, lightheadedness, and difficulty concentrating over the past several months. She also mentions a tingling sensation in her feet.

Blood results performed are shown below:


Haemoglobin	92 g/L	115–165
MCV	112 fL	80–100
Serum vitamin B12	120 pmol/L	170-700
Serum folate	15 nmol/L	7–20
Reticulocyte count	0.8%	1–2.5

She begins treatment with the administration of the necessary vitamin.

Where in the gastrointestinal tract is this vitamin absorbed?","[""Duodenum"", ""Jejunum"", ""Small intestine"", ""Stomach"", ""Terminal ileum""]",Terminal ileum,4,"Vitamin B12 is actively absorbed in the terminal ileum

This patient’s symptoms, including fatigue, lightheadedness, difficulty concentrating, and tingling in the feet, are consistent with vitamin B12 deficiency. A raised MCV and low serum vitamin B12 levels confirm the diagnosis. Vitamin B12 is actively absorbed in the

terminal ileum

through a complex process requiring intrinsic factor, a protein secreted by gastric parietal cells. Conditions like pernicious anaemia, which involves intrinsic factor deficiency, impair this process.

The

duodenum

is responsible for absorbing iron, calcium, and magnesium, but it is not involved in vitamin B12 absorption. Conditions such as coeliac disease or duodenal resection can impair nutrient absorption in this region but would not directly cause vitamin B12 deficiency.

The

jejunum

plays a central role in absorbing carbohydrates, fats, proteins, and certain vitamins like folate, but it is not involved in vitamin B12 absorption. The patient’s macrocytic anaemia could suggest folate or B12 deficiency; however, the low serum vitamin B12 levels confirm that the terminal ileum, not the jejunum, is the relevant site for absorption in this case.

Small intestine

is incorrect because, while it plays a major role in nutrient absorption, it is not the specific site for vitamin B12 absorption. The small intestine is primarily responsible for absorbing macronutrients such as carbohydrates, proteins, and fats, along with most vitamins and minerals like folate, iron, and calcium. However, vitamin B12 absorption requires binding to intrinsic factor and occurs specifically in the terminal ileum, a distinct segment of the small intestine.

The

stomach

is critical for producing intrinsic factor, which binds to vitamin B12 and allows absorption in the terminal ileum. However, the stomach itself does not absorb vitamin B12. Conditions like pernicious anaemia impair intrinsic factor production, leading to downstream absorption failure in the terminal ileum, rather than an issue within the stomach itself."
145,"A 60-year-old man receives multiple units of packed red blood cells whilst being treated for a bleeding peptic ulcer. He has a history of HIV and is non-compliant with his antiretroviral treatment. His blood tests are normal upon discharge.

He presents to the emergency department a week later with a macular erythematous rash, jaundice, fever and diarrhoea.

On examination, he is tachypnoeic and there is hepatomegaly.


Hb	75 g/L	Male: (135-180)
Platelets	23 * 10 9/L	(150 - 400)
WBC	2.4 * 10 9/L	(4.0 - 11.0)


Bilirubin	34 µmol/L	(3 - 17)
ALP	168 u/L	(30 - 100)
ALT	104 u/L	(3 - 40)

What process aims to avoid the presentation described in this case?","[""Cross-matching"", ""Irradiation"", ""Leukodepletion"", ""Plasmapheresis"", ""Platelet apheresis""]",Irradiation,1,"Irradiated blood products are used to avoid transfusion-associated graft versus host disease

The patient presents with clinical features that are suggestive of transfusion-associated graft-versus-host disease (TA-GVHD). These include fever, rash, diarrhoea, abdominal pain, pancytopenia and abnormal liver function tests. TA-GVHD can occur when a patient receives non-irradiated blood products, which may lead to the engraftment of viable donor T-cells. The purpose of irradiating blood products is to damage the DNA within donor T-cells to prevent them from mounting an immune response following transfusion. To mitigate the risk of TA-GVHD, all blood products should undergo

irradiation

. Immunocompromised patients, such as this one, are particularly at risk of TA-GVHD as they are unable to mount an immune response to the foreign cells in the donor blood. Although irradiation also reduces the risk of TA-GVHD in immunocompromised patients, the risk remains higher than in immunocompetent individuals.

Cross-matching

is a critical procedure that ensures compatibility between the blood types of a patient and a donor before transfusion. Incompatible transfusions can precipitate haemolytic reactions, typically manifesting with symptoms including jaundice, abdominal pain and anaemia. However, these reactions generally occur within 24 hours following the transfusion.

Leukodepletion

is a filtration process designed to remove nearly all white blood cells from blood products before they are transfused. Its primary aim is to reduce the risk of cytomegalovirus (CMV) transmission through the removal of monocytes and other blood-borne viruses. It is recommended for patients who are immunocompromised, like ours. CMV infection can present in several ways in immunocompromised patients, including colitis and retinitis. However, the case described is more closely aligned with TA-GVHD.

Plasmapheresis

refers to a technique where plasma is separated from blood cells in a sample. This process can be employed to produce fresh frozen plasma for transfusions or treat plasma in conditions like Guillain-Barre syndrome before it is returned to the patient's circulation. Plasmapheresis does not serve as a preventative measure against TA-GVHD.

Platelet apheresis

involves separating platelets from whole blood. It might be utilised as part of treatment strategies for essential thrombocytopenia or in generating platelet concentrates for transfusion in cases of severe thrombocytopenia. However, platelet apheresis does not play a role in reducing the risk of TA-GVHD."
146,"An 18-year-old, with no medical issues, is rushed into the emergency department (ED) following an acute onset of symptoms whilst eating a nut cereal bar.

Her family reports she suddenly had difficulty breathing with an audible wheeze, swelling of her tongue, changes in her voice and developed a widespread rash.

A stat dose of IM adrenaline was given in the ED and all her symptoms rapidly resolve. She is now asymptomatic and her exam is normal.

The likely diagnosis is explained, blood tests taken and a follow-up appointment booked. She is provided with 2 adrenaline auto-injectors with appropriate training.

When would it be most appropriate to discharge this patient?","[""Minimum of 12 hours after symptom resolution"", ""Minimum of 2 hours after symptom resolution"", ""Minimum of 24 hours after symptom resolution"", ""Minimum of 6 hours after symptom resolution"", ""Once results of serum tryptase are available""]",Minimum of 2 hours after symptom resolution,1,"A risk-stratified approach should be taken when discharging patients who have presented with anaphylaxis

This patient has presented with a likely anaphylaxis reaction to nuts and has responded well to treatment. Following the Resus Council recommendations for a risk-stratified approach for discharge, this patient would be a candidate for a fast-track discharge i.e.

after 2hours of symptom resolution

. The patient has had a complete resolution of symptoms following a single dose of IM adrenaline, the appropriate adrenaline auto-injector and training have been provided and the patient has adequate supervision in the form of her family on discharge. There are also no red flags mentioned such as previous biphasic reactions, severe asthma, late at night presentation etc.

Discharge follow anaphylaxis should be considered at a

minimum of 12 hours after symptom resolution

for those patients with significant red flags for further complications. These red-flag features include severe reaction requiring > 2 doses of IM adrenaline, patients with severe asthma, if there is the possibility of an ongoing reaction (e.g. slow-release medication), patients presenting late at night or patients presenting to areas where access to emergency access care may be difficult.

Admission following a

minimum of 24 hours after symptom resolution

in anaphylaxis is rare and is normally due to complications secondary to the reaction resulting in significant interventions (i.e. intubation and ventilation) or the patient remaining unsafe for discharge (i.e. unable to be taught adrenaline auto-injector).

Discharge follow anaphylaxis should be considered at a

minimum of 6 hours after symptom resolution

for those patients requiring 2 doses of adrenaline or those with previous biphasic reactions. As these are not concerns for this patient, and they otherwise meet the criteria for a fast-track, this patient can be discharged after 2 hours of symptom resolution.

Although they can assist confirm the diagnosis of anaphylaxis

results of serum tryptase

should not affect the discharge timing of a patient. Instead, a risk-stratified approach using the information previously discussed should determine a patient's suitability for discharge."
147,"A 50-year-old woman is investigated for weight loss and anaemia. She has no past medical history of note. Clinical examination reveals splenomegaly associated with pale conjunctivae. A full blood count is reported as follows:


Hb	10.9 g/dl
Platelets	702 * 109/l
WCC	56.6 * 109/l
Film	Leucocytosis noted. All stages of granulocyte maturation seen

Given the likely diagnosis, what is the most appropriate treatment?","[""Chlorambucil"", ""Stem cell transplantation"", ""Rituximab"", ""Repeat full blood count in 3 months"", ""Imatinib""]",Imatinib,4,
148,"A 52-year-old woman with a history of hypothyroidism presents with lethargy and a sore tongue. Blood tests are reported as follows:


Hb	10.7 g/dl
MCV	121 fl
Plt	177 * 109/l
WBC	5.4 * 109/l

Further tests are ordered:


Vitamin B12	64 ng/l (200-900 ng/l)
Folic acid	7.2 nmol/l (> 3.0 nmol/l)

What is the most appropriate management?","[""1 mg of IM hydroxocobalamin once every 3 months"", ""1 mg of IM hydroxocobalamin 3 times each week for 2 weeks, then once every 3 months"", ""1 mg of IM hydroxocobalamin once every 2 months + folic acid 5mg od"", ""Give folic acid 5mg od one week then recheck bloods"", ""1 mg of IM hydroxocobalamin 3 times each week for 2 weeks, then once every 3 months + folic acid 5mg od""]","1 mg of IM hydroxocobalamin 3 times each week for 2 weeks, then once every 3 months",1,
149,"A 12-year-old boy is noted to bleed excessively during an elective dental extraction. Following the procedure, examination reveals petechial skin haemorrhages. Blood results show:


Hb	12.3 g/dl
Plt	255 * 109/l
WBC	7.9 * 109/l
 
PT	13.3 secs
APTT	39 secs
 
Factor VIII
activity	87%

What is the most likely diagnosis?","[""Disseminated intravascular coagulation"", ""Idiopathic thrombocytopenic purpura"", ""Von Willebrand's disease"", ""Haemophilia A"", ""Haemophilia B""]",Von Willebrand's disease,2,
150,A 65-year-old man who is undergoing bone marrow transplant requires a blood transfusion. Irradiated packed red cells are requested. What is the purpose of requesting irradiated blood products in this situation?,"[""Depletes the packed cells of platelets reducing the risk of thrombotic complications"", ""Ensures the blood products are free of viruses and organisms"", ""Destroys HLA markers reducing the risk of blood transfusion reaction"", ""Reduces the HbA2/Hb ratio"", ""Depleted T-lymphocyte numbers reduce the risk of transfusion graft versus host disease""]",Depleted T-lymphocyte numbers reduce the risk of transfusion graft versus host disease,4,"Irradiated blood products are used as they are depleted in T-lymphocytes

The most common indications for irradiated blood products are conditions where the immune system is compromised."
151,A 75-year-old male patient has metastatic colorectal cancer. He spends most of his day resting in bed or in his chair and requires assistance with his activities of daily living. What is his Eastern Cooperative Oncology Group (ECOG) score?,"[""0"", ""1"", ""2"", ""3"", ""4""]",3,3,
152,"A 12-year-old, recently-immigrated boy from Nigeria is referred to the hospital after presenting to his GP with a growth of the jaw. A number of investigations are performed, including a test for the Epstein-Barr virus which comes back positive. A biopsy is taken, which demonstrates a 'starry sky' appearance.

Given the findings and the likely diagnosis, which of the following translocations is most likely implicated?","[""T(8:14)"", ""T(9:22)"", ""T(11:14)"", ""T(14:18)"", ""T(15:17)""]",T(8:14),0,"Burkitt's lymphoma - t(8:14)

The correct answer is t(8:14). The condition being described here is Burkitt's lymphoma, given the demographic, positive Epstein-Barr virus and the 'starry sky' appearance on microscopy - lymphocyte sheets interspersed with macrophages containing dead apoptotic tumour cells. Burkitt's lymphoma is associated with the c-myc gene translocation, usually t(8:14).

The Philadelphia chromosome is the common name for t(9:22). The presence of this translocation is required for the diagnosis of chronic myeloid leukaemia (although it is not specific enough to be solely sufficient for the diagnosis). It is not implicated in Burkitt's lymphoma.

T(11:14) is implicated in mantle cell lymphoma, which would present typically in much later life (60s) rather than younger patients as seen in Burkitt's.

T(14:18) is implicated in 90% of cases of follicular lymphoma. This, again, would present differently to Burkitt's, with a slow disease course, and a wide range of clinical manifestations.

T(15:17) is linked to acute promyelocytic leukaemia, a subtype of acute myeloid leukaemia. Again, the growth of the jaw, the starry sky appearance and the virus association are all classic of Burkitt's, not this condition."
153,"A 23-year-old woman presented with symptoms of itchiness in her mouth and at the back of her throat after consuming peaches on several occasions with some mild swelling which settles down over time.

What is the likely condition in this case?","[""Angioedema"", ""Burning mouth syndrome"", ""Contact cheilitis"", ""Contact stomatitis"", ""Oral allergy syndrome""]",Oral allergy syndrome,4,"Oral allergy syndrome is strongly linked with pollen allergies and presents with seasonal variation

Oral allergy syndrome is due to allergic antibodies mistaking certain proteins in fresh fruits, nuts or vegetables for pollen. People can experience itchiness in their mouth and throat, often associated with mild swelling, straight after eating fresh fruit or vegetables. This is referred to as oral allergy syndrome.

The best way to prevent an allergic reaction is to identify the food that causes the allergy and avoid it.

Burning mouth syndrome a chronic or recurrent burning in the mouth without an obvious cause. This discomfort may affect the tongue, gums, lips, inside of your cheeks, palate or widespread areas of your whole mouth. This is not described in the scenario.

Allergic contact cheilitis is allergic contact dermatitis which affects the lips. It is due to a type IV hypersensitivity reaction which occurs following contact with an allergen. This is unlikely in this case due to involvement of the back of her throat too.

Contact stomatitis is inflammation or pain of the oral mucosa due to both irritant and allergic substances. It is less common than contact cheilitis and is not associated with itching.

Angioedema is characterised by an abrupt and short-lived swelling of the skin and mucous membranes. This swelling is not itchy and therefore is unlikely in this case."
154,"A 25-year-old man is admitted to the haematology ward. He was recently diagnosed with Burkitt's lymphoma and received his first dose of chemotherapy today.

Blood results from today are as follows:


Na+	138 mmol/L	(135 - 145)
K+	6.2 mmol/L	(3.5 - 5.0)
Bicarbonate	22 mmol/L	(22 - 29)
Urea	10.8 mmol/L	(2.0 - 7.0)
Creatinine	162 µmol/L	(55 - 120)
Calcium	1.9 mmol/L	(2.1-2.6)
Phosphate	2.8 mmol/L	(0.8-1.4)

Blood results from yesterday are as follows:


Na+	135 mmol/L	(135 - 145)
K+	3.5 mmol/L	(3.5 - 5.0)
Bicarbonate	24 mmol/L	(22 - 29)
Urea	4.8 mmol/L	(2.0 - 7.0)
Creatinine	72 µmol/L	(55 - 120)
Calcium	2.4 mmol/L	(2.1-2.6)
Phosphate	2.4 mmol/L	(0.8-1.4)

What treatment is required?","[""Allopurinol"", ""Calcium gluconate"", ""Phosphate binder"", ""Prophylactic dose rasburicase"", ""Treatment dose rasburicase""]",Treatment dose rasburicase,4,"Prevention of tumour lysis syndrome: rasburicase is used in preference to allopurinol for high-risk patients, e.g. those with aggressive non-Hodgkin's lymphomas

The patient has clinical tumour lysis syndrome (TLS). TLS is a metabolic syndrome caused by the breakdown of malignant cells. It is most likely to occur just prior to, or at the start of, chemotherapy when the disease is most active. Excessive release of nucleic acids, proteins and intracellular metabolites from the tumour cells overwhelm the normal homeostatic control mechanisms. Hyperkalaemia occurs first and can be life-threatening within 6 hours of the onset of TLS.  Uric acid crystals precipitate into the renal tubules, preventing the excretion of the other TLS metabolites. This creates a downward spiral of acute kidney failure.

The breakdown of tumour cells results in the release of predominantly intracellular molecules (e.g. potassium, phosphate, and uric acid). Hence why high levels of these molecules occur in the plasma. It is important to remember that calcium is a predominantly extracellular ion. Phosphate is a calcium chelator, and thus acute hyperphosphatemia results in hypocalcemia.

Risk factors for TLS include high tumour burden, high-grade tumour with rapid turnover (e.g. Burkitt's, ALL), pre-existing renal impairment, and the use of highly active, cell-cycle specific chemotherapy.

Laboratory TLS is defined by ≥2 of the following occurring 3 days prior or 7 days post initiation of treatment for cancer:

Uric acid ≥ 476 µmol/L or 25% increase from baseline
Potassium ≥ 6.0 mmol/L or 25% increase from baseline
Phosphate ≥ 1.45 mmol/L (adults) or ≥2.1 mmol/L (children) or 25% increase
Calcium ≤ 1.75 mmol/L or 25% decrease from baseline

Thus, this patient fulfils the criteria for laboratory TLS.

Clinical TLS is defined by: laboratory TLS plus at least one of the following:

Creatinine ≥1.5 x the upper limit of normal
Cardiac arrhythmia
Seizure
Sudden death

Therefore, the patient in this clinical scenario has clinical TLS due to the presence of renal impairment.

Treatment dose rasburicase

is correct. The patient has clinical TLS and thus needs emergency treatment with rasburicase. This should be at the higher treatment dose of 200 micrograms/kg. This drug is a recombinant form of mammalian urate oxidase.  It metabolises urate to allantoin, a substance 10x more soluble than uric acid. It acts immediately on any uric acid that is already formed. For this reason, it is the most effective drug used in the management of TLS.

Allopurinol

is incorrect.  This drug reduces the production of uric acid by decreasing the rate of conversion of hypoxanthine to xanthine, and of xanthine to uric acid.  Both hypoxanthine and xanthine are more soluble than uric acid and so less precipitation occurs in the renal tubules. However, it does not increase the rate of breakdown of uric acid that is already present so its therapeutic effect is delayed by 24-72 hours. Thus rasburicase is the preferred agent for the management of TLS due to its immediate therapeutic effect.

Calcium gluconate

is incorrect. Indications for calcium gluconate include severe hyperkalaemia, or symptomatic hypocalcaemia, neither of which are present in this clinical case.

Phosphate binder

is incorrect. Although a phosphate binder could be used in this scenario, the priority is to reduce the levels of uric acid with rasburicase.

Prophylactic dose rasburicase

is incorrect. A low dose of rasburicase (e.g. 3mg) is often used in high-risk patients to prevent TLS. However, the patient, in this case, has established clinical TLS and thus requires a higher treatment dose."
155,"A 28-year-old woman presents to the Emergency Department with a 3-day history of progressive right arm weakness, severe abdominal pain, and fever. She has no significant past medical history and takes no regular medications. On examination, she has a temperature of 38.5°C, blood pressure of 145/95 mmHg, and scattered purpuric lesions over her trunk and limbs. Neurological examination confirms a right-sided hemiparesis. Laboratory investigations reveal:


Hb	78 g/L	Female: (115-160)
WBC	12.5 * 109/L	(4.0-11.0)
Platelets	22 * 109/L	(150-400)
Creatinine	156 μmol/L	(45-90)
ALT	78 U/L	(5-40)
Bilirubin	35 μmol/L	(3-21)
LDH	1250 U/L	(135-225)

Blood film shows numerous schistocytes. Coagulation screen is normal.

What is the most likely underlying cause of her condition?","[""Disseminated intravascular coagulation"", ""ADAMTS-13 deficiency"", ""Haemolytic uraemic syndrome"", ""Catastrophic antiphospholipid syndrome"", ""Malignant hypertension""]",ADAMTS-13 deficiency,1,"Acquired inhibition of the protein ADAMTS13 which cleaves vWF multimers is the most common cause of TTP

ADAMTS-13 deficiency

is the correct diagnosis in this case. This patient presents with the classic pentad of thrombotic thrombocytopenic purpura (TTP): fever, neurological symptoms (right arm weakness), renal impairment (elevated creatinine), microangiopathic haemolytic anaemia (low haemoglobin, elevated LDH, schistocytes on blood film), and thrombocytopenia. TTP is caused by a severe deficiency of ADAMTS-13, a metalloprotease that cleaves von Willebrand factor. When ADAMTS-13 is deficient, ultra-large von Willebrand factor multimers accumulate, leading to platelet aggregation and microvascular thrombosis. This explains the patient's neurological symptoms, which result from cerebral microvascular occlusion. The normal coagulation screen is typical of TTP, distinguishing it from DIC. The presence of schistocytes on blood film indicates mechanical fragmentation of red blood cells as they pass through partially occluded vessels. TTP is a medical emergency requiring prompt treatment with plasma exchange to replenish ADAMTS-13 and remove autoantibodies against it, along with immunosuppression.

Disseminated intravascular coagulation (DIC)

can present with microangiopathic haemolytic anaemia and thrombocytopenia, but it typically occurs in the context of severe sepsis, trauma, malignancy, or obstetric complications. A key distinguishing feature is that DIC would show abnormal coagulation parameters (prolonged PT, APTT, low fibrinogen, elevated D-dimer), whereas this patient's coagulation screen is normal. Additionally, the neurological manifestations and fever without an obvious underlying cause make DIC less likely in this scenario.

Haemolytic uraemic syndrome (HUS)

shares features with TTP, including microangiopathic haemolytic anaemia, thrombocytopenia, and renal impairment. However, HUS typically presents with predominant renal involvement and is often preceded by a diarrhoeal illness (typically E. coli O157:H7 infection). Neurological manifestations are less common in HUS compared to TTP. The absence of a diarrhoeal prodrome and the prominence of neurological symptoms make HUS less likely in this case.

Catastrophic antiphospholipid syndrome (CAPS)

is a rare variant of antiphospholipid syndrome characterised by multiple organ thrombosis developing over a short period. While it can cause microangiopathic haemolytic anaemia and thrombocytopenia, CAPS typically presents with multiple large vessel thromboses rather than the microvascular thrombosis seen in TTP. Additionally, CAPS usually occurs in patients with known antiphospholipid syndrome or systemic lupus erythematosus, which this patient does not have.

Malignant hypertension

can cause a microangiopathic haemolytic anaemia with renal impairment and neurological symptoms. However, the blood pressure in this case (145/95 mmHg) is only mildly elevated and not in the range typically associated with malignant hypertension. Additionally, the severe thrombocytopenia (22 × 10⁹/L) would be unusual for malignant hypertension alone. The constellation of findings is much more consistent with TTP due to ADAMTS-13 deficiency."
156,"A 40-year-old woman undergoes CT chest, abdomen and pelvis to investigate weight loss and night sweats. The report includes a finding of bone metastases.

What is the most likely primary cancer in this patient?","[""Breast"", ""Colon"", ""Lung"", ""Lymphoma"", ""Renal""]",Breast,0,"Woman with bone metastases- most likely to originate in the breast

In women, bone metastases are most likely to originate from the

breast

. In men, bone metastases are most likely to originate from the prostate.

After prostate and breast cancer, bone metastases are next most likely to originate from the

lung

Lymphoma, colon

and

renal

cancers can spread to the bone although this is more infrequent."
157,"A 62-year-old man presents with 2-day history of headache, shortness of breath, vomiting and feeling generally weak. He has a background of type 2 diabetes with gastroparesis and ischaemic heart disease. His medications are aspirin, atorvastatin, glyceryl trinitrate, metformin and metoclopramide. He has also recently been commenced on co-trimoxazole for a leg ulcer, according to the sensitivities of previous wound cultures.

On examination, he is tachypnoeic with saturations of 83% and central cyanosis despite 15L oxygen delivered via a non-rebreathe mask. His heart rate is 110/min with blood pressure 120/80 mmHg. He is distressed and anxious but is orientated to time, place and person. Tone, power and reflexes are normal. He has equal, reactive 3mm pupils and normal cranial nerve examination. He has dry, cool skin with a temperature of 37.1ºC.

Investigations:


Hb	150 g/L	Male: (135-180)
Platelets	200 * 109/L	(150 - 400)
WBC	13.0 * 109/L	(4.0 - 11.0)
Na+	140 mmol/L	(135 - 145)
K+	3.8 mmol/L	(3.5 - 5.0)
Urea	5.5 mmol/L	(2.0 - 7.0)
Creatinine	70 µmol/L	(55 - 120)
CRP	65 mg/L	(< 5)

An arterial blood gas on 15 litre/min oxygen shows:

pH	7.51	(7.35 - 7.45)
pO2	50kPa	(10-14)
pCO2	3.0kPa	(4.5 - 6)
Base excess (BE)	+4mmol/L	(-2 - 2)
HCO3	30mmol/L	22 - 26

A departmental chest x-ray is normal.

Which medication is the most useful in managing this patient?","[""Dicobalt edetate"", ""Hydroxycobalamin"", ""Methylthioninium chloride"", ""Pralidoxime"", ""Sodium bicarbonate""]",Methylthioninium chloride,2,"Normal pO2 but decreased oxygen saturation is characteristic of methaemoglobinaemia

The underlying diagnosis is methaemoglobinaemia, therefore the answer is methylthioninium chloride.

Methaemoglobinaemia occurs when ferrous ions (Fe2+) of haemoglobin are oxidised to the ferric (Fe3+) ions, making them unable to bind oxygen. It can be congenital or acquired due to drug causes. Glyceryl trinitrate, metoclopramide and co-trimoxazole can all cause methaemoglobinaemia. Methylthioninium chloride (methylene blue) can be used to treat drug- or chemical-induced methaemoglobinaemia.

Dicobalt edetate and hydroxycobalamin can be used to treat cyanide poisoning e.g. cyanide salt exposure or smoke inhalation. Cyanide poisoning causes a lactic acidosis, dizziness, hyperventilation, loss of consciousness, coma and death.

Sodium bicarbonate can be used in various overdoses, including tricyclic depressants.

Pralidoxime can be used to treat patients with organophosphate poisoning, which presents with parasympathetic effects."
158,"A 34-year-old intravenous drug user is admitted with a purpuric rash affecting her legs. Blood tests reveal the following:


Hb	11.4g/dl
Platelets	489 * 109/l
WCC	12.3 * 109/l
 
HCV PCR	positive
HBsAg	negative
 
Rheumatoid factor	positive
C3/C4	reduced

What is the most likely diagnosis?","[""Polyarteritis nodosa"", ""Henoch-Schonlein purpura"", ""Wegener's granulomatosis"", ""Cryoglobulinaemia"", ""Systemic lupus erythematous""]",Cryoglobulinaemia,3,
159,"A 72-year-old man presents to the outpatient clinic with a 3-month history of fatigue, weight loss, and visual disturbance. On examination, he has splenomegaly and generalised lymphadenopathy. His blood tests show:


Hb	10.2 g/dL	(13.5-17.5)
WBC	3.8 x 10^9/L	(4.0-11.0)
Platelets	92 x 10^9/L	(150-400)
Total protein	92 g/L	(60-80)
Albumin	36 g/L	(35-50)
Calcium	2.3 mmol/L	(2.2-2.6)
Creatinine	98 µmol/L	(60-120)

Serum protein electrophoresis shows a monoclonal band in the gamma region. Skeletal survey shows no lytic lesions.

What is the most likely diagnosis?","[""Multiple myeloma"", ""Chronic lymphocytic leukaemia"", ""Waldenstrom's macroglobulinaemia"", ""Primary amyloidosis"", ""Follicular lymphoma""]",Waldenstrom's macroglobulinaemia,2,"Waldenstrom's macroglobulinaemia - Organomegaly with no bone lesions

Waldenstrom's macroglobulinaemia

is the most likely diagnosis in this case. This condition is a lymphoplasmacytoid malignancy that typically affects older individuals, particularly men. The clinical presentation includes systemic symptoms (fatigue, weight loss), visual disturbance (suggestive of hyperviscosity syndrome), splenomegaly, and lymphadenopathy. Laboratory findings typically show a monoclonal IgM paraprotein, which causes increased serum viscosity due to its pentameric structure. The absence of bone lesions on skeletal survey is a key distinguishing feature from multiple myeloma. The patient's raised total protein with normal calcium levels, presence of a monoclonal band, and organomegaly without bone lesions are all consistent with Waldenstrom's macroglobulinaemia.

Multiple myeloma

is characterised by the proliferation of malignant plasma cells that produce monoclonal immunoglobulin, typically IgG or IgA (rarely IgM). While multiple myeloma can present with fatigue and weight loss, it classically causes bone pain and lytic lesions on skeletal survey, which are absent in this case. Organomegaly (splenomegaly and lymphadenopathy) is uncommon in multiple myeloma, making this diagnosis less likely. Additionally, hypercalcaemia is often seen in multiple myeloma, but this patient's calcium level is normal.

Chronic lymphocytic leukaemia

(CLL) typically presents with lymphadenopathy and splenomegaly, which are present in this case. However, CLL is not associated with a significant paraprotein or hyperviscosity syndrome. The blood film in CLL would typically show a lymphocytosis with smear cells, which is not mentioned in this scenario. The presence of a monoclonal band and visual disturbance makes CLL less likely than Waldenstrom's macroglobulinaemia.

Primary amyloidosis

can be associated with a paraprotein, but typically presents with features of organ infiltration such as nephrotic syndrome, restrictive cardiomyopathy, peripheral neuropathy, or macroglossia. While it can be associated with multiple myeloma, the absence of these specific features and the presence of splenomegaly and lymphadenopathy make this diagnosis less likely.

Follicular lymphoma

is a type of non-Hodgkin lymphoma that typically presents with painless, widespread lymphadenopathy and can cause splenomegaly. However, it is not typically associated with a monoclonal paraprotein or hyperviscosity syndrome. The presence of a monoclonal band and visual disturbance makes follicular lymphoma less likely than Waldenstrom's macroglobulinaemia."
160,"A 27-year-old man is brought into the emergency department with shortness of breath. He also complains of a headache and feeling light-headed.

His past medical history includes asthma for which he takes salbutamol and beclometasone/formoterol combination inhaler. He has also just started a course of chloroquine for malaria prophylaxis as he is travelling abroad soon.

On examination, he is tachypnoeic and cyanosed. Auscultation of his lungs is clear with good air entry.

What is the most likely arterial blood gas finding?","[""High carboxyhaemoglobin"", ""Low pO2, low oxygen saturations"", ""Low pO2, normal oxygen saturations"", ""Normal pO2, low oxygen saturations"", ""Normal pO2, normal oxygen saturations""]","Normal pO2, low oxygen saturations",3,"Normal pO2 but decreased oxygen saturation is characteristic of methaemoglobinaemia

Acute asthma is highly unlikely given the normal respiratory findings on examination. Other causes of hypoxia need to be considered. The clue from the history is the new medication of chloroquine. This is a potential cause of methaemoglobinaemia.

Acquired methaemoglobinaemia typically presents with the acute onset of hypoxia following exposure to an oxidising substance which induces the formation of methaemoglobin. Drugs are a very common cause of this.

In methaemoglobinaemia, the haemoglobin has been oxidised from Fe2+ to Fe3+. There is tissue hypoxia as Fe3+ cannot bind oxygen. Hence saturations are low. The ability for oxygen to dissolve in the plasma is unaffected so remains normal.

Therefore,

normal pO2, low oxygen saturations

is correct.

High carboxyhaemoglobin

is incorrect. This would be true in carbon monoxide poisoning. Although it would present very similarly (normal chest auscultation), there are no pointers to this differential in the history. Causes commonly include smoke exposure or poorly functioning heating systems.

Low pO2, low oxygen saturations

is incorrect. This would be the case if there was a failure of oxygen to enter the bloodstream, such as in an asthma exacerbation.

Low pO2, normal oxygen saturations

is incorrect. This is the reverse of what happens in methaemoglobinaemia.

Normal pO2, normal oxygen saturations

is incorrect. If we were measuring haemoglobin saturations, rather than oxygen haemoglobin saturations, then this could represent carbon monoxide poisoning."
161,"A 72-year-old man attends his GP for routine annual blood tests. He feels generally well. The results are as follows:


Hb	138 g/L	Male: (135-180)
Female: (115 - 160)
Platelets	162 * 109/L	(150 - 400)
WBC	54 * 109/L	(4.0 - 11.0)
Lymphocytes	47 * 109/L	(0.8 - 5.0)
Na+	138 mmol/L	(135 - 145)
K+	3.8 mmol/L	(3.5 - 5.0)
Urea	5.6 mmol/L	(2.0 - 7.0)
Creatinine	92 µmol/L	(55 - 120)

Given the most likely diagnosis, what is the investigation of choice?","[""Blood film"", ""Bone marrow aspirate and trephine biopsy"", ""Direct antiglobulin test"", ""Flow cytometry"", ""Fluorescent in situ hybridisation""]",Flow cytometry,3,"CLL - immunophenotyping is investigation of choice

The correct answer is flow cytometry. The diagnosis here is that of chronic lymphocytic leukaemia (CLL), given the asymptomatic, incidental finding of high white blood cells with a high lymphocyte count. The investigation of choice is immunophenotyping by flow cytometry to reveal cell surface markers typical of CLL, including CD5, CD19 and CD20.

A blood film is useful to aid diagnosis as smudge cells may be seen, but this is not a definitive diagnostic tool and immunophenotyping should be used.

Bone marrow aspirate and trephine biopsy are not required for diagnosis but may help to evaluate cytopaenias that can be related to marrow infiltration. This is useful before starting therapy as these factors can influence susceptibility to drug-induced cytopaenias.

A direct antiglobulin test is useful if anaemia is present, to investigate for autoimmune haemolytic anaemia. It is not used in the actual diagnostic process for CLL itself.

Fluorescent in situ hybridisation of peripheral blood is used for cytogenetic analysis to aid treatment decisions. It is not, however, used for diagnosis."
162,A 29-year-old woman who has a history of recurrent pulmonary emboli is identified as having factor V Leiden. How does this particular inherited thrombophilia increase her risk of venous thromboembolic events?,"[""Decreased levels of factor V"", ""Increased levels of factor V"", ""Activated factor V is inactivated much more slowly by activated protein C"", ""Activated factor V is inactivated much more quickly by activated protein C"", ""Decreased antithrombin III levels""]",Activated factor V is inactivated much more slowly by activated protein C,2,"In patients with factor V Leiden, activated factor V is inactivated 10 times more slowly by activated protein C than normal

The correct answer is

Activated factor V is inactivated much more slowly by activated protein C

. Factor V Leiden is a mutation of one of the clotting factors in the blood called factor V. This specific mutation makes it harder for activated protein C, an anticoagulant, to inactivate factor V. As a result, clotting continues for a longer period than usual, increasing the risk of developing abnormal and potentially harmful clots - venous thromboembolism.

Decreased levels of factor V

would not increase the risk of thromboembolic events. In fact, lower levels of this clotting factor might lead to a bleeding disorder rather than a clotting disorder. Therefore, this option contradicts the nature of Factor V Leiden which leads to hypercoagulability.

Increased levels of factor V

, while could theoretically increase the risk of clot formation, is not what occurs in Factor V Leiden mutation. The problem with Factor V Leiden isn't about an excess amount but rather its resistance to inactivation by activated protein C.

Activated factor V is inactivated much more quickly by activated protein C

would actually decrease the likelihood of developing thrombi as it would lead to less time for clot formation. But again, this statement contradicts what happens with Factor V Leiden where there's resistance to inactivation leading to prolonged clotting activity.

Lastly,

Decreased antithrombin III levels

could indeed lead to an increased risk for thromboembolic events since Antithrombin III inhibits several factors including IIa (thrombin) and Xa which prevents further fibrin formation hence preventing clots from forming or growing. However, this condition refers to Antithrombin deficiency and not Factor V Leiden which specifically involves resistance against deactivation by activated protein C."
163,"A 66-year-old woman was recently diagnosed with breast cancer. After undergoing a mastectomy, her oncologist has started her on anastrozole to reduce the risk of recurrence.

She has a history of depression and hypothyroidism, for which she takes fluoxetine and levothyroxine respectively.

What complication is she most likely to experience with her breast cancer treatment?","[""Increased likelihood of cancer recurrence due to drug interaction"", ""Reduced serum HDL cholesterol levels"", ""Myocardial infarction"", ""Venous thromboembolism"", ""Osteoporotic fracture""]",Osteoporotic fracture,4,"Aromatase inhibitors (e.g. anastrozole) may cause osteoporosis

Osteoporotic fracture is the most likely complication of anastrozole (an aromatase inhibitor) treatment from the list above. Aromatase inhibitors block the synthesis of oestrogen in peripheral tissues, which is the primary source of oestrogen in postmenopausal women. However, in doing so, this has a detrimental effect on bone mineral density and increased risk of fracture. Measurement of bone density is therefore essential before commencing treatment and at regular intervals thereafter, with strong consideration for bisphosphonate prophylaxis.

The increased likelihood of cancer recurrence due to drug interaction is incorrect. Fluoxetine is known to decrease the efficacy of some breast cancer drugs, namely selective oestrogen receptor modulators (SERMs) such as tamoxifen and hence the two should not be co-prescribed. However, there has been no interaction shown with aromatase inhibitors.

Reduced serum HDL cholesterol levels is an incorrect option. Anastrozole is commonly associated with hypercholesterolaemia, and evidence from clinical trials suggest that it leads to a rise in total, HDL and LDL cholesterol levels.

Myocardial infarction is incorrect as it is not recognised as a direct adverse reaction to anastrozole. In a large randomised controlled trial (ATAC) evaluating this drug, myocardial infarction occurred in 1.2% of patients after 5 years (compared to 10.2% who suffered fractures).

Venous thromboembolism is also not linked to anastrozole treatment. This is usually more of a risk in postmenopausal women who are prescribed oestrogen (rather than oestrogen-depleting drugs), such as those receiving hormone replacement therapy."
164,"A 45-year-old woman has been diagnosed with breast cancer two months ago. Following mastectomy, she was started on a course of docetaxel by the oncology team. She is currently on her second cycle of treatment.

What is the mechanism of action for this treatment?","[""It prevents microtubule depolymerisation and disassembly, decreasing free tubulin"", ""It inhibits topoisomerase I which prevents relaxation of supercoiled DNA"", ""It inhibits dihydrofolate reductase and thymidylate synthesis"", ""It causes cross-linking in DNA"", ""It stabilises DNA-topoisomerase II complex which inhibits DNA & RNA synthesis""]","It prevents microtubule depolymerisation and disassembly, decreasing free tubulin",0,"Taxanes such as docetaxel - prevents microtubule depolymerisation & disassembly, decreasing free tubulin

Docetaxel belongs to the taxane family of medications. It is a chemotherapy agent designed to disrupt the normal function of microtubules by preventing microtubule depolymerisation and disassembly. This results in a reduction of free tubulin and thereby stopping cell division.

Topoisomerase inhibitors such as irinotecan work by inhibiting topoisomerase I which prevents relaxation of supercoiled DNA. This results in DNA damage and cell death.

Antimetabolites such as methotrexate work by inhibiting dihydrofolate reductase and thymidylate synthesis. This results in slowing and stopping DNA and protein synthesis that is necessary for normal cell cycle.

Cisplatin is a cytotoxic drug that works by binding to DNA which results in cross-linking and inhibiting its replication.

Doxorubicin is also a cytotoxic drug that works by stabilising the topoisomerase II complex. This stops the process of replication resulting in inhibition of DNA and RNA synthesis that is necessary for cell division."
165,A 67-year-old man is diagnosed with myelofibrosis. What is the most common presenting symptom of myelofibrosis?,"[""Lethargy"", ""Anorexia and weight loss"", ""Night sweats"", ""Easy bruising"", ""Splenomegaly""]",Lethargy,0,"Myelofibrosis - most common presenting symptom - lethargy

The correct answer is

Lethargy

. Myelofibrosis is a myeloproliferative neoplasm characterised by bone marrow fibrosis and extramedullary haematopoiesis. It often presents with non-specific symptoms due to anaemia, the most common of which is lethargy. As the disease progresses, patients may experience increasing fatigue and weakness, largely due to ineffective erythropoiesis leading to anaemia.

Anorexia and weight loss

can be seen in myelofibrosis but are not typically the most common presenting symptom. These symptoms are usually indicative of advanced disease or transformation into acute leukaemia, which occurs in a minority of patients.

Night sweats

are another possible symptom of myelofibrosis, often associated with systemic symptoms like fever and weight loss. However, they are also more commonly seen in other conditions such as lymphomas or infections like tuberculosis.

Easy bruising (

Ecchymosis

) can occur in myelofibrosis due to platelet dysfunction or thrombocytopenia. However, this is generally less common than symptoms related to anaemia such as lethargy. Additionally, easy bruising tends to be more characteristic of diseases primarily involving platelets rather than being a primary feature of myelofibrosis.

Lastly,

Splenomegaly

, while it is a common physical finding in myelofibrosis due to extramedullary haematopoiesis, it might not be symptomatic initially. Patients often present with left upper quadrant discomfort only when the spleen becomes significantly enlarged over time.."
166,"A 17-year-old man is investigated for recurrent infections and easy bruising. In the past year he has had four episodes of pneumonia. Other than the bruising he is noted to have severe eczema on his trunk and arms. A full blood count is ordered and reported as follows:


Hb	14.1 g/dl
Plt	82 * 109/l
WBC	5.9 * 109/l
Neuts	4.4 * 109/l

Further bloods show low immunoglobulin M levels. What is the most likely diagnosis?","[""Bruton's congenital agammaglobulinaemia"", ""Wiskott-Aldrich syndrome"", ""Ataxic telangiectasia"", ""Chediak-Higashi syndrome"", ""DiGeorge syndrome""]",Wiskott-Aldrich syndrome,1,"Wiskott-Aldrich syndrome

The correct answer is

Wiskott-Aldrich syndrome

. This condition is an X-linked recessive disorder characterized by the triad of eczema, recurrent infections, and thrombocytopenia. The low platelet count (82 * 10

9

/l) and severe eczema on the patient's trunk and arms are consistent with this diagnosis. Additionally, the patient has a history of recurrent infections, which can be explained by the low immunoglobulin M levels found in Wiskott-Aldrich syndrome.

Bruton's congenital agammaglobulinaemia

is an X-linked disorder that results in a lack of mature B cells and therefore very low levels of all immunoglobulins. However, it does not typically present with thrombocytopenia or eczema. Thus, this option is less likely than Wiskott-Aldrich syndrome given the clinical presentation.

Ataxic telangiectasia

is an autosomal recessive disorder characterized by progressive cerebellar ataxia, oculocutaneous telangiectasias, immune deficiency, and increased risk for malignancies. While patients with ataxic telangiectasia may have recurrent infections due to immune deficiency, they do not typically present with thrombocytopenia or eczema as seen in this case.

Chediak-Higashi syndrome

is an autosomal recessive disorder characterized by partial albinism, peripheral neuropathy, and neutropenia. Patients with Chediak-Higashi syndrome often have recurrent infections due to impaired neutrophil function; however, they do not usually present with thrombocytopenia or eczema as seen in this case.

Finally,

DiGeorge syndrome

is a genetic disorder caused by a deletion in chromosome 22q11.2, leading to thymic hypoplasia or aplasia and resulting in T-cell deficiency. Patients with DiGeorge syndrome often have recurrent infections due to their impaired T-cell function, but they do not typically present with thrombocytopenia or eczema.

In summary, the most likely diagnosis for this patient is Wiskott-Aldrich syndrome due to the combination of thrombocytopenia, severe eczema, and recurrent infections, along with low immunoglobulin M levels."
167,A 31-year-old man is referred to the acute medical unit with a painful swollen left leg. The patient reports that he has the 'Factor V Leiden mutation'. Which one of the following best describes the pathophysiology of his condition?,"[""Protein S deficiency"", ""Activated protein C excess"", ""Antithrombin deficiency"", ""Resistance to action of protein C"", ""Activated protein C deficiency""]",Resistance to action of protein C,3,"Factor V  Leiden mutation results in activated protein C resistance

The correct answer is

Resistance to action of protein C

. Factor V Leiden mutation is a common genetic thrombophilia that predisposes to venous thromboembolism. The mutation renders factor V resistant to inactivation by activated protein C (APC), leading to a prothrombotic state. This means that the body is unable to effectively break down blood clots, leading to an increased risk of deep vein thrombosis (DVT) which appears as swelling and pain in the leg, as described in this patient.

Protein S deficiency

, while it can also lead to DVT, is not associated with Factor V Leiden mutation. Protein S acts as a cofactor for APC, but its deficiency does not cause resistance to APC's action on factor V.

Activated protein C excess

would theoretically have an antithrombotic effect rather than a prothrombotic effect. An excess of APC would lead to greater inactivation of factors Va and VIIIa, reducing the likelihood of clot formation.

Similarly,

Antithrombin deficiency

can cause venous thromboembolism but it is not related to the Factor V Leiden mutation. Antithrombin inhibits several factors in the coagulation cascade including IIa (Thrombin) and Xa, without affecting factor V.

Lastly,

Activated protein C deficiency

, like Protein S deficiency and Antithrombin deficiency, could increase the risk for DVT due to its role in preventing clot formation by degrading factors Va and VIIIa. However, this is distinct from Factor V Leiden where there's normal or even high levels of APC but it's ineffective because factor V has become resistant."
168,"A 18-year-old man who is known to have hereditary spherocytosis is admitted to hospital with lethargy. Admission bloods show the following:


Hb	47 g/dL	Male: (135-180)
Retics	0.3%	0.5-1.5%

What is the most likely explanation for these findings?","[""Haemolytic crisis"", ""Recent ciprofloxacin therapy"", ""Parvovirus infection"", ""Sequestration crises"", ""Angiodysplastic bowel lesions""]",Parvovirus infection,2,
169,A 23-year-old student is investigated following an anaphylactic reaction suspected to be secondary to a wasp sting. Which one of the following is the most appropriate first-line test to investigate the cause of the reaction?,"[""Hair analysis"", ""Radioallergosorbent test (RAST)"", ""Desensitization therapy"", ""Skin patch test"", ""Skin prick test""]",Radioallergosorbent test (RAST),1,
170,"A 17-year-old man is investigated after he bled excessively following a tooth extraction. The following results are obtained:


Plt	173 * 109/l
PT	12.9 secs
APTT	84 secs

Which clotting factor is he most likely to be deficient in?","[""Factor VI"", ""Factor VII"", ""Factor VIII"", ""Factor IX"", ""Factor X""]",Factor VIII,2,
171,"You are asked to review a 60-year-old Greek man with known glucose-6-phosphate dehydrogenase (G6PD) deficiency who was admitted with malaria and a chest infection. He has developed jaundice and haemolytic anaemia after starting some medications this morning.

Which of these medications are most likely to have precipitated his crisis?","[""Clarithromycin"", ""Amoxicillin"", ""Artesunate"", ""Primaquine"", ""Salbutamol""]",Primaquine,3,"Malaria prophylaxis (e.g. primaquine) can trigger haemolytic anaemia in those with G6PD deficiency

Primaquine is a well known cause of haemolysis in G6PD deficiency and is used in the treatment of malaria. Artesunate is generally considered safe to use in G6PD deficiency. Penicillins and macrolides are safe antibiotics to use in G6PD deficiency.

Source: BNF"
172,Which of the following is a good prognostic factor in chronic lymphocytic leukaemia?,"[""Female sex"", ""Lymphocyte doubling time < 12 months"", ""CD38 expression positive"", ""Age > 70 years"", ""Raised LDH""]",Female sex,0,
173,"A 66-year-old woman is referred by her GP with anaemia. She has been feeling generally unwell for the past 3 weeks. Bloods on admission show:


Hb	8.7 g/dl
MCV	87 fl
Plt	198 * 109/l
WBC	5.3 * 109/l

Further tests were then ordered:


Reticulocytes	5.2%l
Direct antiglobulin test	Positive, IgG only
Film	Spherocytes and reticulocytes

Which one of the following is the most likely underlying cause?","[""Non-Hodgkin's lymphoma"", ""Mycoplasma pneumonia"", ""Chronic myeloid leukaemia"", ""Acute myeloid leukaemia subtype M3"", ""Cytomegalovirus infection""]",Non-Hodgkin's lymphoma,0,
174,"A 23-year-old woman attends with progressive tiredness over the past week. A systematic enquiry was otherwise unremarkable. She has no past medical history.

Blood results are as follows:


Hb	95 g/L	Male: (135-180)
Female: (115 - 160)
Platelets	258 * 109/L	(150 - 400)
WBC	8.2 * 109/L	(4.0 - 11.0)
Vitamin B12	460 ng/L	(200 - 900)
Folate	2.9 nmol/L	(> 3.0)
Reticulocytes	5.6 %	(0.5 - 1.5)
Direct antiglobulin test (DAT)	Negative	


Blood film	Marked spherocytosis and polychromasia

What treatment is indicated?","[""Eculizumab"", ""Folic acid"", ""Intravenous immunoglobulin (IVIg)"", ""Splenectomy"", ""Steroids""]",Folic acid,1,"Generally supportive treatment is given in the management of a patient in haemolytic crisis secondary to hereditary spherocytosis. I.e. folic acid, transfusion if symptomatic from anaemia. Steroids are not indicated

The patient has a diagnosis of hereditary spherocytosis as indicated by the marked spherocytosis and negative direct antiglobulin test (DAT). The main differentials of spherocytosis on a blood film are hereditary spherocytosis (HS), and autoimmune haemolytic anaemia (AIHA). The DAT is an important investigation to help decipher the correct diagnosis - it is negative in HS, and positive in AIHA.

The presence of marked reticulocytosis suggests a haemolytic crisis. However, it would be important to compare this to the patient's baseline reticulocyte count since patients with HS will often have chronic reticulocytosis due to low-grade haemolysis of spherocytes.

Folic acid

is correct. Patients with HS have chronic low-grade haemolysis and therefore an increased red cell turnover. Since folic acid is essential for haematopoiesis, all patients with HS should continue on lifelong folic acid replacement. This is even more essential in a haemolytic crisis. Importantly this remains the case even when folic acid levels are normal.

Eculizumab

is incorrect. Eculizumab is a recombinant monoclonal antibody that inhibits terminal complement activation at the C5 protein and thereby reduces complement-mediated cell damage. It is used in paroxysmal nocturnal haemoglobinuria (PNH). This condition is characterised by the triad of chronic complement-mediated haemolysis, thrombosis, and bone marrow failure.

Intravenous immunoglobulin (IVIg)

is incorrect. Indications for IVIG include parvovirus-induced aplastic crisis. However the marked reticulocytosis, in this case, excludes an aplastic crisis which would present with a marked reticulocytopenia.

Splenectomy

is incorrect. Indications for splenectomy in HS include severe symptomatic anaemia, transfusion dependence, or gallstone disease.

Steroids

is incorrect. Steroids are the first-line treatment for AIHA. However, the laboratory features, in this case, are more in keeping with HS due to the presence of a negative DAT."
175,You are reviewing a man who has metastatic small cell lung cancer. He has developed a progressively severe headache over the past week. As part of your differential diagnosis you consider superior vena cava obstruction. What is the most common feature of this condition?,"[""Nasal stuffiness"", ""Visual disturbance"", ""Arm swelling"", ""Facial swelling"", ""Dyspnoea""]",Dyspnoea,4,"SVC obstruction - dyspnoea is the most common symptom

The most common feature of superior vena cava obstruction (SVCO) is

dyspnoea

. SVCO occurs due to the compression or invasion of the superior vena cava, leading to impaired venous return from the head, neck, and upper extremities. This can result in a range of symptoms; however, dyspnoea is the most frequently reported complaint. The underlying mechanism involves increased venous pressure in the thorax, which leads to reduced preload and subsequently decreased cardiac output. Additionally, there may be direct compression of the bronchi or lung parenchyma by the tumour mass.

Nasal stuffiness

can be a symptom of SVCO but it is not as common as dyspnoea. Increased venous pressure in the head and neck can lead to congestion of mucosal tissues within the nasal passages, resulting in stuffiness.

Visual disturbance

is another potential symptom of SVCO but is less frequent compared to dyspnoea. Elevated venous pressure in the head and neck can cause congestion within ocular structures such as retinal veins and optic nerve sheath, leading to visual disturbances.

Arm swelling

can occur in SVCO due to impaired venous drainage from upper extremities; however, this symptom is less common than dyspnoea. The extent of arm swelling varies depending on factors such as collateral circulation development and involvement of subclavian veins.

Lastly,

facial swelling

may also be observed in patients with SVCO but is not as prevalent as dyspnoea. Facial swelling occurs due to increased venous pressure in facial veins causing fluid accumulation within facial tissues."
176,"A 4-year-old boy is admitted after developing a haemarthrosis in his right knee whilst playing in the garden. The following blood results are obtained:


Platelets	220 * 109/l
 
PT	11 secs
APTT	76 secs
 
Factor VIIIc
activity	Normal

What is the most likely diagnosis?","[""Antithrombin III deficiency"", ""Von Willebrand's disease"", ""Antiphospholipid syndrome"", ""Haemophilia A"", ""Haemophilia B""]",Haemophilia B,4,
177,"A 65-year-old woman is referred to haematology with unexplained weight loss tiredness and fevers. On examination she has painless cervical lymphadenopathy. The haematologist suspects follicular lymphoma and organises a lymph node biopsy. Cytogenetics are performed to confirm the diagnosis.

Which translocation is likely to be present?","[""Translocation t(8;14)"", ""Translocation t(9;22)"", ""Translocation t(11;14)"", ""Translocation t(14;18)"", ""Translocation t(15;17)""]",Translocation t(14;18),3,"The t(14;18) translocation causes increased BCL-2 transcription and causes follicular lymphoma

The patient has follicular lymphoma which is characterised by a t(14;18) translocation which increases BCL-2 transcription. Follicular lymphoma is an indolent form of lymphoma but of the low-grade lymphomas, it is the most likely to transform, causing diffuse large B cell lymphoma.

Translocation t(8;14) causes Burkitt's lymphoma (remember that 8 = B).

Translocation t(9;22) causes chronic myeloid leukaemia.

Translocation t(11;14) causes mantle cell lymphoma.

Translocation t(15;17) causes acute promyelocytic lymphoma."
178,"A 62-year-old man presents with fatigue, fever and feeling generally unwell. He completed his first round of chemotherapy five days ago having recently been diagnosed with lung cancer a few months previously.

On examination, the patient is febrile and has evidence of shock, therefore neutropenic sepsis of unknown origin is suspected.

He is moved into the resuscitation area and commenced on urgent broad-spectrum antibiotics as per hospital protocol and IV fluids.

What organisms are the most common cause of this patient's condition?","[""Fungal"", ""Gram-negative, aerobic bacteria"", ""Gram-negative, anaerobic bacteria"", ""Gram-positive, coagulase-negative bacteria"", ""Gram-positive, coagulase-positive bacteria""]","Gram-positive, coagulase-negative bacteria",3,"Coagulase-negative, Gram-positive bacteria such as

Neutropenic sepsis is a medical emergency and requires urgent intervention as clinical deterioration can occur within hours. If suspected, urgent broad-spectrum antibiotics should be provided and must not be delayed whilst awaiting investigation to confirm the diagnosis.

Gram-positive, coagulase-negative bacteria

such as

Staphylococcus epidermidis

are most commonly isolated as the cause of the infection in these patients and therefore antibiotic regimes must cover for these organisms. Commonly found on the skin, patients with immunocompromise are at a higher risk of infection from these organisms.

Although

fungal

infections are more common in immunocompromised patients and rarely occur unless there is some form of immune suppression, they still remain rarer than bacterial infections. Anti-fungal treatment should only be considered if patients do not respond to antibiotic treatment or if there is good evidence to suggest a fungal infection (e.g. positive cultures, previous fungal infection, clinical signs etc).

Gram-negative, aerobic bacteria

including several organisms most commonly Neisseria variants and

Escherichia coli

. Although these infections can occur in immunocompromised patients, and therefore must be covered for, they are less frequent than gram-positive infections.

Gram-negative anaerobic bacteria

are relatively rare organisms to cause sepsis. They commonly make up the mucous membrane flora in most clinical infections and only certain variants such as bacteroides are frequently seen in sepsis.

Gram-positive, coagulase-positive bacteria

include common infections such as

Staphylococcus aureus

. Although a frequent cause of sepsis, especially in immunocompromised patients, they are isolated less often than coagulase-negative variants."
179,"A 25-year-old woman reports that she gets tingling, itching and swelling of her lips within minutes of eating uncooked apple. There is no rash, breathing difficulty or gastrointestinal upset. The symptoms tend to last 1-2 hours before improving after taking an oral antihistamine.

She adds that she is able to eat apple pie without any symptoms.

She has a history of irritable bowel syndrome and hayfever. She is not on any regular medication but takes cetirizine during the summer months.

What is the likely diagnosis?","[""Anaphylactoid reaction"", ""Contact dermatitis"", ""Hereditary angioedema"", ""Mast cell activation syndrome"", ""Oral allergy syndrome""]",Oral allergy syndrome,4,"Itching and tingling of the lips, tongue and mouth are the most common symptoms of oral allergy syndrome

These symptoms are in keeping with oral allergy syndrome (also known as pollen food syndrome). This is due to cross-reactivity of allergens found in both pollen (hence it is seen in people with hayfever) and certain raw fruits and vegetables.

The history of symptoms after ingestion of the raw food, but little or no symptoms after eating the cooked version, is typical. This is due to the denaturation of the allergen protein during the heating process.

Anaphylactoid reactions describe those which produce the same clinical picture as anaphylaxis but are non-IgE mediated. This characteristically occurs with agents such as contrast media, aspirin and non-steroidal anti-inflammatory drugs, which can cause a direct breakdown of the mast cells and basophils without needing previous sensitisation. Meanwhile, oral allergy syndrome is an IgE-mediated condition.

Contact dermatitis is a form of eczema caused by direct contact of a specific allergen with the skin. Common substances include nickel and adhesive plasters, rather than foods. It is mediated by a type 4 (delayed) hypersensitivity reaction and usually occurs 48-72 hours after exposure to the allergen.

Hereditary angioedema is an autosomal dominant disorder that results in recurrent attacks of severe swelling which can occur spontaneously or following minor trauma or stress. It is not triggered by food.

Mast cell activation syndrome is a condition causing recurrent episodes of allergy symptoms such as urticaria, swelling, breathing difficulties, tachycardia and diarrhoea, mediated by the release of mast cell mediators during attacks. It is still a poorly understood condition, but is often idiopathic and not linked to exposure to a particular allergen."
180,Which one of the following causes of primary immunodeficiency is due to a defect in both B-cell and T-cell function?,"[""Common variable immunodeficiency"", ""Chronic granulomatous disease"", ""Wiskott-Aldrich syndrome"", ""Chediak-Higashi syndrome"", ""Di George syndrome""]",Wiskott-Aldrich syndrome,2,"Combined B- and T-cell disorders: SCID WAS ataxic (SCID, Wiskott-Aldrich syndrome, ataxic telangiectasia)

Wiskott-Aldrich syndrome causes primary immunodeficiency due to a combined B- and T-cell dysfunction. It is inherited in a X-linked recessive fashion and is thought to be caused by mutation in the WASP gene. Features include recurrent bacterial infections (e.g. chest), eczema and thrombocytopenia"
181,What is the most useful marker of prognosis in myeloma?,"[""Calcium level"", ""Urine Bence-Jones protein levels"", ""Alkaline phosphotase"", ""ESR"", ""B2-microglobulin""]",B2-microglobulin,4,
182,"A 67-year-old gentleman presents with the blurring of his vision. This was sudden in onset and associated with this was shortness of breath and headache which came on gradually following the blurry vision. His past medical history includes treatment of squamous cell carcinoma of the lung which has failed to shrink despite the chemotherapy. On examination, he is short of breath with bulging veins on his forehead. Fundoscopic examination reveals papilloedema. His face appears swollen. Pemberton sign is positive. You administer oxygen and called for help. What is the next immediate step in managing this?","[""Administer dexamethasone"", ""IM adrenaline"", ""Topical latanoprost"", ""Full blood count"", ""Mannitol""]",Administer dexamethasone,0,"SVC obstruction can cause visual disturbances such as blurred vision

This is superior vena cava obstruction. Due to the malignancy present, the superior vena cava has been compressed by a tumour. This is confirmed by the bulging of the veins on the forehead (back pressure due to compression), the papilloedema which is a sign of raised intracranial pressure and Pemberton sign. This is when you ask a patient to raise their arms until they touch the side of their face. If they develop cyanosis or worsening of their shortness of breath or facial congestion, it is said to be positive. The next best step would be a steroid to dampen the inflammatory response to a tumour and swelling. Then either a stent or radiotherapy/ chemotherapy would be given.

IM adrenaline would be useful if this was anaphylaxis. It would not be appropriate here.

Latanoprost is a treatment for glaucoma. It is a prostaglandin analogue and serves to reduce ocular pressure. This would not be the next immediate treatment in this condition.

A full blood count will be taken, but it is not the main priority.

Mannitol would not be suitable here. It is given to reduce intracranial pressure. However, dexamethasone is more effective."
183,"A 28-year-old woman has 24 hours of severe, colicky abdominal pain with nausea and vomiting. She reports multiple similar episodes in the past, often triggered by stress, during which she experiences symptoms of anxiety and depression.

She has a pulse rate of 110 bpm, blood pressure of 150/93 mmHg, respiratory rate of 20 breaths per minute, oxygen saturation at 98% on room air, and a temperature of 37.0ºC. She has epigastric tenderness without signs of peritonism and mild weakness in her lower limbs. A urine sample turns deep red after collection.

Which investigation is most likely to aid in the diagnosis?","[""Serum porphobilinogen"", ""Serum uroporphyrin"", ""Urinary delta-aminolaevulinic acid"", ""Urinary porphobilinogen"", ""Urinary uroporphyrin""]",Urinary porphobilinogen,3,"Acute intermittent porphyria typically presents with abdominal, neurological and psychiatric symptoms

Urinary porphobilinogen

is correct. Acute abdominal pain, neurologic features (such as lower limb weakness), and psychiatric symptoms (such as anxiety and depression) suggest acute intermittent porphyria (AIP). This patient’s urine turning deep red on standing is a classic feature of AIP due to the presence of urinary porphobilinogen undergoing reactions when exposed to air, forming reddish-brown, deep red pigments. During an acute attack of AIP, urinary porphobilinogen levels are significantly elevated, making this test the most specific and useful for diagnosing AIP during an acute attack.

Serum porphobilinogen

is incorrect as this is not routinely performed for AIP and would likely be less sensitive and specific for AIP during an acute attack. This is because, in AIP, porphobilinogen mainly accumulates in the urine, leading to significantly elevated levels during an acute attack. Hence, urinary tests are more reliable.

Serum uroporphyrin

is incorrect as this is associated with porphyria cutanea tarda (PCT) instead, which leads to elevations due to defects in uroporphyrinogen decarboxylase. PCT typically presents with skin manifestations like photosensitivity and blistering, not with abdominal pain, psychiatric symptoms, and neurological features. In AIP, serum uroporphyrin is usually normal or only mildly elevated, making it an unsuitable test for diagnosing this condition.

Urinary delta-aminolaevulinic acid

(ALA) is incorrect. While urinary ALA levels may also be raised in acute AIP attacks, it is less specific than urinary porphobilinogen. This is because elevated ALA can be seen in other conditions, such as lead poisoning, making it less strongly diagnostic. In AIP, urinary porphobilinogen is the most specific test and should be prioritised for diagnosis during an acute episode.

Urinary uroporphyrin

is incorrect as elevated levels are instead associated with PCT. PCT tends to cause skin manifestations, such as photosensitivity and skin blistering instead of the acute abdominal, neurologic, and psychiatric features seen in this patient. In AIP, urinary uroporphyrin levels are usually normal or only mildly elevated, making it less useful in diagnosis."
184,"A 27-year-old woman presents to the Emergency Department with a sudden onset of swelling of the hands and face. She describes multiple similar episodes over the past few years, but this episode is the most severe. She cannot recall any obvious precipitant. On previous occasions, the symptoms have subsided within thirty minutes but on this occasion they have worsened over the course of an hour. On examination, there is significant swelling of the lips which are dry and shiny. The tongue is not enlarged. There is no stridor and the chest is clear. Respiratory rate is 22 and oxygen saturations are 96% on air. The hands are swollen and slightly erythematous but there is no pain or itching and no lymphadenopathy. Heart rate is 106bpm and blood pressure is 118/79mmHg. Tympanic temperature is 36.7°C. A diagnosis of hereditary angioedema is suspected.

Which one of the following is not implicated in the pathogenesis of hereditary angioedema?","[""C1-esterase inhibitor"", ""Bradykinin"", ""Histamine"", ""Kallikrein"", ""High molecular weight kininogen""]",Histamine,2,"Hereditary angioedema (HAE) is pathophysiologically separate from anaphylaxis and is treated differently. Therapeutic options are: intravenous infusion of human C1-esterase inhibitor or subcutaneous injection of the bradykinin receptor inhibitor icatibant

Hereditary angioedema (HAE) is an autosomal dominantly inherited immune condition characterised by episodic swelling of the extremities, intra-abdominal viscera and mucous membranes. Often attacks are unprecipitated although sometimes exogenous oestrogens in the form of contraception can be traced, as well as exposure to angiotensin-converting enzyme inhibitors. The primary pathophysiological defect is in the complement cascade and deficiencies in factors C4 and C1-esterase inhibitor are seen in type I. In type II HAE C1-esterase inhibitor levels are normal but the enzyme is dysfunctional and activity is low. An acquired form of HAE is described in which all complement levels are low. In type III HAE the clinical features of angioedema are present but immunological testing reveals normal levels and activity of complement factors. Ultimately, failure of C1-esterase inhibitor leads to upregulation of the rest of the complement system and membrane attack complex, but also it leads to activation of the signalling protein kallikrein which acts directly on the vascular wall to increase permeability, and it cleaves high molecular weight kininogen to release bradykinin, again a potent peripheral vasodilator giving rise to the symptoms of HAE.

HAE should be recognised as a separate entity from anaphylaxis since the clinical signs are different, as is the pathophysiology of the condition and its treatment. Anaphylaxis is an IgE mediated immune phenomenon related to a specific allergen causing massive mast cell degranulation and histamine release. HAE is driven by complement dysregulation and consequent release of the inflammatory cytokines bradykinin and kallikrein. Anaphylaxis is characterised by rapidly progressive, itchy, erythematous, oedematous rash, swelling of the lips, tongue and airways with accompanying hypovolaemic hypotension and cardiovascular collapse due to increased tissue permeability. Anaphylaxis is a medical emergency and death can ensue in minutes unless treated properly. HAE in comparison may present recurrently and often with no obvious precipitant. Usually, its course is more insidious with the evolution of symptoms over minutes to hours. Swelling will often only affect an isolated limb and it is not itchy or painful and minimally erythematous. Hypotension is rarely seen and cardiovascular instability is extremely unlikely. HAE can be fatal however if swelling of the upper airways causes obstruction, and in some cases, prophylactic intubation and mechanical ventilation may be appropriate. Since the driving mechanism is not histamine in HAE, steroids and antihistamines are of no value. Where there is no haemodynamic compromise, adrenaline is not warranted and may even worsen the situation due to increased plasma glucose load and risk of capillary rupture.

Knowledge of the cytokine cascade in HAE allows for knowledge of its management. Since the initiating pathophysiological hallmark is a deficiency or reduced effectiveness of C1-esterase inhibitor, exogenous administration of synthetic or reconstituted inhibitor should be effective.

National guidelines released in 2013 recommend treatment of episodes of HAE with the administration of reconstituted human C1-esterase inhibitor. In the UK two brands are available; either Cinryze which is dosed at 1000 unit administration or Berinert at 20 units/kg. Both are administered as slow intravenous infusions. Interestingly, a good clinical response is often seen to these drugs even in HAE type III where C1-esterase levels are normal.

An alternative to exogenous C1-esterase inhibitor is icatibant which is a specific antagonist at B2 bradykinin receptors in vascular smooth muscle. The 30mg dose may be repeated up to three times in 24 hours but a rapid resolution of symptoms is often seen.  Many patients with HAE are supplied with their own icatibant autoinjectors for use in the pre-hospital setting at the onset of symptoms.

Ecallantide is a selective inactivator of the cytokine kallikrein. It is highly effective in the treatment of HAE in the United States but has no European licence at this current time."
185,A 54-year-old man who is about to start chemotherapy for a high-grade lymphoma is given intravenous rasburicase to help lower the risk of tumour lysis syndrome. What is the mechanism of action of this drug?,"[""Inhibits urate oxidase"", ""Converts uric acid to allantoin"", ""Inhibits xanthine oxidase"", ""Converts uric acid to hypoxanthine"", ""Guanylic oxidase inhibitor""]",Converts uric acid to allantoin,1,"Rasburicase - a recombinant version of urate oxidase, an enzyme that metabolizes uric acid to allantoin

The correct answer is that rasburicase

converts uric acid to allantoin

. Rasburicase is a recombinant urate oxidase enzyme which catalyses the oxidation of uric acid to allantoin, a compound that is five to ten times more soluble than uric acid. This significantly reduces the risk of tumour lysis syndrome (TLS), a potentially fatal complication of chemotherapy in patients with high-grade lymphomas and other malignancies with high cell turnover rates. TLS results from the rapid release of cellular contents into the bloodstream following the death of cancer cells, leading to hyperuricaemia, hyperkalaemia, hyperphosphataemia and hypocalcaemia.

The first incorrect option suggests that rasburicase

inhibits urate oxidase

. This is not accurate because rasburicase itself is a form of urate oxidase and does not inhibit it.

Secondly, the suggestion that this drug

inhibits xanthine oxidase

is also incorrect. Xanthine oxidase inhibitors such as allopurinol or febuxostat are used in gout management to reduce the production of uric acid by inhibiting xanthine oxidase - an enzyme involved in purine metabolism. However, they do not have the same rapid effect on existing serum urate levels as rasburicase.

The third incorrect option states that rasburicase

converts uric acid to hypoxanthine

. Hypoxanthine is actually a precursor to uric acid in purine metabolism pathway and it's converted into xanthine and then into uric acid by xanthine oxidase, so this statement contradicts the function of rasburicase.

Lastly, stating that rasburicase acts as a

guanylic oxidase inhibitor

is also false. Guanylic oxidases are enzymes involved in guanine nucleotide metabolism but are not related to the mechanism of action of rasburicase."
186,"A 17-year-old man presents with shortness of breath, a cough productive of green sputum, and right-sided pleuritic chest pain. A chest x-ray demonstrates right-sided pneumonia. This is the third episode of pneumonia in the last 12 months.

Blood results are as follows:


Hb	145 g/L	Male: (135-180)
Female: (115 - 160)
Platelets	225 * 109/L	(150 - 400)
WBC	14.6 * 109/L	(4.0 - 11.0)
Neuts	9.1 * 109/L	(2.0 - 7.0)
Lymphs	5.2 * 109/L	(1.0 - 3.5)
Mono	0.2 * 109/L	(0.2 - 0.8)
Eosin	0.1 * 109/L	(0.0 - 0.4)


IgG	2.2 g/L	(6-16)
IgM	0.1 g/L	(0.4 - 2.5)
IgA	0.1 g/L	(0.8 - 3.0)

What is the most likely diagnosis?","[""Chediak-Higashi syndrome"", ""Chronic granulomatous disease"", ""Chronic lymphocytic leukaemia"", ""Common variable immunodeficiency"", ""Severe combined immunodeficiency""]",Common variable immunodeficiency,3,"Common variable immunodeficiency -  low antibody levels, specifically in immunoglobulin types IgG, IgM and IgA. → recurrent chest and other infections

The history of recurrent chest infections and severe hypogammaglobulinaemia is suggestive of

common variable immunodeficiency

. This condition may also predispose to autoimmune disorders and lymphoma.

Although

chronic lymphocytic leukaemia (CLL)

can result in acquired hypogammaglobulinaemia, it would be an extremely unlikely diagnosis in a patient of this age. It would be wrong to assume that the mild lymphocytosis suggests CLL since a reactive lymphocytosis can occur in bacterial infections (although is more commonly associated with viral infections).

Chediak-Higashi syndrome

and

chronic granulomatous disease

are disorders associated with neutrophil dysfunction predisposing to recurrent bacterial infections. They are not associated with hypogammaglobulinaemia favouring the diagnosis of common variable immunodeficiency in this case.

Severe combined immunodeficiency (SCID)

is a serious primary immunodeficiency disease in which there is a combined absence of T lymphocyte and B lymphocyte function. B cell depletion can result in hypogammaglobulinaemia. The lymphocytosis seen in this clinical case make this an extremely unlikely diagnosis since SCID is associated with lymphopenia."
187,"A 22-year-old man with sickle cell anaemia presents with pallor, lethargy and a headache. Blood results are as follows:


Hb	4.6 g/dl
Reticulocytes	3%

Infection with a parvovirus is suspected. What is the likely diagnosis?","[""Thrombotic crisis"", ""Sequestration crisis"", ""Transformation to myelodysplasia"", ""Haemolytic crisis"", ""Aplastic crisis""]",Aplastic crisis,4,
188,"A 34-year-old woman presents with shortness of breath. She initially presented to the dentist with a toothache and was found to have significant dental caries involving her left molar. Her dentist administered some local anaesthetic and she became significantly short of breath following this. Following this, she was transferred to the hospital for further investigation.

Physical examination shows a blue tinge to her lips. Oxygen saturations were sitting at 80% on room air and her respiratory rate was 28 breaths/minute. Chest examination was unremarkable. She was placed on 15L oxygen via a non-rebreather mask and her oxygen saturation fails to improve past 86%. She denied any numbness or tingling throughout her body.

Arterial blood gas (ABG) was obtained on 15L oxygen and the results were:


pH	7.39	7.35-7.45
pO2	26 kPa	11-13 kPa
pCO2	4.2 kPa	4.7 - 6.0kPa
HCO3	24mmol/L	22-26
BE	-1	-2 - +2

Given the likely diagnosis, which of the following treatment is indicated?","[""Ascorbic acid"", ""Dicobalt edetate"", ""Hydroxycobalamin"", ""Methylthioninium chloride"", ""Lipid emulsion therapy""]",Methylthioninium chloride,3,"Normal pO2 but decreased oxygen saturation is characteristic of methaemoglobinaemia

The occurrence of shortness of breath and headaches in conjunction with discordance between the peripheral oxygen saturation and pO2 of oxygen on the blood gas suggests methaemoglobinaemia. Common local anaesthetics like lidocaine can precipitate methaemoglobinaemia. Acquired methaemoglobinaemia is treated using methylthioninium chloride, also known as methylene blue.

Lipid emulsion therapy is used in the treatment of lidocaine toxicity. Lidocaine toxicity is not likely in this case as this will typically present with neurological symptoms including numbness, tingling, vertigo and seizures. None of the symptoms are seen in this case.

Ascorbic acid is used in the management of congenital methaemoglobinaemia.

Dicobalt edetate and hydroxocobalamin are both treatments for cyanide poisoning and will not help in this case. This is not the case here as cyanide poisoning tends to cause raised peripheral oxygen saturations with low circulating pO2 along with a cherry-red hue on the skin."
189,You are arranging a blood transfusion for a patient who has been admitted with an upper gastrointestinal haemorrhage as their haemoglobin is 59 g/l. They are concerned about the risks of contracting diseases from the transfusion and ask specifically about the risk of variant Creutzfeldt-Jakob Disease (vCJD) transmission. What is the most appropriate advice with respect to vCJD?,"[""There was never any risk of vCJD being transmitted via blood transfusion"", ""There had previously been a small risk of vCJD transmission but the risk has now been eliminated through screening"", ""Measures are taken to reduce the risk of vCJD transmission but there remains a very small risk of transmission"", ""There is a significant chance of vCJD transmission to patients who are between the ages of 40-60 years"", ""There is a significant chance of vCJD transmission to patients who are between the ages of 60-90 years""]",Measures are taken to reduce the risk of vCJD transmission but there remains a very small risk of transmission,2,
190,"A 59-year-old female patient presents with headache, lethargy, and a purpuric rash on her shins.


Hb	89 g/l
Platelets	68 * 109/l
WBC	2.6 * 109/l
Protein Electrophoresis	paraprotein 2g/L
Immunoprotein Electrophoresis	monoclonal IgM
C4	low limit of normal
Rheumatoid Factor	elevated

What is the most likely diagnosis?","[""Hepatitis C infection"", ""Rheumatoid arthritis"", ""Sjogren syndrome"", ""Waldenstrom's macroglobulinaemia"", ""Monoclonal gammopathy of unclear significance""]",Waldenstrom's macroglobulinaemia,3,
191,"A patient with a newly diagnosed high grade B cell lymphoma begins chemotherapy treatment.

On day 2 his bloods are as shown in the table below:


Na+	135 mmol/L	(135 - 145)
K+	6.3 mmol/L	(3.5 - 5.0)
Urea	8.8 mmol/L	(2.0 - 7.0)
Creatinine	180 µmol/L	(55 - 120)

What is the best management option for this patient?","[""Allopurinol IV"", ""Allopurinol IV and rasburicase"", ""Allopurinol, rasburicase and IV fluids"", ""IV fluids"", ""Rasburicase and IV fluids""]",Rasburicase and IV fluids,4,"Rasburicase and allopurinol should not be given together in the management of tumour lysis syndrome as this reduces the effect of rasburicase

Rasburicase is the preferred treatment choice for patients at high risk of tumour lysis syndrome. Rasburicase is a recombinant form of urate oxidase which catalyzes the oxidation of existing uric acid to allantoin. Allantoin is more soluble than uric acid and is therefore excreted in the kidneys. Allopurinol stops new uric acid being made by blocking the conversion of xanthines to uric acid. If less uric acid is made, this will reduce the substrate available for rasburicase to work. They should not be given together.

All patients undergo a risk assessment prior to chemotherapy and they are given IV fluids, allopurinol or rasburicase depending on their risk assessment."
192,"Maggie is a 72-year-old female with non-Hodgkin's lymphoma, admitted to hospital for her third cycle of chemotherapy. Her current observations are blood pressure 125/80mmHg, pulse 70/min, respiratory rate 14/min, and temperature 36.5ºC. During her second cycle of chemotherapy six weeks ago, she had an episode of neutropenia (neutrophils 0.4 x 109/L). Her current bloods are shown below.


Hb	120 g/L	Male: (135-180)
Female: (115 - 160)
Platelets	160 * 109/L	(150 - 400)
WBC	4.5 * 109/L	(4.0 - 11.0)
Neuts	0.8 * 109/L	(2.0 - 7.0)

Which of the following options may be appropriate to treat Maggie's neutropenia?","[""Bone marrow transplant"", ""Filgrastim"", ""Fluoroquinolone"", ""Intravenous immunoglobulin (IVIG)"", ""Piperacillin with tazobactam""]",Filgrastim,1,"Filgrastim is a granulocyte-colony stimulating factor used to treat neutropenia

Filgrastim is a granulocyte-colony stimulating factor (G-CSF) used to treat neutropenia in select cases. Maggie is high risk for neutropenia, as she is elderly, with a previous episode of neutropenia, and has a high-risk malignancy. Therefore, it may be appropriate to treat her with G-CSF.

G-CSF is not needed in all types of chemotherapy and is not routinely used unless there is a specific reason, usually in patients at high risk of neutropenia (>20% risk of developing febrile neutropenia).

Examples of patients at high risk of febrile neutropenia include:

The elderly
Those with specific malignancies (e.g. non-Hodgkin's lymphoma, acute lymphoblastic leukaemia)
Previous neutropenic episodes
Those receiving combination chemotherapy and radiation therapy

Before each cycle of chemotherapy, a patient's neutrophil count is checked. If neutropenia is present, there is an increased risk of developing an infection or more severely, neutropenic sepsis. Treatment with G-CSF is considered in these patients as it helps the neutrophil count recover quicker. Therefore, it can be used to reduce the risk of developing neutropenic sepsis, or to prevent delays or dose reductions in the chemotherapy regime.

It seems that G-CSF tends to be used mostly in scenarios where a large benefit is expected. The

largest

benefit of G-CSF is expected with chemotherapy regimes that are given particularly with the intent to cure or prolong remission, or when there is a risk of febrile neutropenia >40%. Examples of this include chemotherapy regimens for patients with non-Hodgkin's lymphoma (as seen with the patient above), relapsed Hodgkin's lymphoma, germ cell tumours and acute lymphoblastic leukaemia (ALL). G-CSF can also be considered for patients undergoing myeloablative therapy followed by bone marrow transplantation, or in patients with a severe congenital, cyclic, or idiopathic neutropenia. Currently, G-CSF is not recommended for patients with myeloid malignancies, as the data is showing that it may in fact

stimulate

some of these cancers. Thankfully, G-CSF is well tolerated by most patients and therefore generally the benefits outweigh the risks. For most patients, the only significant side effect is bone pain, which occurs in approximately 15-20% of patients.

Bone marrow transplants are not used in the management of neutropenia.

Fluoroquinolones are used as antibiotic prophylaxis in patients with predicted chemotherapy induced neutropenia. The NICE guidelines suggest that for adult patients (>18 years old) with acute leukaemias, stem cell transplants or solid tumours in whom significant neutropenia is an anticipated chemotherapy consequence, fluoroquinolone can be used as prophylaxis.

Intravenous immunoglobulin is not used in the management of chemotherapy induced neutropenia.

Piperacillin with tazobactam is used in the management of febrile neutropenia."
193,"A 67-year-old man presents to the haematology clinic with a 3-month history of painless, progressive cervical lymphadenopathy and mild fatigue. He denies fever or night sweats. Excisional lymph node biopsy confirms a low-grade B-cell lymphoma. Cytogenetic analysis reveals a t(14;18)(q32;q21) translocation. Which is the most likely diagnosis?","[""Follicular lymphoma"", ""Mantle cell lymphoma"", ""Burkitt lymphoma"", ""Diffuse large B-cell lymphoma"", ""Chronic lymphocytic leukaemia""]",Follicular lymphoma,0,"Follicular lymphoma is characterised by a t(14:18) translocation

Follicular lymphoma

is characterised by the t(14;18) translocation, which leads to overexpression of the BCL-2 gene and inhibits apoptosis in B-cells. This cytogenetic abnormality is highly specific for follicular lymphoma, a common low-grade non-Hodgkin’s lymphoma typically presenting in older adults with indolent, painless lymphadenopathy and few constitutional symptoms. Recognition of this genetic hallmark helps distinguish follicular lymphoma from other subtypes and guides management.

Mantle cell lymphoma

is associated with the t(11;14) translocation involving cyclin D1 (CCND1), not t(14;18). It usually affects older patients but often presents more aggressively than follicular lymphoma, sometimes with splenomegaly or gastrointestinal involvement.

Burkitt lymphoma

characteristically harbours a t(8;14) translocation involving c-MYC. It has a high proliferative rate and tends to present acutely with rapidly enlarging masses, often abdominally or in the jaw (endemic type), unlike the indolent presentation described here.

Diffuse large B-cell lymphoma

is an aggressive subtype that can arise de novo or from transformation of lower grade lymphomas such as follicular. While it may rarely have various cytogenetic changes, it is not defined by t(14;18); its clinical course is also typically more acute.

Chronic lymphocytic leukaemia

(CLL) generally presents with peripheral blood lymphocytosis and may cause lymphadenopathy, but it does not feature the t(14;18) translocation. The most common cytogenetic abnormalities in CLL involve deletions at 13q or trisomy 12."
194,"A 46-year-old woman presents to her GP with a 2-month history of increasing tiredness and fatigue. She has also noticed that she has been getting more short of breath recently. Her past medical history includes two urinary tract infections in the past year and lower back pain for which she takes paracetamol. She does not take any other medications. On examination, she is pale. The GP orders some baseline blood tests:



Hb	101 g/l	(115-165 g/L)
MCV	88.1 fL	(80-100 fL)
Platelets	129 * 109/l	(140-400 * 109/l)
ESR	114 mm/h	(3-9 mm/h)
WBC	3.2 * 109/l	(4.0-11.0 * 109/l)


Na+	137 mmol/l	(135-145mmol/l)
K+	4.9 mmol/l	(3.5-5mmol/l)
Urea	10 mmol/l	(2.5-6.7mmol/l)
Creatinine	108 µmol/l	(45-90µmol/l)
eGFR	50 ml/min/1.73m2	(>90 ml/min/1.73m2)
Ca2+	2.9 mmol/L	(2.12-2.65mmol/L)

What is the next most appropriate investigation?","[""Renal ultrasound scan"", ""Cervical lymph node biopsy"", ""PTH levels"", ""CT KUB"", ""Serum electrophoresis""]",Serum electrophoresis,4,"'CRAB' features of multiple myeloma = hyperCalcaemia, Renal failure, Anaemia (and thrombocytopenia) and Bone fractures/lytic lesions

The combination of the history, examination findings and blood test results point towards a diagnosis of multiple myeloma. This patient is demonstrating evidence of all four features of multiple myeloma:

C - hypercalcaemia
R - renal insufficiency (suggested by the U&Es and complicated by the recurrent UTIs - patients are susceptible to infections as the production of antibodies by normal plasma cells is impaired)
A - this patient is short of breath due to her anaemia (and the FBC shows evidence of pancytopenia - typically due to plasma cells infiltrating the bone marrow)
B - bone pain (albeit subtle in the form of a vague history of lower back pain)

The immunoglobulin produced by dysplastic plasma cells shows up as a monoclonal band on serum electrophoresis.

Renal ultrasound scan will not aid diagnosis of multiple myeloma.

Cervical lymph node biopsy may be helpful in lymphoma but not myeloma (a bone marrow biopsy would be more helpful in multiple myeloma).

PTH levels can help identify the cause of hypercalcaemia but this patient has enough features suggestive of multiple myeloma to justify investigating for myeloma first.

CT scan of the kidneys, ureters and bladder is unlikely to be helpful in identifying multiple myeloma (although whole-body CT scanning is often used to detect osteolytic lesions)."
195,"A 17-year-old boy is taken to hospital following tongue swelling and wheezing after eating a kiwi. His symptoms resolved following IM adrenaline administered by the paramedic team. Bloods are taken on arrival to the emergency department.

What would you expect to see on his blood results?","[""Elevated serum LDH which peaks at one hour"", ""Elevated serum prolactin which peaks at 6 hours"", ""Elevated serum prolactin which peaks at one hour"", ""Elevated serum tryptase which peaks at 6 hours"", ""Elevated serum tryptase which peaks at one hour""]",Elevated serum tryptase which peaks at one hour,4,"Anaphylaxis - serum tryptase levels rise following an acute episode

The single best answer is

elevated serum tryptase which peaks at one hour

.

This patient has suffered an anaphylactic reaction triggered by a kiwi fruit.

Serum tryptase levels are acutely elevated following anaphylaxis and usually peak within an hour,

returning to baseline 12-24 hours following the reaction depending on the height of the increase. Tryptase is a mast cell-specific protease released during mast cell degranulation, which occurs during an allergic reaction such as anaphylaxis. This test is useful to support the clinical diagnosis of anaphylaxis, particularly if the diagnosis is unclear.

Serum tryptase levels typically correlate with the severity of the reaction. It is advised to take serial timed samples measuring serum tryptase as soon as possible after emergency treatment (ideally within 1 hour of the reaction) and a second sample 1-2 hours (and no later than 4 hours) following the reaction. A future sample more than 24 hours following the resolution of all signs and symptoms to establish baseline levels may also be helpful, particularly in cases where the diagnosis is uncertain.

The other option listed,

prolactin,

is not typically associated with allergic reactions or anaphylaxis."
196,"Of the following options, which one is the best diagnostic test for paroxysmal nocturnal haemoglobinuria?","[""Osmotic fragility test"", ""FMC-7 staining"", ""PAS staining of erythrocytes"", ""Flow cytometry for CD59 and CD55"", ""Immunophenotyping for CD19 and CD20""]",Flow cytometry for CD59 and CD55,3,"Flow cytometry for CD59 and CD55 is the gold standard test for paroxysmal nocturnal haemoglobinuria

Flow cytometry of blood to detect low levels of CD59 and CD55 has now replaced Ham's test as the gold standard investigation in paroxysmal nocturnal haemoglobinuria"
197,What is the underlying problem in methaemoglobinaemia?,"[""The oxidation of Fe2+ in haemoglobin to Fe3+"", ""The reduction of Fe2+ in haemoglobin to Fe+"", ""The oxidation of Fe3+ in haemoglobin to Fe2+"", ""The reduction of Fe2+ in haemoglobin to Fe3+"", ""The reduction of Fe3+ in haemoglobin to Fe2+""]",The oxidation of Fe2+ in haemoglobin to Fe3+,0,"Methaemoglobinaemia = oxidation of Fe2+ in haemoglobin to Fe3+

The correct answer to this question is

The oxidation of Fe2+ in haemoglobin to Fe3+

. Methaemoglobinaemia is a disorder characterised by an elevated level of methaemoglobin (MetHb) in the blood. Methaemoglobin is formed when the ferrous ions (Fe2+) in the haem group of haemoglobin are oxidised to ferric ions (Fe3+). This prevents the normal transport and delivery of oxygen to tissues, causing cyanosis and other symptoms associated with hypoxia.

The reduction of Fe2+ in haemoglobin to Fe+

is incorrect because it describes a reaction that does not occur in human physiology. Haemoglobin contains iron in either the Fe2+ or Fe3+ state; there is no known biological role for iron in its +1 oxidation state (Fe+).

The oxidation of Fe3+ in haemoglobin to Fe2+

also represents an incorrect answer. In fact, this process describes the reverse reaction that would be required to convert methaemoglobin back into functional, oxygen-carrying haemoglobin. It's worth mentioning that our bodies have natural mechanisms for reducing methaemoglobin back into haemoglobin via enzymes such as cytochrome b5 reductase.

The reduction of Fe2+ in haemoglobin to Fe3+

is essentially describing the same process as the correct answer but using different terminology. However, this option is technically incorrect as it implies a reduction reaction (gain of electrons), whereas what actually occurs during methaemoglobinaemia is an oxidation reaction (loss of electrons).

Lastly,

The reduction of Fe3+ in haemoglobin to Fe2+

is not correct as it describes the conversion from methaemoglobin back into normal functioning haemoglobin rather than the underlying problem causing methaemoglobinaemia. As previously mentioned, this process occurs naturally within our bodies through enzymatic action and helps maintain low levels of methaemoglobin under normal physiological conditions."
198,"A 58-year-old man presents to the clinic with a blurring of vision and difficulty swallowing for the past 3 months. His symptoms worsen at the end of the day. He also reports long-standing occasional breathing difficulty and takes a salbutamol inhaler. He denies eye pain or double vision. He smokes 10 cigarettes daily.

Pupils are 3mm, and reactive to light, without ptosis or ophthalmoplegia. Chest examination reveals scattered rhonchi.

Nerve conduction studies show a decrement with repetitive nerve stimulation testing.

What is the most appropriate next step in the management of this patient?","[""CSF analysis"", ""CT scan of the chest"", ""Cerebral angiogram"", ""Edrophonium (Tensilon) test"", ""MRI of brain""]",CT scan of the chest,1,"Anterior mediastinal mass + symptoms of myasthenia = thymoma

The most likely diagnosis is myasthenia gravis (MG), evidenced by the dysphagia and visual symptoms with diurnal variation, coupled with positive nerve conduction studies. Thymoma plays an important role in the pathogenesis of MG. Most patients with MG and autoantibodies have thymic abnormalities in the form of thymic hyperplasia or thymoma. Therefore, patients with myasthenia gravis should have a

CT scan or MRI of the chest

and mediastinum.

CSF analysis

would not help in the diagnosis of myasthenia gravis. It may be useful in the diagnosis of Guillain-Barre syndrome (GBS) if there is raised protein level with normal cell count, and in the diagnosis of multiple sclerosis if CSF shows oligoclonal bands.

A

cerebral angiogram

may be considered in patients with ischemic stroke; however, cerebrovascular disease is unlikely in this young patient with fluctuating diplopia, fatigable weakness, and characteristic NCS findings.

During the

tensilon test

, tensilon, an acetylcholinesterase inhibitor, is administered intravenously and has been used in the diagnosis of MG but this is less common now as it can result in life-threatening cardiac arrhythmias.

MG is an autoimmune disorder characterized by antibodies directed at proteins in the post-synaptic membrane of the neuromuscular junction (acetylcholine receptors and/or receptor-associated proteins). It does not affect the cerebral cortex, hence

MRI of the brain

is unnecessary at this point. It can be considered in patients with diplopia to evaluate central nervous system disorders such as tumours, strokes or demyelinating disorders. Multiple sclerosis is a demyelinating disorder of young adults with a relapsing and remitting pattern. However, fatigable weakness and characteristic nerve conduction studies make the diagnosis of MG more likely."
199,A 67-year-old woman is reviewed 6 months after she had a mastectomy following a diagnosis of breast cancer. Which one of the following tumour markers is most useful in monitoring her disease?,"[""CA 125"", ""CD 34"", ""CA 15-3"", ""CA 19-9"", ""CD 117""]",CA 15-3,2,"CA 15-3 is a tumour marker in breast cancers

The correct answer is

CA 15-3

. This is a tumour marker that is commonly used in the monitoring of breast cancer. It is elevated in many patients with metastatic breast cancer and can provide useful information about disease progression or regression during treatment. However, it should not be used alone for monitoring as its sensitivity and specificity are not high enough.

CA 125

is primarily associated with ovarian cancer, although it can also be elevated in other malignancies such as endometrial, pancreatic and lung cancers. It is not typically used to monitor breast cancer.

CD 34

is a cluster of differentiation molecule expressed on the surface of hematopoietic stem cells and vascular endothelial cells. It's not a tumour marker and thus wouldn't be relevant for monitoring this patient's condition.

CA 19-9

, while it can occasionally be elevated in other types of malignancies, is primarily used as a tumour marker for pancreatic cancer. Therefore, it would not typically be employed in the monitoring of breast cancer.

Finally,

CD 117

(also known as c-KIT) is a protein that can be found on the surface of certain types of cells including mast cells and melanocytes but it's not typically monitored in cases of breast cancer. Instead, CD117 positivity could indicate gastrointestinal stromal tumours (GISTs) or certain types of leukaemia among others."
200,You are the haematology registrar. A 42-year-old lady has been referred by her GP with a persistently elevated platelet count. It was incidentally found on a blood test originally six months ago at 632 x10^9/L. The latest reading was 848 x10^9/L which was the highest it has been yet. She is otherwise well but does suffer with regular headaches which she takes simple analgesia for. You suspect a diagnosis of essential thrombocytosis and arrange a JAK-2 test which is negative (including an exon 12 test). Which is the most likely other gene mutation responsible for this condition?,"[""BCR-ABL"", ""MPL"", ""CMYC"", ""Platelet factor 4"", ""CALR""]",CALR,4,
201,"Regarding the Ann-Arbor classification of Hodgkin's lymphoma, which one of the following would be staged as IIIB?","[""Nodes on both sides of diaphragm with pruritus"", ""Two or more lymph nodes on the same side of the diaphragm with pruritus"", ""Nodes on both sides of diaphragm with night sweats"", ""Two or more lymph nodes on the same side of the diaphragm with night sweats"", ""Two or more lymph nodes on the same side of the diaphragm with no systemic symptoms""]",Nodes on both sides of diaphragm with night sweats,2,
202,"A 68-year-old woman presents to the respiratory clinic with a 3-month history of persistent dry cough and progressive dyspnoea. She has never smoked. Chest X-ray shows a 3 cm peripheral opacity in the right upper lobe. CT thorax confirms a spiculated mass with no mediastinal lymphadenopathy. A CT-guided biopsy is performed.

What is the most likely histological diagnosis?","[""Adenocarcinoma"", ""Carcinoid tumour"", ""Large cell carcinoma"", ""Small cell carcinoma"", ""Squamous cell carcinoma""]",Adenocarcinoma,0,"Lung adenocarcinoma

Adenocarcinoma

is the correct diagnosis in this case. The clinical scenario describes a never-smoker with a peripheral lung lesion, which are both characteristic features of lung adenocarcinoma. Adenocarcinoma is the most common type of lung cancer in non-smokers, although it should be noted that the majority of patients who develop lung adenocarcinoma are still smokers. Adenocarcinomas typically present as peripheral lesions, often with a spiculated appearance on imaging as described in this case. The patient's symptoms of dry cough and progressive dyspnoea are consistent with a peripheral lung lesion that may be irritating airways or causing local parenchymal changes. The absence of mediastinal lymphadenopathy suggests the disease may be at an earlier stage.

Carcinoid tumour

is incorrect. While carcinoid tumours can occur in the lung and may present with cough, they are much less common than adenocarcinoma. Carcinoid tumours typically affect younger patients (40-50 years) and may present with carcinoid syndrome (flushing, diarrhoea, wheezing) if metastatic. They are usually well-defined, round or oval masses on imaging rather than spiculated, and are often more centrally located.

Large cell carcinoma

is incorrect. Although large cell carcinomas can present as peripheral lesions, they are typically anaplastic, poorly differentiated tumours with a poor prognosis. They are strongly associated with smoking history, which this patient does not have. Large cell carcinomas may secrete β-hCG and are less common than adenocarcinoma.

Small cell carcinoma

is incorrect. Small cell lung cancer (SCLC) typically presents as a central mass with early mediastinal spread. It is strongly associated with smoking, with over 95% of cases occurring in smokers. SCLC is often associated with paraneoplastic syndromes such as SIADH or Cushing's syndrome. The peripheral location and non-smoking history make SCLC unlikely in this case.

Squamous cell carcinoma

is incorrect. Squamous cell carcinomas typically present as central lesions, often with cavitation, and are strongly associated with smoking. They can cause hypercalcaemia due to parathyroid hormone-related protein (PTHrP) secretion and are frequently associated with finger clubbing and hypertrophic pulmonary osteoarthropathy. The peripheral location and non-smoking history make squamous cell carcinoma an unlikely diagnosis in this scenario."
203,"A 22-year-old woman presents with widespread bruising and bleeding gums. She also complains of increasing lethargy over the last week.

Blood results are as follows:


Hb	96 g/L	Male: (135-180)
Female: (115 - 160)
Platelets	28 * 109/L	(150 - 400)
WBC	1.4 * 109/L	(4.0 - 11.0)
Neuts	0.1 * 109/L	(2.0 - 7.0)


Prothrombin time (PT)	28 secs	(10-14 secs)
Activated partial thromboplastin time (APTT)	64 secs	(25-35 secs)
Fibrinogen	0.6 g/L	(2 - 4)
D-Dimer	80,640 ng/mL	(< 400)

A CT scan is performed:


CT head	Right-sided intracerebral haemorrhage

What mutation would be expected on genetic analysis?","[""t(11,14)"", ""t(14,18)"", ""t(15;17)"", ""t(8,14)"", ""t(9,22)""]",t(15;17),2,"Acute promyelocytic leukaemia - t(15;17)

t(15;17)

is correct. The presence of pancytopenia with DIC should immediately alert you to the possibility of acute promyelocytic leukaemia (APML). Acute promyelocytic leukaemia is characterised by t(15;17), which results in the fusion of the promyelocytic leukaemia (PML) gene at 15q22 with the retinoic acid α-receptor (RARA) gene at 17q21. It is a haematological emergency which requires prompt diagnosis and treatment.

t(11,14)

is incorrect. This translocation is associated with mantle cell lymphoma. Mantle cell lymphoma generally presents with lymphadenopathy and B-symptoms. Bowel involvement is also common (e.g. GI bleeding). Whilst pancytopenia can occur due to marrow infiltration, the presence of a profound coagulopathy, and the absence of B-symptoms and lymphadenopathy favours the diagnosis of APML.

t(14,18)

is incorrect. This translocation is associated with follicular lymphoma. Follicular lymphoma is a low-grade B-cell lymphoma which presents with lymphadenopathy and B symptoms. Whilst pancytopenia can occur due to marrow infiltration, the presence of a profound coagulopathy, and the absence of B-symptoms and lymphadenopathy favours the diagnosis of APML.

t(8,14)

is incorrect. This translocation is associated with Burkitt's lymphoma.  Burkitts's lymphoma is an aggressive high-grade B-cell lymphoma which presents with rapidly enlarging lymphadenopathy and B-symptoms. Bowel involvement is also common (e.g. GI bleeding and obstruction).  The absence of B-symptoms and lymphadenopathy favours the diagnosis of APML.

t(9,22)

is incorrect. This translocation is associated with chronic myeloid leukaemia. This condition is a type of myeloproliferative disorder which would present with leukocytosis and thrombocytosis. The absence of leukocytosis and thrombocytosis favours the diagnosis of APML."
204,"A 28-year-old male presents to the emergency department with increasing shortness of breath, nausea, and a frontal headache. He reports he has recently been reviewed in the gastroenterology clinic and started on a medication for a chronic condition, although he cannot remember its name.

On examination, the patient appears very dyspnoeic, with saturations of 80% on air, but good air entry throughout the lungs and no added sounds on auscultation.

Arterial blood gas sampling shows the following:


	Patient's results	Reference ranges
pH	7.35	7.35-7.45 nmol/L
pC02	3.8	4.4-5.9 kPa
pO2	14.0	10.0-14.0 kPa
HCO3	26	22-28 mmol/L
Lac	4	<2 mmol/L

What is the most likely medication the patient has been started on?","[""Azathioprine"", ""Dapsone"", ""Glucocorticoids"", ""Mercaptopurine"", ""Metformin""]",Dapsone,1,"Dapsone + dyspnoea → methaemoglobinaemia

Dapsone is correct as the patient presenting with the typical methaemoglobinaemia presentation of respiratory distress and decreased oxygen saturations despite a normal pO2 on blood gas and respiratory examination. The patient has likely been diagnosed with coeliac disease and started on dapsone for related skin issues, such as dermatitis herpetiformis.

Azathioprine is incorrect as the side effects of this drug would not explain the patient's presentation. Azathioprine can cause bone marrow suppression, hypersensitivity and acute pancreatitis. These do not match the patient's presentation of dyspnoea with decreased saturations but a normal pO2.

Glucocorticoids can cause immune suppression, but this does not explain the patient's presentation. There is no clear evidence of infection, and if an infection was causing the low saturations it would likely be matched by a low pO2 on arterial blood gas.

The side effects of mercaptopurine include bone marrow suppression and liver toxicity. There is no clear evidence of infection or liver impairment in this patient.

Metformin is incorrect as although it can cause lactic acidosis resulting in renal and liver failure this would not explain the patient's findings of decreased saturation with a normal pO2 on arterial blood gas."
205,"A 24-year-old male presented with a one-week history of episodic severe abdominal pain associated with vomiting 4 to 5 times a day and dark red urine. He then suddenly developed rapidly progressive weakness in all four limbs for 3 days before being hospitalised.

Given the likely diagnosis, which of the following urinary tests would be raised?","[""Urinary delta-aminolevulinic acid"", ""Urinary coproporphyrin"", ""Urinary hydroxyproline"", ""Urinary porphobilinogen"", ""Urinary uroporphyrin""]",Urinary porphobilinogen,3,"In acute intermittent porphyria, urinary porphobilinogen is typically raised

Acute intermittent porphyria (AIP) is a rare metabolic disorder that is characterised by partial deficiency of the enzyme porphobilinogen deaminase. This enzyme deficiency can result in the accumulation of porphyrin precursors in the body. Measuring the levels of the porphyrin precursor porphobilinogen in urine is essential to confirm a diagnosis of acute porphyria. Acute attacks are always associated with increased production and excretion of porphobilinogen.

Urinary coproporphyrin I excretion is increased in patients with Dubin-Johnson syndrome to a greater degree than in patients with other hepatobiliary disorders. This is therefore the incorrect answer in this case.

Urinary hydroxyproline provides an adequate bone marker and in situations where there are very high rates of bone turnover, such as in Paget's disease of bone, its level is seen to be increased.

Urinary uroporphyrin levels are high in porphyria cutanea tarda, which is the most common type of porphyria due to uroporphyrin decarboxylase deficiency. Porphyria cutanea tarda is a rare disorder characterized by painful, blistering skin lesions that develop on sun-exposed skin, which is not described in this case.

Urinary delta-aminolevulinic acid (ALA) excretion will also be raised in urine samples from individuals with AIP, but the measurement is less widely available and is not essential."
206,"A 65-year-old man was diagnosed with gallbladder adenocarcinoma. He had liver, supra-diaphragmatic, and abdominal lymph node metastases. A partial response was achieved after five cycles of chemotherapy.

He had routine blood tests performed just before coming to his oncology follow-up appointment as he had muscle twitches and cramps.


Calcium	2.7 mmol/L	(2.1-2.6)
Phosphate	1.1 mmol/L	(0.8-1.4)
Magnesium	0.3 mmol/L	(0.7-1.0)
Thyroid stimulating hormone (TSH)	3 mU/L	(0.5-5.5)
Free thyroxine (T4)	14 pmol/L	(9.0 - 18)
Amylase	330 U/L	(70 - 300)
Uric acid	0.3 mmol/L	(0.18 - 0.48)
Creatine kinase	125 U/L	(35 - 250)

What chemotherapy is he likely to have received?","[""Bleomycin"", ""Cisplatin"", ""Doxorubicin"", ""Irinotecan"", ""Vincristine""]",Cisplatin,1,"Cisplatin is associated with hypomagnesaemia

Cisplatin

works by causing cross-linking in DNA and results in low magnesium which is seen in this case. Cisplatin induces hypomagnesemia through its renal toxicity possibly by a direct injury to mechanisms of magnesium reabsorption in the ascending limb of the loop of Henle as well as the distal tubule.

Bleomycin

works by degrading pre-formed DNA and can cause lung fibrosis.

Vincristine

inhibits the formation of microtubules with a side effect of reversible peripheral neuropathy.

Doxorubicin

stabilises DNA-topoisomerase II complex inhibits DNA & RNA synthesis. It can cause a side effect of cardiomyopathy which there is no suggestion of here.

Irinotecan

inhibits topoisomerase I which prevents relaxation of supercoiled DNA with myelosuppression being an adverse feature."
207,"A 45-year-old female is brought to the emergency department by an ambulance after she was found collapsed on the street by a bystander. Within a few minutes of arrival she developed severe abdominal pain and became severely agitated.

Her respiratory rate is 35 breaths per minute, heart rate 110 beats per minute, temperature 39.3ºC. Her prothrombin time and activated partial thromboplastin time are increased, and her fibrinogen levels are lower than normal. Her D-dimer is positive.


Hb	96 g/l
Platelets	85 * 109/l
WBC	14 * 109/l

Blood smears are sent to the laboratory.

What is most likely to be seen in the blood smears?","[""Heinz bodies"", ""Bite cells"", ""Dacrocytes"", ""Schistocytes"", ""Elliptocytes""]",Schistocytes,3,"Schistocytes are seen on blood smears in DIC

Also known as 'consumptive coagulopathy,' DIC is a syndrome in which the coagulation cascade is activated to the point in which normal mechanisms of clotting are exhausted, which in turn produces unchecked haemorrhage.

Typically, haemostasis is maintained by maintaining a balance between clot formation (i.e. coagulation) and breakdown (i.e. fibrinolysis). Thrombin is produced through the activation of the coagulation cascade. Thrombin converts fibrinogen to fibrin (the final product of clotting). Fibrinolysis is the breakdown of fibrinogen and fibrin. In the presence of thrombin, a substance called plasmin is generated, breaking down formed clots. Fibrin degradation products (FDPs) or fibrin split products (FSPs) are produced as a result. Thrombin plays a key role in hemostasis, in both coagulation and fibrinolysis.

Patients with DIC can present with a wide range of abnormalities in their laboratory values. Typically, prolonged coagulation times, thrombocytopenia, high levels of fibrin degradation products (FDPs), elevated D-dimer levels, and microangiopathic pathology (schistocytes) on peripheral smears are suggestive findings.

The activation of the cascade leads to thrombi formation which causes an accumulation of excess fibrin formation in the intravascular circulation. The excess fibrin strands cause mechanical damage to the red blood cells resulting in schistocyte formation and also thrombocytopenia and consumption of clotting factors.

A bite cell is an abnormally shaped red blood cell with one or more semicircular portions removed from the cell margin. These 'bites' result from the removal of denatured haemoglobin by macrophages in the spleen.  Glucose-6-phosphate dehydrogenase deficiency (G6PD), in which uncontrolled oxidative stress causes haemoglobin to denature and form Heinz bodies, is a common disorder that leads to the formation of bite cells.

The Heinz Bodies are seen as antigenic and are quickly phagocytosed. Because the Heinz Bodies are derivatives of haemoglobin, they are located inside the cell, and thus phagocytosis takes a significant 'bite' out of the cell.

Dacrocytes (teardrop cells) are usually characteristic of myelofibrosis and seen with marrow disorders or marrow infiltrations, really because of improper production of blood cells from the bone marrow. In post-splenectomy patients, the number of dacrocytes drastically increases, since the spleen cannot remove the improperly formed cells.

Red cells varying in shape from elongated to oval, and rich in haemoglobin, are called elliptocytes. They can be seen in hereditary disorders, such as hereditary elliptocytosis, or in acquired disorders, such as iron deficiency anaemia, infectious anaemias, thalassaemia, and in newborn babies."
208,"A 30-year-old male with sickle cell disease presents to the Emergency Department (ED) with fever, tachypnoea and rib pain. On examination, they have a low grade fever of 37.9ºC, oxygen saturations of 95% on air, and on auscultation there are bilateral vesicular breath sounds. A chest X-ray shows opacification in the right middle zone. Which of these statements most accurately describes the management of this patient?","[""Bronchodilators are indicated"", ""The patient should undergo a simple transfusion to a target Hb > 8g/L"", ""The patient should undergo an exchange transfusion to a target Hb > 8g/L"", ""Incentive spirometry is indicated"", ""Empirical antibiotic therapy is not indicated""]",Incentive spirometry is indicated,3,
209,What chemical mediator is mainly responsible for the tissue oedema seen in patients in hereditary angioedema?,"[""Histamine"", ""Serotonin"", ""Neurokinin A"", ""Bradykinin"", ""Nitric oxide""]",Bradykinin,3,
210,"A 69-year-old man presents to his GP with tiredness and some weight loss. On examination, he appears generally well but splenomegaly is noted. Blood tests are taken which show the following:


Hb	118 g/L	Male: (135-180)
Female: (115 - 160)
Platelets	652 * 109/L	(150 - 400)
WBC	11.6 * 109/L	(4.0 - 11.0)
Lactate dehydrogenase (LDH)	320 U/L	(140 - 280)
Uric acid	632 µmol/L	(<416)

Genetic testing is carried out and he is found to be positive for JAK2 V617F mutation.

What finding on blood film is classically associated with the likely diagnosis?","[""'Pencil' poikilocytes"", ""Howell-Jolly bodies"", ""Schistocytes"", ""Spherocytes"", ""Tear-drop poikilocytes""]",Tear-drop poikilocytes,4,"Myelofibrosis is associated with 'tear drop' poikilocytes on blood film

The diagnosis here is myelofibrosis, given the non-specific presentation, thrombocytosis, anaemia, and raised LDH and uric acid. The mutation also increases the likelihood of this diagnosis. Classically, this condition is associated with 'tear-drop' poikilocytes on blood film.

'Pencil' poikilocytes are usually associated with iron deficiency anaemia, rather than myelofibrosis. Given the other blood results, and the JAK2 V617F mutation, myelofibrosis is more likely.

Howell-Jolly bodies are typically associated with hyposplenism or seen post-splenectomy, rather than with splenomegaly which occurs with myelofibrosis.

Schistocytes are fragmented red blood cells and so are seen in microangiopathic, haemolytic disease. They would not be found in myelofibrosis.

Spherocytes are spherical red blood cells. These may be seen in hereditary spherocytosis, or autoimmune haemolytic anaemia."
211,"A 45-year-old man attends ambulatory care with a 2-month history of worsening fatigue. On further questioning he states that whilst he has lost some weight recently, he had attributed this to reduced appetite, stating that he has been feeling full after eating relatively little. On direct questioning he states that on a few occasions over the last 2 weeks he has woken feeling sweaty with damp sheets. On examination the patient has pale conjunctiva and there is a large, firm mass in the left upper quadrant of the abdomen. He is haemodynamically stable, afebrile and there are no signs of respiratory distress.

Initial bloods show:


Hb 105 g/l
Platelets 150 * 109/l
WBC 50 * 109/l

The F1 clerking the patient requested an abdominal CT which has been reported by the radiologist as showing massive splenomegaly.

A blood film has been sent and the patient has been discussed with the on-call haematologist who has arranged a bone marrow biopsy and cytogenetics. However, the results of these investigations are not yet available.

Which of the following findings would support a diagnosis of chronic myeloid leukaemia (CML) rather than myelofibrosis?","[""t(15;17) translocation"", ""t(8;21) translocation"", ""Low leucocyte alkaline phosphatase score"", ""Raised leucocyte alkaline phosphatase score"", ""Massive splenomegaly""]",Low leucocyte alkaline phosphatase score,2,"Leucocyte alkaline phosphatase is low in CML but raised in myelofibrosis

The correct answer here is a low leucocyte alkaline phosphatase (LAP) score.

LAP is found within mature white blood cells (WBCs).

Low LAP levels are found in conditions associated with immature/undeveloped WBCs (e.g. CML), whereas pathologies associated with mature WBCs (such as myelofibrosis) cause high LAP levels.

t(15; 18) translocation is associated with acute promyelocytic leukaemia (APML)

t(8;21) translocation is associated with acute myeloid leukaemia (AML)

the Philadelphia chromosome t(9;22) creates a BCL-ABL1 fusion gene that codes for a constitutively active tyrosine kinase receptor. This is associated with 95% of CML cases and is the target for imatinib (a tyrosine kinase inhibitor).

Massive splenomegaly is seen in both CML and myelofibrosis"
212,"A 64-year-old man presents to his general practitioner with a chronic headache and fatigue. He has no past medical history and does not take any regular medications. He does not smoke cigarettes or drink alcohol. He works in accountancy.

Examination is unremarkable apart from a ruddy complexion.

Blood tests:


Hb	185 g/L	Male: (135-180)
Female: (115 - 160)
Platelets	389 * 109/L	(150 - 400)
WBC	4.8 * 109/L	(4.0 - 11.0)
Na+	137 mmol/L	(135 - 145)
K+	4.2 mmol/L	(3.5 - 5.0)
Urea	5.4 mmol/L	(2.0 - 7.0)
Creatinine	89 µmol/L	(55 - 120)
CRP	4 mg/L	(< 5)

He is referred to the haematology outpatient department for further investigation and testing.


JAK2V617F mutation	positive

Given the likely diagnosis, which disorder is the patient at most risk of developing as a subsequent complication?","[""Acute lymphoblastic leukaemia (ALL)"", ""Chronic lymphocytic leukaemia (CLL)"", ""Multiple myeloma"", ""Myelofibrosis"", ""Non-Hodgkin lymphoma (NHL)""]",Myelofibrosis,3,"Polycythaemia rubra vera - around 5-15% progress to myelofibrosis or AML

Myelofibrosis is the correct answer. The patient has polycythaemia rubra vera as evidenced by a ruddy complexion, polycythaemia and a positive mutation for JAK2V617F. These patients are at risk of developing myelofibrosis or acute myeloid leukaemia.

ALL is incorrect. While there have been occasional case reports of this subset of patients developing acute lymphoblastic leukaemia, it is not a typical complication of this disorder.

CLL, multiple myeloma and NHL are all incorrect answers. While there have been occasional reports of these disorders co-existing with PRV or occurring in the lifespan of the same patient, it is an exceedingly rare occurrence."
213,A 48-year-old man is diagnosed with acute myeloid leukaemia and cytogenics are performed. Which one of the following is associated most with a poor prognosis?,"[""Deletions of chromosome 5"", ""Translocation between chromosome 15 and 17"", ""Deletions of chromosome 15"", ""Translocation between chromosome 9 and 14"", ""Deletions of chromosome 8""]",Deletions of chromosome 5,0,"Acute myeloid leukaemia - poor prognosis: deletion of chromosome 5 or 7

The correct answer is

Deletions of chromosome 5

. This cytogenetic abnormality is associated with a poor prognosis in acute myeloid leukaemia (AML). Patients with deletions of chromosome 5 or 5q- syndrome often present with severe anaemia and are at a higher risk for developing AML. The prognosis for these patients is generally poor, even when treated with intensive chemotherapy.

Translocation between chromosome 15 and 17

is incorrect because this chromosomal translocation results in the formation of the PML-RARA fusion gene, which is characteristic of acute promyelocytic leukaemia (APL), a subtype of AML. This particular translocation is actually associated with a good prognosis, especially when treated with all-trans retinoic acid (ATRA) and arsenic trioxide.

Deletions of chromosome 15

are also incorrect. While deletions in chromosome 15 can occur in some cancers, they are not typically associated with AML or a particularly poor prognosis within this disease context.

Translocation between chromosome 9 and 14

is incorrect as it's more commonly seen in Non-Hodgkin lymphomas rather than AML. Specifically, this translocation has been identified in cases of follicular lymphoma and diffuse large B-cell lymphoma but does not carry the same prognostic significance as deletions of chromosome 5 in AML.

Finally,

Deletions of chromosome 8

, though found in various types of malignancies including some forms of AML, do not carry the same poor prognostic value as deletions on Chromosome 5 for patients suffering from AML."
214,Which one of the following may be associated with an increased risk of venous thromboembolism?,"[""Fluoxetine"", ""Selegiline"", ""Diazepam"", ""Amitriptyline"", ""Olanzapine""]",Olanzapine,4,
215,"A 73-year-old woman has been referred to the haematology clinic following a 15-month history of intermittent lymphadenopathy affecting her neck. A biopsy is taken and the histology report suggests a likely diagnosis of follicular lymphoma. To aid diagnosis, genetic analysis is performed.

Which of the following genomic alterations is most likely to be found?","[""T(8;14) causing c-myc gene translocation"", ""T(9;22) causing the fusion of PML and RARA genes"", ""T(11;14) causing increased BCL-2 transcription"", ""T(11;22) causing c-myc gene translocation"", ""T(14;18) causing increased BCL-2 transcription""]",T(14;18) causing increased BCL-2 transcription,4,"The t(14;18) translocation causes increased BCL-2 transcription and causes follicular lymphoma

The t(14,18) translocation is present in approximately 90% of follicular lymphoma. The translocation results in the juxtaposition of the B-cell lymphoma 2 (BCL2) gene on chromosome 18 with the immunoglobulin heavy chain locus on chromosome 14. This leads to the over-expression of the BCL2 gene which normally prolongs cell life in the B-cells. This leads to pathological accumulation of B-cells.

In the majority of cases, follicular lymphoma does not present with B symptoms, but instead with intermittent lymphadenopathy in later life. It is slowly progressive, and patients normally die of other causes. Diagnosis is made by a combination of histological, immunological, and genomic assessment.

The t(8;14) translocation is associated with Burkitt lymphoma.

The t(9;22) translocation is associated with CML.

The t(11;14) translocation is associated with Mantle cell lymphoma.

The t(11;22) translocation is associated with Ewing sarcoma."
216,"A 36-year-old woman presents to her general practitioner with fatigue. She has a past medical history of well-controlled rheumatoid arthritis and takes hydroxychloroquine. She does not smoke cigarettes. She drinks approximately one bottle of wine per week.

The examination is unremarkable and there is no clinical evidence of synovitis.

Blood results demonstrate:


Hb	106 g/L	Male: (135-180)
Female: (115 - 160)
MCV	62 fl	(80-100)
MCH	20 pg/cell	(27-32)
Platelets	189 * 109/L	(150 - 400)
WBC	6.2 * 109/L	(4.0 - 11.0)
Neuts	3.5* 109/L	(2.0 - 7.0)


Ferritin	540 ng/ml	(12-30)
Total iron binding capacity	30 µmol/L	(45-82)
Vitamin B 12	550 ng/ml	(200-900)
Serum folate	8 ng/ml	(2.5-20)


Na+	137 mmol/L	(135 - 145)
K+	4.2 mmol/L	(3.5 - 5.0)
Bicarbonate	24 mmol/L	(22 - 29)
Urea	5.2 mmol/L	(2.0 - 7.0)
Creatinine	67 µmol/L	(55 - 120)
TSH	0.4 miU/L	(0.2 - 5.5)
CRP	4 mg/L	(<5)

What is the most likely diagnosis?","[""Anaemia of chronic disease"", ""Beta-thalassaemia trait"", ""Haemochromatosis"", ""Iron deficiency anaemia"", ""Sideroblastic anaemia""]",Beta-thalassaemia trait,1,"Disproportionate microcytic anaemia - think beta-thalassaemia trait

Beta-thalassaemia trait is correct. The haematological findings of this condition typically reflect a mild iron deficiency with a microcytosis out of keeping to the degree of anaemia. It is associated with an increase in iron and therefore serum ferritin may be increased and total iron-binding capacity may be decreased.

Anaemia of chronic disease is incorrect. While she does have rheumatoid arthritis and this is a cause of anaemia of chronic disease, the profound microcytosis out of proportion to the degree of anaemia is more in keeping with thalassaemia trait. Furthermore, we are told her disease is well controlled, making chronic active inflammation less likely.

Haemochromatosis is incorrect. The serum ferritin is elevated but this condition is not typically associated with microcytic anaemia. Furthermore, it usually presents post menopause in female patients.

Iron deficiency anaemia is incorrect. The serum ferritin is raised with a normal CRP. This makes iron deficiency unlikely.

Sideroblastic anaemia is incorrect. This is a rare cause of microcytic anaemia. Alcohol use can be an acquired cause. However, the microcytosis is not typically as profound as the one observed in this case and she drinks within the recommended guidelines, making this diagnosis unlikely. It is also associated with the development of hepatosplenomegaly, which is not mentioned here."
217,"A 30-year-old female presents to the Emergency Department with epistaxis, which has now terminated. Her boyfriend reports she has a recent history of mucosal bleeding and has at times been very disorientated. On examination, she has a low-grade fever and appears confused and jaundiced. There is bruising over her legs and arms. A urine pregnancy test is negative. You receive the following blood results from the laboratory:


Hb	85 g/l
Platelets	8 * 109/l
WBC	4.5 * 109/l
MCV	92 fl
Na+	138 mmol/l
K+	4.9 mmol/l
Urea	10.2 mmol/l
Creatinine	182 µmol/l

Clotting studies are normal. Given the most likely diagnosis, what is the most appropriate management of this patient?","[""Platelet transfusion"", ""Intravenous immunoglobulin"", ""Plasma exchange"", ""Intravenous methylprednisolone"", ""Intravenous argatroban""]",Plasma exchange,2,
218,"A 19-year-old male who emigrated from Ghana as a child presents with an intermittent painful morning erection for the last 5 hours. On examination he has mild splenomegaly. He has never had this problem before and is usually fit and well. Investigations demonstrate:


Hb	115 g/L	Male: (135-180)
Female: (115 - 160)
MCV	76 fL	(80-95)

The peripheral blood film shows multiple small red blood cells, a few sickle cells and target cells.

What is the most likely genotype for his condition?","[""HbAA"", ""HbSC"", ""HbSS"", ""HbSβ0"", ""Hbβ/β0""]",HbSC,1,"Hb SC is a milder form of sickle disease

Most children in the UK are screened for sickle cell disease, leading to early diagnosis and regular follow up. In HbSC patients have the sickle mutation and the HbC mutation - where a lysine replaces glutamic acid on position 6 of the normal beta chain. The presentation is similar to sickle cell disease but with reduced severity and frequency of symptoms. There are varying genotypes associated with different severity of disease:

Genotype	Disease severity
HbAA	Normal
HbAS	sickle cell trait, usually asymptomatic
Hb SC/ Sβ+	moderate sickle cell disease (sickle cell beta + thalassemia indicates the blood has some normal haemoglobin)
Hb SS/ Sβ0	severe sickle cell disease/ Sickle cell beta 0 thalassemia (the zero indicates the blood has no normal haemoglobin)"
219,"A 62-year-old male presents with a 2-month history of symptoms of fatigue and dyspnoea. The patient is visibly jaundiced and on abdominal examination you notice the spleen is palpable. Blood tests reveal:


Hb	98 g/l
MCV	88 fl
Direct Coombs test	Pos

An antibody specificity test is requested and a diagnosis of warm autoimmune haemolytic anaemia is made.

Which immunoglobulin is most likely mediating this?","[""IgM"", ""IgG"", ""IgA"", ""IgE"", ""IgD""]",IgG,1,"Warm autoimmune haemolytic anaemia involves IgG-mediated haemolysis

Warm autoimmune haemolytic anaemia involves IgG-mediated red blood cell destruction at body temperature with work-induced splenomegaly due to extravascular haemolysis.

Episodes of IgM-mediated haemolysis are precipitated by the cold and characteristically present with symptoms involving the hands and feet.

IgA, IgE and IgD are not common antibody mediators of autoimmune haemolytic anaemia."
220,"A 38-year-old man is reviewed post-discharge in the acute medical unit after a recent admission with Streptococcus pneumoniae bacteremia. This is his second episode of Streptococcus pneumoniae sepsis in the last year. He has a past medical history of coeliac disease. He is not on any regular medications. He follows a gluten-free diet strictly but it is otherwise normal and well balanced. He does not smoke cigarettes or drink alcohol.

Clinical examination is unremarkable and he appears well.

Given the clinical history, what is his blood film likely to demonstrate?","[""Auer rods"", ""Howell-Jolly bodies"", ""Hypersegmented neutrophils"", ""Schistocytes"", ""Tear-drop poikilocytes""]",Howell-Jolly bodies,1,"Target cells and Howell-Jolly bodies may be seen in coeliac disease → hyposplenism

Howell-Jolly bodies are the correct answer. The patient presents with recurrent streptococcal bacteremia, which is very unusual in a young person without an underlying cause. Hyposplenism is a recognized complication of coeliac disease, which predisposes patients to infection with encapsulated bacteria such as

streptococcus pneumonia

. A Howell-Jolly body is the finding of basophilic nuclear remnants in circulating erythrocytes and is typical of hyposplenism.

Auer rods is an incorrect answer. This is typical of acute promyelocytic leukaemia.

Hypersegmented neutrophils are not correct. This is typical of B12/folate deficiency. We are told he follows a gluten-free diet strictly and has a well-balanced diet and so malabsorption and poor intake is less likely to be a problem.

Schistocytes are not correct. These fragmented red blood cells are typical of thrombotic microangiopathies.

Tear-drop poikilocytes are not correct. This is a typical blood film appearance of myelofibrosis."
221,"A 46-year-old man with a history of alcoholic liver disease presents with tense ascites.

Urgent bloods tests demonstrate the following:

Hb	90 g/L	Male: (135-180)
Female: (115 - 160)
Platelets	31 *109/L	(150 - 400)
WBC	4.4 *109/L	(4.0 - 11.0)
Neuts	2.0 *109/L	(2.0 - 7.0)
Lymphs	2.0 *109/L	(1.0 - 3.5)
Mono	0.2 *109/L	(0.2 - 0.8)
Eosin	0.2 *109/L	(0.0 - 0.4)


Prothrombin time (PT)	15 secs	(10-14 secs)
Activated partial thromboplastin time (APTT)	34 secs	(25-35 secs)
Fibrinogen	2 g/L	(2 - 4)

The gastroenterology team advises an ascitic drain and advises that a platelet transfusion is required given the patient's thrombocytopenia.

The haematology team advises a pool of platelets should be administered prior to the procedure and a further pool during the procedure to ensure optimal clotting as far as possible.

The patient undergoes an uneventful transfusion of one pool prior to his procedure, however, during the procedure, it is noted that he is very warm to touch and after drain insertion, he begins to experience rigors.

Which of the following is the most likely cause of this patient's deterioration?","[""Spontaneous bacterial peritonitis"", ""Perforation of abdominal viscera with ascitic drain insertion"", ""Bacterial contamination of platelet transfusion"", ""ABO incompatibility of platelet transfusion"", ""None of the above""]",Bacterial contamination of platelet transfusion,2,"Platelet transfusions have the highest risk of bacterial contamination compared to other types of blood products

Spontaneous bacterial peritonitis is unlikely given the patient has a normal white cell count on presentation.

Perforation of abdominal viscera with ascitic drain insertion is a rare complication and occurs in less than 1 in 1000 drain insertions when performed in accordance with good clinical practice.

ABO incompatibility of platelet transfusion is very rare and would typically present with haemolysis rather than fever.

Rates of bacterial contamination of platelet transfusion are relatively speaking high, given that platelets are stored at between 20-24ºC. Risk of bacterial contamination of the platelet pool increases with increasing time ex vivo and is the main factor contributing to the short shelf life of platelets."
222,Which of the following is deficient in patients with hereditary angioedema?,"[""C1-INH"", ""C3"", ""Heat shock protein type 1"", ""C6"", ""Histamine degradation protein (HDP)""]",C1-INH,0,"Hereditary angioedema - C1-INH deficiency

The correct answer is

C1-INH

(C1 esterase inhibitor). Hereditary angioedema (HAE) is characterized by recurrent episodes of severe swelling affecting various body parts, most commonly the extremities, face, and airways. It is caused by a deficiency or dysfunction of C1 esterase inhibitor (C1-INH), which normally regulates the complement cascade and prevents excessive bradykinin production. Without adequate C1-INH, there is uncontrolled activation of the complement system leading to increased vascular permeability and angioedema.

C3

is a central component of the complement cascade but is not specifically deficient in HAE. C3 deficiency would cause different clinical manifestations including recurrent bacterial infections.

Heat shock protein type 1

is not involved in the pathogenesis of HAE. Heat shock proteins are molecular chaperones that assist in protein folding and cellular stress responses.

C6

is part of the membrane attack complex (MAC) of complement. C6 deficiency is associated with increased susceptibility to Neisseria infections but not with angioedema.

Histamine degradation protein (HDP)

is a fictional entity. While histamine is involved in some forms of angioedema (particularly allergic angioedema), HAE is not histamine-mediated, which is why antihistamines are ineffective in treating HAE attacks.

Treatment of HAE focuses on replacing C1-INH (using plasma-derived or recombinant C1-INH concentrates) or using medications that target other parts of the pathway such as bradykinin receptor antagonists or kallikrein inhibitors."
223,"A 65-year-old woman with chronic lymphocytic leukaemia (CLL) attends the clinic for review. She denies weight loss, night sweats, or fevers. On examination, you note a 4cm splenomegaly.

Blood results are as follows:


Hb	96 g/L	Male: (135-180)
Female: (115 - 160)
Platelets	72 * 109/L	(150 - 400)
WBC	182.2 * 109/L	(4.0 - 11.0)
Neuts	1.4 * 109/L	(2.0 - 7.0)
Lymphs	170.8 * 109/L	(1.0 - 3.5)

Blood results from the clinic 6 months ago are as follows:


Hb	118 g/L	Male: (135-180)
Female: (115 - 160)
Platelets	152 * 109/L	(150 - 400)
WBC	64.6 * 109/L	(4.0 - 11.0)
Neuts	4.2 * 109/L	(2.0 - 7.0)
Lymphs	55.4 * 109/L	(1.0 - 3.5)


Genetic testing	Intact TP53 and with mutated IGHV

What treatment is indicated?","[""Active surveillance"", ""Fludarabine, cyclophosphamide and rituximab"", ""Fludarabine, cytarabine and rituximab"", ""Ibrutinib"", ""Venetoclax-obinutuzumab""]","Fludarabine, cyclophosphamide and rituximab",1,"CLL - treatment: Fludarabine, Cyclophosphamide and Rituximab (FCR)

Fludarabine, cyclophosphamide and rituximab (FCR)

is correct. For fit patients with intact TP53 and with mutated IGHV, chemoimmunotherapy with FCR remains an acceptable initial therapy. Mutations of TP53 are associated with a poor response to chemo-immunotherapy (e.g. FCR) and warrant the use of novel agents such as Bruton tyrosine kinase inhibitors (e.g. ibrutinib), or BCL2 inhibitors (e.g. venetoclax). Several recent trials have shown that mutated IGHV cases have a prolonged progression-free survival (PFS) after treatment with FCR.

Active surveillance

is incorrect. Indications for treatment include progressive marrow failure, massive (>10 cm) lymphadenopathy, massive (>6 cm) splenomegaly, progressive lymphocytosis (> 50% increase over 2 months or lymphocyte doubling time < 6 months) or systemic symptoms. The patient, in this case, has a lymphocyte doubling rate < 6 months and has the development of cytopaenias suggestive of significant bone marrow infiltration. The patient in this case, therefore, requires treatment.

Fludarabine, cytarabine and rituximab

is incorrect. It is cyclophosphamide, rather than cytarabine, which is used in the treatment of CLL.

Ibrutinib

is incorrect. The patient does not fulfil any of the indications to initiate treatment. The presence of an IGHV mutation favours treatment with FCR.

Venetoclax-obinutuzumab

is incorrect. The patient does not fulfil any of the indications to initiate treatment. The presence of an IGHV mutation favours treatment with FCR."
224,"A 65-year-old man presents with worsening fatigue over the past 12 months. A systematic enquiry was otherwise unremarkable.

Blood results are as follows:


Hb	94 g/L	Male: (135-180)
Female: (115 - 160)
Platelets	156 * 109/L	(150 - 400)
WBC	19.2 * 109/L	(4.0 - 11.0)
Neuts	14.2 * 109/L	(2.0 - 7.0)
Lymphs	2.0 * 109/L	(1.0 - 3.5)
Mono	2.4 * 109/L	(0.2 - 0.8)
Eosin	0.6 * 109/L	(0.0 - 0.4)


Blood film	Frequent nucleated red blood cell; Frequent myeloblasts (approximately 5% of nucleated cells); Tear drop poikilocytosis

What is the most likely diagnosis?","[""Acute lymphoblastic leukaemia"", ""Acute myeloid leukaemia"", ""Megaloblastic anaemia"", ""Myelodysplasia"", ""Primary myelofibrosis""]",Primary myelofibrosis,4,"Myelofibrosis is associated with 'tear drop' poikilocytes on blood film

Primary myelofibrosis

is correct. The presence of a leukoerythroblastic blood film with frequent tear-drop poikilocytosis is highly suggestive of myelofibrosis.

Acute lymphoblastic leukaemia

is incorrect. The blood film suggests the presence of myeloblasts. Acute lymphoblastic leukaemia (ALL) is associated with lymphoblasts rather than myeloblasts.

Acute myeloid leukaemia

is incorrect.  Although this remains within the differential diagnosis, the presence of tear-drop poikilocytosis favours the diagnosis of myelofibrosis. However myelofibrosis has the potential to transform to acute myeloid leukaemia, and thus a bone marrow examination is required to further categorise.

Megaloblastic anaemia

is incorrect.  The classic blood film changes associated with this condition include macrovalocytes, and hypersegmented neutrophils. However, a host of other abnormalities can occur including leukoerythroblastosis and tear-drop poikilocytes. It would therefore be important to exclude B12 and folate deficiency in this case.

Myelodysplasia

is incorrect. Typical blood film features in this condition include hyposegmented and hypogranular neutrophils."
225,"A 39-year-old woman presents with a strange collection of symptoms over the past six months. She has been seen by multiple specialists, none of whom have been able to find a cause for her symptoms.

Her symptoms include worsening headaches, memory loss, low mood, lethargy, abdominal pain causing paroxysms of intermittent generalised pain, nausea, an unusual taste in her mouth and paraesthesia in her extremities.

She is irritable during your consultation and at times tearful complaining that no one is taking her seriously and confiding that her General Practitioner had referred her for counselling.

Routine blood tests show:

Hb	101g/L
WBC	5.6 10*9/L
Platelets	350 10*9/L
MCV	77fL
Na	136mmol/L
K	4.3mmol/L
Urea	18.2mmol/L
Creatinine	408umol/L

What is the likely cause of her symptoms?","[""Pick's disease"", ""Hepatic encephalopathy"", ""Lead poisoning"", ""Early-onset Alzheimer's"", ""Viral encephalitis""]",Lead poisoning,2,"Abdominal pain, constipation, neuropsychiatric features, basophilic stippling → lead poisoning

It is important to keep lead poisoning in mind as a differential, particularly in someone for whom routine investigations are not providing an answer and who clearly has abnormal pathology (demonstrated by her kidney failure and microcytic anaemia).

It can cause a varied and often non-specific array of symptoms. Some more 'classical' features include an unusual taste in the mouth and paraesthesia of the extremities.

Questions may more obviously point to the route of exposure through industrial exposure or contact with lead-based products such as paint or contaminated water."
226,"A 30-year-old woman presents to the emergency department with shortness of breath. She has no history of recent surgery, immobilisation or prolonged travel. She has a past medical history of a right sided calf deep vein thrombosis (DVT) two years previously. She is not taking any medications, including the combined oral contraceptive pill. Her family history is significant for an unprovoked DVT in her mother.

On examination, she is tachycardic and tachypnoeic. Her chest is clear and heart sounds are normal. Her calves are both soft and non-tender. She has a normal body mass index.

ECG demonstrates sinus tachycardia.

Her blood results are:


Hb	140 g/L	Female: (115 - 160)
Platelets	250 * 109/L	(150 - 400)
WBC	6.2 * 109/L	(4.0 - 11.0)
Na+	140 mmol/L	(135 - 145)
K+	4.0 mmol/L	(3.5 - 5.0)
Urea	5.5 mmol/L	(2.0 - 7.0)
Creatinine	95 µmol/L	(55 - 120)
CRP	<5 mg/L	(< 5)
Prothrombin time (PT)	12 secs	(10-14 secs)
Activated partial thromboplastin time (APTT)	30 secs	(25-35 secs)
Fibrinogen	3.0 g/L	(2 - 4)
D-Dimer	950 ng/mL	(< 400)

CT pulmonary angiogram demonstrated bilateral pulmonary emboli and she was commenced on anticoagulation.

Which of the following best describes the most likely underlying pathology?","[""Deficiency of protein C"", ""Deficiency of protein S"", ""Mutation in prothrombin gene"", ""Resistance to protein C"", ""Resistance to protein S""]",Resistance to protein C,3,"Activated protein C resistance (Factor V Leiden) is the most common inherited thrombophilia

Resistance to protein C occurs in Factor V leiden, which is the correct answer as it is the most common inherited thrombophilia. A history of recurrent unprovoked venous thromboembolism should raise the concern for an inherited thrombophilia. Missense mutation in the Factor V gene makes factor V ten times less sensitive to inactivation by activated protein C, leading to thrombophilia.

Prothrombin G20210A (prothrombin gene mutation) is the second most common inherited cause of thrombophilia (UpToDate).

Mutations in the gene encoding natural anticoagulants antithrombin III, protein C and protein S can lead to thrombophilia but these are less common. These mutations can be either cause a deficiency or loss of function."
227,A 66-year-old woman with lung cancer develops a deep vein thrombosis. She is reviewed in the hospital clinic and started on treatment a direct oral anticoagulants (DOACs). What is the most appropriate treatment plan?,"[""Switch to warfarin, continue for 6 months"", ""Switch to warfarin, continue for 3 months"", ""Switch to low molecular weight heparin for 3-6 months"", ""Switch to low molecular weight heparin for 6 weeks"", ""Continue on the DOAC for 3-6 months""]",Continue on the DOAC for 3-6 months,4,"Cancer patients with VTE - 6 months of a DOAC

NICE updated their guidance in 2020 and now recommend using DOACs for patients with active cancer. Previously, low molecular weight heparin was recommended."
228,"A 72-year-old woman is admitted with confusion and pallor. Her daughter reports that she has been getting more confused and tired for the past three months. Blood tests are reported as follows:


Hb	89 g/l
MCV	125 fl
Plt	148 * 109/l
WBC	4.4 * 109/l

In light of the macrocytic anaemia some further tests are ordered:


Intrinsic factor antibodies	Negative
Vitamin B12	94 ng/l (200-900 ng/l)
Folic acid	1.1 nmol/l (> 3.0 nmol/l)

What is the most appropriate management?","[""Oral folic acid + blood transfusion"", ""Oral folic acid + start Intramuscular vitamin B12 when folic acid levels are normal"", ""Intramuscular vitamin B12 + start oral folic acid when vitamin B12 levels are normal"", ""Blood transfusion"", ""Oral prednisolone""]",Intramuscular vitamin B12 + start oral folic acid when vitamin B12 levels are normal,2,
229,A patient with a history of recurrent thromboembolic events develops a deep vein thrombosis despite full anticoagulation with heparin. Which one of the following causes of thrombophilia is associated with resistance to heparin?,"[""Protein S deficiency"", ""Antithrombin III deficiency"", ""Protein C deficiency"", ""Lupus anticoagulant"", ""Activated protein C resistance""]",Antithrombin III deficiency,1,
230,A 42-year-old female is noted to have a Hb of 17.8 g/dL. Which one of the following is least likely to be the cause?,"[""Polycythaemia rubra vera"", ""Chronic obstructive pulmonary disease"", ""Hypernephroma"", ""Haemochromatosis"", ""Dehydration""]",Haemochromatosis,3,
231,"A 27-year-old woman has some blood tests taken at her GP as part of an investigation into persistent, mild fatigue. She migrated from Turkey at the age of six and has not had any health problems to date. Her results are as follows:


Hb	105 g/L	Male: (135-180)
Female: (115 - 160)
Mean cell volume	66fL	(80-100fL)
Platelets	220 * 109/L	(150 - 400)
WBC	5.8 * 109/L	(4.0 - 11.0)
Haemoglobin A2	4.3%	(2.3-3.1%)


Blood film	'Microcytic, hypochromic erythrocytes with basophilic stippling and occasional target cells'

What is the most likely diagnosis?","[""Alpha-thalassaemia trait"", ""Haemoglobin H disease"", ""Beta-thalassaemia trait"", ""Beta-thalassaemia major"", ""Sickle cell trait""]",Beta-thalassaemia trait,2,"Disproportionate microcytic anaemia - think beta-thalassaemia trait

This patient has mild anaemia with a disproportionate microcytosis and a raised haemoglobin A2. This is strongly suggestive of beta-thalassaemia trait (also known as beta-thalassaemia minor). In this condition, one of the two inherited copies of the beta-globin gene is defective, usually due to a single point mutation. Beta-thalassaemia trait is often asymptomatic, and Hb is usually normal or only slightly decreased. Blood film findings include morphological changes to the erythrocytes due to the defective beta-globin gene, such as microcytosis and target cells, but reticulocytosis is not common.

Alpha-thalassaemia trait arises from a more heterogeneous range of gene deletions affecting either one or two of the four copies of the alpha-globin gene. This may also manifest as either a normal or slightly reduced Hb with microcytosis, but is not associated with a raised HbA2 percentage.

Haemoglobin H disease refers to a form of alpha thalassaemia where deletions occur in three of the four alpha-globin genes in an individual. Unlike in this patient, one would expect to see more pronounced anaemia, elevated HbH percentage rather than HbA2, blood film reticulocytosis and possible signs and symptoms of haemolysis, such as hepatosplenomegaly and jaundice.

Beta-thalassaemia major presents with severe anaemia, with marked blood film reticulocytosis and anisopoikilocytosis. Paradoxically, HbA2 is often only mildly elevated or normal.

Patients with sickle cell trait have one normal beta-globin allele and one abnormal beta (S) globin allele. Sickle cell trait is often clinically silent and tends to yield normal Hb, HbA2 and MCV levels."
232,"A 50-year-old male, who was recently diagnosed with colorectal cancer, is seen in the outpatient department. He is to be started on a combined cytotoxic agent regime, of which one is a topoisomerase inhibitor. As the agent can cause myelosuppression the patient undergoes a thorough workup to rule out any latent infections (including Mycobacterium tuberculosis) and to ensure no other organ pathology is present.

Which is the most likely agent the patient is due to be started on?","[""Cyclophosphamide"", ""Docetaxel"", ""Fluorouracil"", ""Irinotecan"", ""Methotrexate""]",Irinotecan,3,"Irinotecan inhibits topoisomerase I which prevents relaxation of supercoiled DNA

Irinotecan is commonly used in the management of colorectal cancer. Irinotecan inhibits topoisomerase I which prevents the relaxation of supercoiled DNA. As such it can cause myelosuppression.

Cyclophosphamide is an alkylating agent and is not commonly used in the management of colorectal cancer. Although it can cause myelosuppression it mechanism of action is via cross-linking of DNA and it does not affect topoisomerase.

Docetaxel's mechanism of action is on the microtubules, preventing depolymerisation and disassembly and therefore decreasing free tubulin. It is commonly used for breast cancer management.

Fluorouracil is used in chemotherapy regimes for the management of colorectal cancer and can cause myelosuppression; it is an antimetabolite. It works by inducing cell cycle arrest and apoptosis.

Methotrexate is also an antimetabolite and is not commonly used in the management of colorectal cancer."
233,"A 24-year-old male is admitted with difficulties breathing. He states that he was at a restaurant having dinner when he noticed a rash on his arms, followed by nausea and difficulties with taking in a breath. On examination, there is generalised urticaria and swelling of his tongue and pharynx. There is audible inspiratory stridor. You treat him with intramuscular adrenaline but due to ongoing symptoms, a further dose is given after 5 minutes.

How long will you monitor the patient before considering discharge?","[""1 hour"", ""2 hours"", ""6 hours"", ""48 hours"", ""1 week""]",6 hours,2,"In anaphylaxis, biphasic reactions can occur in up to 20% of patients

The patient has clearly had an anaphylactic reaction which has been treated appropriately.  A biphasic reaction includes a recurrence of symptoms that develops after the apparent resolution of the initial reaction. Biphasic reactions have been reported to occur in 1%-20% of anaphylaxis episodes.

Resus Council UK guidelines recommend observing the patient for at least 6 hours if a second dose of adrenaline is given."
234,A 65-year-old man with a history of metastatic prostate cancer presents to the acute medical unit with three days of worsening mid-back pain and difficulty walking. He reports numbness over his lower abdomen and both legs. Examination reveals brisk knee reflexes and reduced power bilaterally in the lower limbs. His observations are stable. What is the most appropriate next step in management?,"[""Start high-dose oral dexamethasone"", ""Arrange urgent lumbar puncture"", ""Refer for urgent neurosurgical review only"", ""Prescribe regular oral morphine for pain relief"", ""Request non-contrast CT spine""]",Start high-dose oral dexamethasone,0,"If neoplastic spinal cord compression is suspected, high-dose oral dexamethasone should be given whilst awaiting investigations

Start high-dose oral dexamethasone

is correct because neoplastic spinal cord compression is a clinical emergency requiring immediate intervention to prevent irreversible neurological damage. UK NICE guidelines recommend starting high-dose corticosteroids, typically dexamethasone, as soon as spinal cord compression is suspected—even before imaging—because this reduces oedema around the tumour, thereby minimising further cord injury while awaiting definitive investigation (MRI) and specialist input. This approach can preserve neurological function and improve outcomes, making it the single best initial step.

Arrange urgent lumbar puncture

would not be appropriate here; lumbar puncture does not diagnose or treat spinal cord compression and may even risk coning if there is raised intracranial pressure or mass effect from metastases. It also delays essential treatment; MRI spine is the gold-standard investigation.

Refer for urgent neurosurgical review only

omits a crucial first-line therapy: steroids should be started immediately while awaiting specialist assessment and imaging, as delays may worsen neurological outcome. Referral is necessary but not sufficient on its own.

Prescribe regular oral morphine for pain relief

addresses symptom control but fails to address the underlying oncological emergency. Analgesia alone will not prevent progression of neurological deficits or potential paralysis without addressing spinal cord oedema.

Request non-contrast CT spine

would miss early changes of malignant spinal cord compression; MRI is much more sensitive for soft tissue pathology affecting the spinal canal, as per NICE guidance. CT might be considered if MRI was absolutely unavailable, but steroids must still be started promptly."
235,"A 42-year-old woman presents with several days of fever and general malaise. She has no significant past medical history but describes a recent urinary infection from which she is recovering.

On examination, she appears mildly confused. Petechiae are noted on the extremities. Blood tests are taken which demonstrate the following:


Hb	77 g/L	Male: (135-180)
Female: (115 - 160)
Platelets	12 * 109/L	(150 - 400)
WBC	9.2 * 109/L	(4.0 - 11.0)
Na+	138 mmol/L	(135 - 145)
K+	4.2 mmol/L	(3.5 - 5.0)
Creatinine	134 µmol/L	(55 - 120)

A blood film subsequently shows evidence of schistocytes.

This condition is caused by the inhibition of which protein?","[""ADAMTS13"", ""Antithrombin III"", ""Factor V"", ""Von Willebrand factor"", ""WAS protein""]",ADAMTS13,0,"Acquired inhibition of the protein ADAMTS13 which cleaves vWF multimers is the most common cause of TTP

The history and findings here are highly suggestive of thrombotic thrombocytopaenic purpura (TTP), a rare condition usually seen in women between the ages of 30 and 50. It is characterised by a pentad of findings - although these are not usually all seen together - microangiopathic haemolytic anaemia, thrombocytopaenic purpura, neurological dysfunction, renal dysfunction and fever. It is precipitated by a number of events, including infection as seen in this scenario. It is caused by an acquired deficiency of the protein

ADAMTS13

, which normally breaks down large von Willebrand factor multimers.

Antithrombin III

deficiency is a thrombotic disorder. Antithrombin III normally acts to reduce coagulation and so deficiency, either inherited or acquired, leads to increased coagulation and thrombosis. This scenario is more in keeping with TTP.

Factor V

deficiency is a very rare inherited bleeding disorder and does not fit with the scenario above. In the context of haematology, factor V is more commonly referred to with regards to factor V Leiden - a variant form that leads to hypercoagulability, due to protein C resistance.

Von Willebrand factor

is not deficient in TTP. Rather, ADAMTS13 deficiency actually leads to a failure in breaking down von Willebrand factor multimers.

WAS protein

provides various functions in myeloid and lymphoid cells. In the context of disease, mutations lead to Wiskott-Aldrich syndrome - a rare, X-linked recessive condition that also shows thrombocytopaenia and petechiae. However, as an X-linked recessive condition, it is classically seen in males, and typically within the first few months of life, along with recurrent bacterial infections, eczema and bloody diarrhoea. This does not fit with the scenario above."
236,"A 45-year-old presents with fatigue, bruising, and gum bleeding. He reports feeling unwell and is experiencing frequent nosebleeds.

On examination, he is pale, has multiple bruises and has clear hepatosplenomegaly.

Blood tests:


Hb	80 g/L	(115 - 160)
WBC	36 * 10 9/L	(4.0 - 11.0)
Platelets	18 * 10 9/L	(150 - 400)
Activated partial thromboplastin time (APTT)	45 secs	(25-35 secs)
Prothrombin time (PT)	22 secs	(10-14 secs)
Fibrinogen	1.1 g/L	(2 - 4)
Blood film	Promyelocytes & Auer rods present

Supportive treatment, including the administration of blood products, is initiated.

What additional treatment is most appropriate for this patient?","[""All-trans retinoic acid"", ""Allogeneic stem cell transplantation"", ""Azacitidine-based chemotherapy"", ""Hydroxyurea"", ""Radiation therapy""]",All-trans retinoic acid,0,"APML is treated with all-trans retinoic acid (ATRA) to force immature granulocytes into maturation to resolve a blast crisis prior to more definitive chemotherapy

The most appropriate treatment for this patient is

all-trans retinoic acid

(ATRA). Given the clinical presentation and laboratory findings consistent with acute promyelocytic leukaemia (APML), ATRA should be administered immediately, alongside blood products for disseminated intravascular coagulation (DIC) if present, as has occurred here. ATRA induces differentiation of abnormal promyelocytes, reducing the risk of DIC and other complications associated with APML. This therapy targets the underlying pathophysiology of APML by promoting the maturation of malignant cells, leading to improved outcomes and decreased risk of bleeding.

Allogeneic stem cell transplantation

is inappropriate as the initial treatment for APML. It is sometimes used in relapsed or refractory disease but is not a first-line therapy due to its associated risks and the availability of effective frontline treatments.

Although

azacitidine

is a hypomethylating agent frequently employed in treating myelodysplastic syndromes and specific acute myeloid leukaemias, it isn't the preferred initial therapy for APML. These chemotherapies are crucial in APML management but typically follow induction therapy with ATRA to solidify remission.

Using

hydroxyurea

alone is not the recommended initial treatment for APML. While hydroxyurea can help reduce cell proliferation and manage leukocytosis in APML, it does not address the underlying cause of the disease.

Radiation therapy

alone is an incorrect choice for the initial treatment of APML. While radiation therapy can be effective in certain types of leukaemia, it is not the preferred option for APML. Unlike other types of leukaemia, where radiation may target specific areas of disease involvement, APML primarily affects the bone marrow and bloodstream, making it less amenable to localised radiation therapy."
237,"A 55-year-old man presents with three months of urinary hesitancy. He has no past medical history. Both of his sisters developed breast cancer before the age of 30. He is of Ashkenazi Jewish heritage.

On digital rectal examination, there is an irregular, craggy prostate.

What gene likely has a mutation?","[""APC"", ""BRCA1"", ""BRCA2"", ""MLH1"", ""P53""]",BRCA2,2,"BRCA2 mutation is associated with prostate cancer in men

BRCA2

is correct. The patient presents with obstructive urinary symptoms and a frankly abnormal prostate exam. This suggests prostate cancer is the cause. The history of multiple siblings with early-onset breast cancer suggests a family history of the BRCA mutation. It is BRCA2 rather than BRCA1 that confers an increased risk of prostate cancer in men. This mutation is more common in those with Ashkenazi Jewish heritage.

APC

is incorrect. A mutation in this gene is associated with Gardener syndrome which causes multiple colonic polyps along with skull osteomas, thyroid cancer, and epidermoid cysts. Prostate cancer is not a feature and so this is not correct.

BRCA1

is incorrect. This is associated with early-onset breast cancer but it is BRCA2 rather than BRCA1 that causes an increased risk of prostate cancer.

MLH1

is incorrect. This encodes a DNA mismatch repair protein. A mutation in this gene causes 'Lynch syndrome', which is a hereditary colorectal cancer syndrome. It is not a cause of prostate cancer.

p53

is incorrect. A mutation in this gene is associated with Li-Fraumeni syndrome. This causes a high incidence of sarcomas and leukaemia rather than prostate cancer."
238,"A 23-year-old woman is admitted to the acute medical unit with an acute history of diffuse abdominal pain and constipation. She also reports burning pains in her legs associated with hyperaesthesia. A psychiatric review has also been requested as the patient is experiencing auditory hallucinations, with no history of mental health diagnoses. On examination she is tachycardia and proximal muscle weakness is also noted. She has no significant past medical history, although has recently changed her diet in a bid to lose weight.

Which single investigation is likely to be diagnostic?","[""Delta-aminolevulinic acid"", ""Faecal total porphyrins"", ""Plasma total porphyrins"", ""Urine porphobilinogen"", ""Urine total porphyrins""]",Urine porphobilinogen,3,"In acute intermittent porphyria, urinary porphobilinogen is typically raised

This patient is presenting with classic features of acute intermittent porphyria. Abdominal pain and constipation are the most common symptoms, however neuropathic pain, proximal muscle weakness and neuropsychiatric symptoms can also manifest. An elevated urine porphobilinogen is diagnostic for the condition, and ideally should be tested from a single volume urine sample. The other listed investigations are important in helping to distinguish subtypes of porphyria, but are individually are not diagnostic.

Delta-aminolevulinic acid is widely thought to be the agent behind the pain experienced in porphyria attacks. Although it is likely to be elevated, it is not as sensitive as porphobilinogen in diagnosis the condition.

Faecal total porphyrins are indicated in patients with increased porphobilinogen. This aids the differentiation of acute intermittent porphyrias from hereditary coproporphyria and variegate porphyria; faecal porphyrins would be significantly elevated in the latter.

Plasma total porphyrins can be normal or elevated in acute intermittent porphyria. However levels will be elevated in variegate porphyria, hence it is a useful investigation in a porphyria work up.

Urine total porphyrins will be elevated in acute intermittent porphyria, however is a less sensitive test compared to urobilinogen."
239,"A 67-year-old woman is referred to the haematology clinic. Her GP has noted that her platelet count is persistently elevated and no reactive cause can be found. Bloods taken a week before clinic are as follows:


Hb	15.4 g/dl
Platelets	784 * 109/l
WBC	5.3* 109/l
JAK2 kinase (V617F mutation)	Positive

What is the treatment of choice?","[""Imatinib"", ""Stem-cell transplantation"", ""Hydroxycarbamide"", ""Vincristine"", ""Venesection""]",Hydroxycarbamide,2,
240,"A 67-year-old man presents to the haematology clinic with fatigue and abnormal blood tests. He reports worsening lethargy over the preceding six months, as well as several episodes of profuse epistaxis requiring packing. More recently, he reports his vision becoming increasingly blurry, with a worsening headache.

On clinical examination, you note hepatosplenomegaly and several rubbery lymph nodes in the anterior cervical chain.

His blood tests are as follows:



Hb	95 g/L	Male: (135-180)
Platelets	75 * 109/L	(150 - 400)
WBC	20 * 109/L	(4.0 - 11.0)

You order serum electrophoresis, which reveals an abnormal IgM peak.

Which condition is this patient most likely to have?","[""Multiple myeloma"", ""Mucosa-associated lymphoid tissue lymphoma (MALToma)"", ""Monoclonal gammopathy of undetermined significance"", ""Waldenstrom's macroglobulinemia"", ""Myelodysplasia""]",Waldenstrom's macroglobulinemia,3,"Waldenstrom's macroglobulinaemia - Organomegaly with no bone lesions

This is a difficult question, as all of these options can produce an IgM peak. A careful examination of the case reveals the correct answer.

Waldenstrom's macroglobulinaemia (WM) is a B-cell lymphoma characterised by organomegaly, pancytopenia, and cold autoimmune haemolytic anaemia. The proliferative B-cells produce excessive IgM, and this forms a cornerstone of the diagnosis, alongside a biopsy. The combination of hyperviscosity symptoms (visual disturbance, headache), anaemia, thrombocytopaenia, raised white cell count, and organomegaly with lymphadenopathy with elevated IgM should prompt consideration of WM.

Multiple myeloma is another B-cell tumour and can cause anaemia and thrombocytopaenia. However, the most common monoclonal band associated with it is IgA, followed by IgA and IgD. IgM-producing multiple myelomas are rare. Further, they are not associated with organomegaly, and most commonly feature bone pain. Other symptoms include those linked to hypercalcaemia and renal failure.

Mucosa-associated lymphatic tissue tumours (MALTomas) are another B-cell tumour. While any mucosal tissue can be affected, the most common location is the stomach, where it is strongly associated with

Helicobacter pylori infection

. There are no indications of this in the above case.

Monoclonal gammopathy of undetermined significance (MGUS) is a condition characterised by a monoclonal gammopathy of less than 30g/L, as well as no CRAB symptoms (hypercalcaemia, renal failure, anaemia, bone pain. Since we have anaemia, this is not MGUS. It would also not explain the organomegaly.

Myelodysplasia can cause anaemia, thrombocytopaenia, and organomegaly. However, it would not cause IgM paraproteinaemia or viscosity symptoms."
241,"A 66-year-old female presents with fever, weight loss and low-grade pain. After an array of tests are performed and she is diagnosed with chronic lymphocytic leukaemia (CLL). Further investigations are undertaken to assess genetic aberrations and levels of prognostic markers in order to aid management.

Which of the following would likely worsen her prognosis?","[""High levels of serum beta-2 microglobulin"", ""Being female"", ""Developing CLL at a younger age"", ""Deletion of 17p13 region"", ""Deletion of 13q14 region""]",Deletion of 17p13 region,3,"del 17p is associated with a poor prognosis in CLL

The prognosis of CLL varies and can range from 2 to 20 years. The variability highlights the importance of assessing prognostic factors and factoring this appropriately in the management of the patient. Fluorescence in situ hybridization tests (FISH) panel tests, flow cytometry and lab markers are used in order to gather information on prognosis.

Deletion of 17p13 is the strongest independent prognostic factor for CLL. The disease progresses more rapidly and tends to be refractory to many conventional treatments.

The most common genetic aberration in CLL is deletion of 13q. It is associated with a more indolent course of the disease improving the prognosis.

Female patients, younger people (<65) and patients with high levels of serum beta-2 microglobulin are associated with having a better prognosis."
242,A 40-year-old female has been diagnosed with haemolytic uraemic syndrome after an episode of severe diarrhoea. She has a haemoglobin of 84 mg/dL. Which of the following blood results is most likely to be found?,"[""Low haptoglobin"", ""Low bilirubin"", ""Elevated magnesium"", ""Low urea"", ""Increased HbF""]",Low haptoglobin,0,"Low haptoglobin levels are found in haemolytic anaemias

The patient has an intravascular haemolytic anaemia secondary to haemolytic uraemic syndrome. Haptoglobin levels are reduced in intravascular haemolysis because they bind to free haemoglobin released from lysed erythrocytes. The complexes are then removed from the plasma by the hepatic reticulo-endothelial cells. Haptoglobin levels decrease if the rate of haemolysis is greater than the rate of haptoglobin production.

Bilirubin levels are likely to be elevated because of increased metabolism of haem. Magnesium may be low because of diarrhoea or unaffected. Urea would be increased due to acute kidney injury. HbF is found in patients with inherited haemoglobinopathies and not in acquired haemolytic anaemias.

NICE Evidence search

https://www.evidence.nhs.uk/search?q=haemolytic+uraemic+syndrome"
243,A 34-year-old man is reviewed four years after having an orchidectomy for a testicular teratoma. What are the most useful follow-up investigation(s) to detect disease recurrence?,"[""CRP + beta-HCG"", ""Testosterone + beta-HCG"", ""ESR + alpha-fetoprotein"", ""Alpha-fetoprotein + beta-HCG"", ""LDH + ESR""]",Alpha-fetoprotein + beta-HCG,3,
244,"A 34-year-old man has acute dyspnoea, fatigue, and greyish-blue discolouration of the lips and fingertips. He has no chest pain or fever. His medical history includes coeliac disease, and he was recently started on dapsone for a pruritic, blistering skin rash.

His oxygen saturation is 85% breathing air, which does not improve with supplementary oxygen. Air entry is clear and equal bilaterally, with no added breath sounds.

An arterial blood gas is performed (on 15 L/min oxygen):


pH	7.42	(7.35 - 7.45)
pO2	31.0 kPa	(10 - 14)
pCO2	4.3 kPa	(4.5 - 6.0)
Bicarbonate	25 mmol/L	(22 - 28)
Lactate	1.3 mmol/L	(< 2.0)

Which treatment is he most likely to receive?","[""Ascorbic acid"", ""Cyanocobalamin"", ""Hydroxocobalamin"", ""Methylthioninium chloride"", ""Prussian blue""]",Methylthioninium chloride,3,"Dapsone + dyspnoea → methaemoglobinaemia

Methylthioninium chloride

is correct. This patient most likely has methaemoglobinaemia, due to acute dyspnoea, cyanosis (greyish-blue lips and fingertips), and low oxygen saturations unresponsive to high-flow oxygen following dapsone use. The arterial blood gas analysis reveals an elevated pO₂ with normal pH and pCO₂, reflecting adequate ventilation but impaired oxygen saturation due to oxidised haemoglobin. Dapsone oxidises haemoglobin iron from Fe²⁺ to Fe³⁺, forming methaemoglobin that cannot effectively bind or release oxygen, leading to tissue hypoxia. Methylthioninium chloride (methylene blue) acts as an artificial electron carrier, and is reduced to leukomethylene blue, and then donates electrons to reduce methaemoglobin (Fe³⁺) back to functional haemoglobin (Fe²⁺), rapidly reversing symptoms of methaemoglobinaemia. Many arterial blood gas machines can now report methaemoglobin levels, however, a definitive diagnosis requires a formal laboratory test.

Ascorbic acid

is incorrect because it is a slow-acting reducing agent used in chronic or mild methaemoglobinaemia, not in acute, symptomatic cases like this. This patient has acute dyspnoea, cyanosis, and hypoxia despite high-flow oxygen, which requires fast reversal. Ascorbic acid would be insufficient in this scenario. It may instead be appropriate in mild or chronic methaemoglobinaemia, such as in congenital cases, where patients present with stable saturations and long-standing mild cyanosis without acute respiratory distress or dapsone exposure.

Cyanocobalamin

is incorrect because it is a form of vitamin B12 used to treat B12 deficiency, not methaemoglobinaemia. It does not affect haemoglobin oxidation or oxygen binding. This patient’s presentation is acute, with dyspnoea and cyanosis shortly after dapsone initiation. Cyanocobalamin may be appropriate in pernicious anaemia or B12 deficiency, which typically presents with fatigue, glossitis, macrocytic anaemia, and neurological symptoms such as peripheral neuropathy, paraesthesia, or subacute combined degeneration causing ataxia and spasticity, none of which are seen here.

Hydroxocobalamin

is incorrect because it is used to treat cyanide poisoning, not methaemoglobinaemia. It binds cyanide to form cyanocobalamin, which is excreted renally. This patient’s features, cyanosis, dapsone use, and hypoxia despite oxygen therapy, are typical of methaemoglobinaemia. Cyanide poisoning presents differently, with a sudden onset of confusion, seizures, lactic acidosis, arrhythmias, and cardiovascular collapse. It often occurs after smoke inhalation in enclosed spaces or industrial exposure, neither of which is described in this case.

Prussian blue

is incorrect because it treats thallium or radioactive caesium poisoning by binding these metals in the gut to prevent reabsorption. It does not reverse methaemoglobinaemia or affect oxygen transport. This patient’s presentation is acute and directly linked to dapsone use. Thallium poisoning would present with gastrointestinal symptoms (nausea, vomiting, diarrhoea), painful peripheral neuropathy, alopecia, and cardiac arrhythmias. Radioactive caesium exposure may cause nausea, vomiting, bone marrow suppression, and radiation sickness, none of which are present in this scenario."
245,"A 65-year-old man with myelodysplastic syndrome is attending for a blood transfusion.

He begins to feel unwell and breathless mid-way through his transfusion.

His observations are as follows:

Oxygen saturation 88%
Respiratory rate 28/min
Heart rate 112/min
BP 94/57mmHg
Temperature 38.2ºC

He is a regular patient and receives two units of blood every week. He has a history of chronic kidney disease and type 2 diabetes.

You give oxygen and assess the patient. He looks unwell, cyanosed and flushed. There is no angioedema, wheeze or urticaria.

Given the likely diagnosis, what is the most appropriate management?","[""IM adrenaline and IV fluids"", ""IV antibiotics, blood cultures and fluids"", ""IV furosemide"", ""Paracetamol and resume the transfusion at a slower speed"", ""Titrate oxygen, give IV fluids and consider escalation of care""]","Titrate oxygen, give IV fluids and consider escalation of care",4,"TRALI is differentiated from TACO by the presence of hypotension in TRALI vs hypertension in TACO

Transfusion reactions are common and whilst some of them are minor and easily managed, there are some life-threatening reactions that can occur.  Though rare, you should always be alert to transfusion-related acute lung injury (TRALI) and be aware of its severity.

The treatment of TRALI is purely supportive with oxygen but a majority of patients require further respiratory support and are likely to need a higher level of care.  IV fluids can be given to support blood pressure but many patients will also need vasopressors.  The correct answer, therefore, is to

titrate oxygen, give IV fluids and consider escalation of care

.

Transfusion-associated circulatory overload (TACO) is differentiated from TRALI by the presence of hypertension rather than hypotension and you would not expect the patient to be febrile.  The treatment of TACO would be

IV furosemide

, so this is incorrect.

IM adrenaline and IV fluids

is incorrect.  This would be the treatment for anaphylaxis as per the Resus Council algorithm.  Anaphylaxis is possible but less likely given there is no urticaria or wheeze.

IV antibiotics, blood cultures and fluids

is not correct.  This would be a suitable treatment for sepsis which may present in this way, but given the context of regular transfusion and no other pointers towards infection, this is less likely.

Paracetamol and resume the transfusion at a slower speed

is also incorrect.  This may be appropriate for simple febrile reactions to transfusion but in this case, the hypoxia and hypotension point away from this as patients with simple reactions are usually well and have no other adverse signs except the temperature."
246,"A 52-year-old woman presents with fever, sweats and persistent dyspepsia despite omeprazole. She has also lost 5kg in weight over the last 1 year. Prior to this she is normally fit and well with no other past medical or drug history.

She works as a bus driver and her only recent foreign travel was to Ibiza on holiday.

She undergoes an endoscopy which reveals a tumour in the antrum of the stomach.

Which of the following is most likely to have been causative?","[""Epstein Barr virus"", ""Helicobacter pylori"", ""Coeliac disease"", ""Schistosoma haematobium"", ""Human T-lymphotropic virus 1""]",Helicobacter pylori,1,"Helicobacter pylori

Helicobacter pylori

infection can lead to gastric lymphoma (MALT). These are typically arise in the antrum of the stomach and can present with systemic features such as fevers and night sweats.

While coeliac disease can predispose to gastrointestinal (GI) tumours, this is rare. Furthermore, coeliac is associated with enteropathy-associated T-cell lymphoma, a disease of the small intestine.

Epstein Barr Virus (EBV) predisposes to nasopharyngeal cancer and Hodgkin's lymphoma.

Schistosoma haematobium

predisposes to bladder tumours.

HTLV1 predisposes to adult T-cell leukaemia/lymphoma."
247,"A 32-year-old male presents to your clinic for review. He has a history of hereditary spherocytosis and recently underwent splenectomy. Since the operation he's noticed a major improvement in his energy levels.

If a blood film was taken from the patient, what new histological finding would be observed which would have been absent prior to splenectomy?","[""Schistocytes"", ""Bite cells"", ""Heinz bodies"", ""Spherocytes"", ""Howell-Jolly bodies""]",Howell-Jolly bodies,4,"Howell-Jolly bodies are present in hereditary spherocytosis post-splenectomy

Howell-Jolly bodies are remnants of the red blood cell (RBC) nucleus which are normally removed by the spleen. Post-splenectomy these Howell-Jolly bodies persist and can be observed on histology.

Spherocytes would also be present. However, they would have been observed on histology prior to splenectomy.

Schistocytes are sheared RBCs seen in microangiopathic haemolytic anaemia.

Heinz bodies and bite cells are characteristic of glucose-6-phosphate dehydrogenase (G6PD) deficiency."
248,"A 71-year-old man is admitted to the orthogeriatric ward following a traumatic fall with a neck of humerus fracture and scalp laceration with significant blood loss. He was transfused various blood products over a 24-hour period before becoming haemodynamically stable.

On the following morning ward round, he appears lethargic and unwell, having spiked a temperature of 38.6ºC. He is tachycardic and mildly hypotensive. Intravenous fluid resuscitation is started and blood cultures are sent.

Which of the following is most likely to have caused this reaction?","[""Cryoprecipitate"", ""Fibrinogen"", ""Fresh frozen plasma"", ""Platelets"", ""Red blood cells""]",Platelets,3,"Platelet transfusions have the highest risk of bacterial contamination compared to other types of blood products

This patient is presenting with symptoms of an infection, with fever, tachycardia and hypotension. These symptoms started shortly after blood product administration. Of the answers listed in the question, platelet transfusion is most likely to cause bacterial contamination. This is because platelets are stored at room temperature between 20-24ºC as too cold temperatures lead to damage to the platelet membranes. These warmer temperatures are much more favourable for bacterial contamination and growth, compared to products stored at colder temperatures.

Red blood cells are stored at temperatures between 2-6ºC. Fresh frozen plasma and cryoprecipitate are stored at temperatures of -30ºC and are thawed just before use. These temperatures make bacterial contamination much less likely.

Fibrinogen is now commonly stored as a powder that is mixed into a solution with sterile water. Therefore, it is unlikely to cause bacterial contamination."
249,"A 25-year-old man presents with bloating and alteration in his bowel habit. He has been keeping a food diary and feels his symptoms may be secondary to a food allergy. Blood tests show a normal full blood count, ESR and thyroid function tests. Anti-endomysial antibodies are negative. What is the most suitable test to investigate possible food allergy?","[""Total IgE levels"", ""Hair analysis"", ""Skin patch testing"", ""Skin prick test"", ""Jejunal biopsy""]",Skin prick test,3,
250,"A 72-year-old man has 8 months of fatigue, constipation, polyuria, and low mood. He has no fever, headaches, or visual disturbance. Two years ago, he had an incidental 12 g/L monoclonal spike on serum protein electrophoresis, with IgG kappa monoclonal proteins on immunofixation. He was asymptomatic at the time, with preserved renal function.

He is tender over the lumbar spine, with no lymphadenopathy or hepatosplenomegaly.


Hb	120 g/L	(135-180)
Platelets	392 * 10 9/L	(150 - 400)
WBC	5.4 * 10 9/L	(4.0 - 11.0)


Na+	140 mmol/L	(135 - 145)
K+	4.4 mmol/L	(3.5 - 5.0)
Urea	8.3 mmol/L	(2.0 - 7.0)
Creatinine	143 µmol/L	(55 - 120)

Which condition has he most likely developed?","[""Immunoglobulin heavy chain disease"", ""Monoclonal gammopathy of undetermined significance"", ""Multiple myeloma"", ""Smouldering myeloma"", ""Waldenström macroglobulinaemia""]",Multiple myeloma,2,"Non-IgM MGUS may progress to multiple myeloma

Progression of non-IgM MGUS to multiple myeloma

is correct. This patient now has features of end-organ damage, including hypercalcaemia (fatigue, polyuria, low mood, constipation), renal impairment (creatinine 143 µmol/L), anaemia (Hb 120 g/L), and bone tenderness, fulfilling the CRAB criteria for multiple myeloma. Two years ago, he had non-IgM MGUS, defined by an IgG kappa paraprotein and absence of symptoms or organ damage. Non-IgM MGUS can progress to multiple myeloma, which has likely occurred in this patient. The absence of fever, lymphadenopathy, or hepatosplenomegaly further supports multiple myeloma over alternative diagnoses.

Immunoglobulin heavy chain disease

is incorrect. This patient lacks the systemic features typically seen in immunoglobulin heavy chain disease (HCD), such as lymphadenopathy, hepatosplenomegaly, respiratory symptoms (e.g., chronic cough, bronchiectasis), gastrointestinal signs (e.g., diarrhoea, weight loss), or autoimmunity. HCD is not a known progression from MGUS. In contrast, this patient's features of hypercalcaemia (fatigue, polyuria, low mood, constipation), anaemia, bone tenderness, and renal impairment align more with multiple myeloma.

Monoclonal gammopathy of undetermined significance

is incorrect. MGUS is defined by a monoclonal protein without symptoms or end-organ involvement. This patient now has CRAB features, hypercalcaemia (fatigue, polyuria, low mood, constipation), renal impairment, anaemia, and bone tenderness, indicating progression beyond MGUS. MGUS would only apply if the paraprotein remained stable and the patient remained asymptomatic, which was true two years ago but is no longer applicable.

Smouldering myeloma

is incorrect. Smouldering myeloma is characterised by ≥ 10% bone marrow plasma cells or a monoclonal protein > 30 g/L, but without organ damage. This patient presents with symptomatic hypercalcaemia (fatigue, polyuria, low mood, constipation), renal impairment, anaemia, and bone tenderness, excluding smouldering myeloma. If this patient did not have these features and their monoclonal spike was > 30 g/L, then this could be considered.

Waldenström macroglobulinaemia

(WM) is incorrect. This condition involves an IgM monoclonal gammopathy, while this patient has an IgG kappa paraprotein. WM typically presents with lymphoplasmacytic infiltration and hyperviscosity symptoms such as blurred vision, headache, or organomegaly, none of which are present here. WM may also cause neuropathy or coagulopathy, which this patient does not have. WM would be more likely in a patient with an IgM paraprotein and systemic or hyperviscosity-related symptoms."
251,"A 40-year-old male patient is admitted with recurrent pancreatitis. A CT scan reveals no pancreatic mass, but evidence of widespread lymphadenopathy. Dedicated liver imaging reveals a stricture in the common bile duct but no stones. He also has a history of parotiditis. What is the most likely diagnosis?","[""Lymphoma"", ""IgG4 disease"", ""Pancreatic cancer"", ""Biliary malignancy"", ""Primary sclerosing cholangitis""]",IgG4 disease,1,
252,"A full blood count for a 38-year-old man is reported as follows:


Hb	12.9 g/dl
Platelets	225 * 109/l
WBC	6.2 * 109/l
Film	Numerous Howell-Jolly bodies and pencil cells seen

Which one of the following conditions is most likely to produce these results?","[""Coeliac disease"", ""HIV infection"", ""Sickle-cell trait"", ""Autoimmune hemolytic anaemia"", ""Liver disease""]",Coeliac disease,0,
253,"A 35-year-old female who is 34 weeks pregnant presents with a swollen, painful right calf. A deep vein thrombosis is confirmed on Doppler scan. What is the preferred anticoagulant?","[""Clopidogrel"", ""Aspirin"", ""Intravenous heparin"", ""Warfarin"", ""Subcutaneous low molecular weight heparin""]",Subcutaneous low molecular weight heparin,4,
254,"A 27-year-old woman with a background of systemic lupus erythematosus has progressed to end-stage renal failure following a period of declining renal function. An urgent renal biopsy was performed which confirmed the presence of lupus nephritis. Her case was discussed in the MDT meeting and she was commenced on various drug treatments to help suppress the immune system. A few days into the course of her treatment she developed gross macroscopic haematuria which the team felt was likely to have been caused by one of the new medications. Mesna was given to treat this side effect.

What is the mechanism of action of the offending medication in this case?","[""Cross-linking in DNA"", ""Degrades preformed DNA"", ""Increases lysosomal pH in antigen-presenting cells"", ""Inhibits dihydrofolate reductase"", ""Inhibits microtubule formation""]",Cross-linking in DNA,0,"Cyclophosphamide - causes cross-linking in DNA

Cross-linking in DNA is the mechanism by which cyclophosphamide acts as a chemotherapy agent and is used to suppress the immune system in various conditions such as systemic lupus erythematosus, nephrotic syndrome, granulomatosis with polyangiitis and severe rheumatoid arthritis. It has mainly important side effects to be aware of one of which is haemorrhagic cystitis which can result in dysuria and gross macroscopic haematuria. This can be prevented with adequate fluid intake, avoiding night-time dosing and the use of mesna.

Dihydrofolate reductase inhibitors e.g. methotrexate is chemotherapy and immunosuppressive agent which inhibits. They are used to treat cancers and autoimmune diseases.

Increasing lysosomal pH in antigen-presenting cells is how hydroxychloroquine works as a disease-modifying anti-rheumatic drug (DMARD) used in rheumatoid arthritis and lupus. Hydroxychloroquine has side effects of retinopathy and ventricular arrhythmias.

Degrading performed DNA is a mechanism by which bleomycin works to treat cancers and can cause lung fibrosis as an adverse effect.

Stabilisation of DNA-topoisomerase II complex and inhibition of DNA & RNA synthesis is how anthracyclines (e.g. doxorubicin) work as a chemotherapy agent. Doxorubicin as an example can cause cardiomyopathy."
255,"A 61-year-old man is diagnosed with metastatic colorectal cancer and is started on a chemotherapy regimen that includes irinotecan.

What is the primary mechanism of action of this medication?","[""Alkylating agent causing cross-linking in DNA"", ""Inhibition of topoisomerase I preventing relaxation of supercoiled DNA"", ""Inhibits formation of microtubules"", ""Prevents microtubule depolymerisation & disassembly"", ""Stabilises DNA-topoisomerase II complex""]",Inhibition of topoisomerase I preventing relaxation of supercoiled DNA,1,"Irinotecan inhibits topoisomerase I which prevents relaxation of supercoiled DNA

Irinotecan

inhibits topoisomerase I

, an enzyme with multiple functions including relaxation of supercoiled DNA. It is used in the treatment of a variety of cancers. For the treatment of metastatic colorectal cancer, it is often used as part of the FOLFIRI regimen alongside folinic acid and 5-fluorouracil.

Cyclophosphamide is an example of an

alkylating agent

causing cross-linking in DNA.

Vinca alkaloids such as vincristine and vinblastine

inhibit the formation of microtubules

.

Taxanes such as docetaxel function by

preventing microtubule polymerisation and disassembly

.

Anthracyclines such as doxorubicin

stabilise the DNA-topoisomerase II complex and prevent DNA and RNA synthesis

."
256,What is the mechanism of action of cisplatin?,"[""Stabilises DNA-topoisomerase II complex"", ""Causes cross-linking in DNA"", ""Inhibits ribonucleotide reductase"", ""Inhibits purine synthesis"", ""Inhibits formation of microtubules""]",Causes cross-linking in DNA,1,"Cisplatin - causes cross-linking in DNA

The correct answer is that cisplatin causes cross-linking in DNA. Cisplatin is a platinum-containing chemotherapeutic agent that forms covalent bonds with purine bases (particularly guanine) in DNA. This creates both intrastrand and interstrand cross-links, preventing DNA from unwinding and separating during cellular replication. This mechanism ultimately leads to apoptosis of rapidly dividing cells, making it particularly effective against various malignancies, especially testicular cancer, ovarian cancer, and certain lung cancers.

Stabilises DNA-topoisomerase II complex

is incorrect as this is the mechanism of action for different chemotherapeutic agents, specifically the topoisomerase inhibitors such as etoposide and doxorubicin. These drugs work by preventing the re-ligation of DNA strands after they have been cut by topoisomerase II, leading to cell death.

Inhibits ribonucleotide reductase

is incorrect as this is the mechanism of action of hydroxyurea. This enzyme is responsible for converting ribonucleotides to deoxyribonucleotides, which are essential for DNA synthesis. Hydroxyurea is commonly used in conditions such as sickle cell disease and certain myeloproliferative disorders.

Inhibits purine synthesis

is incorrect as this is the mechanism of action of drugs such as methotrexate and mercaptopurine. These agents interfere with the de novo synthesis of purines, which are essential building blocks for DNA and RNA synthesis. These drugs are commonly used in conditions such as acute lymphoblastic leukaemia and rheumatoid arthritis.

Inhibits formation of microtubules

is incorrect as this is the mechanism of action of vinca alkaloids (such as vincristine and vinblastine) and taxanes (such as paclitaxel). These drugs interfere with microtubule formation or breakdown, preventing proper cell division during mitosis. They are commonly used in various malignancies including breast cancer and lymphomas."
257,"Tom is a 45-year-old man who has presented with new-onset urinary retention over the past 8 hours. He was previously diagnosed with non-Hodgkin's lymphoma and is currently undergoing chemotherapy treatment for this. He notes that prior to this, his urine had a reddish-tinge.

A 3-way catheter was inserted and blood-stained urine with clots was seen within the catheter bag. Urinalysis showed significant blood but no leukocytes or nitrites were seen. A cystoscopy performed did not show any masses and biopsies taken did not show any malignancy. It was felt that this was a likely side effect of one of these chemotherapy agents.

What is the underlying mechanism of action of the culprit chemotherapy agent?","[""Inhibition of DNA topoisomerase II"", ""Inhibits microtubule formation"", ""Promotes cross-linking of DNA"", ""Pyrimidine analogue"", ""Monoclonal antibody against CD20""]",Promotes cross-linking of DNA,2,"Cyclophosphamide - causes cross-linking in DNA

The patient has non-Hodgkin's lymphoma and is likely being managed with the chemotherapy regime R-CHOP which consists of rituximab, cyclophosphamide, doxorubicin, vincristine and prednisolone.

Given the negative cystoscopy and urine dipstick, it is likely that his haematuria is caused by haemorrhagic cystitis. This is a documented side effect of cyclophosphamide.

Cyclophosphamide functions as an alkylating agent that promotes cross-linking of DNA.

Inhibition of microtubule formation is the mechanism of drugs such as vincristine.

Inhibition of topoisomerase II and DNA/RNA synthesis occurs with anthracyclines such as doxorubicin.

Rituximab is an example of a monoclonal antibody against CD20.

Pyrimidine analogues include drugs such as 5-fluorouracil. They induce cell cycle arrest and apoptosis by blocking thymidylate synthase. These are not commonly used in the management of non-Hodgkin's lymphoma."
258,"A 10-year-old boy is referred to you following his 7th course of antibiotics for lower respiratory tract infection in the last 6 years. He has difficult to control eczema for which he is currently on a topical steroid cream. His bloods are as follows


Hb	139 g/l
Platelets	65 * 109/l
WBC	12.3 * 109/l

In which of the following genes may you expect to see an abnormality?","[""WASP"", ""PKD1"", ""CFTR"", ""HFE1"", ""RET""]",WASP,0,
259,"A 21-year-old man attends the emergency department after noticing blood in his urine. He has been feeling fatigued and generally unwell for the last two days and has been finding himself getting out of breath easily. His housemates had commented yesterday that he was 'turning yellow', but he had assumed they were teasing him for being unwell and had ignored them.

He is normally fit and well and is not on any regular medications. He has however recently started taking primaquine in preparation for a volunteering trip to Tanzania next week.

On examination, he is clearly jaundiced and tachypnoeic. His urine sample is a dark brown and is positive for blood and bilirubin. He is afebrile and normotensive, though is requiring some supplemental oxygen.

You are awaiting the rest of his test results but have received the following from the lab so far:


Hb	115 g/l
MCV	90 fL
Haematocrit	0.3 L/L
Platelets	250 * 109/l
WBC	10.2 * 109/l
Reticulocyte count	2.1%
Peripheral blood film	Presence of schistocytes, spherocytes and bite cells noted

What is the most likely reason for this presentation?","[""Sickle cell crisis"", ""Post-infectious haemolytic anaemia"", ""G6PD deficiency"", ""Hereditary spherocytosis"", ""Pyruvate kinase deficiency""]",G6PD deficiency,2,"Malaria prophylaxis (e.g. primaquine) can trigger haemolytic anaemia in those with G6PD deficiency

This man is presenting with signs and symptoms of a haemolytic anaemia, the most likely cause of which is G6PD deficiency. A number of foods and medications can trigger haemolysis in individuals with G6PD deficiency, an important class of which are quinine-based anti-malarial medications. The temporal link between starting malaria prophylaxis and developing signs of haemolysis makes this the most likely cause.

While a sickle cell crisis can trigger haemolysis, there is nothing to suggest this patient has sickle cell disease, and no sickle cells are present on the blood film.

Post-infectious haemolysis can occur with atypical pneumonias such as

Mycoplasma

(cold-agglutinin disease) and infections that induce hypersplenism such as mononucleosis. There is nothing to suggest an infectious cause in this scenario, however.

Congenital haemoglobin defects such as spherocytosis can also cause haemolysis. While there are spherocytes on this man's blood film, these are present to different degrees in haemolytic anaemias of any cause and as such are not specific.

Pyruvate kinase deficiency is the next most common inherited metabolic disorder after G6PD deficiency. Haemolysis in these patients tends to be triggered in times of significant physiological stress."
260,"A 52-year-old woman with a complex medical history, including systemic lupus erythematosus, is admitted to the hospital with severe sepsis and disseminated intravascular coagulation. As part of her critical care management, she receives multiple transfusions.

Initially, she shows signs of improvement; however, her condition suddenly deteriorates, raising concerns about a possible secondary bacterial infection. The team suspects the infection may be linked to contamination from one of the transfused products.

What transfusion is most likely to be associated with this complication?","[""Cryoprecipitate"", ""Fresh frozen plasma (FFP)"", ""Intravenous immunoglobulin (IVIG)"", ""Platelet"", ""Red blood cells (RBC)""]",Platelet,3,"Platelet transfusions are at particular risk of bacterial contamination as they are stored at room temperature

Platelet

transfusions are the most likely source of bacterial contamination because they are stored at room temperature (20-24°C) to preserve platelet function and viability. Unlike other blood products stored at colder temperatures, this room-temperature storage creates an environment more conducive to bacterial growth, increasing the risk of contamination. Common bacteria causing contamination include

Staphylococcus epidermidis

and

Bacillus cereus

.

Cryoprecipitate

is not typically associated with bacterial contamination as it is stored at temperatures of -18°C or below until required for use. The sub-zero storage conditions serve as a deterrent to bacterial growth, thereby minimising the likelihood of infection from this blood product.

Regarding

FFP

, it is also an unlikely source of bacterial contamination as it is stored at temperatures ranging from -18°C to -25°C. Such frigid conditions inhibit bacterial activity, thus decreasing the likelihood of infection related to transfusions.

IVIG

is stored under refrigeration between 2°C and 8°C, an environment that does not support either bacterial or fungal proliferation. Moreover, IVIG products are subject to sterile filtration during production to remove microorganisms and assure sterility, making them less susceptible to bacterial contamination compared with platelet transfusions.

RBCs

are incorrect because they are stored between 1 and 6°C, significantly reducing the risk of bacterial contamination compared to products stored at room temperature. Although contamination of RBCs can occur, the risk is significantly lower when compared to products stored at room temperature. The cold storage environment inhibits bacterial growth, making RBC transfusions less likely to be associated with bacterial infections."
261,"A 45-year-old woman presents with muscle weakness primarily affecting her legs. She also complains of chest pain. On examination, you note proximal myopathy of the upper limbs (MRC grade 4/5) and lower limbs (MRC grade 3/5). The weakness demonstrates fatiguability, The examination was otherwise unremarkable.

A chest x-ray medicine:


Chest x-ray	Large mediastinal mass

What is the most likely diagnosis?","[""Dermatomyositis"", ""Lambert-Eaton myasthenic syndrome"", ""Lymphoma"", ""Myasthenia gravis"", ""Systemic lupus erythematosus""]",Myasthenia gravis,3,"Anterior mediastinal mass + symptoms of myasthenia = thymoma

A mediastinal mass has a wide differential which includes lymphoma, lung cancer, thymoma and infection (e.g. TB).

Myasthenia gravis

is correct. Myasthenia gravis (MG) is an autoimmune neuromuscular disorder characterized by fluctuating motor weakness involving ocular, bulbar, limb, and/or respiratory muscles. The presence of a mediastinal mass associated with proximal myopathy makes MG with a comorbid thymoma the most likely diagnosis.  Furthermore, the fatigable weakness is classic of MG.

Dermatomyositis

is incorrect. Although dermatomyositis can present with a proximal myopathy, the absence of myalgia and skin manifestations makes this a less likely diagnosis. It is important to remember that mediastinal masses can be associated with dermatomyositis which is often a paraneoplastic condition secondary to lung cancer.

Lambert-Eaton myasthenic syndrome

is incorrect. Although this remains within the differential diagnosis (e.g. as a paraneoplastic phenomenon secondary to lung cancer), it is an exceedingly rare condition making this less likely. Furthermore, in Lamber-Eaton myasthenic syndrome, motor power actually improves with repeated testing in contrast to the fatiguability seen in MG. In this case, the presence of fatiguability favours the diagnosis of MG.

Lymphoma

is incorrect. Paraneoplastic neurological syndromes rarely associate with lymphoma, with the exception of cerebellar degeneration and dermatomyositis. The absence of myalgia and skin manifestations makes paraneoplastic dermatomyositis an unlikely diagnosis.

Systemic lupus erythematosus

(SLE) is incorrect. The coexistence of SLE and thymoma is rare. SLE can rarely cause muscle weakness, however, this would usually be a myalgic process resulting in pain. Furthermore, there are no other typical features of SLE present in this case."
262,"A 26-year-old woman is diagnosed with coeliac disease after a 1 year history of weight loss and diarrhoea. Tissue transglutaminases are positive and she is commenced on a gluten free diet.

As part of her investigations she is noted to have a low haemoglobin and ferritin levels and a blood film is sent.

Which of the following blood film findings would be suggestive of hyposplenism?","[""Basophilic stippling and cabot rings"", ""Rouleaux formation"", ""Schistocytes and eosinophilia"", ""Howell-Jolly bodies and siderocytes"", ""Toxic granulation and Dohle bodies""]",Howell-Jolly bodies and siderocytes,3,"Howell-Jolly bodies and siderocytes are typical blood film findings of hyposplenism

Hyposplenism is a feature of coeliac disease. Blood film findings include Howell-Jolly bodies and siderocytes.

Basophilic stippling and cabot rings are features of lead poisoning.

Rouleaux formation are chronic inflammation and myeloma.

Schistocytes are a feature of haemolytic anaemia.

Toxic granulation and Dohle bodies are a neutrophil response to infection."
263,"A 42-year-old woman presented with sudden onset gait ataxia, intention tremor and nystagmus. CT head demonstrated a 4cm left cerebellar haematoma. She is discussed with the local neurosurgical unit and urgently transferred for intervention. She is repatriated a week later for further rehabilitation. Routine blood tests are notable for a platelet count of 1,700 * 109/l . Initially, you attribute this to a post-surgical rise. However, on closer examination of her results you realise that on initial presentation her platelet count was 1,300 * 109/l. What gene mutation is likely to be discovered in this lady?","[""JAK2"", ""HFE"", ""CFTR"", ""WASP"", ""BCR-ABL""]",JAK2,0,
264,"A 9-month-old boy is reviewed in the paediatric clinic for poor weight gain and increasing pallor. His parents report he has been lethargic for the past two months. On examination, he has marked hepatosplenomegaly. His initial blood tests are shown below.


Hb	61 g/L	(105 - 135)
MCV	58 fL	(72 - 88)
Platelets	245 x 109/L	(150 - 450)
WBC	9.1 x 109/L	(6.0 - 17.5)

Haemoglobin electrophoresis is performed.

Which of the following results is most likely in this child?","[""HbA 94%, HbA2 5%, HbF 1%"", ""HbA 0%, HbA2 4%, HbF 96%"", ""HbA 0%, HbS 90%, HbF 10%"", ""HbA 60%, HbS 38%, HbA2 2%"", ""HbA 97%, HbA2 2%, HbF <1%""]","HbA 0%, HbA2 4%, HbF 96%",1,"HbF is markedly raised in beta-thalassaemia major

The correct answer is

HbA 0%, HbA2 4%, HbF 96%

. This clinical presentation is classic for beta-thalassaemia major. The patient is a 9-month-old infant, the age at which fetal haemoglobin (HbF) levels normally decline, unmasking the inability to produce adult haemoglobin (HbA). This leads to a profound, transfusion-dependent microcytic anaemia, as seen in the blood results (Hb 61 g/L, MCV 58 fL). The severe anaemia causes bone marrow expansion and extramedullary haematopoiesis, resulting in hepatosplenomegaly and failure to thrive. In beta-thalassaemia major, there is a severe or complete deficiency of beta-globin chain synthesis. As HbA is composed of two alpha and two beta chains (α2β2), it cannot be produced. The body compensates by continuing to produce HbF (α2γ2) and a small amount of HbA2 (α2δ2). Therefore, haemoglobin electrophoresis will show a complete absence of HbA, a markedly elevated HbF which constitutes the vast majority of haemoglobin, and a normal or slightly raised HbA2.

HbA 94%, HbA2 5%, HbF 1%

is the characteristic pattern for beta-thalassaemia minor (trait). In this condition, there is reduced, but not absent, production of beta-globin chains. This results in a mild and often asymptomatic microcytic anaemia. The key diagnostic feature is a raised HbA2 level (typically >3.5%). This diagnosis is inconsistent with the severe clinical picture of failure to thrive, profound anaemia, and massive hepatosplenomegaly seen in the patient.

HbA 0%, HbS 90%, HbF 10%

is the pattern seen in sickle cell anaemia (HbSS). While this condition also presents in infancy with severe anaemia and splenomegaly, the underlying defect is a qualitative one (a point mutation in the beta-globin gene) rather than a quantitative one. This leads to the production of abnormal haemoglobin S (HbS) instead of HbA. Electrophoresis would therefore show predominantly HbS, with a variable amount of HbF and no HbA. The patient's results show almost exclusively HbF, not HbS.

HbA 60%, HbS 38%, HbA2 2%

represents sickle cell trait (HbAS). This is a heterozygous carrier state where individuals produce both normal HbA and abnormal HbS. They are typically haematologically normal and asymptomatic, except under conditions of extreme physiological stress (e.g., severe hypoxia). This pattern is completely inconsistent with the severe, symptomatic anaemia presented in the question.

HbA 97%, HbA2 2%, HbF <1%

is a normal adult haemoglobin pattern. This finding would be expected in a healthy individual beyond the first year of life. It is entirely incompatible with the severe microcytic anaemia, failure to thrive, and significant hepatosplenomegaly described in this 9-month-old infant, who is clearly suffering from a major haematological disorder."
265,"A 49-year-old female is admitted to hospital due to shortness of breath and pleuritic chest pain. She also complains of a marked decrease in appetite for the past 4 months. An admission chest x-ray shows a right-sided pleural effusion. An underlying malignancy is suspected and a series of tumour markers are requested:


CA 19-9	55 u/ml (< 40)
CA 125	654 u/ml (< 30)
CA 15-3	9 u/ml (<40)

What is the most likely underlying diagnosis?","[""Ovarian fibroma"", ""Small cell lung cancer"", ""Pancreatic carcinoma"", ""Hepatocellular cancer"", ""Breast carcinoma""]",Ovarian fibroma,0,
266,Which one of the following is the most common inherited thrombophilia?,"[""Protein S deficiency"", ""Antithrombin III deficiency"", ""Protein C deficiency"", ""Activated protein C resistance"", ""Von Willebrand's disease""]",Activated protein C resistance,3,"Activated protein C resistance (Factor V Leiden) is the most common inherited thrombophilia

Activated protein C resistance is due a point mutation in the Factor V gene, encoding for the Leiden allele. Heterozygotes have a 5-fold risk of venous thrombosis whilst homozygotes have a 50-fold increased risk

Von Willebrand's disease is the most common inherited bleeding disorder"
267,"A 58-year-old woman is referred to breast clinic with a hard painless lump in her left breast. She is eventually diagnosed with breast cancer. She undergoes a series of tests and her clinician decides to prescribe anastrozole.

Which of the following side effects should she be warned about before this medication is prescribed?","[""Deep vein thrombosis"", ""Endometrial cancer"", ""Osteoporosis"", ""Urinary incontinence"", ""Vaginal bleeding""]",Osteoporosis,2,"Aromatase inhibitors (e.g. anastrozole) may cause osteoporosis

Her breast cancer is ER-positive, meaning that it is responsive to oestrogen (about 80% of all breast cancers are). In postmenopausal women, this can be targeted with aromatase inhibitors such as anastrozole.

The most important side effect of this hormonal treatment is osteoporosis. Women should have their bone mineral density formally assessed at the beginning of treatment and at regular intervals thereafter.

Deep vein thrombosis, endometrial cancer, and vaginal bleeding are both side effects of another common drug used to treat breast cancer (tamoxifen).

Anastrozole has not been linked to urinary incontinence."
268,What is the most common inherited bleeding disorder?,"[""Haemophilia A"", ""Activated protein C resistance"", ""Haemophilia B"", ""Antithrombin III deficiency"", ""von Willebrand's disease""]",von Willebrand's disease,4,
269,"A 77-year-old lady is admitted by the emergency department complaining of difficulty coping at home. She is unable to mobilise independently and has a poor appetite due to difficulty swallowing. She has a diagnosis of oesophageal cancer but is not thought to be a candidate for chemotherapy. Her GP recently started her on nitrofurantoin for a urinary tract infection.

On examination she is a thin, frail lady who is alert and oriented. There is no neurological deficit in the upper limbs. She has weakness of hip flexion and knee extension in both legs, but markedly more so on the right. You are able to elicit some loss of pinprick sensation on the anterior thigh. Her reflexes are brisk with an upgoing plantar on the right.

Her blood results are as follows:


Hb	101 g/l
Platelets	440 * 109/l
WBC	8.4 * 109/l
MCV	99 fL
Na+	136 mmol/l
K+	4.8 mmol/l
Urea	3.7 mmol/l
Creatinine	52 µmol/l

What is the next most appropriate step in this patient's management?","[""Transfer to hospice"", ""Refer for physiotherapy"", ""MRI imaging of the spinal cord"", ""Check B12 and folate levels"", ""Stop nitrofurantoin""]",MRI imaging of the spinal cord,2,"Patients with suspected neoplastic spinal cord compression should have an urgent MRI of the whole spine

A patient with new lower limb neurology and a history of cancer should raise the suspicion of metastatic spinal cord compression, which is best demonstrated on MRI.

Although nitrofurantoin and B12 deficiency could cause a peripheral neuropathy, both are less urgent problems than cord compression."
270,"A 38-year-old female patient presents to the emergency department with severe abdominal pain, nausea and vomiting. She also reports reduced sensation in the bilateral lower limb extremities. She appears highly agitated and labile in mood. Her partner reports that this has happened about 6 times before and various suspected diagnoses were made for these past episodes but no definite diagnosis was ever made. She reports that her mother also gets such episodes. These past suspected diagnoses include acute appendicitis, renal calculi, acute intestinal obstruction. They were all found to be negative.

What is the likely diagnosis to account for this clinical presentation?","[""Acute intermittent porphyria"", ""Porphyria cutanea tarda"", ""Lead poisoning"", ""Neurotic disorder"", ""Multiple sclerosis""]",Acute intermittent porphyria,0,"Acute intermittent porphyria typically presents with abdominal, neurological and psychiatric symptoms

Acute intermittent porphyria (AIP) typically presents with abdominal, neurological and psychiatric symptoms.

Porphyria cutanea tarda presents with photosensitive bullae.

Lead poisoning is possible to account for this presentation but it doesn't account for the family history. AIP is more likely given the family history.

Neurotic disorder may be possible but physical causes need to be ruled out before considering a psychiatric diagnosis.

Multiple sclerosis doesn't usually present with gastrointestinal symptoms."
271,"A 55-year-old man has 9 months of progressive fatigue, weight loss, early satiety, and vague abdominal pain. He has no fevers or night sweats.

His vital signs are normal but he appears pale. He has marked splenomegaly extending 8 cm below the costal margin. There is no lymphadenopathy, hepatomegaly, or jaundice.

Investigations:


Hb	112 g/L	Male: (135-180)
Platelets	530 * 10 9/L	(150 - 400)
WBC	63.6 * 10 9/L	(4.0 - 11.0)
Neuts	58.2 * 10 9/L	(2.0 - 7.0)
Lymphs	3.4 * 10 9/L	(1.0 - 3.5)
Mono	0.5 * 10 9/L	(0.2 - 0.8)
Eosin	1.5 * 10 9/L	(0.0 - 0.4)

A blood film is requested.

Which feature is most likely to be seen?","[""Auer rods"", ""Fragile cells that break when smeared on a glass slide"", ""Granulocytes at different stages of maturation"", ""Lymphocytes at different stages of maturation"", ""Tear-drop poikilocytes""]",Granulocytes at different stages of maturation,2,"In chronic myeloid leukaemia there is an increase in granulocytes at different stages of maturation +/- thrombocytosis

Granulocytes at different stages of maturation

is correct. This 55-year-old man has progressive fatigue, weight loss, early satiety, pallor, and massive splenomegaly with no lymphadenopathy or hepatomegaly. His blood tests show marked leukocytosis, mainly due to neutrophilia and eosinophilia, along with anaemia and thrombocytosis. These findings strongly suggest chronic myeloid leukaemia (CML), a myeloproliferative disorder characterised by uncontrolled proliferation of the myeloid lineage. On a blood film, this would typically show granulocytes at various stages of maturation, such as myelocytes, metamyelocytes, band cells, and mature neutrophils, demonstrating a “left shift'. The eosinophilia and thrombocytosis further support a myeloid, rather than lymphoid, malignancy. These findings explain the splenomegaly (due to extramedullary haematopoiesis) and chronic symptoms, which are typical of CML.

Auer rods

is incorrect because these are seen in acute myeloid leukaemia (AML), not CML. Auer rods are needle-like inclusions in myeloblasts and indicate blast proliferation. AML presents acutely with symptoms of marrow failure such as infections, bleeding, and severe anaemia. This patient has a more chronic course, with thrombocytosis rather than thrombocytopenia and no circulating blasts reported. Auer rods may be seen in cases of acute leukaemia, particularly acute promyelocytic leukaemia (APL), often with pancytopenia and a more abrupt onset.

Fragile cells that break when smeared on a glass slide

is incorrect because these “smudge cells” are associated with chronic lymphocytic leukaemia (CLL), not CML. Smudge cells are remnants of fragile lymphocytes and are seen in lymphoid rather than myeloid malignancies. CLL typically presents with raised lymphocyte counts, minimal symptoms, and often lymphadenopathy. In contrast, this patient has neutrophilia and eosinophilia, no lymphadenopathy, and marked splenomegaly—features that do not align with CLL. Smudge cells may be seen in older adults with incidentally diagnosed lymphocytosis and typical CLL features.

Lymphocytes at different stages of maturation

is incorrect because this pattern suggests a lymphoid disorder such as CLL, whereas this patient’s clinical and haematological findings are consistent with a myeloid proliferation. CML results in increased granulocytes, not lymphocytes. This patient has raised neutrophils and eosinophils, not lymphocytes. Lymphoid maturation patterns may be seen in CLL or in reactive lymphocytosis (e.g. viral infections), neither of which explains the massive splenomegaly, thrombocytosis, or prolonged systemic symptoms seen here.

Tear-drop poikilocytes

is incorrect as these are associated with myelofibrosis, a condition marked by marrow fibrosis and extramedullary haematopoiesis. While myelofibrosis can cause splenomegaly and anaemia, it typically leads to thrombocytopenia, not thrombocytosis as seen here. It also commonly presents with hepatomegaly, which is not reported. Tear-drop cells may be seen in advanced myeloproliferative disorders with bone marrow failure, but are not typical in early-phase CML, which better matches this patient’s presentation."
272,"A 34-year-old woman attends the ambulatory emergency care unit for further investigation for a suspected deep vein thrombosis (DVT). This is subsequently confirmed by ultrasound. She reports that several members of her family on her mother's side have had thrombotic episodes and been diagnosed with Factor V Leiden. Otherwise, she does not smoke, has no history of immobilisation, does not take any oral contraceptive and a urine human chorionic gonadotropin is negative.

What is the prevalence of her underlying disorder?","[""0.1%"", ""0.3%"", ""0.5%"", ""1.5%"", ""5%""]",5%,4,"Activated protein C resistance (Factor V Leiden) is the most common inherited thrombophilia

The most common inherited cause of thrombophilia is activated protein C resistance (Factor V Leiden) which has a prevalence of 5%. The prevalence of other inherited causes thrombophilia are listed below.

Antithrombin III deficiency has a prevalence of 0.02%.

Protein C deficiency has a prevalence of 0.3%.

Protein S deficiency is also a rare cause and has a prevalence of 0.1%.

Prothrombin gene mutation is the second most common inherited cause of thrombophilia with a prevalence of 1.5% however this is still more rare than Factor V Leiden."
273,"Each one of the following is associated with polycythaemia vera, except:","[""Splenomegaly"", ""Hyperviscosity"", ""Raised ESR"", ""Hypertension"", ""Pruritus""]",Raised ESR,2,"Polycythaemia rubra vera is associated with a low ESR

The correct answer is

Raised ESR

. Polycythaemia vera (PV) is a myeloproliferative neoplasm characterised by an increase in erythrocytes, leukocytes and platelets. This results in hyperviscosity of blood but does not typically lead to a raised Erythrocyte Sedimentation Rate (ESR). ESR is a nonspecific measure of inflammation, and it's usually low in PV due to the increased number of red blood cells that reduce the relative proportion of plasma and thus sedimentation.

Now, let's discuss each of the incorrect answers:

Splenomegaly

is indeed associated with polycythaemia vera. It occurs as a result of extramedullary haematopoiesis and congestion due to increased blood volume. Splenomegaly can be present in up to 75% of patients at diagnosis.

Hyperviscosity

is also associated with PV. The overproduction of red blood cells leads to an increase in blood viscosity which can cause symptoms such as dizziness, headaches and visual disturbances. Hyperviscosity also increases the risk of thrombotic events.

Hypertension

can be seen in patients with PV. The increased blood volume and viscosity can contribute to high blood pressure. Moreover, renal artery stenosis secondary to thrombus formation may also cause hypertension.

Lastly,

Pruritus

, especially after bathing or showering, is a common symptom of polycythaemia vera. It's thought to be caused by histamine release from proliferating mast cells within the bone marrow or by increased basophils in the peripheral circulation."
274,"A 54-year-old gentleman is diagnosed with diffuse large B-cell lymphoma and is started on chemotherapy. Two days following his first treatment, he presents to the emergency department with nausea, vomiting, and myalgia. On examination, he appears clinically dehydrated. A diagnosis of tumour lysis syndrome (TLS) is suspected. Which of the following would be in keeping with this diagnosis?","[""Low phosphate"", ""Low uric acid"", ""Low lactate dehydrogenase (LDH)"", ""Low creatinine"", ""Low corrected calcium""]",Low corrected calcium,4,
275,"A 64-year-old man presents to the emergency department with a history of progressively worsening facial, neck, and upper chest swelling over the past few weeks, which has acutely intensified in the last 48 hours. He is experiencing dyspnoea, chest and head tightness, hoarseness of voice, and dysphagia.

On examination, he exhibits distended neck veins, facial swelling, and engorged veins on his upper chest and arms. Imaging identifies an apical lung tumour compressing the superior vena cava (SVC).

What is the most common presenting symptom of this man's condition?","[""Distended neck veins"", ""Dyspnoea"", ""Facial swelling"", ""Headache"", ""Hoarseness""]",Dyspnoea,1,"SVC obstruction - dyspnoea is the most common symptom

The diagnosis in this scenario is SVC obstruction, which is likely due to compression of the SVC by a mediastinal mass, such as lung cancer. This aetiology is frequently encountered, with SVC obstruction commonly arising secondary to lung cancer or other mediastinal malignancies. The most prevalent symptom is

dyspnoea

, resulting from compromised venous return from the upper body to the heart. This impediment leads to elevated pressure within the upper venous system and subsequent venous congestion that affects the lungs and airways, manifesting as dyspnoea. Management typically involves treatment of the underlying cause—such as radiotherapy or chemotherapy for malignancy—and may include the insertion of an SVC stent to re-establish blood flow.

While

distended neck veins

are a classic feature, they are not usually the initial presenting sign of SVC obstruction. They arise from hindered venous drainage from the head, neck, and upper extremities, leading to visible engorgement of the veins. Nonetheless, dyspnoea presents more frequently due to its direct association with impaired respiratory function.

Hoarseness

is not a predominant symptom of SVC obstruction but remains a significant clinical finding when present. It can result from compression of the recurrent laryngeal nerve or irritation caused by adjacent oedema or venous congestion, which induces alterations in voice quality. Although hoarseness can be striking and important when considering SVC obstruction, it often emerges subsequent to more salient symptoms like dyspnoea.

Similarly,

facial swelling

is not typically the foremost symptom observed in SVC obstruction despite its noticeable presence in clinical examinations. Facial and neck swelling develop owing to escalated venous pressure consequent upon SVC compression; however, this presentation is less frequent than other manifestations associated with this condition.

Lastly, while

headaches

may arise due to increased intracranial pressure stemming from impeded venous drainage, they do not represent the most common symptoms of SVC obstruction. Headaches may ensue as an ancillary complaint, particularly if the obstruction persists for an extended duration and exerts substantial effects on intracranial dynamics. Nevertheless, symptoms directly related to obstructed blood flow and respiratory compromise such as dyspnoea tend to predominate."
276,"A 44-year-old man attends the genetic clinic after being diagnosed with prostate cancer. He has no other medical history, does not smoke, and is not on any regular medication. His family history is notable for pancreatic cancer in his maternal relatives.

What gene mutation is most likely to be present in this man?","[""ALK"", ""BRCA2"", ""C-KIT"", ""EGFR"", ""KRAS""]",BRCA2,1,"BRCA2 mutation is associated with prostate cancer in men

BRCA2

is associated with prostate, breast, and pancreatic cancer in men. The man has early-onset prostate cancer with a significant family history of pancreatic cancer making a BRCA2 gene mutation the most likely to be present. Depending on the personal and family history of malignancy, specific screening is advised when a BRCA2 mutation is found, i.e. prostate-specific antigen screening from the age of 40 in all men. The BRCA2 gene is located on the long arm of chromosome 13.

An

ALK

gene mutation is associated with adenocarcinoma lung carcinoma. ALK gene mutation-associated lung cancers are associated with younger age and no or little smoking history/exposure. The ALK gene is found on chromosome 2.

A

C-KIT

is a gene mutation associated with gastrointestinal stromal tumours (GIST) and acute myeloid leukaemia. The c-KIT gene is found in chromosome 4. The most common site of GISTs are the stomach and jejunum/ileum. GI bleeding is the most common presentation of GISTs.

Renal cell carcinoma and non-small cell lung carcinoma are associated with

EGFR

gene mutations. The EGFR gene is found on chromosome 7. EGFR tyrosine kinase inhibitors such as osimertinib combined with chemotherapy have been shown to increase progression-free survival.

KRAS

gene mutations are associated with pancreatic cancers but not prostate cancer. A BRCA2 mutation would be more likely in this case given the personal history of prostate cancer. The KRAS gene is situated on chromosome 12."
277,"A 67-year-old woman with chronic lymphocytic leukaemia (CLL) is seen in the haematology clinic for routine follow. She has lost 11% of her body weight over six months but otherwise remains asymptomatic. On examination, splenomegaly is noted extending 8cm as well as small, stable lymphadenopathy.

Her most recent two blood tests are shown below.

Bloods (current):


Hb	141 g/L	Female: (115 - 160)
Platelets	181 * 109/L	(150 - 400)
WBC	49.3 * 109/L	(4.0 - 11.0)
Neuts	3.9 * 109/L	(2.0 - 7.0)
Lymphs	44.9 * 109/L	(1.0 - 3.5)
Mono	0.4 * 109/L	(0.2 - 0.8)
Eosin	0.1 * 109/L	(0.0 - 0.4)

Bloods (6 months ago):


Hb	146 g/L	Female: (115 - 160)
Platelets	191 * 109/L	(150 - 400)
WBC	24.1 * 109/L	(4.0 - 11.0)
Neuts	4.2 * 109/L	(2.0 - 7.0)
Lymphs	19.5 * 109/L	(1.0 - 3.5)
Mono	0.3 * 109/L	(0.2 - 0.8)
Eosin	0.1 * 109/L	(0.0 - 0.4)

What is the most appropriate management for this woman?","[""Continue monitoring"", ""Doxorubicin, bleomycin, vinblastine, dacarbazine (ABVD)"", ""Fludarabine, cyclophosphamide and rituximab (FCR)"", ""Hydroxycarbamide"", ""Rituximab, cyclophosphamide, doxorubicin, vincristine (R-CHOP)""]","Fludarabine, cyclophosphamide and rituximab (FCR)",2,"CLL - treatment: Fludarabine, Cyclophosphamide and Rituximab (FCR)

This woman has presented with several indications for treatment (splenomegaly, significant weight loss, increasing lymphocyte count). The treatment of CLL is with FCR.

Monitoring is appropriate in the absence of any indications for treatment. This woman has presented with massive splenomegaly >6cm, weight loss >10% over six months, and a lymphocyte count that has doubled over six months. Any of these is an indication for treatment.

ABVD therapy is indicated for Hodgkin's lymphoma rather than CLL, which is instead treated with FCR.

Hydroxycarbamide is used for a variety of haematological disorders including chronic myeloid leukaemia but is not used in CLL and is therefore incorrect.

R-CHOP is used to treat non-Hodgkin's lymphoma rather than CLL. It is therefore not the correct answer in this case."
278,A 28-year-old man is investigated for cervical lymphadenopathy. A biopsy shows nodular sclerosing Hodgkin's lymphoma. Which one of the following factors is associated with a poor prognosis?,"[""History of Epstein Barr virus infection"", ""Mediastinal involvement"", ""Female sex"", ""Night sweats"", ""Lymphocytes 20% of total white blood cells""]",Night sweats,3,
279,"A 64-year-old women attends oncology clinic following a diagnosis of oestrogen receptor (ER) positive breast cancer. Her consultant decides to commence treatment with anastrozole, an aromatase inhibitor.

Of the following, which is a potential complication associated with this treatment?","[""Endometrial cancer"", ""Hypercalcaemia"", ""Ischaemic heart disease"", ""Osteoporosis"", ""Venous thromboembolism""]",Osteoporosis,3,"Aromatase inhibitors (e.g. anastrozole) may cause osteoporosis

In the management of oestrogen receptor (ER) positive breast cancer, two classes of oral anti-oestrogen drugs are predominantly used.

Aromatase inhibitors (AIs) such as anastrozole and letrozole reduce peripheral oestrogen synthesis. This accounts for the majority of oestrogen synthesis in post-menopausal women, and therefore aromatase inhibitors are used in this group.

The major adverse effect of aromatase inhibitors is osteoporosis. In postmenopausal women, aromatase inhibitors increase bone loss at a rate of 1- 3%/year.  Bone mineral density should be checked both prior to commencing and throughout treatment.

AIs are not associated with any of the other side effects listed.

The other class of anti-oestrogen medications is Selective oEstrogen Receptor Modulators (SERM), such as tamoxifen. This is used to treat both pre- and post-menopausal women with ER positive breast cancer.

Adverse effects include venous thromboembolism, endometrial cancer, cerebral ischaemia and hypertriglyceridaemia."
280,"A 32-year-old demolitions worker comes to the haematology clinic for review. He has suffered from abdominal pain and lethargy for the past few months, and his GP has noted a microcytic anaemia. Over the past few weeks he has begun tripping over because of weakness of both lower legs. His blood pressure is 123/82 mmHg, pulse is 82 beats per minute and regular. The abdomen is soft and non-tender, the body mass index is 23 kg/m² and there is bilateral weakness of ankle dorsiflexion.

Investigations show the following:


Hb	98 g/l
MCV	77 fL
Blood film	Basophilic stippling
Platelets	203 * 109/l
WBC	7.1 * 109/l

What is the most likely diagnosis?","[""Iron deficiency anaemia"", ""Lead poisoning"", ""Porphyria cutanea tarda"", ""Thalassaemia trait"", ""Wilson's disease""]",Lead poisoning,1,
281,"A 14-year-old boy is brought to the emergency department with facial swelling. He lives in social care, and one of his carers called an ambulance after noticing his face had started to swell over the last 24 hours. On arrival, the crew administered adrenaline with minimal effect.

On examination, he has diffuse swelling of his face, in particular his lips and tongue. There is no rash seen. He does not report any itching.

The following day the swelling had improved. He was discharged with follow-up in the immunology clinic 2 weeks later.

At the clinic, what investigation is most appropriate to identify the diagnosis?","[""C1"", ""C2"", ""C3"", ""C4"", ""Mast cell tryptase""]",C4,3,"Hereditary angioedema - C4 is the best screening test inbetween attacks

The build-up of angioedema over a period of 24 hours, particularly with the absence of itch and skin changes such as weals means this is atypical for an allergic reaction. The appearance of lip and tongue swelling is suggestive of isolated angioedema.

This makes a diagnosis of hereditary angioedema more likely. This is further evidenced by the lack of a good response to adrenaline.

C4

is the best screening test for hereditary angioedema in between attacks. A result of low C4 would support the diagnosis.

C1

is incorrect. Instead, it is measuring the C1 inhibitor (C1-INH) level which is appropriate for the diagnosis of hereditary angioedema.

C2

is incorrect. Although levels are also frequently low between attacks, C2 is less reliable compared to C4.

C3

is incorrect. C3 is often low in autoimmune disease but should be normal in hereditary angioedema.

Mast cell tryptase

is incorrect. This is the investigation of choice when an anaphylactic reaction is likely. Guidance is that levels should be taken at the time of the reaction, as soon as possible after emergency treatment has commenced, with a second level taken ideally within one to two hours (but no later than four). The absence of itch, rash and response to adrenaline all make anaphylaxis less likely in this case."
282,A 55-year-old man is admitted to hospital with fever and malaise. Blood tests show significant leukocytosis and the haematology team notes immature myeloid cells on the blood film. The main differential diagnoses are chronic myeloid leukaemia (CML) and a leukaemoid reaction. Which additional finding would most support a diagnosis of CML over a leukaemoid reaction?,"[""Low leucocyte alkaline phosphatase score"", ""High leucocyte alkaline phosphatase score"", ""Presence of toxic granulation in neutrophils"", ""Marked left shift in neutrophil nuclei"", ""Raised C-reactive protein""]",Low leucocyte alkaline phosphatase score,0,"Differentiating chronic myeloid leukaemia from leukaemoid reactions: leukocyte alkaline phosphatase score is low in CML, high in leukaemoid reaction

Low leucocyte alkaline phosphatase score

is characteristic of chronic myeloid leukaemia (CML) and helps differentiate it from a leukaemoid reaction, where the score is typically high. In CML, malignant granulocytes have reduced enzyme activity, which leads to a low LAP score despite high white cell counts. This finding is clinically important because both conditions can present with marked leukocytosis and immature myeloid cells, but management differs significantly. Recognising this laboratory feature enables appropriate further investigations such as BCR-ABL testing for definitive diagnosis.

High leucocyte alkaline phosphatase score

is seen in leukaemoid reactions rather than CML. It reflects increased enzyme activity in reactive neutrophils responding to infection or inflammation. While this result supports a non-malignant cause for leukocytosis, it does not help confirm CML.

Presence of toxic granulation in neutrophils

suggests an acute inflammatory or infectious process, common in severe infections that trigger a leukaemoid reaction. It is not typical of CML and thus argues against this diagnosis.

Marked left shift in neutrophil nuclei

, meaning more band forms and less nuclear segmentation, occurs predominantly during intense marrow response to infection—a hallmark of the leukaemoid reaction rather than CML. While some left shift may be seen in CML, it tends to be more prominent with reactive causes.

Raised C-reactive protein

indicates systemic inflammation or infection but lacks specificity for distinguishing between malignant (CML) and reactive (leukaemoid) causes of leukocytosis. Both conditions can present with elevated CRP if there is concurrent infection or tissue injury."
283,"A 15-year-old girl presents with abdominal pain. She is normally fit and well and currently takes a combined oral contraceptive pill. The patient is accompanied by her mother, who is known to have hereditary spherocytosis. The pain is located in the upper abdomen and is episodic in nature, but has become severe today. There has been no change to her bowel habit and no nausea or vomiting. What is the most likely diagnosis?","[""Inferior vena cava thrombosis"", ""Acute pancreatitis"", ""Renal vein thrombosis"", ""Gastritis"", ""Biliary colic""]",Biliary colic,4,
284,Which one of the following features is least associated with Waldenstrom's macroglobulinaemia?,"[""Cryoglobulinaemia"", ""Bone pain"", ""Retinal vein thrombosis"", ""Hepatosplenomegaly"", ""Monoclonal IgM paraproteinaemia""]",Bone pain,1,
285,"An 18-year-old woman presents to her GP concerned about her heavy periods. She reports she often needs to change her tampon every hour and she is finding this very inconvenient. She has previously been offered hormonal contraception but wants to avoid this option.

A gynaecological examination is normal.

After various blood tests, she is eventually diagnosed with von Willebrand disease.

Considering the patient's age and underlying condition, what is the most appropriate management option for her menorrhagia?","[""Desmopressin"", ""Gene therapy"", ""Hysterectomy"", ""Intrauterine device (copper coil)"", ""Terlipressin""]",Desmopressin,0,"Desmopressin is used in the management of Von Willebrand's disease

Desmopressin

is the correct answer. It can be given intranasally and only needs to be taken when the patient is on her period. It can also be given intravenously or by subcutaneous injection, for example in anticipation of major surgery or post-trauma.

Gene therapy

is incorrect, as there is not currently any such option for treating von Willebrand disease. Some research is ongoing into potential gene therapies but it is currently at very early experimental stages. One of the challenges is the very large size of the von Willebrand factor gene which cannot fit into commonly used viral vectors.

Hysterectomy

is not an appropriate first-line treatment for menorrhagia, especially in a woman so young who is unlikely to have completed her family. There are many more treatment options for menorrhagia that are reversible, cost-effective and avoid the risks associated with surgery.

An

intrauterine device (copper coil)

would be a choice that is mindful of the patient's wish to avoid hormonal contraception, however can often make periods heavier therefore would not be an appropriate treatment. The patient has not expressed any need for contraception, so the copper coil would not be meeting any of her treatment needs but rather might give her worsening of her symptoms.

Terlipressin

is also incorrect. Although it sounds similar in name to desmopressin, and is also a vasopressin analogue, it is an IV medication used for treating variceal bleeding and is not used for von Willebrand disease."
286,A 52-year-old is found to have chronic myeloid leukaemia following investigation for splenomegaly. Which one of the following best describes the function of the BCR-ABL fusion protein?,"[""Epidermal growth factor receptor"", ""Phospholipase C"", ""CD52 co-receptor"", ""Tyrosine kinase"", ""Fibroblast growth factor receptor""]",Tyrosine kinase,3,"Chronic myeloid leukaemia - imatinib = tyrosine kinase inhibitor

The correct answer is

Tyrosine kinase

. The BCR-ABL fusion protein, a result of the Philadelphia chromosome translocation (9;22)(q34;q11), functions as an abnormally active tyrosine kinase. This leads to continuous cell division and proliferation, characteristics of chronic myeloid leukaemia (CML). Tyrosine kinases are enzymes that can transfer a phosphate group from ATP to a protein in a cell, specifically on the tyrosine residue. This process is called phosphorylation and it plays an important role in signalling pathways that control cell growth, differentiation and survival.

The first incorrect answer is

Epidermal growth factor receptor

(EGFR). While EGFR does play a significant role in cell growth and proliferation, it is not directly related to the BCR-ABL fusion protein or CML. Mutations or overexpression of EGFR are more commonly associated with non-small-cell lung cancer and colorectal cancer.

The second incorrect option is

Phospholipase C

. Phospholipase C is an enzyme that cleaves phospholipids just before the phosphate group. It plays a role in signal transduction pathways but does not have direct involvement with BCR-ABL or CML.

CD52 co-receptor

is another incorrect option. CD52 is a protein found on the surface of mature lymphocytes, but not myeloid cells. Alemtuzumab, an anti-CD52 monoclonal antibody, may be used for the treatment of certain types of leukaemias and lymphomas, but it has no relevance to the pathophysiology of CML or function of BCR-ABL.

Finally,

Fibroblast growth factor receptor

(FGFR) is also not correct. FGFRs are part of the tyrosine kinase family but they bind fibroblast growth factors rather than being associated with BCR-ABL or CML. Mutations in FGFRs have been implicated in various forms of cancer including bladder and gastric cancers."
287,"A 32-year-old woman is seen in ambulatory care with a 2-day history of shortness of breath and right-sided chest pain. There is no history of fever or cough. She has a past medical history of a left lower limb deep vein thrombosis (DVT) 3 years ago. She is a current smoker with a 15-pack-year history. Other than taking paracetamol for her chest pain there are no other regular medications.

She is afebrile. Her heart rate is 121bpm and regular with a blood pressure of 134/88mmHg. On auscultation, her chest is clear with saturations of 93% on air and there are normal heart sounds. Her calves are soft and non-tender, and there is no pitting oedema.


Investigations:


Hb	160 g/L	Male: (135-180)
Female: (115 - 160)
Haematocrit	0.54 L/L	Male: (0.4-0.54) Female: (0.37-0.47)
Platelets	223 * 109/L	(150 - 400)
WBC	9.1 * 109/L	(4.0 - 11.0)
Troponin	26 ng/mL	(0-14)
CRP	10 mg/L	(< 5)


ECG: sinus tachycardia and T wave inversion in V1-V4.

What is the most likely underlying diagnosis?","[""Activated protein C resistance"", ""Antiphospholipid syndrome"", ""Antithrombin III deficiency"", ""Polycythaemia"", ""Von Willebrand's disease""]",Activated protein C resistance,0,"Factor V  Leiden mutation results in activated protein C resistance

This woman has a likely diagnosis of a pulmonary embolus (PE). The clinical history, ECG changes and absence of other differentials make the diagnosis likely. ECG changes in PEs can vary. Sinus tachycardia is the most common finding. The classic S1Q3T3 pattern is not specific for a PE and is seen in approximately 20% of patients. T wave inversion in the right precordial leads (V1-V4) is associated with raised pulmonary pressures, of which a PE is a known cause. The raised troponin is likely secondary to right heart strain.

Recurrent venous thromboembolism (VTEs) and no obvious provoking causes (including malignancy, recent surgery or use of the combined oral contraceptive pill) leads toward a diagnosis of thrombophilia. Of all the inherited causes of thrombophilia, Factor V Leiden is the most common and is present in 3-5% of the population. It increases the risks of VTE by 4-5 times. Protein C is a natural anticoagulant which normally binds to and inactivates factor V and VIII. Protein S is also a natural anticoagulant that acts as a co-factor for protein C, helping it inactivate factor V and VIII. In Factor V Leiden, protein C cannot inactive factor V, therefore increasing its pro-thrombotic potential.

Antiphospholipid syndrome is an acquired disorder that is associated with arterial and venous thromboses, thrombocytopenia and foetal loss. Other features include cutaneous manifestations such as livedo reticularis. T-wave inversion and a raised troponin can be suggestive of coronary artery thrombosis. However, the history given is highly suggestive of a PE. Recurrent venous thromboses without any other features of antiphospholipid syndrome make an alternative diagnosis more likely.

Anti-thrombin III binds to and inactivates thrombin. Thrombin acts to activate several factors in the clotting cascade, including the conversion of fibrinogen to fibrin. Anti-thrombin III deficiency can be inherited or acquired (e.g. following trauma or surgery or in

chronic kidney disease) but is less common than Factor V Leiden.

Polycythaemia is an erythrocytosis characterised by raised haemoglobin and haematocrit levels on full blood count. It can be a primary myeloproliferative disorder associated with a JAK-2 mutation, or secondary to tissue hypoxia commonly caused by smoking or high altitude. Polycythaemia is a recognised cause of thrombosis. However, primary polycythaemia is more likely to present in later life (> 60 years), and a haematocrit of > 0.56 is needed to make a diagnosis of secondary polycythaemia.

Von Willebrand factor has a role in platelet adhesion. It also binds to factor VIII, increasing its half-life. Reduction in von Willebrand factor is the pathological basis of von Willebrand's disease characterised by an increased tendency to bleed. Von Willebrand's disease is the most common inherited cause of bleeding."
288,"A 64-year-old male presents to the emergency department with sudden onset dyspnoea and drowsiness. He has a background medical history of COPD, end-stage renal failure on dialysis, and type 2 diabetes mellitus. On examination, he is in respiratory distress. He is cyanotic and has accessory muscle use. His peripheral oxygen saturation is 77%.

An arterial blood gas on room air is taken:


pH	7.435	(7.350 - 7.450)
pCO2	6.5 kPa	(4.50 - 6.00)
pO2	12.0 kPa	(11.0 - 14.5)
Hgb	10 g/dL	(11.5 - 18.0)
sO2	95.2%	(94 - 98)
HCO3-	27.2 mmol/L	(22.4 - 25.8)
Lactate	2.8 mmol/L	(0.5 - 2.0)

Given the likely diagnosis, which of the following will be the most effective intervention?","[""Hyperbaric oxygen therapy"", ""Methylene blue"", ""Penicillamine"", ""Non-invasive ventilation"", ""100% high-flow oxygen via a non-rebreather mask""]",Methylene blue,1,"Normal pO2 but decreased oxygen saturation is characteristic of methaemoglobinaemia

Methylene blue is the correct answer. This patient likely has methemoglobinaemia and intravenous methylene blue is the first-line treatment. A normal pO2 (and arterial oxygen saturation) but decreased peripheral oxygen saturation is characteristic of methemoglobinaemia and it is referred to as the pO2-saturation gap. Haemodialysis-associated methemoglobinaemia occurs due to the inadequate removal of chloramines which leads to chloramine toxicity.

Hyperbaric oxygen therapy is an incorrect answer. Hyperbaric oxygen therapy may be used in the management of carbon monoxide poisoning, especially when the carboxyhaemoglobin level is >30%. However, the most appropriate initial management of carbon monoxide therapy in the emergency department is 100% high-flow oxygen via a non-rebreather mask.

Penicillamine is an incorrect answer. Penicillamine is used as a chelating agent in the treatment of copper overload in Wilson's disease.

Non-invasive ventilation is an incorrect answer. Non-invasive ventilation will not treat this patient's methemoglobinaemia associated cyanosis. The patient's slightly raised pCO2 is compensated by the increased bicarbonate level. This is likely chronic and does not require intervention with bilevel positive airway pressure (BiPAP) therapy at this time.

100% high-flow oxygen via a non-rebreather mask is an incorrect answer. Supplemental oxygen is an ineffective monotherapy for the treatment of methemoglobinaemia. Although it may be used as an adjunct therapy to methylene blue. Careful consideration should be given to the use of supplemental oxygen in this case as the patient has a background of COPD and there is evidence that he is a chronic CO2 retainer."
289,"A 28-year-old woman is receiving a transfusion of fresh frozen plasma (FFP). After 2 hours into the transfusion, she develops shortness of breath. Observations are as follows: heart rate 120bpm, blood pressure 90/65 mmHg, SpO2 90% on air, respiratory rate 24 breaths per minute, and temperature 37.2ºC. On examination, you note bilateral coarse crepitations. The JVP is not raised and there is no evidence of peripheral oedema. There is no evidence of a rash.

What is the most likely cause?","[""Acute haemolytic transfusion reaction"", ""Anaphylactic reaction"", ""Bacterial contamination"", ""Transfusion-associated circulatory overload (TACO)"", ""Transfusion-related acute lung injury (TRALI)""]",Transfusion-related acute lung injury (TRALI),4,"TRALI is differentiated from TACO by the presence of hypotension in TRALI vs hypertension in TACO

Transfusion-related acute lung injury (TRALI)

is correct.  TRALI is a serious and potentially fatal complication of blood product transfusion in which a patient develops rapid onset lung injury and non-cardiogenic pulmonary oedema due to activation of immune cells in the lung. It is often associated with plasma-rich blood components such as FFP and cryoprecipitate.  The presence of bilateral coarse crepitations is suggestive of pulmonary oedema. Therefore the main two differentials are TACO and TRALI.  The presence of hypotension and the absence of other features of fluid overload (e.g. raised JVP and peripheral oedema) favour the diagnosis of TRALI.

Anaphylactic reaction

is incorrect. These types of reactions are also more common with plasma-rich blood products such as FFP, cryoprecipitate and platelets.  Although anaphylaxis can also present with hypotension, as seen in this vignette, the onset after 15 minutes and the absence of any other anaphylactoid features (e. g. rash, wheeze) makes an anaphylactoid reaction less likely.

Acute haemolytic transfusion reaction

is incorrect. This reaction occurs due to the destruction of donor red cells from the recipient's naturally occurring antibodies (e.g. anti-A and anti-B). This type of reaction does not occur with FFP since it does not contain red cells.

Bacterial contamination

is incorrect. Contamination of blood products with bacteria can cause sudden onset septic shock. The presence of respiratory distress and absence of fever in the vignette makes this a less likely diagnosis. Bacterial contamination is more likely to occur with platelet transfusions since these blood components are stored at room temperature.

Transfusion-associated circulatory overload (TACO)

is incorrect. TACO is defined as acute or worsening respiratory compromise and/or acute or worsening pulmonary oedema during or up to 12 hours of transfusion. It is more likely to be associated with hypertension than hypotension (in contrast to TRALI). Risk factors include old age, heart failure, and renal dysfunction. In this vignette, the presence of hypotension and the absence of other features of fluid overload (e.g. raised JVP and peripheral oedema) favour the diagnosis of TRALI."
290,"A 48 year old nurse presents with a short history of epistaxis and bleeding gums. You request urgent bloods, the results of which are shown in the table below:


Haemoglobin	86 g/L
White cells	2.3 x 10^9/L
Platelets	18 x 10^9/L
Clotting	deranged
Blood film	bilobed large mononuclear cells

What is the most likely diagnosis?","[""Von Willebrand's disease"", ""Acute lymphoblastic leukaemia"", ""Lymphoma"", ""Acute myeloid leukaemia"", ""Surreptitious warfarin overdose""]",Acute myeloid leukaemia,3,
291,A 54-year-old man is investigated for recurrent episodes of abdominal pain associated with weakness of his arms and legs. Which one of the following urine tests would best indicate lead toxicity?,"[""Haemoglobinuria"", ""Coproporphyrin"", ""Porphobilinogen"", ""Uroporphyrin"", ""Ham's test""]",Coproporphyrin,1,
292,"A 69-year-old male patient of yours is found to have an elevated serum paraprotein level of 35g/L. Bone marrow aspirate reveals 32% monoclonal plasma cell infiltrate. He has no evidence of anaemia, renal impairment, hypercalcaemia or lytic lesions. What is the next step in management?","[""Observe and monitor"", ""Arrange for autologous stem cell transplantation"", ""Commence thalidomide"", ""Commence dexamethasone"", ""Commence combined therapy with prednisolone and thalidomide / bortezomib""]",Observe and monitor,0,
293,"A 32-year-old woman is planned for an elective laparoscopic cholecystectomy for recurrent biliary colic. The surgical registrar requests advice due to unexpected anaemia on her pre-operative full blood count. The medical team request a blood film and Direct Coomb's test.


Hb	95 g/L	Female: (115 - 160)
MCV	82fL	(80-100)
Ferritin	200 ng/mL	(20 - 230)
Vitamin B12	300 ng/L	(200 - 900)
Folate	8.4 nmol/L	(> 3.0)


Blood film	Spherocytes seen
Direct Coomb's test	Negative

Which investigation is most appropriate to confirm the underlying diagnosis?","[""Beutler fluorescent spot test"", ""EMA binding test"", ""High-performance liquid chromatography (HPLC)"", ""Osmotic fragility test"", ""Flow cytometry for CD55 and CD59""]",EMA binding test,1,"The EMA binding test should be used to diagnose hereditary spherocytosis - the osmotic fragility test is no longer widely used

This woman has normocytic anaemia with a normal iron, B12 and folate.

Spherocytes may be present on a blood film in autoimmune haemolysis, transfusion reactions and hereditary spherocytosis. A negative Direct Coomb's test indicates the cause is not autoimmune.

Hereditary spherocytosis is an inherited disorder of the red blood cell cytoskeleton. Due to incomplete penetrance, it leads to a spectrum of disease severity, from asymptomatic to severe haemolytic anaemia requiring frequent transfusions. Severe cases are usually detected in early life, but milder cases may be diagnosed as an adult. Haemolysis can lead to unconjugated hyper-bilirubinaemia which can cause gallstones.

The EMA binding test should be used to diagnose hereditary spherocytosis - the osmotic fragility test is no longer widely used.

High-performance liquid chromatography (HPLC) is used to test for variants of haemoglobin (e.g. HbS).

The Beutler fluorescent spot test is used to identify enzyme defects to diagnose Glucose-6-phosphate dehydrogenase (G6PD) deficiency.

Flow cytometry for CD55 and CD59 is used to diagnose paroxysmal nocturnal haemoglobinuria."
294,A 72-year-old man is referred to haematology with a raised haemoglobin. A diagnosis of polycythaemia vera is suspected. Which other abnormality of the blood would be most consistent with this diagnosis?,"[""Raised alkaline phosphatase"", ""Hypokalaemia"", ""Thrombocytopaenia"", ""Raised ferritin level"", ""Neutrophilia""]",Neutrophilia,4,
295,"A 48-year-old woman presents with a right-sided breast lump which has been increasing in size over the past 3 months. She is diagnosed with an oestrogen receptor positive breast cancer following an ultrasound and biopsy. She underwent the menopause at age 44.

The patient is started on anastrozole.

What is the mechanism of this drug in this patient?","[""Blockade of oestrogen receptors"", ""Inhibiting recognition of growth signals by cancer cells"", ""Prevention of androgen conversion into oestrogens"", ""Prevention of release of luteinising hormone"", ""Selective inhibition of CDK4 and CDK6""]",Prevention of androgen conversion into oestrogens,2,"Anastrozole and letrozole are aromatase inhibitors that reduces peripheral oestrogen synthesis

Prevention of androgen conversion into oestrogens

is correct. Anastrozole and letrozole are aromatase inhibitors that reduce peripheral oestrogen synthesis. Peripheral oestrogen synthesis is characterised by the conversion of androgens into oestrogens in non-reproductive body tissues including fat, bone and liver. Aromatase inhibitors are used for oestrogen receptor-positive breast cancer. Aromatase inhibitors are used in post-menopausal women where oestrogen is produced from peripheral androgen conversion and not from the ovaries.

Inhibiting recognition of growth signals by cancer cells

is incorrect. Herceptin (trastuzumab) is a HER2 inhibitor targeted therapy. Herceptin works against HER2-positive breast cancers by blocking the ability of the cancer cells to receive chemical signals that tell the cells to grow.

Prevention of release of luteinising hormone

is incorrect. Goserelin is a type of hormone therapy called a luteinising hormone blocker. This means it stops the release of luteinising hormone (LH) from the pituitary gland. This results in the decreased production of oestrogen. LHRH analogues are used in pre-menopausal women to reduce oestrogen production from the ovaries.

Blockade of oestrogen receptors

is incorrect. Tamoxifen is a selective oestrogen receptor modulator (SERM) which acts as an oestrogen receptor antagonist and partial agonist. It is used in the management of oestrogen receptor-positive breast cancer. Tamoxifen can be used in both in pre- and post-menopausal women.

Selective inhibition of CDK4 and CDK6

is incorrect. Abemaciclib is an antitumor agent and dual inhibitor of cyclin-dependent kinases 4 (CDK4) and 6 (CDK6) that are involved in the cell cycle and promotion of cancer cell growth in case of unregulated activity."
296,Which of the following is a cause of extravascular haemolysis?,"[""Hereditary spherocytosis"", ""Paroxysmal nocturnal haemoglobinuria"", ""Disseminated intravascular coagulation"", ""Mismatched blood transfusion"", ""Haemolytic uraemic syndrome""]",Hereditary spherocytosis,0,Extravascular haemolysis - hereditary spherocytosis
297,"A 14-year-old girl with known sickle cell disease presents to the emergency department feeling unwell. Her mother is concerned she has become very pale and lethargic.

She complains of a headache, lethargy, cough, myalgia and fever starting just over a week ago.

On examination, the observations are within normal limits. The patient appears pale. Abdominal, respiratory and cardiovascular examinations are otherwise unremarkable.

Significant blood results are shown below:


Hb	67 g/L	Male: (135-180)
Female: (115 - 160)
Platelets	110 * 109/L	(150 - 400)
WBC	3.3 * 109/L	(4.0 - 11.0)
Bilirubin	5 µmol/L	(3 - 17)

What is the most likely diagnosis?","[""Acute chest syndrome"", ""Aplastic crisis"", ""Haemolytic crisis"", ""Sequestration crisis"", ""Vaso-occlusive crisis""]",Aplastic crisis,1,"Aplastic crises in sickle cell disease are associated with a sudden drop in haemoglobin

Aplastic crisis

is correct. This patient describes a recent illness compatible with parvovirus B19 infection. This is then followed by significant pancytopenia, most notably a severe drop in haemoglobin suggesting an aplastic crisis.

Acute chest syndrome

is incorrect. This would present with chest pain, cough, wheeze, dyspnoea and tachypnoea. Imaging would show pulmonary infiltrates. Acute chest syndrome is a type of vaso-occlusive crisis occurring within the lung circulation.

Haemolytic crisis

is incorrect. This is rare and would present with severe anaemia and jaundice due to sudden haemolysis. The normal bilirubin points away from haemolysis.

Sequestration crisis

is incorrect. This would present with abdominal pain, signs of haemodynamic compromise and hepatomegaly/splenomegaly. Pooling of blood in the spleen occurs, leading to severe anaemia and haemodynamic collapse.

Vaso-occlusive crisis

is incorrect. These could affect different organs, but would typically present with the development of acute pain due to microvascular occlusion. Other presentations include dactylitis, cerebral infarction, mesenteric ischaemia, avascular necrosis of the femoral head or priapism."
298,A 61-year-old presents for review. She has been having atypical lower back pain for the past two months. An x-ray of her lumbar spine reported raised the possibility of spinal metastases but there is no current evidence of a primary tumour. A series of tumour markers were sent. Which one of the following is most associated with raised levels of CA 15-3?,"[""Pancreatic cancer"", ""Colorectal cancer"", ""Breast cancer"", ""Ovarian cancer"", ""Hepatocellular carcinoma""]",Breast cancer,2,"CA 15-3 is a tumour marker in breast cancers

The correct answer in this case is

breast cancer

. CA 15-3 (cancer antigen 15-3) is a protein that is produced by normal breast cells and can be found at higher levels in the blood of individuals with breast cancer. It is primarily used as a marker to monitor the response to treatment in patients with advanced breast cancer, although it may also be elevated in other malignancies and benign conditions. It should be noted that CA 15-3 is not recommended for screening or early diagnosis of breast cancer due to its low sensitivity and specificity.

Regarding the other options:

Pancreatic cancer

typically presents with elevated levels of CA 19-9, which is a carbohydrate antigen that can also be raised in gastrointestinal malignancies such as cholangiocarcinoma and colorectal cancer. However, CA 19-9 has limited utility as a diagnostic tool due to its low sensitivity and specificity.

Colorectal cancer

can present with elevated levels of carcinoembryonic antigen (CEA), which may also be raised in other malignancies such as pancreatic, gastric, and lung cancers. CEA is most commonly used for monitoring disease progression or recurrence after treatment rather than for initial diagnosis.

Ovarian cancer

is associated with raised levels of CA 125, a glycoprotein that can also be elevated in endometriosis, pelvic inflammatory disease, and during menstruation. As with other tumour markers mentioned earlier, CA 125 has limited utility as a diagnostic tool due to its low sensitivity and specificity.

Finally,

hepatocellular carcinoma

(HCC) often presents with increased serum levels of alpha-fetoprotein (AFP). AFP can also be elevated in germ cell tumours and during pregnancy. While AFP has some utility as a diagnostic tool for HCC, it is primarily used for monitoring response to treatment and detecting recurrence."
299,A 29-year-old man presented to the hospital after he had two episodes of bright red urine in the morning. He is very worried and tells the attending doctor that he has never had such an episode before. He has just started working at an engineering firm and is planning to get married in a few months. He reports feeling tired for the past few months but thought this was due to his job which required him to travel to construction sites every day. He has no significant family history. He had an appendectomy when he was a child but other than that he has never been admitted to the hospital. A blood test reveals a hemoglobin concentration of 11.5 g/dL and a reticulocyte of 14% of red blood cells. Which of the findings is the most likely to be reported upon flow cytometry of a blood sample from this patient?,"[""C3 negative cells"", ""CD55 negative cells"", ""CD59 negative cells"", ""C5 to C9 negative cells"", ""CD55 and CD59 negative cells""]",CD55 and CD59 negative cells,4,"Flow cytometry for CD59 and CD55 is the gold standard test for paroxysmal nocturnal haemoglobinuria

This patient presented with the signs and symptoms consistent with a diagnosis of paroxysmal nocturnal hemoglobinuria (PNH). This condition is an acquired and chronic form of intrinsic hemolytic anemia. Patients can present with hematuria, or even simply symptoms of anemia. Venous thrombosis is also a common occurrence. The classic triad is hemolytic anemia, pancytopenia, and venous thrombosis. Flow cytometry is the gold standard laboratory investigations and shows CD55 and CD59 negative red and blood cells.

1: A deficiency of C3 is a complement deficiency disorder. Since C3 plays an important role in the activation of both the classical and alternative complement pathways, a C3 deficiency confers a higher risk of acquiring recurrent bacterial infections.

2: It is true that this will be present in this patient's cells. However, PNH patients will also have a deficiency of CD59.

3: It is true that this will be present in this patients' cells. However, PNH patients will also have a deficiency of CD55.

4: This would indicate terminal complement deficiency. This condition involves a deficiency of the complements forming the membrane attack membrane. C5 to C9 deficiency confers a high risk of infection with Neisseria organisms.

5: The gold standard in the diagnosis of PNH is flow cytometry, and patients usually have a deficiency of both CD55 and CD59 on their red as well as their white blood cells. Eculizumab is a humanized monoclonal antibody which has been approved for the treatment of PNH. It works mainly via the inhibition of the terminal complement cascade."
300,"A 61-year-old man is diagnosed with follicular lymphoma following a six-month history of night sweats and weight loss.

The decision is made to begin chemotherapy with R-CHOP (rituximab, cyclophosphamide, doxorubicin, vincristine, and prednisolone).

Which pathogen should be screened for before starting this chemotherapy regimen?","[""Epstein Barr virus"", ""Hepatitis B virus"", ""Human herpesvirus 8"", ""Human immunodeficiency virus"", ""Toxoplasma gondii""]",Hepatitis B virus,1,"Patients starting rituximab should be screened for hepatitis B before starting treatment

Hepatitis B virus

is the correct answer. The R-CHOP regimen contains rituximab, a monoclonal antibody that binds to CD20, an antigen expressed on B cells. Depletion of B cells leads to an impaired humoral immune response, increasing the risk of Hepatitis B reactivation. Accordingly, Hepatitis B is routinely screened for in patients being considered for rituximab therapy due to the high risk of viral reactivation, with subsequent fulminant hepatitis and death. Current infection with Hepatitis B virus is considered a contraindication to rituximab therapy.

Epstein Barr virus

is incorrect. Although Epstein-Barr virus is known to cause lymphomas in immuno-compromised patients, historical infection is essentially ubiquitous (95% of adults worldwide) and does not affect decisions to initiate rituximab therapy.

Human herpesvirus 8

is incorrect. Although human herpes virus 8 is known to cause Kaposi's sarcoma in severely immunosuppressed patients, infection would not contraindicate chemoimmunotherapy with rituximab.

Human immunodeficiency virus

is incorrect. Although HIV screening is widespread and is relevant for the pathogenesis of many lymphomas, this would not affect the decision to give rituximab to a patient with follicular lymphoma being planned for R-CHOP chemotherapy. Hepatitis B is a more correct answer, as a positive test result would directly affect decisions to give chemoimmunotherapy containing rituximab.

Toxoplasma gondii

is incorrect. Screening for toxoplasmosis is not routinely indicated, due to the high prevalence of asymptomatic infection."
301,A 64-year-old woman with metastatic breast cancer is brought in by her husband. Over the past two days she has developed increasingly severe back pain. Her husband reports that her legs are weak and she is having difficulty walking. On examination she has reduced power in both legs and increased tone associated with brisk knee and ankle reflexes. There is some sensory loss in the lower limbs and feet but perianal sensation is normal. What is the most likely diagnosis?,"[""Spinal cord compression at T10"", ""Cauda equina syndrome"", ""Guillain Barre syndrome"", ""Hypercalcaemia"", ""Paraneoplastic peripheral neuropathy""]",Spinal cord compression at T10,0,
302,A patient presents as she has a strong family history of cancer. Which one of the following cancers is least likely to be inherited?,"[""Colorectal cancer"", ""Breast cancer"", ""Gastric cancer"", ""Endometrial cancer"", ""Ovarian cancer""]",Gastric cancer,2,
303,Which one of the following would most suggest a leukaemoid reaction rather than chronic myeloid leukaemia?,"[""Raised packed cell volume"", ""Right shift of neutrophils"", ""A low leucocyte alkaline phosphatase score"", ""Dohle bodies in the white cells"", ""Positive osmotic fragility test""]",Dohle bodies in the white cells,3,
304,"A 4-year-old girl with sickle cell anaemia presents with abdominal pain. On examination, she is noted to have splenomegaly and is clinically anaemic. What is the most likely diagnosis?","[""Liver cirrhosis"", ""Parvovirus infection"", ""Sequestration crisis"", ""Salmonella infection"", ""Thrombotic crisis""]",Sequestration crisis,2,
305,"A 25-year-old man presents with a swollen left upper arm 2 days after being discharged from hospital for observation for a simple, primary pneumothorax. He tells you that he had a cannula in this arm and since discharge it has been swelling up and painful.

Past medical history includes a previous deep vein thrombosis (DVT) 4 years ago. His father is on apixaban due to multiple unprovoked DVTs. The patient is currently on no medications.

On examination there are no signs of infection around the previous cannula site. His left bicep is swollen, tender and slightly red compared to the right bicep.

Blood results are as follows:


Hb	155 g/L	Male: (135-180)
Female: (115 - 160)
Platelets	300 * 109/L	(150 - 400)
WBC	5.0 * 109/L	(4.0 - 11.0)
Na+	140 mmol/L	(135 - 145)
K+	4.2 mmol/L	(3.5 - 5.0)
Urea	5.5 mmol/L	(2.0 - 7.0)
Creatinine	90 µmol/L	(55 - 120)
CRP	1 mg/L	(< 5)


ESR	6 mm/hr	Men: < (age / 2)
Women: < ((age + 10) / 2)
Prothrombin time (PT)	12 secs	(10-14 secs)
Activated partial thromboplastin time (APTT)	34 secs	(25-35 secs)
Fibrinogen	3 g/L	(2 - 4)
D-Dimer	910 ng/mL	(< 400)
Ferritin	150 ng/mL	(20 - 230)
Vitamin B12	500 ng/L	(200 - 900)
Folate	6.8 nmol/L	(> 3.0)
Reticulocytes	1.2 %	(0.5 - 1.5)

Ultrasound doppler of the upper limb reveals a large 10cm thrombosis of the brachial vein.

What is the most likely cause of this thrombophilia?","[""Antithrombin III deficiency"", ""Factor V Leiden"", ""Protein C deficiency"", ""Protein S deficiency"", ""Von Willebrand's disease""]",Factor V Leiden,1,"Activated protein C resistance (Factor V Leiden) is the most common inherited thrombophilia

Factor V Leiden is the correct option as this is the most common inherited thrombophilia in the UK population. In this case the positive family history and tendency to clot in a young man point towards an inherited thrombophilia. A mutation in the factor V gene makes the pro-coagulant factor V less sensitive to inactivation by activated protein C, thus leading to clot formation. The simple primary pneumothorax in this question is an unrelated, incidental finding.

Antithrombin III deficiency is incorrect as this is a less common cause of inherited thrombophilia.

Protein C and protein S deficiency are incorrect options as these are rarer causes of thrombophilia in the UK population, compared to factor V Leiden.

Von Willebrand's disease is incorrect as this has the opposite effect; leads to an increase in bleeding tendency, not clot formation."
306,"A 28-year-old mechanic presents with itching and tingling in his lips and mouth. Upon further questioning, he ate an apple a few minutes before the tingling in his lips and mouth began. Moreover, he has not reported any difficulties swallowing since and no vomiting or diarrhoea. The above presentation happened to him last week when he ate the same type of apple, and the tingling and itchiness resolved within a few minutes.

He has a past medical history of hay fever in the spring months well-controlled with antihistamines. His father has a condition which he does not know the name of, which results in sporadic swelling of the skin around the eyes and recurrent abdominal pain.

On examination his lips are erythematous and mildly swollen. There is no swelling or rashes elsewhere and he is not wheezing upon listening to his lungs. All his observations are within normal limits.

What is the most likely diagnosis?","[""Allergic contact dermatitis"", ""Anaphylaxis"", ""Apple allergy"", ""Oral allergy syndrome"", ""C1 esterase inhibitor deficiency""]",Oral allergy syndrome,3,"Itching and tingling of the lips, tongue and mouth are the most common symptoms of oral allergy syndrome

Oral allergy syndrome (OAS) is the correct option as the case above describes the typical history of pollen-food allergy, with the raw apples being coated with the allergen. This is most commonly associated with birch pollen allergy as described above with the 'springtime hay fever'. OAS is the most likely choice in this case due to the red, swollen, tingling and itchy lips and mouth triggered by raw apples and the lack of systemic upset.

Anaphylaxis is incorrect as there is no wheezing, hives or hypotension described in this case.

Apple allergy is incorrect as the symptoms are localised as in OAS; whereas with specific food allergy you would expect systemic symptoms such as vomiting and diarrhoea. Moreover, anaphylaxis is a more common complication of food allergy compared to OAS.

Allergic contact dermatitis is incorrect as this condition is a type IV allergic reaction mediated by T lymphocytes and arises 48-72 hours after allergen exposure. In this case the exposure to allergic symptoms is a few  minutes and thus is a type I, IgE mediated allergic reaction in the Gell-Coombs classification.

C1 esterase inhibitor deficiency is incorrect as even though his father sounds like he suffers from this condition, it sounds like a birch-pollen allergy with comorbid OAS in the case described above, due to the raw apple being the allergen trigger."
307,"A 60-year-old woman is investigated for painful fingers and toes in cold weather. She has previously been diagnosed with Raynaud's phenomenon but she is now experiencing significant purplish discolouration of her peripheries and nose as well as generally feeling tired and lethargic. Blood tests shows the following:


Hb	99 g/l
Platelets	156 * 109/l
WBC	5.9 * 109/l
Blood film	Spherocytes seen

What is the next best investigation?","[""Complement levels"", ""Osmotic fragility test"", ""Anti-nuclear antibody"", ""Flow cytometry of blood"", ""Direct antiglobulin test""]",Direct antiglobulin test,4,
308,"A 43-year-old man attended ambulatory care following a general practitioner (GP) referral for anaemia. He has a past history of hypothyroidism for which he takes levothyroxine 75 micrograms once daily. Routine bloods were done at his GP surgery after he attended for a diabetes check as he has a significant family history of this back in India. These were as follows:


Hb	110 g/L	(135-180)
MCV	60 fL	(80-96)

He denies blood loss, melaena, haematemesis, haematuria or per rectum bleeding. There is no history of weight loss recently and has recently made dietary changes given his concern about diabetes. He drinks around 12 units of alcohol a week.

What is the best investigation to determine the underlying pathology?","[""Blood film"", ""Haemoglobin electrophoresis"", ""Iron studies"", ""Liver function tests including gamma-glutamyl transferase (GGT)"", ""Thyroid function tests""]",Haemoglobin electrophoresis,1,"Disproportionate microcytic anaemia - think beta-thalassaemia trait

Here we have a case of asymptomatic, disproportionate microcytic anaemia in a man of Asian descent. The most likely cause of this is beta thalassaemia trait.

Whilst all of the above options are reasonable investigations to request, the haemoglobin electrophoresis is the diagnostic test of choice for beta thalassaemia trait. It would typically show reduced or absent haemoglobin A, increased haemoglobin A2 (>3.5%) and increased haemoglobin F.

Now to look at the other options.

Blood film would help point to a cause e.g. poikilocytosis or anisocytosis in iron deficiency.

Iron studies would be essential in his workup as it is the most common cause of microcytic anaemia. However, the disproportionate nature of the MCV should point to a potential other cause. In addition, he doesn't have many risk factors for significant iron loss. In beta thalassaemia trait, iron deficiency can co-exist, but typically it would be normal. It is unlikely to be as severe as the MCV would suggest.

Liver function tests including a GGT would be useful in macrocytic anaemia to see if alcohol would be the main contributor to a patients anaemia.

Thyroid functions tests would be useful to exclude this as a contributor. Hypothyroidism could cause a normocytic or macrocytic anaemia typically."
309,"A 38-year-old presents having noticed a testicle lump. A CT is performed confirming a likely diagnosis of testicular cancer with spread to the paraaortic lymph nodes.

He undergoes an orchiectomy and is started on adjuvant chemotherapy. Following his first chemotherapy, he reports episodes of severe muscle cramps as well as generalised weakness. Blood tests confirm significant hypomagnesaemia and so he is commenced on replacement therapy prior to his next round of chemotherapy

What drug has likely been included in this patient's chemotherapy resulting in this specific electrolyte imbalance?","[""Bleomycin"", ""Cisplatin"", ""Cyclophosphamide"", ""Cytarabine"", ""Vincristine""]",Cisplatin,1,"Cisplatin is associated with hypomagnesaemia

Cisplatin

is a chemotherapy drug used in several cancers including testicular, ovarian and breast cancer. Cisplatin is known to cause cross-linking in DNA, interfering with DNA replication and therefore destroying faster-proliferating cells, which in theory are cancerous. A well-known side effect of cisplatin is the induction of hypomagnesemia as well as hypokalaemia and hypocalcemia, which is thought to be secondary to renal toxicity. Although the full pathophysiology is unknown, direct injury to the mechanism of magnesium reabsorption within the renal system is believed to result in this electrolyte imbalance.

Bleomycin

is another chemotherapy drug also used in the management of testicular cancers as well as several forms of lymphomas. It is believed to affect cancerous cells by inducing breaks within DNA strands. Bleomycin is not associated with renal toxicity or specifically hypomagnesemia; the most serious side effect associated with the drug is pulmonary fibrosis and impaired lung function thought to be secondary to induced sensitivity to oxygen toxicity as well as increased inflammatory processes.

Cyclophosphamide

is used in chemotherapy and as an immunosuppressant for multiple cancers and autoimmune diseases, although not commonly in the treatment of testicular cancer. It acts as an alkylating agent causing DNA crosslinks and causing cell apoptosis. The main adverse effects of cyclophosphamide include haemorrhagic cystitis, and myelosuppression as well as being carcinogenic and therefore increasing the risk of developing other cancers such as lymphomas and transitional cell carcinoma of the bladder. Cyclophosphamide again is not associated with renal toxicity or significant hypomagnesemia.

Cytarabine

is mainly used in the management of leukaemias and lymphomas and is not generally used as an adjuvant to chemotherapy for testicular cancer. Cytarabine is most commonly associated with cerebellar toxicity, especially when used at high doses, which can result in ataxia. Myelosuppression is also associated with cytarabine but it is not known to renal toxicity or hypomagnesemia.

Vincristine

can be used as an adjuvant treatment in testicular cancers as well as in the management of leukaemias and small cell lung cancer. It inhibits the formation of microtubules, disrupting cell replication and causing apoptosis. Again, vincristine is not typically associated with hypomagnesemia and instead is most associated with the adverse effects of peripheral neuropathy and paralytic ileus."
310,"A 74-year-old male is seen on the acute medical ward with a history of persistent frontal headaches associated with blurred vision for the past week. On further questioning, the patient reports a history of worsening fatigue and shortness of breath over the preceding 2 months.

The results of preliminary investigations are as follows:


Hb	98 g/l
Platelets	100 * 109/l
WBC	6 * 109/l
Erythrocyte Sedimentation Rate	50mm/hr

On examination you note that the patient has enlarged cervical lymph nodes and palpable splenomegaly.

Which of the following conditions is most likely to be the cause of the patient's symptoms?","[""Hodgkin's lymphoma"", ""Multiple myeloma"", ""Acute myeloid leukaemia"", ""Waldenstrom's macroglobulinaemia"", ""Acute lymphoblastic leukaemia""]",Waldenstrom's macroglobulinaemia,3,"Patients with Waldenstrom's macroglobulinaemia often present with issues secondary to hyperviscosity

Waldenstrom's macroglobulinaemia is a form of lymphoplasmacytoid lymphoma (LPL), characterised by a monoclonal IgM paraproteinaemia. This paraproteinaemia leads to systemic symptoms of hyperviscosity such as headaches, visual disturbances and in rarer cases, strokes and ischaemic organ damage.

Many patients often present with issues secondary to this hyperviscosity, as well as the more generalised systemic symptoms and signs common to many haematological diseases.

1) Hodgkin's lymphoma, although likely to cause cervical lymphadenopathy and splenomegaly, is not usually associated with thrombocytopaenia or issues secondary to hyperviscosity

2) Multiple myeloma often causes bony pain in areas of lesions and isn't often associated with lymphadenopathy or organomegaly

3) AML doesn't usually cause lymphadenopathy or splenomegaly.

5) ALL is less common in adults, and although capable of causing lymphadenopathy and splenomegaly, would not usually be associated with symptoms of hyperviscosity"
311,A patient with glucose-6-phosphate dehydrogenase (G6PD) deficiency presents for advice about malaria prophylaxis. He is about to go on a 'gap year' during which he will be travelling abroad for 12 months. Which one of the following medications is it most important that he avoids?,"[""Artemether with lumefantrine"", ""Mefloquine"", ""Proguanil"", ""Doxycyline"", ""Primaquine""]",Primaquine,4,"Malaria prophylaxis (e.g. primaquine) can trigger haemolytic anaemia in those with G6PD deficiency

The correct answer is

Primaquine

. The reason for this is that primaquine can cause severe haemolysis in patients with glucose-6-phosphate dehydrogenase (G6PD) deficiency. G6PD plays an important role in protecting red blood cells against oxidative stress. Primaquine, an 8-aminoquinoline antimalarial drug, can induce oxidative stress and lead to haemolysis in individuals who are deficient in the enzyme.

Artemether with lumefantrine

is a combination therapy used primarily for the treatment of uncomplicated Plasmodium falciparum malaria. It has not been associated with significant haemolysis or adverse effects in G6PD-deficient individuals, making it a safe option for this patient.

Mefloquine

is another antimalarial medication used for both prophylaxis and treatment of malaria. It may be associated with neuropsychiatric side effects but does not pose a significant risk of haemolysis in G6PD-deficient individuals.

Proguanil

, often combined with atovaquone as Malarone, is used for malaria prophylaxis. It works by inhibiting dihydrofolate reductase, which is essential for parasite replication. Proguanil is generally well-tolerated and does not carry a significant risk of haemolytic anaemia in those with G6PD deficiency.

Finally,

Doxycycline

is a tetracycline antibiotic that is also effective as malaria prophylaxis when taken daily. It has not been shown to cause severe haemolysis or significant adverse effects in G6PD-deficient individuals, making it another safe option for this patient."
312,"A 48-year-old man presents with fatigue, weight loss, and generalised lymphadenopathy. A biopsy confirms a diagnosis of diffuse large B-cell lymphoma.

He is initiated on a chemotherapy regimen that includes rituximab. As part of his pre-treatment evaluation, his oncologist orders several baseline tests to assess for potential complications associated with this therapy.

What should the patient be screened for prior to commencing rituximab treatment?","[""Cytomegalovirus (CMV)"", ""Epstein-Barr virus (EBV)"", ""HIV"", ""Hepatitis B"", ""Tuberculosis (TB)""]",Hepatitis B,3,"Patients starting rituximab should be screened for hepatitis B before starting treatment

Rituximab, a monoclonal antibody targeting CD20 on B cells, is a cornerstone of treatment for conditions like diffuse large B-cell lymphoma, as in this patient’s case. However, it significantly increases the risk of reactivating latent

hepatitis B

infection due to its immunosuppressive effects on B cells, which are crucial for viral control. For this patient, who is undergoing immunosuppressive therapy, reactivation could lead to severe hepatic injury or even fulminant hepatitis, potentially complicating his cancer treatment and prognosis. Screening for hepatitis B prior to starting rituximab is therefore essential to identify carriers and provide prophylactic antiviral therapy, ensuring safe and uninterrupted treatment.

CMV

reactivation is a concern in profoundly immunosuppressed states, such as post-transplant care or high-dose corticosteroid therapy. However, rituximab does not typically lead to clinically significant CMV reactivation in most patients. Unlike hepatitis B, there is no routine recommendation to screen for CMV before starting rituximab.

EBV

infection or reactivation can be a concern in some rituximab-treated individuals, particularly in post-transplant lymphoproliferative disorders. However, most settings do not require routine screening for EBV before rituximab initiation. Hepatitis B reactivation is a more established and preventable risk, warranting mandatory pre-treatment screening.

HIV

screening, though important in some medical contexts, is not routinely required for rituximab therapy. Rituximab does not directly exacerbate HIV progression, and management of HIV-related immune dysfunction involves antiretroviral therapy rather than adjusting rituximab dosing. Hepatitis B reactivation poses a more immediate risk in rituximab-treated patients.

While

TB

screening is important for patients starting some immunosuppressive treatments, such as TNF-alpha inhibitors (e.g. infliximab or etanercept), it is not routinely required for rituximab. Rituximab's mechanism of action primarily impacts B cells, not the immune pathways central to TB control. There is no established direct association between rituximab and an increased risk of TB reactivation, making hepatitis B screening more critical in this context."
313,"A 34-year-old man attends with a fever. There are no localising features on systematic enquiry or examination. He recently completed chemotherapy for Hodgkin's lymphoma. Observations are as follows: heart rate 110 beats per minute, respiratory rate 16 breaths per minute, blood pressure 125/75 mmHg, oxygen saturation 97% on air, and temperature 38.5ºC. The patient has a PICC line in situ.

Blood results are as follows:


Neuts	0.4 * 109/L	(2.0 - 7.0)

The microbiologist calls the following day to advise that an organism has grown from peripheral blood cultures.

What organism has most likely been cultured?","[""Candida albicans"", ""Enterococcus faecium"", ""Pseudomonas aeruginosa"", ""Staphylococcus aureus"", ""Staphylococcus epidermidis""]",Staphylococcus epidermidis,4,"Coagulase-negative, Gram-positive bacteria such as

Staphylococcus epidermidis

is correct. Coagulase-negative, gram-positive bacteria are the most common cause of neutropenic sepsis. This is most likely a consequence of the use of indwelling lines in this cohort of patients.

Candida albicans

is incorrect. Systemic candidiasis is an important complication in neutropenic patients and those undergoing treatment for cancer. This infection has increased persistently over the past three decades and represents a significant cause of morbidity and mortality among high-risk individuals. However, it is much rarer in comparison to gram-positive bacteraemias.

Enterococcus faecium

is incorrect. A progressive increase in infections with multi-drug resistant

Enterococcus faecium

(e.g. vancomycin resistance Enterococcus) has been reported, especially in cancer patients and neutropenic patients. This is potentially driven by selection pressures from broad-spectrum antibiotic use. However, it remains a relatively rare cause of bacteraemias in comparison to

Staphylococcus epidermidis

.

Pseudomonas aeruginosa

is incorrect.

Pseudomonas aeruginosa

has historically been one of the major causes of severe sepsis and death among neutropenic cancer patients. Therefore all patients with prolonged neutropaenia should be on a prophylactic antibiotic which has anti-Pseudomonal cover (e.g. ciprofloxacin). However, this type of infection is very rare in comparison to

Staphylococcus epidermidis

.

Staphylococcus aureus

is incorrect. This is another common cause of infections in neutropenic patients, again most likely secondary to indwelling lines. However, it is less common than coagulase-negative gram-positive infections."
314,A patient is started on cyclophosphamide for vasculitis associated with Wegener's granulomatosis. Which of the following is most characteristically associated with cyclophosphamide?,"[""Haemorrhagic cystitis"", ""Cardiomyopathy"", ""Ototoxicity"", ""Alopecia"", ""Weight gain""]",Haemorrhagic cystitis,0,"Cyclophosphamide may cause haemorrhagic cystitis

The correct answer is

Haemorrhagic cystitis

. Cyclophosphamide, an alkylating agent used in the treatment of Wegener's granulomatosis among other conditions, is most characteristically associated with haemorrhagic cystitis. This potentially severe complication arises due to the toxic metabolite acrolein, which accumulates in the bladder and causes inflammation and bleeding. To minimise this risk, patients are advised to maintain adequate hydration and may also be given mesna, a protective agent that binds acrolein.

Cardiomyopathy

is not typically associated with cyclophosphamide use. While certain chemotherapeutic agents such as anthracyclines (e.g., doxorubicin) are well-known for their cardiotoxic effects leading to cardiomyopathy, cyclophosphamide has a much lower propensity for this side effect.

Ototoxicity

, characterised by hearing loss or tinnitus, is not a common side effect of cyclophosphamide. It is more commonly seen with platinum-based chemotherapy drugs like cisplatin.

The option

Alopecia

could be misleading because while alopecia can occur with many chemotherapeutic agents including cyclophosphamide, it is not the most characteristic association. Alopecia caused by chemotherapy usually regrows after completion of therapy.

Finally,

Weight gain

is not specifically linked to cyclophosphamide use. While some patients undergoing chemotherapy might experience weight changes due to factors such as changes in appetite or activity levels, these are generally non-specific and can occur with any chemotherapy drug rather than being specifically associated with cyclophosphamide."
315,Which one of the following is least likely to precipitate haemolysis in a patient with G6PD deficiency?,"[""Broad beans"", ""Sepsis"", ""Ciprofloxacin"", ""Primaquine"", ""Penicillin""]",Penicillin,4,
316,"A 32-year-old woman attends general practice complaining of a 12 month history of intermittently heavy periods. On further questioning, she reports nosebleeds up to 6-8 times a week for 2 months, as well as frequent atraumatic bruising. She has had no weight loss or fevers, and denies any abdominal pain or arthralgia.

She has no significant medical or drug history, and takes no regular medications nor any herbal remedies.

She has no family history of bleeding pathologies. She has had no recent travel.

On examination, she has a multiple purpura on her sacrum, which extend down to the buttocks. She does not have any palpable lymphadenopathy nor any hepatosplenomegaly. Urine dip is normal.

Blood tests reveal:


Hb	124 g/L	Female: (115 - 160)
Platelets	18*109/L	(150 - 400)
WBC	7*109/L	(4.0 - 11.0)
Prothrombin time (PT)	12 secs	(10-14 secs)
Activated partial thromboplastin time (APTT)	28 secs	(25-35 secs)
ESR	2 mm/hr	Women: < ((age + 10) / 2)

What is the most likely diagnosis?","[""Henoch-Schonlein purpura"", ""Immune thrombocytopenia (ITP)"", ""Von Willebrand disease"", ""Thrombotic thrombocytopenic purpura"", ""Haemolytic uraemic syndrome""]",Immune thrombocytopenia (ITP),1,"ITP should be considered in the presence of symptoms that suggest isolated thrombocytopenia e.g. epistaxis, menorrhagia

Option 1. Incorrect - Henoch-Shonlein purpura (HSP) occurs mainly in children and is typically accompanied by abdominal pain, arthralgia and renal dysfunction, none of which were present here. The blood tests in HSP normally would not display thrombocytopenia, as the mechanism of purpura is different: in HSP the purpura is related to the IgA complex deposition in the small vessels.

Option 2. Correct - ITP classically presents with frequent bruising and easy bleeding. It is a diagnosis of exclusion and relies on other more sinister pathologies to be excluded e.g. myelodysplasia, leukaemia, vasculitides. Therefore a thorough workup should always be performed. Patients with primary ITP are typically well and have no related systemic symptoms.

Option 3. Incorrect - Von Willebrand disease (VWD) is a good differential in a patient presenting with easy bleeding/bruising, and can often present with a normal activated partial thromboplastin time (aPTT) and thrombocytopenia. However, in VWD, the thrombocytopenia is usually less marked and there will likely be a positive family history.

Option 4. Incorrect - thrombotic thrombocytopenic purpura is thrombotic microangiopathy that typically presents with much more severe symptoms of end-organ damage due to vascular occlusion. The pentad of symptoms includes: fever, neurological signs, thrombocytopenia, haemolytic anaemia and renal impairment. This patient only had isolated thrombocytopenia and was generally well.

Option 5. Incorrect - haemolytic-uraemic syndrome is thrombotic microangiopathy that is secondary to certain bacterial infections (shigella, enterohaemorrhagic

E. coli

), therefore the presentation is usually preceded by a period of diarrhoea. The triad of symptoms includes: thrombocytopenia, haemolytic anaemia and renal impairment."
317,A man presents with an area of dermatitis on his left wrist. He thinks he may be allergic to nickel. Which one of the following is the best test to investigate this possibility?,"[""Skin patch test"", ""Radioallergosorbent test (RAST)"", ""Nickel IgG levels"", ""Skin prick test"", ""Nickel IgM levels""]",Skin patch test,0,
318,"A 50-year-old woman attends the Emergency Department with breathlessness, headache and fatigue for the past few days. There is no history of smoking or occupational lung disease. She has difficulty managing her blood pressure and has attended the hospital hypertension clinic in the last six months. Her regular medication includes amlodipine, hydralazine and doxazosin. On examination the patient is breathless with a respiratory rate of 25/min, the chest is clear to auscultation, heart sounds are normal and there is mild symmetrical pedal oedema. Oxygen saturations are 75% on room air with a PaO2 of 11 kPa.

What is the most likely diagnosis?","[""Aortic dissection"", ""Atrial septal defect"", ""Carbon monoxide poisoning"", ""Methaemoglobinaemia"", ""Pleural effusions""]",Methaemoglobinaemia,3,"Normal pO2 but decreased oxygen saturation is characteristic of methaemoglobinaemia

The correct answer is methaemoglobinaemia. Clues to this include the emphasis on the list of hypertension medications - hydralazine is associated with methaemoglobinaemia. The patient has no other noted risk factors for respiratory disease in the stem. Various drugs cause methaemoglobinaemia including sulphur-based drugs, dapsone and local anaesthetics.

The distractor in the question is the pedal oedema which is alluding to the amlodipine. Oedema is a common side effect and not a feature of heart failure.

Carbon monoxide poisoning would cause both low pO

2

and oxygen saturations.

The other options given are not consistent with a difference between pO

2

and oxygen saturations. There are no clues to the diagnosis of a pulmonary embolus. The Wells score would be low.

There is no report of chest pain to support aortic dissection although she is patient with chronic hypertensive.

Atrial septal defects can be diagnosed later in life but would rarely cause this degree of hypoxia. It would be more common to identify it as an incidental examination finding.

Significant pleural effusions are not compatible with the presentation as the examination of the chest was normal."
319,Which one of the following cytotoxic agents acts by inhibiting dihydrofolate reductase and thymidylate synthesis?,"[""Methotrexate"", ""Vincristine"", ""Bleomycin"", ""Cyclophosphamide"", ""Doxorubicin""]",Methotrexate,0,"Methotrexate - inhibits dihydrofolate reductase and thymidylate synthesis

The correct answer is

Methotrexate

. Methotrexate acts as an antimetabolite and inhibits the enzyme dihydrofolate reductase (DHFR), which plays a crucial role in the synthesis of purines and pyrimidines, specifically thymidylate. By doing so, methotrexate prevents the formation of DNA and RNA, thereby halting cell division and proliferation, particularly in rapidly dividing cells such as cancer cells.

Vincristine

is not the correct answer because it does not inhibit dihydrofolate reductase or thymidylate synthesis. Instead, vincristine exerts its cytotoxic effect by binding to tubulin, a protein component of the microtubule network. This binding disrupts the formation of mitotic spindles during cell division leading to metaphase arrest and subsequently apoptosis.

Bleomycin

also does not act by inhibiting DHFR or thymidylate synthesis. Its mechanism of action involves binding to DNA and causing strand breaks through free radical formation. The resultant DNA damage triggers apoptosis or programmed cell death.

Cyclophosphamide

too does not inhibit DHFR or thymidylate synthesis. It is a prodrug that undergoes hepatic conversion to form active metabolites. These metabolites cross-link with DNA strands preventing DNA replication and transcription which leads to cell death.

Lastly,

Doxorubicin

doesn't inhibit DHFR or thymidylate synthesis either. It intercalates into DNA strands inducing breaks and disrupting replication and transcription processes. Additionally, it inhibits topoisomerase II enzyme causing further DNA damage leading to apoptosis.

In conclusion, while all options are cytotoxic agents used in chemotherapy regimens for various cancers, only methotrexate specifically acts by inhibiting dihydrofolate reductase and thymidylate synthesis."
320,"A 38-year-old woman is seen as part of her oncological surveillance. She has a history of multiple cancers, first diagnosed with osteosarcoma at age 12, treated with chemotherapy and surgery. At 32 years she developed breast cancer and underwent a mastectomy followed by chemotherapy.

Her family history is significant for her mother dying of breast cancer at 34, and her maternal grandfather being diagnosed with a brain tumour in his 40s. Given the early onset of cancers and the pattern across generations, a genetic syndrome is suspected.

What protein mutation is most likely with this syndrome?","[""BRCA2"", ""CDKN2A"", ""NF1"", ""p53"", ""PTEN""]",p53,3,"Li-Fraumeni syndrome is caused by germline mutations to p53 tumour suppressor gene

The tumour suppressor protein likely mutated in this case is

p53

. This patient’s history strongly aligns with Li-Fraumeni syndrome, an autosomal dominant, hereditary cancer predisposition syndrome characterised by early-onset cancers and a family history of malignancies. Individuals with Li-Fraumeni syndrome are at increased risk for a variety of cancers, including osteosarcoma, breast cancer, soft tissue sarcomas, and brain tumours. The presence of multiple primary cancers at a young age, coupled with her family history—her mother dying of breast cancer at 34 and her grandfather’s brain tumour—further supports this diagnosis. The p53 protein is crucial for regulating the cell cycle and inducing apoptosis in response to DNA damage. Mutations in this protein compromise the body's ability to prevent the proliferation of damaged cells, leading to an increased risk of developing cancers throughout an individual’s lifetime.

BRCA2

(breast cancer 2) is incorrect in this case because, while BRCA2 mutations are primarily associated with an increased risk of breast and ovarian cancers, they are not typically linked to the variety of malignancies seen here. Though the patient has a history of breast cancer, BRCA2 mutations are not associated with osteosarcoma, a key part of her cancer history. Additionally, the presence of a brain tumour in her maternal grandfather does not correlate with BRCA2 mutations, which does not explain the broader family cancer history. Instead, Li-Fraumeni syndrome, characterised by a wide range of cancers, including sarcomas, brain tumours, and breast cancer, is a more fitting diagnosis based on this spectrum of malignancies.

CDKN2A

(cyclin-dependent kinase inhibitor 2A) is incorrect in this context because, although it is a tumour suppressor gene associated with familial melanoma and some pancreatic cancers, it is not linked to Li-Fraumeni syndrome. Li-Fraumeni syndrome is primarily associated with mutations in the p53 tumour suppressor gene, leading to a broader range of cancers, including sarcomas, breast cancer, and brain tumours. While CDKN2A mutations can increase cancer risk, they do not account for the diverse cancer profile observed in the patient's family history, which suggests a different underlying genetic syndrome.

NF1

(neurofibromatosis type 1) is incorrect in this context because it is primarily associated with neurofibromas, optic gliomas, and other nerve sheath tumours, rather than the spectrum of cancers seen in Li-Fraumeni syndrome. Other common features of NF1 which are not present in this case include axillary freckles, cafe-au-lait spots, lisch nodules and skeletal deformities. While NF1 can increase the risk of various tumours, including some sarcomas, it does not specifically predispose individuals to the same range of malignancies, such as breast cancer and brain tumours, that are characteristic of Li-Fraumeni syndrome. The family history and early onset of multiple cancers in this patient are more consistent with mutations in the p53 tumour suppressor gene.

PTEN

(phosphatase and tensin homolog) is incorrect in this context as it is primarily associated with Cowden syndrome rather than Li-Fraumeni syndrome, which is the more likely diagnosis. Cowden syndrome, a condition caused by mutations in the PTEN gene, predisposes individuals to various cancers, particularly breast, thyroid, and endometrial cancers. Patients with Cowden syndrome may also develop distinct features such as skin lesions like hamartomas, trichilemmomas, and adenomas; mucosal lesions, which can present as cobblestone mucosa (rough, bumpy areas in the mouth); freckling, particularly in sun-exposed areas; and even gastrointestinal polyps. However, the pattern of early-onset sarcoma and breast cancer seen in this patient is more consistent with Li-Fraumeni syndrome, which is not linked to PTEN mutations."
321,"A 25-year-old woman attends the haematology clinic with a past medical history of antiphospholipid syndrome. She informs you that she is pregnant at 12 weeks gestation. She has had a previous deep vein thrombosis associated with antiphospholipid syndrome (APS) for which she completed a 6-month course of warfarin.

How should she be managed during pregnancy?","[""Aspirin and LMWH"", ""LMWH"", ""Observation"", ""Unfractionated heparin"", ""Warfarin""]",Aspirin and LMWH,0,"Antiphospholipid syndrome in pregnancy: aspirin + LMWH

Aspirin and LMWH

is correct. The patient has had a previous VTE associated with antiphospholipid syndrome (APLS) and therefore has an extremely high risk of VTE during pregnancy. Women with VTE associated with antiphospholipid syndrome (APS) should be offered thromboprophylaxis with higher dose LMWH (either 50%, 75% or full treatment dose) antenatally and for 6 weeks postpartum or until returned to oral anticoagulant therapy after delivery. The addition of aspirin is also recommended to reduce the risk of pre-eclampsia.

LMWH

is incorrect. The patient should indeed be started on LWMH however aspirin is also recommended to reduce the risk of pre-eclampsia.

Observation

is incorrect. The patient has a substantial risk factor for VTE and as such needs prophylactic anticoagulation.

Unfractionated heparin

is incorrect. Unfractionated heparin is rarely required during pregnancy. The main indication would be in the management of an acute VTE during labour due to the benefits of using a very short half-life product in a patient with a high risk of bleeding.

Warfarin

is incorrect. Warfarin is teratogenic and is therefore rarely used during pregnancy. The main indication for its use in pregnancy would be high-risk mechanical heart valves."
322,Which electrolyte disturbance is cisplatin most associated with?,"[""Hypocalcaemia"", ""Hyponatraemia"", ""Hypomagnesaemia"", ""Hypokalaemia"", ""Hypercalcaemia""]",Hypomagnesaemia,2,Cisplatin is associated with hypomagnesaemia
323,"A 45-year-old woman is diagnosed with non-Hodgkin's lymphoma. She is a recovering alcoholic and has been left with significant alcohol-related peripheral neuropathy. Which one of the following chemotherapy agents should be avoided if possible, given her past history?","[""Doxorubicin"", ""Vincristine"", ""Chlorambucil"", ""Docetaxel"", ""Cyclophosphamide""]",Vincristine,1,"Vincristine - peripheral neuropathy

The correct answer is

Vincristine

, as it should be avoided if possible in a patient with a history of significant alcohol-related peripheral neuropathy. Vincristine is a vinca alkaloid chemotherapeutic agent that works by inhibiting microtubule formation, leading to cell cycle arrest and apoptosis. A well-known side effect of vincristine is the development or worsening of peripheral neuropathy. In this patient with pre-existing alcohol-related peripheral neuropathy, using vincristine could exacerbate her symptoms and result in further neurological damage.

Doxorubicin

is an anthracycline chemotherapeutic agent that intercalates into DNA, inhibits topoisomerase II, and generates free radicals, ultimately causing DNA damage and cell death. Its primary dose-limiting toxicity is cardiotoxicity rather than neurotoxicity. Therefore, it would not be contraindicated in this patient based on her history of peripheral neuropathy.

Chlorambucil

is an alkylating agent that forms covalent bonds with DNA bases, leading to cross-linking and inhibition of DNA replication and transcription. It can cause myelosuppression but does not typically cause significant neurotoxicity. Thus, it would not be contraindicated in this patient based on her history of peripheral neuropathy.

Docetaxel

is a taxane chemotherapeutic agent that stabilizes microtubules, preventing their depolymerization and leading to cell cycle arrest and apoptosis. While docetaxel can cause some degree of peripheral neuropathy, its risk for neurotoxicity is lower compared to vincristine. It may still be considered for use in this patient but with close monitoring for any worsening of her existing neuropathy.

Cyclophosphamide

is an alkylating agent that cross-links DNA, inhibiting DNA replication and transcription. Its main toxicities include myelosuppression, hemorrhagic cystitis, and secondary malignancies, but it is not known for causing significant neurotoxicity. It would not be contraindicated in this patient based on her history of peripheral neuropathy."
324,"A 28-year-old man is being treated on the haematology ward for acute lymphocytic leukaemia. You are contracted because he has developed supra-pubic pain and frank haematuria. On review of his medication, you note that he is receiving cyclophosphamide and wonder if he has developed haemorrhagic cystitis as a result of this medication.

What is the principal mechanism of action of this medication?","[""Cell cycle arrest and apoptosis"", ""Cross-linking in DNA"", ""Decreases DNA synthesis"", ""Degrades preformed DNA"", ""Inhibits formation of microtubules""]",Cross-linking in DNA,1,"Cyclophosphamide - causes cross-linking in DNA

Cyclophosphamide and cisplatin work by causing cross-linking in DNA. Cyclophospamide is used to treat a variety of cancers and induce immunosuppression in patients prior to stem cell transplant. Haemorrhagic cystitis is a complication of cyclophosphamide treatment. When cyclophosphamide is broken down by the liver it releases a toxic metabolite, acrolein. Acrolein is concentrated in the bladder and causes an inflammatory response which can lead to haemorrhagic cystitis.

The risk of haemorhagic cystitis can be decreased by giving MESNA - a drug which conjugates acrolein and decreases the inflammatory response.

Bleomycin degrades performed DNA rather than causing cross-linking.

Hydroxyurea decreases DNA synthesis by inhibiting ribonucleotide reductase.

5-Fluorouracil (5-FU) is a pyrimidine analogue that works to arrest the cell cycle and cause apoptosis.

Vincristine inhibits the formation of microtubules."
325,Which one of the following is least likely to cause a warm autoimmune haemolytic anaemia?,"[""Mycoplasma infection"", ""Methyldopa"", ""Chronic lymphocytic leukaemia"", ""Lymphoma"", ""Systemic lupus erythematous""]",Mycoplasma infection,0,
326,"A 38-year-old man presents with shortness of breath and headache. He has no significant past medical history and works in a clothes manufacturing factory.

On examination, he appears unwell and anxious. Auscultation of the chest is normal. Physical observations show a respiratory rate of 24 breaths/min, heart rate 78 bpm, blood pressure 132/84 mmHg and oxygen saturation 76% on room air. An arterial blood gas is performed:


pH	7.38	(7.35-7.45)
pO2	12 kPa	(10-14)
pCO2	4.6 kPa	(4.5-6.0)

He is commenced on high-flow oxygen, but his saturations do not improve.

Given the likely diagnosis, what is the most suitable first-line treatment?","[""Exchange transfusion"", ""Hydroxocobalamin"", ""Hyperbaric oxygen"", ""Methylene blue"", ""Rivaroxaban""]",Methylene blue,3,"Normal pO2 but decreased oxygen saturation is characteristic of methaemoglobinaemia

This patient's presentation is highly suspicious of methaemoglobinaemia. This a rare condition in which the iron in haemoglobin has been oxidised from Fe

2+

to Fe

3+

. It is typically acquired due to a number of drugs, including sulphonamides and nitrates, but also from exposure to aniline dyes, which are commonly used in the manufacturing of clothes such as jeans. It presents with dyspnoea, headache and anxiety. Textbooks describe 'chocolate-coloured blood'. Importantly, oxygen saturations are low and do not respond to oxygen treatment, whereas arterial pO

2

is normal. Management involves the use of

methylene blue

.

Exchange transfusion

is more commonly used in the treatment of sulfhaemoglobinaemia, rather than methaemoglobinaemia. This may present similarly, with cyanosis. However, peripheral oxygen saturations are more likely to be normal, and patients may have green discolouration of the blood. Exchange transfusion may be used for severe cases of methaemoglobinaemia, but methylene blue is the first-line choice.

Hydroxocobalamin

is used to treat cyanide poisoning, which also presents with hypoxia, headache and sometimes confusion. Its classical features are those of 'brick-red skin' and the smell of 'bitter almonds'. Given the history of exposure to aniline dyes, and the gap between peripheral saturations and pO

2

, methaemoglobinaemia is more likely here.

Hyperbaric oxygen

is sometimes used in the management of carbon monoxide poisoning, which may present similarly with regard to clinical symptoms. However, peripheral oxygen saturations are typically falsely high. Hyperbaric oxygen may be used second-line for methaemoglobinaemia, but methylene blue should be tried first.

Rivaroxaban

is an anticoagulant and may be used to treat pulmonary embolism, which is always an important differential to consider in the context of hypoxia. However, given the unresponsiveness of oxygen saturations to high-flow oxygen, and the normal pO

2

, this is less likely in this scenario."
327,Interferon alpha is a recognised treatment for which one of the following haematological disorders?,"[""Acute lymphoblastic leukaemia"", ""Myelofibrosis"", ""Burkitt's lymphoma"", ""Hairy cell leukaemia"", ""Acute myeloid leukaemia""]",Hairy cell leukaemia,3,
328,Which one of the following causes of primary immunodeficiency is due to a defect in both B-cell and T-cell function?,"[""Di George syndrome"", ""Chronic granulomatous disease"", ""Bruton's congenital agammaglobulinaemia"", ""Leukocyte adhesion deficiency"", ""Ataxic telangiectasia""]",Ataxic telangiectasia,4,"Combined B- and T-cell disorders: SCID WAS ataxic (SCID, Wiskott-Aldrich syndrome, ataxic telangiectasia)

Ataxic telangiectasia

is the correct answer as it causes a combined B-cell and T-cell immunodeficiency. Ataxic telangiectasia (also known as Louis-Bar syndrome) is an autosomal recessive disorder caused by mutations in the ATM gene, which is involved in DNA repair mechanisms. This condition affects multiple body systems, but notably causes both humoral (B-cell) and cell-mediated (T-cell) immunodeficiency. Patients typically present with progressive cerebellar ataxia, oculocutaneous telangiectasias, recurrent sinopulmonary infections, and have an increased risk of malignancies, particularly lymphomas. Laboratory findings include decreased IgA, IgE, and sometimes IgG levels, as well as lymphopenia with decreased T-cell numbers and function.

Di George syndrome

is incorrect because it primarily affects T-cell function rather than both B and T cells. Di George syndrome (22q11.2 deletion syndrome) results from abnormal development of the third and fourth pharyngeal pouches, leading to thymic hypoplasia or aplasia. Since the thymus is essential for T-cell development, patients have decreased T-cell numbers and function. However, B-cell numbers are typically normal, although there may be some functional defects due to lack of T-cell help. The classic triad includes congenital heart defects (particularly conotruncal anomalies), hypocalcaemia due to parathyroid hypoplasia, and thymic hypoplasia leading to cellular immunodeficiency.

Chronic granulomatous disease

is incorrect as it is a defect in phagocyte function rather than lymphocyte function. This X-linked or autosomal recessive disorder is caused by mutations in genes encoding components of the NADPH oxidase complex, which is essential for the respiratory burst in phagocytes. This results in an inability of neutrophils, monocytes, and macrophages to kill certain catalase-positive microorganisms. Patients typically present with recurrent bacterial and fungal infections, particularly with *Staphylococcus aureus*, *Burkholderia cepacia*, *Serratia marcescens*, *Nocardia* species, and *Aspergillus* species. Both B-cell and T-cell functions remain intact in this condition.

Bruton's congenital agammaglobulinaemia

is incorrect because it affects only B-cell function. This X-linked disorder is caused by mutations in the Bruton tyrosine kinase (BTK) gene, which is essential for B-cell development. Patients have a profound deficiency or absence of mature B cells and all immunoglobulin isotypes. T-cell numbers and function are normal. Affected males typically present with recurrent bacterial infections after 6 months of age when maternal antibodies have waned. Common pathogens include encapsulated bacteria such as *Streptococcus pneumoniae* and *Haemophilus influenzae*.

Leukocyte adhesion deficiency

is incorrect as it is a defect in phagocyte function rather than lymphocyte function. This autosomal recessive disorder is characterised by mutations in genes encoding proteins involved in leukocyte adhesion to endothelial cells and migration to sites of infection. The most common form (LAD-I) involves mutations in the CD18 gene, which encodes the β2 integrin subunit. Patients typically present with delayed umbilical cord separation, recurrent bacterial infections without pus formation, poor wound healing, and persistent leukocytosis. Both B-cell and T-cell functions are generally preserved in this condition."
329,"A 22-year-old female presents to the emergency department with angioedema on 5 occasions in a six month period. No obvious trigger was identified and she does not improve significantly when given IM adrenaline.

Her symptoms are caused by a deficiency of which substance?","[""Bradykinin"", ""C1 esterase inhibitor"", ""Eosinophil peroxidase"", ""Kallikrien"", ""Neutrophil elastase""]",C1 esterase inhibitor,1,"Hereditary angioedema is caused by deficiency of C1 esterase inhibitor

The correct answer is

C1 esterase inhibitor

. This patient's presentation is consistent with hereditary angioedema, a rare but potentially life-threatening condition characterised by recurrent episodes of severe swelling (angioedema). The condition is caused by a deficiency or dysfunction in the C1 esterase inhibitor. This protein plays a crucial role in regulating the complement and contact systems, both of which are involved in immune responses and inflammation. When there's insufficient C1 esterase inhibitor, these systems can be overactive, leading to excessive production of bradykinin. Bradykinin causes blood vessels to dilate and become more permeable, resulting in fluid leakage into surrounding tissues and causing swelling.

Bradykinin

itself isn't deficient in hereditary angioedema; rather, its levels are elevated due to a lack of regulation by the C1 esterase inhibitor. Therefore, while bradykinin plays a significant role in causing symptoms, it isn't the substance that's deficient.

Eosinophil peroxidase

is an enzyme found within eosinophils, a type of white blood cell. It plays a vital role in fighting off certain parasitic infections and also contributes to tissue damage in some allergic reactions. However, it doesn't have any known direct links with angioedema or other symptoms described here.

Kallikrein

, like bradykinin, isn't deficient but rather overproduced due to the lack of regulation by the C1 esterase inhibitor. Kallikreins are proteases that cleave kininogens to release vasoactive kinins like bradykinin.

Lastly,

neutrophil elastase

is an enzyme produced by neutrophils that breaks down proteins during inflammation and fights infection. While it has many functions related to immune response and inflammation, there's no direct link between neutrophil elastase deficiency and recurrent angioedema as described here."
330,"A 50-year-old woman with rheumatoid arthritis is being considered for treatment, which induces the killing of CD20+ B cells. Her medical history includes acute hepatitis B infection, which cleared without treatment 5 years ago. She is asymptomatic from the liver disease perspective, and the blood test results for her liver function tests (LFTs) 2 months ago are shown below.


Bilirubin	8 µmol/L	(3 - 17)
ALP	40 u/L	(30 - 100)
ALT	20 u/L	(3 - 40)
γGT	30 u/L	(8 - 60)
Albumin	40 g/L	(35 - 50)

Which is the most appropriate initial step before starting this therapy?","[""Begin antiviral prophylaxis"", ""Check hepatitis B surface antigen (HBsAg) and hepatitis B core antibody (anti-HBc)"", ""Perform liver biopsy to evaluate for hepatitis B activity"", ""Recheck LFTs and start rituximab if results are normal"", ""Test for HBV DNA""]",Check hepatitis B surface antigen (HBsAg) and hepatitis B core antibody (anti-HBc),1,"Patients starting rituximab should be screened for hepatitis B before starting treatment

Check hepatitis B surface antigen (HBsAg) and hepatitis B core antibody (anti-HBc)

is correct. Rituximab is a monoclonal antibody targeting CD20 on B cells, leading to B cell depletion and immunosuppression. This increases the risk of reactivation of hepatitis B virus (HBV) in patients with resolved or latent infection. Screening with HBsAg and anti-HBc identifies patients with active or prior HBV infection at risk of reactivation. Patients with positive markers should be referred for further evaluation, including viral load testing (HBV DNA).

Begin antiviral prophylaxis

is incorrect. Antiviral prophylaxis (e.g., entecavir or tenofovir) is recommended for patients with active or past HBV infection at risk of reactivation. However, antiviral therapy should not be initiated without confirming HBV status through appropriate screening tests (HBsAg and anti-HBc).

Perform liver biopsy to evaluate for hepatitis B activity

is incorrect. A liver biopsy is not routinely required to evaluate for hepatitis B activity. Non-invasive tests, including serology (HBsAg, anti-HBc) and HBV DNA viral load, are sufficient to assess the risk of reactivation.

Recheck LFTs and start rituximab if results are normal

is incorrect. Liver function monitoring alone is insufficient to prevent HBV reactivation. Proactive HBV screening and, if necessary, prophylactic antiviral therapy are required to prevent reactivation rather than waiting for evidence of liver injury.

Testing for HBV DNA

is incorrect. HBsAg and anti-HBc are recommended for initial assessment, and patients with positive markers should be referred for further evaluation, including viral load testing (HBV DNA). Therefore, testing for HBV DNA should not be an appropriate option as the initial step."
331,"A 45-year-old woman attends the acute medical unit with her second DVT this year. Her background is notable for COPD, hypertension and chronic kidney disease stage 4 secondary to membranous glomerulonephritis.

In chronic kidney disease, which of the following contributes most to the increased risk of VTE?","[""Immobility"", ""Loss of protein C"", ""Loss of antithrombin III"", ""Concurrent cancer"", ""Lupus anticoagulant""]",Loss of antithrombin III,2,"CKD is the most common cause of antithrombin III deficiency

Antithrombin III is an important regulatory molecule that reduces the activity of the intrinsic pathway of the clotting cascade. Loss of antithrombin III, thus, increases coagulability.

Whilst there are hereditary causes of antithrombin III, it is a particularly small protein and is easily lost through the nephron in CKD.

CKD does also increase the risk of concurrent cancers, but not as significantly as the protein loss. Lupus anticoagulant is indeed highly prothrombotic and is associated with antiphospholipid syndrome."
332,"A 74-year-old woman with a past history of chronic lymphocytic leukaemia presents with lethargy. The following blood results are obtained:


Hb	7.9 g/dl
Plt	158 * 109/l
WCC	24.0 * 109/l
 
Blood film:	normochromic, normocytic anaemia

What complication has most likely occurred?","[""Paroxysmal nocturnal haemoglobinuria"", ""Microangiopathic haemolytic anaemia"", ""Sideroblastic anaemia"", ""Warm autoimmune haemolytic anaemia"", ""Cold autoimmune haemolytic anaemia""]",Warm autoimmune haemolytic anaemia,3,
333,"A man is investigated for anaemia. A blood film is ordered and reported as follows:


Ring sideroblasts

Which one of the following is least likely to give this picture?","[""Anti-tuberculosis medication"", ""Alcohol"", ""Pyridoxine"", ""Lead"", ""Myelodysplasia""]",Pyridoxine,2,
334,"A 54-year-old man undergoing treatment for multiple myeloma presents to the cancer assessment unit feeling generally unwell.

His temperature is 38.6ºC, blood pressure is 87/56 mmHg and heart rate is 113/min. He looks diaphoretic and unwell but examination of his heart, lungs and abdomen is unremarkable.

He has had a peripherally inserted central catheter (PICC) line in place for 4-weeks. There is no surrounding erythema but it appears to be blocked.

The haematology lab calls you regarding the following result:


Neuts	0.2 * 109/L	(2.0 - 7.0)

What is the most likely organism to have caused this presentation?","[""Enterococcus faecalis"", ""Staphylococcus aureus"", ""Staphylococcus epidermidis"", ""Streptococcus pneumoniae"", ""Streptococcus pyogenes""]",Staphylococcus epidermidis,2,"Coagulase-negative, Gram-positive bacteria such as

These are all gram-positive cocci that are common in clinical practice.

Staphylococcus epidermidis

is a coagulase-negative, gram-positive cocci. It is the most common cause of neutropenic sepsis and is associated with central line infections. This patient's PICC line is blocked. In the context of sepsis without other localising features of infection, this makes 'line sepsis' the most likely cause for this presentation.

Staphylococcus aureus

is a coagulase-positive, gram-positive cocci. It is implicated in skin and soft tissue infections, abscess formation, osteomyelitis and toxic shock syndrome.

Enterococcus faecalis

is the most common species of enterococcus and is most commonly implicated in urinary tract infections, infective endocarditis and intra-abdominal infections.

Streptococcus pneumoniae

is an alpha-haemolytic streptococcus associated with pneumonia, meningitis and otitis media.

Streptococcus pyogenes

is a group A beta-haemolytic streptococci implicated in erysipelas, impetigo, cellulitis, type 2 necrotizing fasciitis and pharyngitis/tonsillitis. It can cause rheumatic fever or post-streptococcal glomerulonephritis and release of erythrogenic toxins to cause scarlet fever."
335,"A 56-year-old man presents to his general practitioner with several weeks of urinary frequency and hesitancy. He also describes approximately 20kg of weight loss over the past 2 months. Rectal examination reveals a large, craggy prostate. He is urgently referred for further investigations, including a biopsy which confirms a diagnosis of prostate cancer. At the next consultation, he states that his father and grandfather were both also diagnosed with prostate cancer in their 50s.

What genetic mutation is most strongly associated with this condition?","[""APC"", ""BRCA1"", ""BRCA2"", ""p53"", ""RAS""]",BRCA2,2,"BRCA2 mutation is associated with prostate cancer in men

BRCA2

is the correct answer. Although the BRCA genes are classically associated with breast cancer, they are also implicated in increased risk of numerous other cancers. In women, they are linked to an increased risk of ovarian cancer. In men, they are associated with prostate cancer. BRCA2 is more strongly linked to prostate cancer than BRCA1.

APC

is incorrect. A mutation in this gene is associated with familial adenomatous polyposis. This condition presents with the development of many colonic polyps and typically leads to colorectal cancer - most patients choose to undergo prophylactic colectomy as a result. It is not known to be significantly associated with prostate cancer.

BRCA1

is incorrect. Although this gene is linked with an increased risk of prostate cancer, the association is not as strong as the link between BRCA2 and prostate cancer.

p53

is incorrect. Although this is the most commonly mutated gene in human cancers, it is not specifically associated with an increased risk of prostate cancer.

RAS

is incorrect. Mutations in this family of genes are implicated in numerous cancers. However, this is not specifically associated with an increased risk of prostate cancer."
336,"A 34-year-old woman is taken to the emergency department by a friend with a two hour history of headache, shortness of breath and confusion. She is unable to give a coherent history as to what has led to her admission. She has a past medical history of asthma for which she takes a salbutamol inhaler as required.

Her vital signs show oxygen saturations of 84%, respiratory rate of 20/min, heart rate of 93/min, and a temperature of 36.7ºC. Subsequently, an arterial blood gas is done before she is initiated on oxygen.


pH	7.46
pO2	10.1kPa
pCO2	3.5kPa
HCO3	23
Lac	0.7

On examination her airway is patent and chest is clear. The rest of the examination is unremarkable.

What is the most likely diagnosis?","[""Acute asthma"", ""Carbon monoxide poisoning"", ""Cyanide poisoning"", ""Methaemoglobinaemia"", ""Organophosphate poisoning""]",Methaemoglobinaemia,3,"Normal pO2 but decreased oxygen saturation is characteristic of methaemoglobinaemia

This woman has presented with methaemoglobinaemia. This is a due to the conversion of haemoglobin from an Fe2+ state to Fe3+ resulting in a shift in the oxygen dissociation curve to the left (as haemoglobin has a reduced affinity for oxygen). As a result, there is a fall in oxygen saturation on pulse oximetry however the partial pressure of oxygen on an arterial blood gas remains normal.

Acute asthma would not cause the disproportional change seen on oximetry versus the arterial blood gas.

Organophosphate poisoning would not cause the changes noted on oximetry.

Carbon monoxide binds to haemoglobin and forms carboxyhemoglobin which in turn is unable to to bind oxygen. This is a similar pathological process to methaemoglobinaemia in that both reduce the ability of haemoglobin to bind oxygen. In contrast however, a saturation probe in carbon monoxide poisoning will still detect both haemoglobin saturations and produce a normal reading despite the reality that the patient is hypoxic.

Cyanide causes histotoxic hypoxia whereby the body cannot utilise oxygen from the bloodstream. Oxygen saturations are normal however venous oxygen levels may be raised (due to reduced consumption)."
337,"A 14-year-old girl is admitted to the Emergency Department. Over the past hour she has developed a painless, non-pruritic erythematous rash associated with severe angioedema. She has a past medical history of recurrent abdominal pain. Her symptoms fail to respond to adrenaline and she is therefore intubated to protect the airway. She is discharged from ITU after three days. During outpatient follow-up two weeks later a diagnosis of hereditary angioedema is suspected. What is the most appropriate screening test to perform?","[""Serum IgE levels"", ""Serum C3 levels"", ""Serum tryptase levels"", ""Serum C4 levels"", ""Serum C1-INH levels""]",Serum C4 levels,3,"Hereditary angioedema - C4 is the best screening test inbetween attacks

The correct answer is

serum C4 levels

. Hereditary angioedema (HAE) is a rare autosomal dominant condition caused by a deficiency or dysfunction of the C1 inhibitor protein (C1-INH). This leads to increased activation of the complement and contact systems, resulting in excessive release of bradykinin, which causes angioedema. The most appropriate screening test for HAE is serum C4 levels, as they are typically low in patients with this condition due to increased consumption during uncontrolled activation of the complement system. If serum C4 levels are found to be low, further testing for serum C1-INH levels and function should be performed to confirm the diagnosis.

Serum IgE levels

would not be an appropriate screening test for hereditary angioedema. Elevated IgE levels are commonly seen in allergic conditions such as atopic dermatitis, asthma, and allergic rhinitis but not in HAE. In this case, the patient's symptoms failed to respond to adrenaline, which suggests that her angioedema was not mediated by an allergic mechanism.

Serum C3 levels

can be helpful in evaluating complement deficiencies or disorders involving immune complex formation; however, they are typically normal or only slightly decreased in HAE patients. Therefore, measuring serum C3 levels would not provide definitive information about whether this patient has hereditary angioedema.

Serum tryptase levels

are used as a diagnostic marker for mast cell activation disorders such as systemic mastocytosis or anaphylaxis. Tryptase is released from activated mast cells during these conditions, leading to elevated serum tryptase levels. However, HAE is not related to mast cell activation and thus measuring serum tryptase would not be useful in diagnosing this condition.

Finally,

serum C1-INH levels

can be used to confirm the diagnosis of HAE, but they are not the most appropriate screening test. As mentioned earlier, if serum C4 levels are found to be low, further testing for serum C1-INH levels and function should be performed to confirm the diagnosis. In HAE type 1, there is a deficiency in the quantity of C1-INH produced, while in HAE type 2, there is a defect in the function of C1-INH despite normal or elevated protein levels."
338,"A 17-year-old woman presents to the clinic with fatigue. She has recently moved to the UK from Greece. She states that she has a 'blood disorder' which runs in her family however she can not remember the specifics of it. She has never had a blood transfusion. An examination is unremarkable and in particular, there is no evidence of hepatosplenomegaly.

Blood results are as follows:


Hb	105 g/L	Male: (135-180)
Female: (115 - 160)
MCV	55 fL	(80 - 100 fL)
Ferritin	80 fL	(> 15 micrograms/L)
Platelets	162 * 109/L	(150 - 400)
WBC	6.8 * 109/L	(4.0 - 11.0)


Hb electrophoresis	Raised HbA2

What is the most likely diagnosis?","[""Alpha thalassaemia trait"", ""Beta thalassaemia major"", ""Beta thalassaemia trait"", ""HbH disease"", ""Sickle cell disease""]",Beta thalassaemia trait,2,"Disproportionate microcytic anaemia - think beta-thalassaemia trait

Microcytic anaemia has a variety of causes including iron deficiency anaemia, thalassaemia, and rarely sideroblastic anaemia. A normal ferritin level as in this case makes iron deficiency unlikely. It is important to remember that a low ferritin confirms iron deficiency, however, a normal or raised ferritin does not exclude iron deficiency since it is an acute phase protein.

Disproportionate microcytic anaemia is suggestive of beta thalassaemia. In iron deficiency, the MCV and Hb are usually proportionally decreased.  The patient's ethnic origins and mild disproportionate microcytic anaemia make

beta thalassaemia trait

the most likely diagnosis.  This can be confirmed with high-performance liquid chromatography (HPLC) or Hb electrophoresis confirming a raised HbA2.

Beta thalassaemia major

can also present with disproportionate microcytic anaemia however the anaemia would be marked, and the patient would be transfusion dependent.

Alpha thalassaemia trait

can also present with a mild disproportionate microcytic anaemia however the raised HbA2 on electrophoresis is more suggestive of beta thalassemia trait.  Electrophoresis is normal in alpha thalassemia trait.

HbH disease

is a type of alpha thalassaemia which occurs due to a deletion of three out of four of the alpha globulin alleles.  This would present with a more severe anaemia and evidence of HbH on electrophoresis.

Sickle cell disease

would present with a history of vaso-occlusive crisis and Hb electrophoresis would show evidence of HbS."
339,"A 71-year-old woman who is known to have multiple myeloma is admitted with confusion. Blood tests show the following:


Corrected calcium	2.91 mmol/l

Which one of the following is the most significant cause of the raised calcium level?","[""Adverse effects of standard treatment"", ""Increased osteoclastic activation"", ""Impaired renal function"", ""Increased renal tubular calcium reabsorption"", ""Elevated PTH-rP levels""]",Increased osteoclastic activation,1,
340,Which one of the following is not a recognised feature of methaemoglobinaemia?,"[""Dyspnoea"", ""'Chocolate' cyanosis"", ""Anxiety"", ""Reduced pO2 but normal oxygen saturation on pulse oximetry"", ""Acidosis""]",Reduced pO2 but normal oxygen saturation on pulse oximetry,3,"Normal pO2 but decreased oxygen saturation is characteristic of methaemoglobinaemia

The correct answer is

Reduced pO2 but normal oxygen saturation on pulse oximetry

. Methaemoglobinaemia is a condition characterised by an elevated level of methaemoglobin in the blood. Methaemoglobin is a form of haemoglobin that does not bind oxygen, and its increased presence can lead to tissue hypoxia. However, it does not cause reduced pO2 but normal oxygen saturation on pulse oximetry. In fact, pulse oximetry may overestimate oxygen saturation due to the absorption characteristics of methaemoglobin.

Discussing the incorrect answers:

Dyspnoea

is indeed a recognised feature of methaemoglobinaemia. It occurs due to inadequate oxygen supply to tissues leading to shortness of breath.

'Chocolate' cyanosis

refers to the brownish colouration of the skin and mucous membranes seen in methaemoglobinaemia. This happens because methaemoglobin imparts a chocolate-brown colour to the blood.

Anxiety

can be seen in patients with methaemoglobinaemia as it's a non-specific symptom related to hypoxia and dyspnoea. Patients may feel anxious due to difficulty breathing or fear from their abnormal skin colouration.

Acidosis

, specifically metabolic acidosis, can occur in severe cases of methaemoglobinaemia due to lactic acid build-up from tissue hypoxia. The body responds to low oxygen levels by shifting metabolism towards anaerobic pathways, which produces lactic acid as a byproduct causing acidosis."
341,"A 56-year-old woman presented to the breast clinic with a breast lump. On examination, there was a palpable irregular, 3 cm, non-tender lump in the left upper quadrant. She was subsequently diagnosed with ductal carcinoma in situ of the left breast. She was referred to the oncology team and commenced on anastrozole.

What is the mechanism of action of the medication?","[""Binds to human epidermal growth factor receptor 2 (HER2) receptors"", ""Breaks down oestrogen receptors"", ""Luteinising hormone-releasing hormone (LHRH) agonist"", ""Oestrogen receptor antagonist"", ""Reduces peripheral oestrogen synthesis""]",Reduces peripheral oestrogen synthesis,4,"Anastrozole and letrozole are aromatase inhibitors that reduces peripheral oestrogen synthesis

In postmenopausal women, oestrogen is produced from peripheral tissues and lipids via the enzyme aromatase. Therefore, aromatase inhibitors such as anastrozole and letrozole which

reduce peripheral oestrogen synthesis

are frequently used to treat breast carcinoma in this group of patients.

Trastuzumab is a monoclonal antibody that

binds to HER2 receptors

on the cancer cells, thereby suppressing the growth and proliferation of the tumour. It is effective in HER2-positive breast cancers.

Fulvestrant is a type of selective oestrogen receptor degrader that binds to and

breaks down oestrogen receptors

. Unlike tamoxifen, it does not have agonistic effects on the oestrogen receptor, instead, it leads to downregulation of the receptor.

Goserelin is an

LHRH agonist

that suppresses oestrogen production by the ovaries. It can be used as adjuvant therapy in premenopausal women.

Tamoxifen is an

antagonist (and a partial agonist) of oestrogen receptor

. It is useful in oestrogen-receptor positive breast cancers and particularly in patients who have not gone through menopause."
342,"You are seeing a 35-year-old male in the emergency department who was involved in a road traffic accident. He has been successfully stabilised by the trauma team.

His records show that he is under the local oncology team following a recent diagnosis of Hodgkin's lymphoma stage 1B. His records also mention that he is cytomegalovirus (CMV) IgG positive but IgM negative. He has no known allergies.

Blood tests revealed a haemoglobin level of 68 g/L and it has been decided that he requires a blood transfusion.

What modification is most important when ordering blood products for this patient?","[""CMV-seronegative red cells"", ""Irradiation"", ""Leucocyte depletion"", ""Washed red cells"", ""Whole blood""]",Irradiation,1,"Irradiated blood products are used to avoid transfusion-associated graft versus host disease

Cytomegalovirus (CMV)-seronegative red cells: this patient's blood results suggest a previous infection by CMV (IgG positive and IgM negative). Therefore, CMV-negative products are not normally given to such patients. Furthermore, routine leucocyte depletion in the UK makes CMV transmission via blood unlikely.

Irradiation: all patients with Hodgkin's lymphoma (regardless of disease stage) must be given irradiated blood products to prevent transfusion-associated graft versus host disease (taGVHD), for the rest of their life. Irradiated blood destroys all nucleated cells (such as leucocytes), therefore, eliminating the risk of taGVHD.

Leucocyte depletion: since 1999, all allogenic blood components in the UK must be subjected to a leucocyte depletion process. The UK definition of leucodepletion is as follows (taken from the Joint United Kingdom (UK) Blood Transfusion and Tissue Transplantation Services Professional Advisory Committee):

'UK specification for leucodepletion is that more than 90% of leucocyte-depleted components from relevant processes should have less than 1 Ã— 106 leucocytes and more than 99% of components should contain less than 5 Ã— 106 leucocytes, both with 95% confidence'.

Therefore, this is inadequate to prevent the life-threatening risk of taGVHD.

Washed red cells: red blood cells are washed to reduce the presence of plasma proteins, including anti-IgA that can cause anaphylactic reactions in susceptible individuals. It does little in the way of depleting leucocytes and preventing taGVHD.

Whole blood: this is useful for trauma settings associated with major bleeding. However, giving such a transfusion to a patient with Hodgkin's lymphoma carries the risk of life-threatening taGVHD and, therefore, should not be used."
343,"A 64-year-old female is brought to the Emergency Department by her family, who are concerned about her increasing confusion over the past 2 days. On examination she is found to be pyrexial at 38ºC. Blood tests reveal:


Hb	9.6 g/dl
Platelets	65 * 109/l
WCC	11.1 * 109/l
Urea	23.1 mmol/l
Creatinine	366 µmol/l

What is the most likely diagnosis?","[""Wegener's granulomatosis"", ""Thrombotic thrombocytopenic purpura"", ""Haemolytic uraemic syndrome"", ""Idiopathic thrombocytopenic purpura"", ""Rapidly progressive glomerulonephritis""]",Thrombotic thrombocytopenic purpura,1,"HUS or TTP? Neuro signs point towards TTP

The combination of neurological features, renal failure, pyrexia and thrombocytopaenia point towards a diagnosis of thrombotic thrombocytopenic purpura"
344,"A 43-year-old woman presents to the emergency department with confusion and fever. She is 4 weeks pregnant. She drinks 21 units of alcohol weekly.

On examination, her Glasgow coma scale is 14/15 without any localizing neurological signs. Her temperature is 38.4ºC and her blood pressure is 142/82 mmHg.

Blood tests:


Hb	88 g/L	Male: (135-180)
Female: (115 - 160)
Platelets	24 * 109/L	(150 - 400)
WBC	6.7 * 109/L	(4.0 - 11.0)
Urea	5.2 mmol/L	(2.0 - 7.0)
Creatinine	88 µmol/L	(55 - 120)
CRP	4 mg/L	(< 5)
Haptoglobin	2 mg/dl	(30-200)
LDH	754 U/L	(140-280)


Blood film	schistocytes

What is the underlying pathophysiological mechanism of the likely diagnosis?","[""Acquired inhibition of ADAMTS13"", ""Alcohol induced bone marrow suppression"", ""Antiplatelet antibodies"", ""Binding of Shiga-toxin to globotriaosylceramide"", ""Cytokine driven haemophagocytosis""]",Acquired inhibition of ADAMTS13,0,"Acquired inhibition of the protein ADAMTS13 which cleaves vWF multimers is the most common cause of TTP

Acquired inhibition of ADAMTS13

is correct. The patient presents with fever and confusion in association with thrombocytopenia and evidence of microangiopathic haemolytic anaemia (anaemia, low haptoglobin and schistocytes). These findings point to a diagnosis of thrombotic thrombocytopenic purpura (TTP). Pregnancy is a secondary cause of this condition, which is caused by acquired inhibition of ADAMTS13. This is a metalloproteinase responsible for breaking large multimers von Willebrand factor (vWF) into smaller sub-units. The increased amount of circulating vWF results in platelet adhesion and thrombosis. Platelets are used up in creating thrombi and paradoxically, the overall amount of circulating platelets is subsequently reduced, resulting in a tendency to bleed.

Binding of Shiga-toxin to globotriaosylceramide

is incorrect. This is the cause of the haemolytic uraemic syndrome. This is usually caused by infection with bacteria producing Shiga-toxin. It is another cause of microangiopathic haemolytic anaemia and is a cause of fever and confusion. However, it is almost always associated with severe renal dysfunction, which is absent in this case. Additionally, there is often evidence of a preceding diarrhoeal illness.

Alcohol-induced bone marrow suppression

is incorrect. While alcohol excess can cause bone marrow suppression and resultant anaemia and thrombocytopenia, it would not typically cause a fever or microangiopathic haemolytic anaemia.

Antiplatelet antibodies

is not the right answer. This is the cause of immune thrombocytopenic purpura. This is a cause of isolated thrombocytopenia rather than anaemia. Additionally, it would not be associated with fever.

Cytokine driven haemophagocytosis

is incorrect. This has been implicated as the cause of thrombocytopenia in sepsis. While this patient has a fever, the white cell count and CRP are normal, making a pyogenic infection, less likely (although not impossible). This would not cause microangiopathic haemolytic anaemia or schistocytes on the blood film."
345,"A 35-year-old male presents with a four-day history of painless visible haematuria, mostly occurring in the morning.

His past medical history includes asthma and a previous right-sided pulmonary embolism. He is a slim teetotaller and works as a teacher.

A recent sexual health screen was normal and there is no family history of cancers.

Which of the following investigations is the gold standard for the likely underlying diagnosis?","[""Flow cytometry"", ""Guthrie's test"", ""Ham's test"", ""Sucrose lysis test"", ""Urine cultures""]",Flow cytometry,0,"Flow cytometry for CD59 and CD55 is the gold standard test for paroxysmal nocturnal haemoglobinuria

Patients with haematuria and unexplained or unusual sites of thrombosis, or with a raised LDH (indicating haemolysis), abnormal cell counts or aplastic anaemia, should be screened for PNH (paroxysmal nocturnal haemoglobinuria). PNH is a rare acquired disorder characterised by intravascular haemolysis due to deficiency of decay-accelerating factor, a protein normally present on red blood cells. The mechanism by which this also leads to venous thrombus formation is not fully understood.

Flow cytometry is now the gold standard investigation in PNH and is, therefore, the correct answer.

The sucrose lysis test was historically used for screening. It involves placing the patient's red blood cells in a low-ionic-strength solution and observing for haemolysis. It has now been replaced by flow cytometry which is both more sensitive and more specific.

Ham's test (acid-induced haemolysis, named after Dr Thomas Ham) used to be the next investigation of choice if the sucrose lysis test was positive, but it is no longer used and is therefore incorrect.

Urine cultures are an excellent first choice of investigation for patients presenting with urinary symptoms. However, in this case, they are not the single best answer as they are unlikely to lead to the underlying diagnosis of PNH.

Guthrie's test, also known as the heel prick test, is done in neonates on their fifth day of life to screen for metabolic disorders. It is an inappropriate choice of investigation in an adult patient."
346,"A 28-year-old man presents to the emergency department with a one-week history of fatigue and shortness of breath. His past medical history is significant for an allogenic haematopoetic stem cell transplant 3 months ago.

Blood results are as follows:


Hb	72 g/L	Male: (135-180)
Female: (115 - 160)
Platelets	46 * 109/L	(150 - 400)
WBC	2.2 * 109/L	(4.0 - 11.0)

You plan to transfuse him 2 units of blood. The laboratory call to ask if any special requirements are indicated.

What special requirements do you advise the laboratory?","[""CMV negative blood"", ""Irradiated"", ""Leukodepleted"", ""No special requirements indicated"", ""Washed""]",Irradiated,1,"Irradiated blood products are used to avoid transfusion-associated graft versus host disease

Irradiated blood

is required in individuals with severe immunodeficiencies, those with a history of Hodgkin's lymphoma, patients who have been exposed to certain drugs (e.g. bendamustine and fludarabine), and following stem cell transplant. Following autologous stell cell transplantation irradiated blood is required for 3 months (6 months if total body irradiation is performed). In contrast, those who have had an allogeneic stem cell transplant require irradiated blood for a minimum of 6 months and until they are also off immunosuppression, have a lymphocyte count >1, and have no evidence of chronic graft versus host disease (GvHD).

Historically, immunocompromised patients who have not been infected with CMV (CMV negative) received CMV negative blood due to the possible life-threatening complication of infection. However recent studies have shown that leukodepletion is just as effective as CMV IgG negative blood components. Therefore

CMV IgG negative blood

is no longer required in this cohort.

The following groups of patients require CMV-negative blood:

Intra-uterine transfusions.
Neonates up to 28 days post expected date of delivery.
Pregnancy.

With very few stated exceptions (e.g. granulocytes), from November 1999 all allogeneic blood components produced in the UK have been subjected to a leukocyte depletion process. This was primarily a vCJD risk reduction measure, however, it has resulted in other added benefits including reduced incidence of non-febrile haemolytic transfusion reactions, TRALI, and transfer of CMV. All blood products in the UK are

leukodepleted

(with very few exceptions eg granulocytes). This is therefore not a special requirement.

Washed red cells

can be requested for patients who have recurrent febrile or allergic reactions to standard packed red cells."
347,"A 23-year-old woman has presented to her GP after developing swelling of her face 2 days ago.

She has never had an allergic reaction in the past but mentions that her older brother is under the immunology clinic after having five unexplained episodes of sudden-onset facial and lip swelling without any clear trigger. He has apparently tested positive for a 'genetic problem' but she is unable to give any further details.

The swelling has now cleared but she is keen on further investigations.

Based on the likely diagnosis, which is the most appropriate screening test to perform?","[""Bradykinin"", ""Mast cell tryptase"", ""C1 esterase inhibitor"", ""C3"", ""C4""]",C4,4,"Hereditary angioedema - C4 is the best screening test inbetween attacks

The episodic attacks of unexplained facial and lip swelling in her brother which are apparently of genetic origin are suggestive of hereditary angioedema. This condition is inherited in an autosomal dominant fashion. Assuming that this was inherited from a parent (rather than being a

de novo

mutation), there is a 50% probability that she is also affected. This condition is commonly associated with low C4 levels. Importantly, C4 tends to remain low in between attacks and is relatively cheap to test, hence it is the most appropriate screening tool, even though the specificity of the test is low.

While C1 esterase inhibitor is the most specific test for hereditary angioedema, it is expensive and not widely available in laboratories, hence is not a suitable screening test to perform here. In addition, approximately 15% of cases of hereditary angioedema are classified as 'type 2', where C1 esterase inhibitor is normal in concentration but abnormal in function.

Abnormal C3 levels are not seen in hereditary angioedema.

Raised mast cell tryptase levels are seen in anaphylaxis, not in hereditary angioedema.

While increased bradykinin is the main pathophysiological process behind hereditary angioedema, testing for this peptide is generally not available, hence this is not the correct answer."
348,"A 25-year-old man presents with a several-month history of fluctuating abdominal cramps and foul-smelling, greasy loose stools. This is associated with significant weight loss and fatigue.

He is otherwise well and denies any infective symptoms. He has no past medical history and is not on any medications.

Anti-transglutaminase and anti-endomysial antibodies are positive.

What specific blood film abnormality is associated with this condition?","[""Degmacyte"", ""Howell-Jolly bodies"", ""Hypersegmented neutrophils"", ""Schistocytes"", ""Spherocytes""]",Howell-Jolly bodies,1,"Target cells and Howell-Jolly bodies may be seen in coeliac disease → hyposplenism

This patient has presented with the autoimmune disorder, coeliac disease, where patients develop an intolerance to gluten (found in foods such as wheat and barley), resulting in an inflammatory response. The diagnosis is confirmed with positive anti-transglutaminase and anti-endomysial antibodies. A well-recognised complication of coeliac disease is hyposplenism thought to result from functional hyposplenism and splenic atrophy. As such, a blood film in coeliac patients often shows

Howell-Jolly bodies

signifying the inability of a damaged spleen to remove these red cell inclusions.

Degmacyte

, also known as 'bite cells', are abnormally shaped mature red blood cells with a portion of the cell margin removed. These removed portions or 'bites' occur due to the mechanical removal of denatured haemoglobin as the cells migrate through the spleen. This denaturing of haemoglobin can result from several processes of oxidative haemolysis such as glucose-6-phosphate dehydrogenase deficiency. These cells are not associated with hyposplenism and are not commonly seen in coeliac disease.

Hypersegmented neutrophils

are normally defined as the presence of neutrophils whose nuclei have six or more lobes or where over 3% of neutrophils have at least five lobes. Hypersegmented neutrophils are associated with the macrocytic, megaloblastic anaemia due to hypovitaminosis such as vitamin B12 or folate deficiency. Although severe coeliac disease can result in some malabsorption, hypovitaminosis is rare and therefore these cells are not associated with the condition.

Schistocytes

are irregularly shaped, fragmented parts of red blood cells, often seen in patients with mechanical haemolysis. Several microangiopathic diseases can result in haemolytic conditions including disseminated intravascular coagulation and thrombotic microangiopathies. Again, these cells are not associated with coeliac disease.

Spherocytes

are sphere-shaped red blood cells rather than normal bi-concave disk-shaped cells. They are found in hereditary spherocytosis and immunological-mediated haemolytic anaemia. The spleen mistakes these sphere-shaped cells as damaged and therefore removes them resulting in the associated anaemia. They are not seen in coeliac disease."
349,"A 54-year-old woman is reviewed in oncology clinic following debulking surgery for primary peritoneal cancer. She is known to have two liver metastases. She underwent surgery one month ago and has come in for review prior to adjuvant chemotherapy. During her chemotherapy treatment, which tumour marker would be most appropriate to monitor disease progression?","[""CA 15-3"", ""CA 19-9"", ""CA 125"", ""Human chorionic gonadotropin (hCG)"", ""S-100""]",CA 125,2,"Ovarian cancer - CA 125

CA 125 is the tumour marker most associated with primary peritoneal cancer as well as ovarian cancer and can be used to monitor response to chemotherapy, alongside regular CT scans. It can also be raised in various other cancers.

The other tumour markers are more appropriate for other cancers.

Source:

Sturgeon, C. M., L. C. Lai, and M. J. Duffy. 'Serum Tumour Markers: How to Order and Interpret Them.' BMJ (2009): 852-58."
350,"A 68-year-old man with a 10-year history of polycythaemia vera presents to haematology clinic with increasing fatigue, weight loss, and night sweats over the past 3 months. On examination, he has marked splenomegaly. He has been managed with regular venesection and aspirin. Recent blood tests show:


Hb	98 g/L	(135-180)
WBC	3.2 × 10^9/L	(4.0-11.0)
Platelets	85 × 10^9/L	(150-400)
Blood film	Teardrop red cells, nucleated red cells, myelocytes	

What is the most likely diagnosis?","[""Acute myeloid leukaemia"", ""Myelofibrosis"", ""Hairy cell leukaemia"", ""Essential thrombocythaemia"", ""Chronic myeloid leukaemia""]",Myelofibrosis,1,"Polycythaemia rubra vera - around 5-15% progress to myelofibrosis or AML

Myelofibrosis

is the correct diagnosis in this case. The patient has a long-standing history of polycythaemia vera (PV) and has now developed constitutional symptoms (fatigue, weight loss, night sweats), splenomegaly, and pancytopenia with characteristic peripheral blood film findings. Approximately 5-15% of patients with PV will progress to post-polycythaemic myelofibrosis over time. This transformation is characterized by progressive bone marrow fibrosis leading to ineffective haematopoiesis. The peripheral blood typically shows leukoerythroblastic features including teardrop poikilocytes (dacryocytes) and nucleated red cells, which are present in this case. The splenomegaly results from extramedullary haematopoiesis as the bone marrow function deteriorates. The development of cytopenias in a patient previously requiring venesection for polycythaemia is particularly suggestive of this transformation.

Acute myeloid leukaemia (AML)

is another possible complication of PV, occurring in approximately 5-15% of patients, particularly those treated with certain cytotoxic agents. However, AML typically presents with a rapid onset of symptoms, often with blast cells visible on the peripheral blood film, and frequently with more profound cytopenias. The absence of blast cells in the described blood film makes AML less likely than myelofibrosis in this scenario.

Hairy cell leukaemia

is an uncommon B-cell malignancy that can present with pancytopenia and splenomegaly. However, it is not a known progression of polycythaemia vera. Hairy cell leukaemia would typically show characteristic 'hairy cells' on blood film examination, which are not described here. The leukoerythroblastic blood picture is not typical of hairy cell leukaemia.

Essential thrombocythaemia

is another myeloproliferative neoplasm but is characterized by thrombocytosis rather than thrombocytopenia. It would be extremely unusual for PV to transform into essential thrombocythaemia. The patient's low platelet count (85 × 10^9/L) makes this diagnosis implausible.

Chronic myeloid leukaemia (CML)

is a myeloproliferative neoplasm characterized by the Philadelphia chromosome. While it can present with splenomegaly and constitutional symptoms, it typically shows leukocytosis with a characteristic left shift in granulocyte precursors. CML is not a known transformation of polycythaemia vera, and the patient's leukopenia rather than leukocytosis makes this diagnosis unlikely."
351,"A 62-year-old woman who is known to have metastatic breast cancer presents with increasing shortness of breath. She is currently receiving a chemotherapy regime. On examination she has a third heart sound and the apex beat is displaced to the 6th intercostal space, anterior axillary line. Which one of the following chemotherapeutic agents is most likely to be responsible?","[""Paclitaxel"", ""Docetaxel"", ""Bleomycin"", ""Dactinomycin"", ""Doxorubicin""]",Doxorubicin,4,"Anthracyclines (e.g. doxorubicin) may cause cardiomyopathy

The correct answer is

Doxorubicin

. Doxorubicin is an anthracycline chemotherapeutic agent that is known to cause dose-dependent cardiotoxicity. This cardiotoxicity can manifest as congestive heart failure, which may explain the patient's increasing shortness of breath, third heart sound, and displaced apex beat. The risk of cardiotoxicity increases with higher cumulative doses of doxorubicin.

Paclitaxel

and

Docetaxel

are taxane chemotherapeutic agents. They are not commonly associated with cardiotoxicity or congestive heart failure. Instead, their main side effects include peripheral neuropathy, myelosuppression (bone marrow suppression), and hypersensitivity reactions.

Bleomycin

is a glycopeptide antibiotic used in chemotherapy. Its primary toxicity is pulmonary fibrosis, which can lead to shortness of breath but would not typically cause a third heart sound or displaced apex beat. The pulmonary fibrosis caused by bleomycin is dose-dependent and irreversible.

Dactinomycin

, also known as actinomycin D, is an antineoplastic antibiotic used in chemotherapy. It does not typically cause cardiotoxicity or congestive heart failure. Its main side effects are myelosuppression (bone marrow suppression) and gastrointestinal toxicity."
352,"A 46-year-old woman is being reviewed in the breast cancer multidisciplinary team meeting. After reviewing her history, imaging and histology, the team decide that the best chemotherapy agent to commence her on is docetaxel. She is counselled appropriately regarding the side effects and agrees to start.

What is the mechanism of action of this drug?","[""Blocks thymidylate synthase"", ""Cross-links DNA"", ""Inhibits ribonucleotide reductase"", ""Prevents microtubule depolymerisation"", ""Stabilises DNA-topoisomerase II complex""]",Prevents microtubule depolymerisation,3,"Taxanes such as docetaxel - prevents microtubule depolymerisation & disassembly, decreasing free tubulin

The correct answer is the prevention of microtubule depolymerisation. By doing so, and preventing disassembly, docetaxel leads to a decrease in free tubulin. A common adverse effect of docetaxel is neutropaenia.

Blocking thymidylate synthase refers to the action of fluorouracil, a pyrimidine analogue that induces cell cycle arrest and apoptosis. Adverse effects include myelosuppression, mucositis and dermatitis.

Cross-linking DNA is the method of action of cyclophosphamide, an alkylating agent. It is known for causing haemorrhagic cystitis, which can be prevented with adjunctive use of the drug mesna.

Inhibition of ribonucleotide reductase refers to the action of hydroxyurea, thereby decreasing DNA synthesis. Side effects include myelosuppression.

Stabilisation of the DNA-topoisomerase II complex refers to the action of doxorubicin and the anthracycline class. These are known to lead to cardiomyopathy."
353,"A 30-year-old female presents with a painless rash on both lower limbs and prolonged gum bleeding this morning whilst brushing her teeth.

She has no medical history nor any regular medication.

She is apyrexial and her vital signs are within the normal ranges. Clinical examination revealed multiple lower limb petechiae measuring 1-4mm in size. There were no lesions nor active bleeding in the oral cavity. Clinical examination was otherwise normal.

Blood tests show:


Hb	126 g/L	(115 - 160)
Platelets	26 * 109/L	(150 - 400)
WBC	7.2 * 109/L	(4.0 - 11.0)


Clotting screen	Normal
U&Es	Normal
HCV, HBV, HIV	Negative


Peripheral blood smear	True thrombocytopenia
Pregnancy test	Negative

Which is the most appropriate initial treatment for her condition?","[""Intravenous corticosteroids"", ""Intravenous immunoglobulins"", ""Observation only"", ""Oral prednisolone"", ""Platelet transfusion""]",Oral prednisolone,3,"First-line treatment for ITP is oral prednisolone

This is a typical presentation of an uncomplicated case of primary immune thrombocytopenic purpura (ITP). Reversible causes of ITP have been excluded by the investigations. From the options provided the appropriate first-line treatment for this case will be oral prednisolone. Corticosteroids help suppress the immune-mediated destruction of platelets.

Intravenous immunoglobulins is a second-line therapy for minor bleeding, or first-line (along with other agents) for severe bleeding. This patient only has features suggesting minor bleeding.

Intravenous corticosteroids are unnecessary in this patient, as she has no contraindications to receiving treatment via the oral route, nor any features of severe/critical bleeding.

Observation only is reserved for asymptomatic adults with a platelet count >=30 * 10

9

/L. This patient has a platelet count <30 * 10

9

/L and also has petechiae with mild mucosal bleeding, therefore not asymptomatic, and requires treatment due to increased bleeding risk with the low platelet count.

Platelet transfusions are reserved for those with life- or organ-threatening bleeding and may be used to control active bleeding for surgery; however, they are ineffective as a treatment for ITP due to continued immune-mediated platelet destruction. This is not the appropriate choice for this case, as there is no evidence of significant active bleeding."
354,A patient develops methaemoglobinaemia after being prescribed isosorbide mononitrate. Which substance is most likely to be depleted?,"[""Pyruvate kinase"", ""Hyponitrite reductase"", ""Pyridoxine 5-dehydrogenase"", ""Glucose-6-phosphate dehydrogenase"", ""NADH""]",NADH,4,
355,Which of the following is most associated with thymomas?,"[""Myelodysplasia"", ""Thrombocytopenia"", ""Acute myeloid leukaemia"", ""Acute lymphoblastic leukaemia"", ""Red cell aplasia""]",Red cell aplasia,4,
356,A woman is prescribed docetaxel as part of her chemotherapy for breast cancer. What is the mechanism of action of docetaxel?,"[""Inhibits RNA synthesis"", ""Stabilizes DNA-topoisomerase II complex"", ""Prevents microtubule disassembly"", ""Inhibits formation of microtubules"", ""Causes cross-linking in DNA""]",Prevents microtubule disassembly,2,"Taxanes such as docetaxel - prevents microtubule depolymerisation & disassembly, decreasing free tubulin

Like other taxanes the principal mechanism of action is the prevention of microtubule disassembly."
357,"A 22-year-old woman presents to the emergency department with confusion and lethargy.

Her blood pressure is 90/70 mmHg, heart rate 110/min, and temperature 39.4ºC.

On examination, she is pale, there is sternal tenderness with petechiae on her arms and legs and there is hepatosplenomegaly. Her cannula site is bleeding.


Hb	78 g/L	Male: (135-180)
Female: (115 - 160)
Platelets	30 * 109/L	(150 - 400)
WBC	25 * 109/L	(4.0 - 11.0)
PT	27 secs	(10-14 secs)
APTT	45 secs	(25-35 secs)
Fibrinogen	0.4 g/L	(2 - 4)

The patient is resuscitated with blood products and transferred to ICU.

What chromosomal translocation is most likely to be identified on further testing?","[""T11:14"", ""T14:18"", ""T15:17"", ""T16:16"", ""T9:22""]",T15:17,2,"Acute promyelocytic leukaemia - t(15;17)

This patient presented with signs and symptoms suggestive of disseminated intravascular coagulation (DIC). High white cell count, bony tenderness, and hepatosplenomegaly with DIC indicate acute leukaemia. The presence of DIC without any underlying cause in a young patient suggests acute promyelocytic leukaemia (APML). APML is associated with

t (15:17) translocation

involving the promyelocytic leukaemia (PML) gene and retinoic acid receptor alpha (RARA) gene, which gives rise to an abnormal retinoic acid receptor, inhibiting the differentiation of myeloblast. All-trans-retinoic acid is used for the treatment of APML which induces PML-RARA proteolysis and stimulates the differentiation of myeloblasts.

T11:14

is a translocation between the cyclin D1 locus on chromosome 11 and the lg heavy chain locus on chromosome 14 and it is characteristic of mantle cell lymphoma.

T14:18

is a translocation between the long arm of chromosome 18 near the BCL2 gene and the lg heavy chain gene on chromosome 14, leading to overexpression of the apoptosis inhibitor protein Bcl-2. It is commonly associated with follicular lymphoma.

T16:16

are recurring chromosomal rearrangements commonly associated with the M4Eo subtype of acute myeloid leukaemia.

T9:22

is a translocation of the ABL gene from chromosome 9 to 22 resulting in the formation of the Philadelphia chromosome, which encodes a protein with high tyrosine kinase activity that inhibits apoptosis and accelerates mitogenesis. It is a typical finding in chronic myeloid leukaemia."
358,A 58-year-old man is reviewed in clinic. Six months ago he had a Whipple procedure for pancreatic cancer and is currently undergoing chemotherapy. Which one of the following blood tests is most useful in monitoring his disease?,"[""CA 15-3 levels"", ""Faecal elastase"", ""CA 125 levels"", ""Amylase levels"", ""CA 19-9 levels""]",CA 19-9 levels,4,"Pancreatic cancer - CA 19-9

The correct answer is

CA 19-9 levels

. CA 19-9, or carbohydrate antigen 19-9, is a tumour marker that is often elevated in pancreatic cancer. Monitoring CA 19-9 levels can provide useful information about the progression of disease or the response to treatment in patients with pancreatic cancer. However, it's important to note that while an increase in CA 19-9 levels may suggest disease progression, a decrease does not necessarily confirm successful treatment. Furthermore, some patients with pancreatic cancer do not have elevated CA 19-9 levels.

CA 15-3 levels

are typically used to monitor breast cancer rather than pancreatic cancer. While this marker can be elevated in other malignancies including pancreatic cancer, it is not as specific or sensitive as CA 19-9 for monitoring this disease.

Faecal elastase

is a test used to assess exocrine pancreatic function and can help diagnose chronic pancreatitis or cystic fibrosis. It would not be useful for monitoring the progression or treatment of pancreatic cancer.

CA 125 levels

are commonly used to monitor ovarian cancer. Like CA 15-3, this marker can also be elevated in other types of malignancies including pancreatic cancer but it is less specific than CA 19-9 for this purpose.

Finally,

Amylase levels

can be increased in acute pancreatitis and other conditions causing acute abdominal pain but they are not useful for monitoring the progress of a known case of pancreatic cancer. Elevated amylase levels might occur if the tumour obstructs the pancreatic duct but they would not provide reliable information about how well the patient's cancer responds to chemotherapy."
359,"A 31-year-old woman with known sickle cell disease presents to her GP feeling acutely lethargic. She has also noticed palpitations and shortness of breath on exertion. She has previously been fit and well. However, her daughter has been unwell over the past few days with fevers, malaise and a facial rash.

Blood test results 3 months ago:


Hb	116 g/L	Male: (135-180)
Female: (115 - 160)
Platelets	178 * 109/L	(150 - 400)
WBC	6.3 * 109/L	(4.0 - 11.0)

Blood test results today:


Hb	71 g/L	Male: (135-180)
Female: (115 - 160)
Platelets	110 * 109/L	(150 - 400)
WBC	4.1 * 109/L	(4.0 - 11.0)


Reticulocytes	0.1 %	(0.5 - 1.5)

What is the most likely complication which has occurred here?","[""Acute chest syndrome"", ""Acute splenic sequestration"", ""Aplastic crisis"", ""Community acquired pneumonia"", ""Haemolytic crisis""]",Aplastic crisis,2,"Aplastic crises in sickle cell disease are associated with a sudden drop in haemoglobin

The correct answer here is

aplastic crisis

in sickle cell disease. There are multiple clues to this, including the symptoms of anaemia, the exposure to parvovirus B-19 (which is the most common trigger) and the drop in haemoglobin with a low reticulocyte count. This implies acute bone marrow failure.

Haemolytic crisis

and

acute splenic sequestration

would also cause a sudden drop in haemoglobin levels in sickle cell patients. However, in these conditions, you would expect a raised reticulocyte count, given that the problem is with red blood cell survival rather than red blood cell production.

Acute chest syndrome

is an acute respiratory complication of sickle cell disease. However, that would not explain the blood results.

Community-acquired pneumonia

would cause respiratory symptoms but would not account for the blood results noted here."
360,"A 34-year-old female presents due to the development of a purpuric rash on the back of her legs. Her only regular medication is Microgynon 30. She also reports frequent nose bleeds and menorrhagia. A full blood count is requested:


Hb	11.7 g/dl
Platelets	62 * 109/l
WCC	5.3 * 109/l
 
PT	11 secs
APTT	30 secs
 
Factor VIIIc
activity	Normal

What is the most likely diagnosis?","[""Drug-induced thrombocytopenia"", ""Henoch-Schonlein purpura"", ""Thrombotic thrombocytopenic purpura"", ""Idiopathic thrombocytopenic purpura"", ""Antiphospholipid syndrome""]",Idiopathic thrombocytopenic purpura,3,
361,"A 40-year-old female patient diagnosed with sickle cell anaemia had complicated recurrent hospital admissions with a recent episode where she suffered from acute severe pain affecting both her arms, pain when breathing in and out as well as extreme tiredness.

She was seen in the haematology clinic as an outpatient to optimise the management of her underlying condition to reduce the incidence of such complications.

Which of the following medications should this patient be commenced on?","[""Deferoxamine"", ""Folic acid"", ""Hydroxycarbamide"", ""Penicillin V"", ""Vitamin D""]",Hydroxycarbamide,2,"Sickle cell patients should be started on long term hydroxycarbamide to reduce the incidence of complications and acute crises

Hydroxycarbamide reduces the frequency of painful episodes and the risk of life-threatening illness or death. However, it can also increase your risk of infections. It is advised not to be taken in pregnancy.

Hydroxycarbamide essentially makes your red blood cells bigger, stay rounder and more flexible. Therefore, less likely to turn into a sickle shape. This is achieved by increasing a special kind of haemoglobin called haemoglobin F.

Folic acid taken regularly in anaemia raises haemoglobin levels and helps provide a healthy reticulocyte response. However, the use of folic acid in patients with sickle cell disease is not well supported by primary literature.

Deferoxamine is an iron chelation therapy used in sickle cell disease to enhance iron excretion and removes excessive tissue iron in regularly transfused patients with sickle cell disease.

Vitamin D deficiency has been shown in 98 per cent of patients with sickle cell disease. As a result of low bone density, patients may develop osteonecrosis, chronic inflammation and related pain. Therefore whilst vitamin D supplementation is important, hydroxycarbamide has a more crucial role in reducing the incidence of complications and acute crises.

Penicillin V helps prevent life-threatening infections, particularly in patients who have undergone a splenectomy, which is not the case here."
362,"A 61-year-old man is referred by his family physician to a haematologist after he presented with a right-sided painless neck lump. The lump started small and has been slowly increasing in size. More recently a second lump has appeared which prompted the family physician to refer the patient.

The patient has also been complaining of lethargy, night sweats and has lost significant weight. Thyroid function tests are normal and the patient does not have a significant family history. There is no recent travel or contact history. Biopsy of the nodes and cytogenetic analysis show a translocation causing increased B-cell lymphoma 2 (BCL-2) transcription which confirms the diagnosis. Unfortunately, the patient's condition cannot be treated with imatinib.

Which of the following translocation does this patient have?","[""t(14;18)"", ""t(11;14)"", ""t(15;17)"", ""t(12;15)"", ""t(11;22)""]",t(14;18),0,"The t(14;18) translocation causes increased BCL-2 transcription and causes follicular lymphoma

This patient presented with the signs and symptoms suggestive of non-Hodgkin lymphoma. This is supported by the signs and symptoms of weight loss, night sweats, and painless lymphadenopathy. Non-Hodgkin lymphoma is one class of lymphoma, with the other class being Hodgkin lymphoma. There are several types of Hodgkin lymphoma which are actually neoplasms of mature B cells, and very rarely of T cell origin. In this case, a cytogenetic analysis revealed a translocation causing increased BCL-2 transcription. This is associated with the t(14;18) translocation which causes follicular lymphoma.

2: t(11;14) is associated with Mantle cell lymphoma, which is a type of non-Hodgkin lymphoma. There is a translocation of cyclin D1 on chromosome 11 and heavy-chain Ig on chromosome 14. Mantle cell lymphoma is characteristic of being CD5 positive. It is known to be an aggressive tumor with late presentation and therefore poor prognosis.

3: t(15;17) is associated with the acute promyelocytic leukemia (APL) subtype of acute myeloid leukemia (AML). AML usually presents in patients above 65 years of age. The therapeutic importance of knowing the APL subtype is that it responds to all-trans retinoic acid (vitamin A).

4: t(12;15) is associated with the development of breast cancer, more specifically secretory breast carcinoma. This type of breast cancer is known to be rare and the clinical outcome following is usually good.

5: t(11;22) is a translocation which occurs in Ewing sarcoma. This is a malignant bone tumour which often occurs in individuals under 15 years of age.  The disease is known to be very aggressive and is associated with the development of early metastases."
363,"A 69-year-old male patient presents to the oncology clinic with a 3-months history of right upper quadrant discomfort, weight loss and anorexia. Ultrasound liver raises the suspicion of a hepatocellular carcinoma.

Which carcinogen had he likely been exposed to?","[""Nitrosamine"", ""Aflatoxin"", ""Aniline dye"", ""Arsenic"", ""Benzene""]",Aflatoxin,1,"Exposure to aflatoxin is a risk factor for hepatocellular carcinoma

Exposure to aflatoxin is a risk factor for hepatocellular carcinoma.

Exposure to nitrosamine is a risk factor for gastric and oesophageal carcinoma.

Exposure to aniline dye is a risk factor for transitional cell carcinoma.

Exposure to arsenic is a risk factor for lung malignancy and liver angiosarcoma.

Exposure to benzene is a risk factor for leukaemia."
364,"A 60-year-old male is brought in by his concerned son. The patient is known to have advanced, non-small cell lung cancer and is currently under review for palliative radiotherapy. Over the last 2 days, he has experienced increasing weakness of his legs confining him to his bed.

On direct questioning, he reports ongoing chest discomfort, breathlessness and sweating at night for several months. He has also noticed some difficulty passing urine associated with the weakness.

On exam, he has global reduced power of the legs with increased ankle and knee reflexes.

His observation are seen below

HR 80 /min
BP 142/80 mmHg
RR 25 /min
Oxygen sats 95%
Temperature 37.6 ºC

What is the most appropriate initial management for this patient?","[""Broad spectrum antibiotics"", ""High-dose oral dexamethasone"", ""IV mannitol"", ""Urgent MRI whole spine"", ""Urgent referral for radiotherapy""]",High-dose oral dexamethasone,1,"If neoplastic spinal cord compression is suspected, high-dose oral dexamethasone should be given whilst awaiting investigations

This patient has presented with possible cord compression and therefore urgent high-dose dexamethasone must be given to reduce possible oedema and prevent further swelling and spinal injury. The patient's features of lower motor neurone signs and increased reflexes, along with an established diagnosis of lung cancer means he is at risk of possible spinal metastases and should be managed as such until proven otherwise. Spinal cord compression is an oncological emergency and so dexamethasone should be given whilst arranging investigations, ideally a whole MRI spine within 24hours of presentation.

Although the patient is at increased suspectable given his cancer there is no clear indication of infection. Night sweating is a common feature of varies cancers and is not necessarily a sign of infection and the patient's urinary issues are likely due to neurogenic bladder secondary to spinal cord compression. The patient denies any specific infective symptoms and is haemodynamically stable making the likelihood of sepsis low, particularly when compared to the risk of spinal cord compression. IV antibiotics can be considered especially if further evidence of infection is found (e.g. raised inflammatory markers, positive urine dip) but for now high dose steroids in the form of dexamethasone is the priority.

IV mannitol is often used in patients presenting with another oncological emergency, raised intracranial pressure, which can occur due to brain metastases. Although brain metastases present with neurological signs it would be very usual for this to occur without local cerebral symptoms such as headache, vomiting, altered mental state etc. Also, high dose dexamethasone would be the recommended first treatment before considering mannitol in these cases anyway.

A whole MRI spine is an important aspect of management and should ideally be carried out within 24 hours in suspected spinal cord compression however dexamethasone should be given whilst this investigation is being arranged. Spinal cord compression is time-critical and the commence dexamethasone should be a priority.

A referral for radiotherapy may be appropriate at a later stage however this is not the initial management. Confirmation of spinal metastases and an oncological opinion must be sought prior to radiotherapy, all of which can take time. Dexamethasone can be given immediately within the emergency department and can improve outcomes by reducing further spinal cord compression."
365,"A 34-year-old man presents to the emergency department with a one-week history of fatigue. There is no evidence of bleeding on systematic inquiry or examination. He has recently completed a course of anti-malarial prophylaxis for travel to Uganda.

Blood results are as follows:


Hb	84 g/L	Male: (135-180)
Female: (115 - 160)
Reticulocytes	322 * 109/L	(50-100)
Platelets	182 * 109/L	(150 - 400)
WBC	10.8 * 109/L	(4.0 - 11.0)


Blood film	Polychromasia; Frequent blister cell
Thick and thin blood films	No abnormality detected
Direct antiglobulin test (DAT)	Weakly positive for IgG (1+)

What is the most likely diagnosis?","[""Auto-immune haemolytic anaemia"", ""G6PD deficiency"", ""Hereditary spherocytosis"", ""Malaria"", ""Methemoglobinemia""]",G6PD deficiency,1,"Malaria prophylaxis (e.g. primaquine) can trigger haemolytic anaemia in those with G6PD deficiency

Anaemia with reticulocytosis is suggestive of haemolysis or bleeding. The lack of any obvious bleeding source favours haemolysis in this case. The differential diagnosis for haemolysis is wide including immune and non-immune mediated mechanisms.

The presence of blister cells highly suggests G6PD deficiency since these are a result of oxidative damage which occurs with this condition. They would not be expected with any of the other causes of haemolysis.

G6PD deficiency

is correct. The presence of haemolysis with blister cells on the blood film is highly suggestive of G6PD deficiency. Furthermore, several antimalarials (e.g. primaquine) are well-known precipitants of a haemolytic crisis in those with G6PD deficiency.

Auto-immune haemolytic anaemia

is incorrect. A positive DAT is associated with autoimmune haemolytic anaemia. However, it is important to remember that this is a non-specific test and can be positive due to a variety of other reasons. The presence of blister cells and exposure to primaquine favours the diagnosis of G6PD deficiency.

Hereditary spherocytosis

is incorrect. Although this condition can also present with haemolysis, one would expect to find spherocytes on the blood film.

Malaria

is incorrect. Although this remains within the differential diagnosis, the absence of malaria parasites on thick and thin blood films makes this an unlikely diagnosis.

Methemoglobinemia

is incorrect. Although methaemoglobinaemia can occur as a consequence of primaquine exposure, it would present with hypoxia, cyanosis, and cardiovascular instability rather than anaemia."
366,"A 60-year-old man with a medical history of Hodgkin's disease underwent an emergency appendectomy. He received 4 units of packed red blood cells during the procedure. On the 14th postoperative day, he returned complaining of abdominal pain, fever and diarrhoea. Physical examination showed a maculopapular rash on his trunk, scleral icterus, and hepatomegaly. Laboratory studies showed.


Hb	90 g/L	Male: (135-180)
Female: (115 - 160)
Platelets	110 * 109/L	(150 - 400)
WBC	2.2 * 109/L	(4.0 - 11.0)
Total Bilirubin	9 mg/dL	(0.1 - 1.2)
Alanine transaminase	2000 U/L	(7-56)
Aspartate transaminase	1800 U/L	(10-40)


Hepatitis A IgM	Negative
Hepatitis B RNA	Negative
Hepatitis C IgM	Negative

Which of the following measures could have prevented the development of this condition?","[""Irradiation of blood products"", ""Screening for hepatitis"", ""Using blood only from a family member"", ""Using fresh blood for transfusion"", ""Using leucocyte depleted blood products""]",Irradiation of blood products,0,"Irradiated blood products are used to avoid transfusion-associated graft versus host disease

This patient is having transfusion-associated graft versus host disease (TA-GvHD), which is a rare but lethal transfusion complication. The pathology of this condition is the failure of the recipient to eliminate donor-derived T-cells, which then recognize HLA class II in recipient and cause excessive release of cytokines.

There are three major risk factors for this condition.

1.       Volume and age of transfused blood.

2.       Depressed immune function especially, that involving T-cells and cell-mediated immunity. Hodgkin's disease is a risk factor which this patient has.

3.       Similar HLA haplotype sharing.

TA-GvHD is a delayed reaction that occurs 2-6 weeks after transfusion. The patient presents with diarrhoea, liver damage, and rash. Laboratory studies show pancytopenia. A biopsy of skin or bone marrow can be diagnostic. A biopsy specimen of the skin will show abundant necrotic keratinocytes. Bone marrow shows marked hypocellularity with macrophage infiltration.

There is no treatment, so prevention by using gamma-irradiated blood products in high-risk patients is the key.

This patient has tested negative for viral hepatitis thereby screening for these would not have prevented his condition.

Since similar HLA haplotype sharing is a risk factor, receiving blood from relatives increases the risk of TA-GvHD. But do note that it can occur with a transfusion from unrelated individuals also.

Using fresh blood is not the correct answer as the number of T-cells in the blood reduces drastically over time, so the use of recently drawn blood increases the risk of TA-GvHD.

Leucodepletion reduces the number of leucocytes in the blood to less than 5 million/unit. Leucodepletion cannot prevent TA-GvHD, as current technology is not adequate and probably because the critical number of T-cells required to cause TA-GvHD may be small."
367,"A 23-year-old male medical student presents with swollen lips for the last 20 minutes. He is concerned he is having an anaphylactoid reaction. Upon further questioning, he ate some strawberries directly before the swelling began.

He has got this same reaction a dozen times before with strawberries and it has always settled after taking an antihistamine. He has not taken an antihistamine this time as he had run out. There is no vomiting or diarrhoea.

He has a past medical history of well-controlled asthma on salbutamol inhalers and hay fever in the spring months well-controlled with antihistamines. There is no family history of atopy.

On examination his lips are erythematous and mildly swollen. There is no swelling or redness elsewhere and he can talk to you in full sentences and is not short of breath. All his observations are within normal limits.

He is given an antihistamine and kept in for observation.

What is the most likely diagnosis?","[""Anaphylaxis"", ""Hay fever"", ""Oral allergy syndrome"", ""Strawberry allergy"", ""C1 esterase inhibitor deficiency""]",Oral allergy syndrome,2,"Oral allergy syndrome is strongly linked with pollen allergies and presents with seasonal variation

Oral allergy syndrome (OAS) is the correct option as the case above describes the typical history of pollen-food allergy, with the raw strawberries being coated with the allergen. This is most commonly associated with birch pollen allergy as described above with the 'springtime hay fever'. OAS is the most likely choice in this case due to the red and swollen lips triggered by raw strawberries and the previous history of symptoms resolving with antihistamines.

Anaphylaxis is incorrect as there is no wheezing, hives or hypotension described in this case.

Hay fever is incorrect as this is not a reaction to pollen in the air, but more localised to the mouth from eating of the strawberries.

Strawberry allergy is incorrect as the symptoms are localised as in OAS, whereas with specific food allergy you would expect systemic symptoms such as vomiting and diarrhoea. Moreover, anaphylaxis is a more common complication of food allergy compared to OAS.

C1 esterase inhibitor deficiency is incorrect as there is no family history reported in this case and the swelling in this condition has an obvious trigger which would not be present in the deficiency syndrome. The presentation is also different, with angioedema and abdominal pain most commonly."
368,"A 25-year-old man is admitted to the Haematology ward, after experiencing fever and rigors at home. He had completed his first cycle of ABVD chemotherapy for Hodgkin's lymphoma the week before.

He is taking prophylactic co-trimoxazole and aciclovir, and has been doing so since starting chemotherapy. Asides from this, he takes no regular medications and has no known drug allergies.

On initial assessment, his observations are temperature 38.1ºC, respiratory rate 24/minute, heart rate 94 beats per minute, oxygen saturations 96% on room air and blood pressure 116/72mmHg.

His blood results are shown below:



Hb	140 g/L	Male: (135-180)
Female: (115 - 160)
Platelets	170 * 109/L	(150 - 400)
WBC	1.3 * 109/L	(4.0 - 11.0)
Neuts	0.4 * 109/L	(2.0 - 7.0)
Lymphs	0.6 * 109/L	(1.0 - 3.5)
Mono	0.2 * 109/L	(0.2 - 0.8)
Eosin	0.1 * 109/L	(0.0 - 0.4)



Na+	138 mmol/L	(135 - 145)
K+	3.9 mmol/L	(3.5 - 5.0)
Bicarbonate	24 mmol/L	(22 - 29)
Urea	4.0 mmol/L	(2.0 - 7.0)
Creatinine	70 µmol/L	(55 - 120)

Which of the following antimicrobial regimens should be started, pending further information from blood culture results?","[""Intravenous co-amoxiclav"", ""Intravenous vancomycin, gentamicin and metronidazole"", ""Intravenous piperacillin/tazobactam"", ""Intravenous meropenem"", ""Intravenous piperacillin/tazobactam and ambisome""]",Intravenous piperacillin/tazobactam,2,"Piperacillin with tazobactam (Tazocin) is the empirical antibiotic of choice for neutropenic sepsis

This patient has suspected neutropenic sepsis. Intravenous co-amoxiclav by itself would not provide sufficiently broad cover for gram negative organisms, and those with inducible beta-lactamase activity, and is therefore not appropriate as an empirical antibiotic for neutropenic patients.

Intravenous vancomycin, gentamicin and metronidazole would be an appropriate empirical regimen for this patient were they to have a severe penicillin allergy.

Intravenous piperacillin/tazobactam is the empirical antibiotic of choice for neutropenic sepsis, in the absence of contraindications.

Intravenous meropenem would would be an appropriate empirical regimen for this patient were they to have a mild penicillin allergy, but is not first line in this scenario. The patient may also have their antibiotic therapy escalated to meropenem, were they to remain febrile after 48 hours.

The Christie guidelines do not recommend initiating anti-fungal therapy in patients presenting with neutropenic sepsis. Were the patient to remain febrile after several days of broad-spectrum antibiotic therapy, it would be appropriate to consider anti-fungal therapy depending on radiological or biochemical evidence."
369,"A 32-year-old presents with a 4-day history of lower abdominal pain with vaginal discharge. She reports she was 8 weeks pregnant but had an assumed miscarriage just prior to the onset of her symptoms.

On exam, she appears unwell, with several bruises all over her body as well as bleeding from her nose and mouth. Her lower abdomen is tender and there is foul-smelling discharge per vagina. She is tachycardia, febrile and hypotensive.

Bloods:


Haemoglobin	100 g/L	130-180
White cell count	16Ã—109/L	4.0-11.0 Ã—109
Platelets	60 Ã—109/L	150-400/L
Active Partial thromboplastin time (APTT)	60 seconds	25-40
Prothrombin time (PT)	18 seconds	11-15
Fibrinogen	1.8 g/L	2-4 g/L

Given the likely diagnosis, which of the following would be most present on blood film?","[""Rouleaux"", ""Spherocytes"", ""Howell-Jolly body"", ""Schistocytes"", ""Target cells""]",Schistocytes,3,"DIC is associated with schistocytes due to microangiopathic haemolytic anaemia

This patients presentation and blood investigation are in keeping with disseminated intravascular coagulation (DIC), most likely due to retained products of conception resulting in sepsis. In DIC the haemostasis process between coagulation and fibrinolysis is disrupted resulting in both widespread clottings as well as bleeding. Patient present with low platelets, low fibrinogen, with a raised PT, APPT and INR. In DIC the endothelial layers of the small vessels are damaged resulting in fibrin deposits and platelet aggregation. Red blood cells are damaged as they flow through these vessels resulting in microangiopathic hemolytic anaemia (MAHA) and fragments of cells or schistocytes can be seen on blood film.

Rouleaux are a result of red blood cells stacking on top of each other, a phenomenon that normally occurs when plasma protein concentration is high. They are caused by an increase in cathodal proteins such as immunoglobulins and fibrinogen and therefore are seen in inflammation and infective conditions as well as myeloma and macroglobulinemias. As fibrinogen levels are low in DIC there are not normally seen in the condition.

Spherocytes are, as the name suggested, sphere-shaped red blood cells instead of the normal, bi-concaved shape disks. They are most commonly seen in hereditary spherocytosis, due to gene mutations affecting the proteins which control erythrocyte membrane formation. Spherocytes can be seen in haemolytic anaemia however they are mainly a result of autoimmune haemolytic diseases. In DIC a MAHA process occurs which results in anaemia, and therefore the presents of schistocytes, and not an autoimmune haemolytic process.

Howell-Jolly bodies are the finding of red blood cell nuclear proteins with red blood cells which are normally removed by the spleen. As such Howell-Jolly bodies are seen in patients who have undergone splenectomy or have function asplenia (i.e from sickle cell disease).

Target cells, also known as codocytes, are red blood cells that have a 'bullseye' like appearance with haemoglobin concentrated in the centre and on the periphery with a colourless/pallor area in between the two. Target cells are due to the surface of the red cell increasing disproportionately to its volume and are seen in several conditions including chronic liver disease, sickle cell disease, thalassaemia and post-splenectomy. Target cells are not associated with DIC."
370,"A 47-year-old man from northern India presented with a 3-day history of fever with severely painful and cold extremities. He has a background of alcohol dependence. No pulse could be palpable on examination. A diagnosis of symmetrical peripheral gangrene was made.

During the aetiological evaluation, routine blood tests along with thick and thin films were sent.


Hb	120 g/L	Male: (135-180)
Platelets	140 * 109/L	(150 - 400)
WBC	11 * 109/L	(4.0 - 11.0)


ESR	70 mm/hr	Men: < (age / 2)
Prothrombin time (PT)	25 secs	(10-14 secs)
Activated partial thromboplastin time (APTT)	40 secs	(25-35 secs)
Fibrinogen	1 g/L	(2 - 4)
D-Dimer	3,000 ng/mL	(< 400)
Ferritin	500 ng/mL	(20 - 230)


Thick and thin film	Pending
Peripheral smear	Schistocytes / helmet cells

What is the diagnosis based on the results?","[""Acute leukaemia"", ""Disseminated intravascular coagulation"", ""Heparin-induced thrombocytopenia"", ""Viral haemorrhagic fever"", ""Vitamin B12 deficiency""]",Disseminated intravascular coagulation,1,"DIC is associated with schistocytes due to microangiopathic haemolytic anaemia

Disseminated intravascular coagulation (DIC) is associated with a number of clinical conditions; generally involving activation of systemic inflammation. The common underlying conditions include sepsis, trauma, malignancies, transfusion reactions, acute pancreatitis, obstetric complications, and severe toxic reactions.

Diagnosis of DIC involves a combination of laboratory tests and clinical evaluation. Laboratory findings suggestive of DIC include a low platelet count, elevated D-dimer concentration, decreased fibrinogen concentration, and prolongation of clotting times such as prothrombin time (PT).

When assessing blood films in these patients, irregular shapes can appear such as 'helmet' cells. Such fragmented red blood cells are referred to as 'schistocytes' and they are indicative of microangiopathic haemolytic anaemia (MAHA) or other causes of intravascular haemolysis. This finding is typical for disseminated intravascular coagulopathy (DIC).

Acute leukaemia can reveal too many or too few white blood cells, not enough red blood cells, and not enough platelets. A blood test may also show the presence of blast cells which are immature cells normally found in the bone marrow. Given the normal white blood cell count, the diagnosis of acute leukaemia is unlikely.

Viral haemorrhagic fever (VHF) is a severe, multi-organ disease in which the vascular system is damaged and the body's ability to regulate itself is impaired which can result in DIC. Symptoms of VHF usually include fever but the absence of any headache, myalgia, diarrhoea, vomiting and haemorrhage makes this diagnosis unlikely.

Heparin-induced thrombocytopenia (HIT) is thrombocytopenia (a low platelet count) that occurs due to the administration of various forms of heparin, an anticoagulant. HIT predisposes to thrombosis because platelets release microparticles that activate thrombin, resulting in thrombosis. The absence of any history of heparin use makes this diagnosis incorrect.

Vitamin B12 deficiency may present as pseudo-thrombotic microangiopathy. Pseudo-thrombotic microangiopathy is anaemia, thrombocytopenia, and schistocytes caused by vitamin B12 deficiency. It usually results in elevated lactate dehydrogenase, reticulocyte count, bilirubin, and platelet count making the diagnosis incorrect here."
371,"A 75-year-old man is referred to the haematology department with unexplained anaemia and fatigue. He has no past medical history or history of travel.

On examination, the spleen is palpable and crosses the midline of the abdomen.


Hb	82 g/L	Male: (135-180)
Female: (115 - 160)
MCV	101 fL	(80-98)
Platelets	489 * 109/L	(150 - 400)
WBC	12.2 * 109/L	(4.0 - 11.0)
Neuts	10.0 * 109/L	(2.0 - 7.0)
Lymphs	2.2 * 109/L	(1.0 - 3.5)
Vitamin B12	250 pg/ml	(180 - 1000)
Folate	5.2 ng/ml	(>4.0)
Na+	138 mmol/L	(135 - 145)
K+	4.2 mmol/L	(3.5 - 5.0)
Urea	5.4 mmol/L	(2.0 - 7.0)
Creatinine	88 µmol/L	(55 - 120)

A bone marrow biopsy fails to obtain a sample.

What blood film finding is most specific for the likely diagnosis?","[""Auer rods"", ""Hypersegmented neutrophils"", ""Schistocytes"", ""Smudge cells"", ""Tear-drop poikilocytes""]",Tear-drop poikilocytes,4,"Myelofibrosis is associated with 'tear drop' poikilocytes on blood film

Tear-drop poikilocytes

is correct. The patient presents with fatigue, anaemia with mild macrocytosis and massive splenomegaly (spleen crosses the midline). There is a broad differential for this appearance including haematological and infective causes but the failure to obtain a bone marrow aspirate ('dry tap') suggests myelofibrosis as the cause.

Auer rods

is incorrect. This appearance is found in acute leukaemias such as acute myeloid leukaemia and acute promyelocytic leukemia. Enlargement of the spleen may occur in myeloid leukaemias although it is mainly mild and asymptomatic rather than massive as seen in myelofibrosis. You would not expect the bone marrow biopsy to be a dry tap in acute myeloid leukaemia and it would typically demonstrate myeloblasts.

Hyper-segmented neutrophils

is incorrect. Neutrophil hypersegmentation is defined as the presence of neutrophils whose nuclei have six or more lobes or the presence of more than 3% of neutrophils with >= five nuclear lobes. This is typical of the megaloblastic anaemia associated with B12/folate deficiency. This is incorrect as the B12 and folate levels are normal. It is less commonly seen in myelofibrosis but not as characteristic as teardrop poikilocytes.

Schistocytes

is incorrect. This is a typical blood film finding in a patient with microangiopathic haemolytic anaemia. However, this is more commonly associated with thrombocytopenia rather than thrombocytosis and massive splenomegaly is not a feature.

Smudge cells

is incorrect. This is the typical blood film appearance in chronic lymphocytic leukaemia. You would expect a very elevated lymphocyte count in this condition and it is normal in this case making the diagnosis unlikely."
372,What are the most common types of transformations seen in patients with polycythaemia vera?,"[""Myelodysplasia + chronic myeloid leukaemia"", ""Myelofibrosis + chronic myeloid leukaemia"", ""Myelodysplasia + myelofibrosis"", ""Myelofibrosis + acute myeloid leukaemia"", ""Myelodysplasia + acute myeloid leukaemia""]",Myelofibrosis + acute myeloid leukaemia,3,"Polycythaemia rubra vera - around 5-15% progress to myelofibrosis or AML

The correct answer is

Myelofibrosis + acute myeloid leukaemia

. Polycythaemia vera (PV) is a chronic myeloproliferative neoplasm characterised by the clonal proliferation of erythroid, megakaryocytic and granulocytic elements in the bone marrow. The most common transformation seen in patients with PV are myelofibrosis (MF) and acute myeloid leukaemia (AML). MF is a disorder of the bone marrow, in which the marrow gets replaced by fibrous (scar) tissue. AML is a type of cancer in which the bone marrow makes abnormal myeloblasts, red blood cells, or platelets.

Discussing each incorrect answer:

Myelodysplasia + chronic myeloid leukaemia

: This option is incorrect because although Chronic Myeloid Leukemia (CML) is also a type of myeloproliferative neoplasm like PV, it's not a common transformation seen in patients with PV. Myelodysplastic syndromes (MDS) are conditions that can occur when the blood-forming cells in the bone marrow become abnormal. However, MDS are not commonly associated with transformations from PV.

Myelofibrosis + chronic myeloid leukaemia

: As mentioned previously, CML isn't commonly associated with transformations from PV. While MF is indeed one of the two most common transformations seen in patients with PV, pairing it with CML makes this option incorrect.

Myelodysplasia + myelofibrosis

: Myelodysplasia isn't typically associated with transformations from PV. Although MF is one of the two most common transformations seen in patients with PV, pairing it with Myelodysplasia makes this option incorrect.

Myelodysplasia + acute myeloid leukaemia

: Even though AML is one of the two most common transformations seen in patients with PV, combining it with Myelodysplasia - which isn't typically associated with transformations from PV - makes this option incorrect."
373,Burkitt's lymphoma is associated with which one of the following genetic changes:,"[""Cyclin D1-IGH gene translocation"", ""TEL-JAK2 gene translocation"", ""Bcl-2 gene translocation"", ""C-myc gene translocation"", ""BCR-Abl1 gene translocation""]",C-myc gene translocation,3,"Burkitt's lymphoma - c-myc gene translocation

The correct answer is

C-myc gene translocation

. Burkitt's lymphoma, a type of non-Hodgkin's lymphoma, is most commonly associated with a translocation involving the c-myc gene. This oncogene is usually located on chromosome 8, but in Burkitt's lymphoma, it typically undergoes a translocation to be juxtaposed with one of the immunoglobulin genes on chromosomes 2, 14 or 22. This leads to overexpression of the c-myc protein, which promotes cell growth and proliferation - key features of malignancy.

Cyclin D1-IGH gene translocation

is incorrect as this genetic alteration is most commonly associated with mantle cell lymphoma rather than Burkitt's lymphoma. The cyclin D1-IGH gene translocation results in overproduction of the cyclin D1 protein which promotes cell cycle progression and thus contributes to unregulated cell growth.

TEL-JAK2 gene translocation

is also incorrect. This genetic change has been linked to chronic myeloid leukaemia (CML) and acute lymphoblastic leukaemia (ALL), but not Burkitt's lymphoma. The TEL-JAK2 fusion protein has constitutive tyrosine kinase activity that leads to continuous cell signalling for growth and division.

The option

Bcl-2 gene translocation

is not correct either. While Bcl-2 is an oncogene involved in several types of cancer by inhibiting apoptosis or programmed cell death, its translocation is specifically associated with follicular lymphomas rather than Burkitt's lymphoma.

Lastly,

BCR-Abl1 gene translocation

is incorrect because it's characteristic of chronic myeloid leukaemia (CML). It results in the production of a fusion protein with increased tyrosine kinase activity that stimulates uncontrolled cell proliferation."
374,"A 23-year-old woman is reviewed at the genetics clinic after a recent diagnosis of breast cancer. Her mother died at the age of 40 with osteosarcoma, her maternal aunt was diagnosed with breast cancer at the age of 28.

Which of the following is most likely to be affected?","[""HER2/Neu"", ""p53"", ""APC"", ""HRas"", ""BRCA 1""]",p53,1,"Li-Fraumeni syndrome is caused by germline mutations to p53 tumour suppressor gene

The clinical diagnosis of Li-Fraumeni syndrome relies on personal and family history of associated malignancies. The diagnosis of breast cancer in this patient and her aunt, as well as a diagnosis of sarcoma in a first-degree relative strongly points to Li-Fraumeni syndrome. Li-Fraumeni syndrome is caused by germline mutations to the p53 tumour suppressor gene, therefore 2 is the correct answer.

HER2/Neu is associated with the development of several cancers including breast cancer. However, the history of sarcoma in a first-degree relative, in this case, makes p53 the most likely protein affected.

APC is associated with colorectal cancer.

HRas is mainly associated with bladder cancer.

BRCA 1 is associated with breast cancer as well as ovarian cancer. Again, the family history of sarcoma most implicates p53."
375,"A 17-year-old man is reviewed in the haemato-oncology multi-disciplinary meeting with a diagnosis of Acute lymphoblastic leukaemia, (ALL). The results of bone marrow testing, immunophenotyping, and chromosomal analysis are reviewed.

Which of the following features is associated with a poor prognosis?","[""Hypodiploidy"", ""Translocation t(12:21)"", ""Precursor B ALL"", ""Translocation t(1:19)"", ""Trisomy 4""]",Hypodiploidy,0,
376,A 62-year-old woman presents after being advised by the chemotherapy helpline to come to a hospital. She has a past medical history of neuroendocrine cancer of the cervix treated with carboplatin and etoposide. Her last treatment was eight days ago. She has been feeling generally unwell with temperatures measured at home at 38.1C. Blood cultures are taken and she is started on neutropenic sepsis protocol. What is gram-staining of the blood cultures most likely to show?,"[""Gram-negative cocci"", ""Gram-positive cocci"", ""Gram-negative rods"", ""Anaerobic bacteria"", ""Spores""]",Gram-positive cocci,1,
377,A 56 year old man is treated with doxorubicin for transition cell carcinoma of the bladder. Which one of the following adverse effects is most characteristically associated with this drug?,"[""Ototoxicity"", ""Pulmonary fibrosis"", ""Peripheral neuropathy"", ""Cardiomyopathy"", ""Haemorrhagic cystitis""]",Cardiomyopathy,3,"Anthracyclines (e.g. doxorubicin) may cause cardiomyopathy

The correct answer is

Cardiomyopathy

. Doxorubicin, an anthracycline, is most characteristically associated with cardiotoxicity, which can manifest as cardiomyopathy. The mechanism of this adverse effect involves the generation of free radicals and oxidative stress that lead to myocardial damage. Cardiotoxicity may present either acutely during treatment, or chronically months to years after cessation of therapy. It is important to monitor patients receiving doxorubicin for signs of heart failure.

Ototoxicity

is incorrect because it's not typically associated with doxorubicin. This side effect is more commonly linked with aminoglycosides and platinum-based chemotherapy agents such as cisplatin.

Pulmonary fibrosis

is also incorrect as it's not a characteristic adverse effect of doxorubicin. Pulmonary fibrosis is more commonly seen with drugs like bleomycin and amiodarone.

The option

Peripheral neuropathy

while being a common side effect of many chemotherapeutic agents, particularly the taxanes and platinum-based drugs, it's not significantly associated with doxorubicin use.

Finally,

Haemorrhagic cystitis

is incorrect as well. This condition is specifically linked to cyclophosphamide and ifosfamide usage, rather than doxorubicin. It occurs due to toxic metabolites irritating the bladder lining leading to bleeding from the urinary tract."
378,A 48-year-old who was initially investigated for having an abdominal mass is diagnosed as having Burkitt's lymphoma. He is due to start chemotherapy today. Which one of the following should be given to prior to his chemotherapy to reduce the risk of tumour lysis syndrome?,"[""Rasburicase"", ""Allopurinol"", ""Sodium bicarbonate"", ""Albumin"", ""Calcium gluconate""]",Rasburicase,0,
379,"A 34-year-old woman presents to the ambulatory care service with a swollen left leg. This had come on suddenly over the past 12 hours. She denies any trauma to the leg before the onset of the swelling. She reports she is not on the oral contraceptive pill and has not been on any long-distance journeys recently. Her left leg is also painful and is preventing her from walking properly. The patient denies any shortness of breath.

Physical examination reveals a unilateral swollen leg on the left side. This is hot and tender to touch. Her left leg measures 35cm on the left and 30cm on the right side. Chest examination was unremarkable. USS doppler on the left leg confirms the presence of an occlusive thrombosis within the popliteal vein.

The patient notes that her mother suffered from similar symptoms in her adult life and also had to be hospitalized due to shortness of breath and chest pain. Her aunt also suffered from multiple deep vein thromboses and is on anticoagulation.

What is the most likely underlying abnormality causing her presenting complaint?","[""Activated protein C resistance"", ""Activated protein S resistance"", ""Deficiency in antithrombin III"", ""Deficiency in protein C"", ""Increased levels of prothrombin""]",Activated protein C resistance,0,"Activated protein C resistance (Factor V Leiden) is the most common inherited thrombophilia

The early age of onset of her deep vein thrombosis (DVT) along with the strong family history seen makes this a likely case of hereditary/inherited thrombophilia. This is a group of conditions that causes the patient to be predisposed to a state of increased coagulability. These will often present with DVTs or pulmonary embolism (PEs) in patients under the age of 40.

The most common cause of this is heterozygous factor V Leiden and is seen to be found in approximately 5-8% of the European population. It is an autosomal dominant condition that results in activated protein C resistance. Resistance to activated protein C prevents the coagulation cascade from deactivating, resulting in increased clot formation.

Deficiency in protein C results in protein C deficiency syndrome. It is less common that Factor V Leiden with a prevalence of approximately 0.2-0.5% in the Caucasian population.

Deficiency in protein S results in protein S deficiency. It is a rare condition with a prevalence of only 0.03-0.13% of the general population.

Deficiency in antithrombin III is caused by a mutation within the antithrombin gene. It is also rare with a prevalence of approximately 1%.

Elevated prothrombin levels are caused by mutations of the prothrombin gene. This is the 2nd most common cause of inherited thrombophilia after Factor V Leiden, making this an incorrect answer."
380,Which one of the following is least associated with lead poisoning?,"[""Peripheral neuropathy"", ""Acute glomerulonephritis"", ""Blue lines on gum margin"", ""Abdominal pain"", ""Microcytic anaemia""]",Acute glomerulonephritis,1,
381,"A 31-year-old woman presents to the emergency department with facial swelling and difficulty breathing. This is her fourth episode of this within the last 2 years, and has previously not been helped by IM adrenaline, but rather has self-resolved within hours/days.

After the attack has subsided, you undertake some blood tests which confirm the diagnosis of hereditary angioedema. She is concerned as she plans to become pregnant, and wants to know what the risk of her passing the condition onto her children is.

What are the chances that a child of hers will be affected by this condition?","[""0%"", ""25%"", ""50%"", ""50% if the child is male, 0% if the child is female"", ""100% regardless of the sex of the child""]",50%,2,"Hereditary angioedema is autosomal dominant

As an autosomal dominant condition, parents with hereditary angioedema have a 50% chance of passing on the condition.

0% is the likelihood of a carrier of an autosomal recessive condition having a child affected by the condition, assuming their partner is not a carrier. It is also the likelihood of a man passing on an x-linked condition to a male offspring.

25% is the likelihood of two carriers of an autosomal recessive condition having a child who is affected by the condition.

50% if the child is male, 0% if the child is female is the likelihood of a female carrier passing on an x-linked recessive condition.

100% is the likelihood of two individuals affected by an autosomal recessive condition having a child who is affected."
382,"A 28-year-old woman presents to the haematology clinic with fatigue and intermittent jaundice. She has a family history of similar symptoms. On examination, she has mild jaundice and splenomegaly. Blood tests show:


Hb	98 g/L	Female: (115-160)
MCV	82 fL	(80-100)
MCHC	38 g/dL	(32-36)
Reticulocytes	8%	(0.5-2.5)
Bilirubin	42 μmol/L	(3-17)
LDH	380 U/L	(135-225)

Blood film shows spherocytes. Which test is most appropriate to confirm the diagnosis?","[""Osmotic fragility test"", ""EMA binding test"", ""Direct antiglobulin test"", ""G6PD enzyme assay"", ""Ham's acidified serum test""]",EMA binding test,1,"The EMA binding test should be used to diagnose hereditary spherocytosis - the osmotic fragility test is no longer widely used

EMA binding test

is the most appropriate test to confirm hereditary spherocytosis (HS) in this patient. The clinical presentation with fatigue, jaundice, splenomegaly, and a family history of similar symptoms is highly suggestive of HS. The laboratory findings support this with anaemia, elevated MCHC (38 g/dL), increased reticulocytes (8%), elevated bilirubin and LDH indicating haemolysis, and spherocytes on blood film. According to the British Journal of Haematology guidelines, when the diagnosis is equivocal, the EMA binding test is recommended. This test measures the binding of eosin-5-maleimide to band 3 protein in the red cell membrane, which is reduced in HS due to cytoskeletal defects. It has high sensitivity (92-99%) and specificity (95-99%) for HS and has largely replaced older tests in clinical practice.

Osmotic fragility test

was historically used to diagnose HS but is no longer recommended due to its poor sensitivity and specificity. It measures the resistance of red cells to haemolysis in solutions of decreasing osmolarity. While spherocytes typically show increased osmotic fragility, this test is labour-intensive, poorly standardised, and can give false-positive and false-negative results. Modern guidelines no longer recommend it as a first-line investigation for suspected HS.

Direct antiglobulin test (DAT)

is used to detect antibodies or complement bound to the surface of red blood cells, which would indicate immune-mediated haemolysis such as autoimmune haemolytic anaemia. This patient's presentation with family history and spherocytes is more consistent with a hereditary membrane defect rather than an immune process. A negative DAT would be expected in HS, making this test useful to exclude immune haemolysis but not to confirm HS.

G6PD enzyme assay

measures glucose-6-phosphate dehydrogenase activity and is used to diagnose G6PD deficiency, an X-linked disorder primarily affecting males of African, Mediterranean, or Asian descent. G6PD deficiency typically causes episodic haemolysis triggered by oxidative stress (infections, certain drugs, fava beans) rather than chronic haemolysis. The blood film would show bite cells or blister cells rather than spherocytes, making this test inappropriate for this case.

Ham's acidified serum test

is used to diagnose paroxysmal nocturnal haemoglobinuria (PNH), a rare acquired disorder caused by a somatic mutation in the PIGA gene. PNH is characterised by complement-mediated intravascular haemolysis, venous thrombosis, and cytopenias. The absence of thrombotic events and the presence of spherocytes on blood film make PNH unlikely in this case. Flow cytometry for CD55 and CD59 has largely replaced Ham's test for diagnosing PNH."
383,"A 72-year-old man is referred to the haematology clinic complaining of lethargy and a rapidly growing lump in his right armpit. After a PET-CT and an excisional biopsy, he is diagnosed with diffuse large B cell lymphoma. He is due to start treatment with a monoclonal antibody that targets CD20.

What should the patient be screened for prior to his first infusion?","[""Epstein-Barr virus (EBV)"", ""Hepatitis B"", ""Hepatitis C"", ""Progressive multifocal leukoencephalopathy (PML)"", ""Tuberculosis""]",Hepatitis B,1,"Patients starting rituximab should be screened for hepatitis B before starting treatment

The drug in question is rituximab which is a chimeric monoclonal antibody against CD20 which is expressed on B lymphocytes. Other anti-CD20 monoclonal antibodies have been developed but rituximab is currently the standard one used for diffuse large B cell lymphoma. The correct answer is

hepatitis B

as it is the only disease that NICE states patients should be routinely screened for prior to starting rituximab. This is because of a risk of reactivation of the virus.

Epstein-Barr virus (EBV)

is not routinely tested for prior to starting rituximab, therefore this answer is incorrect. It is however linked to the development of Hodgkin's lymphoma, with around 40% of UK cases thought to be due to EBV.

Although there is also a theoretical risk of

hepatitis C

virus reactivation, research has not found evidence of this in practice. Therefore,  routine screening is not currently advised by NICE. Interestingly, hepatitis C virus is itself linked to the development of some B cell lymphoproliferative disorders, such as cryoglobulinaemia, which rituximab is used to treat.

Progressive multifocal leukoencephalopathy

is screened for prior to commencing natalizumab (a monoclonal antibody that targets α4-integrin) but is not routinely screened for in patients starting rituximab. The risk of progressive multifocal leukoencephalopathy (caused by reactivation of the JC virus) is several times greater in patients receiving natalizumab than those receiving rituximab treatment. Natalizumab is used for the treatment of multiple sclerosis and Crohn's disease.

Whilst

tuberculosis

is screened for in patients starting infliximab (a monoclonal antibody targeting TNFα), routine screening is not currently advised by NICE for patients commencing rituximab treatment. Interestingly, the risk of tuberculosis reactivation is higher in infliximab than other anti-TNFα drugs such as etanercept, possibly due to infliximab binding more strongly to TNFα and also having a longer duration of action than etanercept."
384,"A 28-year-old man presents to the Emergency Department with a two-week history of lethargy and gingival bleeding. He has no significant past medical history. On examination, he is pale, appears unwell, and there is evidence of gingival bleeding.


Hb	66 g/L	Male: (135-180)
Female: (115 - 160)
Platelets	22 * 10 9/L	(150 - 400)
WBC	1.4 * 10 9/L	(4.0 - 11.0)
D-dimer	8000 ng/ml	(< 500)
Prothrombin time	32 seconds	(11-12.5)
Fibrinogen	89 mg/dl	(150-400)


Blood film	Auer rods

What is the most appropriate initial treatment for this patient's likely diagnosis?","[""All-trans retinoic acid (ATRA)"", ""Anticoagulation"", ""Daunorubicin with cytarabine"", ""Leukapharesis"", ""Tranexamic acid""]",All-trans retinoic acid (ATRA),0,"APML is treated with all-trans retinoic acid (ATRA) to force immature granulocytes into maturation to resolve a blast crisis prior to more definitive chemotherapy

All-trans retinoic acid (ATRA)

is the correct answer. The patient presents with a subacute history of lethargy and gingival bleeding, combined with pancytopenia, which raises the suspicion of a haematological malignancy. Additionally, there is evidence of disseminated intravascular coagulation (DIC), indicated by an elevated d-dimer level, reduced fibrinogen, and an increased prothrombin time. There is a score that quantifies the risk of DIC known as the  ISTH Criteria for Disseminated Intravascular Coagulation (DIC). Acute promyelocytic leukaemia (APML) uniquely presents with DIC and is the likely diagnosis here. Auer rods, frequently observed on peripheral blood smears in such cases, were also noted in this patient. The most urgent treatment involves the administration of all-trans retinoic acid (ATRA) to induce the maturation of immature granulocytes and resolve a blast crisis before commencing definitive chemotherapy.

Anticoagulation

is incorrect. Current guidelines indicate that the role of heparin, tranexamic acid or other anticoagulant or antifibrinolytic therapies in this setting is uncertain; therefore, their use outside clinical trials is not recommended.

Daunorubicin with cytarabine

is incorrect. While this regimen represents standard cytoreductive chemotherapy for acute myeloid leukaemia, its initiation can be postponed until after genetic confirmation in patients with white blood cell counts below 10 × 10⁹/L. In contrast, ATRA must be initiated immediately based solely on clinical suspicion.

Leukapharesis

is incorrect. This procedure—aimed at reducing white blood cell counts—is no longer recommended as a 1st line option due to the associated risk of triggering fatal haemorrhage. It may still be considered in certain clinical scenarios such as symptomatic hyperleukocytosis or leukostasis.

Tranexamic acid

is incorrect as no evidence supports its efficacy in alleviating bleeding abnormalities related to this condition; hence, it should not be utilised in management."
385,A patient with testicular cancer is started on cisplatin therapy. Which of the following side-effects is most characteristically associated with cisplatin?,"[""Liver cirrhosis"", ""Alopecia"", ""Peripheral neuropathy"", ""Haemorrhagic cystitis"", ""Cardiomyopathy""]",Peripheral neuropathy,2,"Cisplatin may cause peripheral neuropathy

The correct answer is

Peripheral neuropathy

. Cisplatin, a platinum-containing chemotherapeutic agent, is widely used in the treatment of numerous malignancies including testicular cancer. Its toxicity profile includes a well-characterised dose-dependent peripheral neuropathy. This presents as sensory symptoms beginning in the distal extremities and may be associated with motor weakness and autonomic dysfunction if severe. The pathophysiology involves damage to dorsal root ganglia neurons, leading to axonal degeneration.

Liver cirrhosis

is not typically associated with cisplatin therapy. Liver toxicity can occur with some chemotherapy agents, but it's more commonly linked to drugs like methotrexate or azathioprine rather than cisplatin.

Alopecia

, while a common side-effect of many chemotherapeutic agents, is not characteristically associated with cisplatin. It can occur but is less common compared to other drugs such as doxorubicin or cyclophosphamide.

Haemorrhagic cystitis

is a known complication of some chemotherapeutic agents, particularly cyclophosphamide and ifosfamide due to their toxic metabolite acrolein. It is not usually seen with cisplatin use.

Lastly,

Cardiomyopathy

is also not typically associated with cisplatin therapy. Anthracyclines like doxorubicin are much more frequently implicated in chemotherapy-induced cardiotoxicity which can lead to cardiomyopathy."
386,"A 67-year-old man presents feeling 'generally unwell' and complaining of pain in his back and legs. His wife also reports that he has been slightly confused for the past two weeks. Basic blood tests are ordered:


Hb	121 g/L	Male: (135-180)
Female: (115 - 160)
Platelets	411 * 109/L	(150 - 400)
WBC	7.6 * 109/L	(4.0 - 11.0)


Na+	143 mmol/L	(135 - 145)
K+	5.3 mmol/L	(3.5 - 5.0)
Urea	15.7 mmol/L	(2.0 - 7.0)
Creatinine	208 µmol/L	(55 - 120)


Bilirubin	20 µmol/L	(3 - 17)
ALP	110 u/L	(30 - 100)
ALT	55 u/L	(3 - 40)
γGT	67 u/L	(8 - 60)
Albumin	31 g/L	(35 - 50)
Calcium	3.10 mmol/L	(2.1-2.6)
Phosphate	0.79 mmol/L	(0.8-1.4)

What is the most likely underlying diagnosis?","[""Multiple myeloma"", ""Renal cancer with bony metastases"", ""Sarcoidosis"", ""Primary hyperparathyroidism"", ""Prostate cancer with bony metastases""]",Multiple myeloma,0,"Bone pain, renal impairment, high total protein → ?myeloma

One of the stand out results is the high calcium level. This immediately narrows the differential diagnosis considerably. Remember the two most common causes of hypercalcaemia are malignancy and primary hyperparathyroidism. Neither of these alone would however explain the renal failure and high total protein, both common features of untreated myeloma."
387,"You review a 24-year-old woman with a history of asthma in the Emergency Department. She has been admitted with acute shortness of breath associated with tongue-tingling and an urticarial rash after eating a meal containing shellfish. Her symptoms settle with intramuscular adrenaline and nebulised salbutamol.

What is the most useful test to establish whether this episode was due to anaphylaxis?","[""Serum tryptase"", ""Serum IgE"", ""Plasma histamine"", ""Eosinophil count"", ""C-reactive protein""]",Serum tryptase,0,"Anaphylaxis - serum tryptase levels rise following an acute episode

Serum tryptase levels may remain elevated for up to 12 hours following an acute episode of anaphylaxis."
388,"A 23-year-old patient is referred to the department of immunology with recurrent chest infections. He has no significant past medical history otherwise.

The examination is unremarkable.

Blood tests:


IgA	0.1 g/L	(0.6-5.00)
IgG	3.1 g/L	(6.0-16.6)
IgM	0.24 g/L	(0.53 - 2.47)
B cells	250 cells/µL	(100-500)

What is the likely diagnosis?","[""Chediak-Higashi syndrome"", ""Common variable immunodeficiency"", ""Severe combined immunodeficiency"", ""Wiskott-Aldrich syndrome"", ""X-linked congenital agammaglobulinaemia""]",Common variable immunodeficiency,1,"Common variable immunodeficiency -  low antibody levels, specifically in immunoglobulin types IgG, IgM and IgA. → recurrent chest and other infections

Common variable immunodeficiency

is correct. This typically presents with recurrent chest infections and hypogammaglobulinemia.

Chediak-Higashi syndrome

is incorrect. This immune deficiency syndrome is characterized by partial albinism and peripheral neuropathy, which are not present here.

Severe combined immunodeficiency

is incorrect. This typically presents with recurrent viral and bacterial infections in the infant period and it is unlikely the patient would only present now for medical attention. It is also associated with low levels of immunoglobulins.

Wiskott-Aldrich syndrome

is incorrect. This is caused by a defect in the WASP gene. This causes recurrent bacterial infections but is also typically associated with eczema and thrombocytopenia, which are absent here.

X-linked congenital agammaglobulinaemia

is incorrect. This can be difficult to differentiate clinically from CVID but typically B cells are normal in CVID and absent in this condition."
389,"A 65-year-old man presents to the emergency department with gingival bleeding, confusion, and fluctuating levels of consciousness. He was diagnosed with polycythaemia rubra vera one month ago and recently commenced chemotherapy. Examination reveals a petechial rash on his chest and upper arms. He has marked hepatosplenomegaly without tenderness or ascites.

The following blood test results are obtained:


Platelets	43 * 10 9/L	(150 - 400)
Prothrombin time (PT)	22 secs	(10-14 secs)
Activated partial thromboplastin time (APTT)	41 secs	(25-35 secs)

What is the most likely cause of this patient's current symptoms?","[""Acute promyelocytic leukaemia"", ""Hepatic vein thrombosis"", ""Hyperviscosity syndrome"", ""Myelofibrosis"", ""Tumour lysis syndrome""]",Acute promyelocytic leukaemia,0,"Polycythaemia rubra vera - around 5-15% progress to myelofibrosis or AML

The patient has manifested signs indicative of disseminated intravascular coagulation (DIC), as evidenced by gingival bleeding and fluctuating levels of consciousness, which may suggest microemboli. Blood test results support the diagnosis of DIC, demonstrating low platelet counts alongside prolonged prothrombin time (PT) and activated partial thromboplastin time (APTT). It is recognised that 5-15% of individuals with polycythaemia vera progress to acute myeloid leukaemia (AML), with an increased risk coinciding with the initiation of chemotherapy.

Acute promyelocytic leukaemia

, a variant of AML, characteristically presents with DIC, rendering it the most appropriate diagnosis in this scenario.

Hepatic vein thrombosis

, also known as Budd-Chiari syndrome, can arise as a complication of polycythaemia vera but would typically manifest with symptoms such as abdominal pain and ascites; these are not present in this patient. Budd-Chiari syndrome may lead to DIC but in this case, AML is more likely.

Hyperviscosity syndrome

is associated with polycythaemia vera but does not typically result in DIC. Common presentations include headaches, spontaneous mucosal bleeding, and visual disturbances.

Myelofibrosis

, another potential sequela of polycythaemia vera affecting 5-15% of patients, usually presents more insidiously with symptoms such as bone pain, fatigue, fever, weight loss, easy bruising and bleeding, along with night sweats'none of which are described in this case. Myelofibrosis infrequently leads to DIC and thus is less likely than acute promyelocytic leukaemia given the current clinical picture.

Tumour lysis syndrome

is an uncommon complication in the context of polycythaemia vera and generally presents with clinical features that are not reported in this case such as nausea, vomiting, haematuria, loin pain and dyspnoea. This syndrome arises when rapid destruction of a large number of cancer cells releases their contents into the bloodstream leading to electrolyte imbalances including hyperphosphataemia, hypocalcaemia and hyperuricaemia. Tumour lysis syndrome does not typically present with DIC."
390,"You see a 24-year-old patient in the haematology clinic after referral by her general practitioner for thrombocytopaenia. She feels generally well in herself except for increased fatigue over the last 6 months, and more recently epistaxis. Her episodes of epistaxis often last hours at a time.

She's becoming increasingly frustrated with these episodes of epistaxis as she is a carpenter and it ruins her projects. On examination, there is no evidence of ongoing bleeding during the clinic appointment.

Her platelet count today is:


Platelets	46 * 109/L	(150 - 400)

Which treatment option is most appropriate?","[""Anti-D immunoglobulin"", ""Platelet transfusion"", ""Observation"", ""Prednisolone"", ""Splenectomy""]",Prednisolone,3,"First-line treatment for ITP is oral prednisolone

This patient's history is highly consistent with immune thrombocytopenic purpura (ITP) in the absence of drug and infectious causes for thrombocytopenia.

In patients with a diagnosis of ITP first-line treatment varies depending on various factors, including platelet count on presentation and the presence of active bleeding.

Her platelets are over the commonly used cutoff for treatment of 30*10

9

/L, however, her frequent symptoms of prolonged bleeding, the impact on her life, and her injury-prone profession would warrant consideration to initiate treatment of the condition. In this scenario, due to the history of bleeding and high risk of bleeding, observation is an inappropriate answer.

The initial management of ITP is ordinarily high dose corticosteroids in the absence of contraindications. Consideration is later given to splenectomy and immunomodulatory drugs, such as mycophenolate if this fails. Usually, there is a response to steroids within 3 weeks of commencing corticosteroid therapy.

IVIg is an expensive and possibly risk-prone treatment and whilst it may be appropriate for some it is reserved for those in need of rapid improvement in platelet function or contraindications to corticosteroid therapy.

Anti-D immunoglobulin is also a possible therapy for ITP but is used less frequently than corticosteroids in the first instance due to its risk profile and the better availability and familiarity with corticosteroid use.

ITP is primarily a destructive pathology of platelets and as such platelet transfusion has little effect on disease course with short term (minutes to hours) benefits and significant risks involved, this is therefore not an appropriate option especially in haemodynamically stable patients."
391,A 17-year-old male is diagnosed with alpha-thalassaemia. What chromosome is the alpha-globulin genes located on?,"[""Chromosome 4"", ""Chromosome 8"", ""Chromosome 12"", ""Chromosome 16"", ""Chromosome 20""]",Chromosome 16,3,
392,"A 65-year-old woman presents to the emergency department with a one-week history of fatigue and shortness of breath. The examination was unremarkable. In particular, there is no evidence of bleeding on systematic inquiry or examination.

Blood results are as follows:


Hb	82 g/L	Male: (135-180)
Female: (115 - 160)
Reticulocytes	442 * 109/L	(50-100)
Platelets	162 * 109/L	(150 - 400)
WBC	12.8 * 109/L	(4.0 - 11.0)


Bilirubin	66 µmol/L	(3 - 17)
ALP	42 u/L	(30 - 100)
ALT	28 u/L	(3 - 40)
Î³GT	44 u/L	(8 - 60)
Albumin	36 g/L	(35 - 50)

What abnormality would be in keeping with the likely diagnosis?","[""Low ADAMTS13 level"", ""Low LDH"", ""Low haptoglobin"", ""Negative DAT"", ""Raised haptoglobin""]",Low haptoglobin,2,"Haptoglobin binds to free haemoglobin

Anaemia with reticulocytosis is suggestive of haemolysis or bleeding. The markedly raised bilirubin with otherwise normal LFTs is more in keeping with haemolysis, however, it is important to remember that haemorrhage can also result in increased bilirubin levels. Haemolysis results in the release of free haemoglobin. Haptoglobin is produced in the liver, and its primary function is to bind to free haemoglobin. Therefore

low haptoglobins

is a key feature of haemolysis. It is important to remember that liver dysfunction can also result in low haptoglobins since they are produced by the liver.

Haemolysis is associated with a raised LDH (due to increased cell turnover), rather than a low

LDH

.

A positive DAT (rather than a

negative DAT

) is associated with autoimmune haemolytic anaemia. However, it is important to remember that there are a wide variety of causes of haemolysis including both immune and non-immune mediated mechanisms.

Thrombotic thrombocytopenic purpura (TTP) can cause haemolysis as part of the microangiopathic haemolytic anaemia process, however, this condition would be associated with thrombocytopenia. A

low ADAMTS13

level would confirm the diagnosis of TTP."
393,"A 66-year-old man is reviewed on the Medical Admissions Unit after noticing a new rash and joint pains. He also reveals that his fingers become painful in cold weather. He has a past medical history of Waldenstrom's macroglobulinaemia, for which he is not currently on any treatment.

On examination, there is a purpuric rash across both his calves. His wrists and knees are slightly tender on movement, but there is no objective joint swelling.

His blood test results are as follows:


Hb	138 g/L	Male: (135-180)
Female: (115 - 160)
Platelets	180 * 109/L	(150 - 400)
WBC	4.8 * 109/L	(4.0 - 11.0)
Na+	137 mmol/L	(135 - 145)
K+	4.4 mmol/L	(3.5 - 5.0)
Urea	9.9 mmol/L	(2.0 - 7.0)
Creatinine	160 µmol/L	(55 - 120)


C4	low
Antinuclear antibodies (ANA)	negative

What is the most likely unifying diagnosis?","[""Systemic lupus erythematosus"", ""Type I cryoglobulinaemia"", ""Type II cryoglobulinaemia"", ""Type III cryoglobulinaemia"", ""Polyarteritis nodosa""]",Type I cryoglobulinaemia,1,"Raynaud's - Type I cryoglobulinaemia

This patient has cryoglobulinaemia - a condition characterised by reversibly precipitating immunoglobulins, which, in the case of type I cryoglobulinaemia, are secreted due to an underlying plasma cell dyscrasia or lymphoproliferative disorder. Features in this patient in keeping with a diagnosis of cryoglobulinaemia are his purpuric rash, arthralgia, a low C4 level, and renal impairment (Waldenstrom's macroglobulinaemia in isolation is much less likely to cause renal impairment than multiple myeloma). Features which clinch the diagnosis of type I cryoglobulinaemia include his history of Waldenstrom's, and the presence of Raynaud's phenomenon.

Many features of this patient's presentation can be seen in the context of SLE, including Raynaud's phenomenon, arthralgia, renal impairment, low complement levels and a vasculitic rash. However, as over 95% of patients with SLE test positive for ANA, SLE is much less likely in this patient. Additionally, new diagnoses of lupus in males in their sixties are epidemiologically rare.

Type II cryoglobulinaemia tends to be associated with hepatitis C, rheumatoid arthritis and other lymphomas, rather than Waldenstrom's, and is not associated with Raynaud's phenomenon.

Likewise, type III cryoglobulinaemia is less likely due to the presence of Raynaud's phenomenon and the underlying Waldenstrom's.

Polyarteritis nodosa (PAN) can present with a vasculitic rash, renal impairment and arthralgia. For exam purposes, patients with PAN often present with testicular pain, a fever and a history of hepatitis B. PAN is less likely than type I cryoglobulinaemia in this patient due to the history of Raynaud's phenomenon and Waldenstrom's."
394,Which of the following is a cause of intravascular haemolysis?,"[""Hereditary spherocytosis"", ""Sickle cell anaemia"", ""Paroxysmal nocturnal haemoglobinuria"", ""Haemolytic disease of the newborn"", ""Warm autoimmune haemolytic anaemia""]",Paroxysmal nocturnal haemoglobinuria,2,"Intravascular haemolysis - paroxysmal nocturnal haemoglobinuria

The correct answer is

Paroxysmal nocturnal haemoglobinuria

. This is a rare acquired clonal disorder caused by a somatic mutation in the PIGA gene in haematopoietic stem cells. The mutation leads to a deficiency of glycosylphosphatidylinositol (GPI) anchor proteins, including CD55 and CD59, which normally protect red blood cells from complement-mediated lysis. Without these protective proteins, red blood cells are susceptible to complement attack, resulting in intravascular haemolysis. This intravascular haemolysis is characterised by haemoglobinuria (especially noticeable in the morning urine due to increased complement activation during sleep), haemoglobinaemia, and elevated lactate dehydrogenase (LDH). Patients typically present with fatigue, thrombosis (particularly in unusual sites like hepatic or portal veins), and a high risk of developing aplastic anaemia or acute myeloid leukaemia.

Hereditary spherocytosis

is incorrect because it causes extravascular haemolysis, not intravascular haemolysis. This inherited disorder is characterised by defects in red cell membrane proteins (commonly spectrin, ankyrin, or band 3), resulting in spherical-shaped red cells with reduced deformability. These abnormal cells are trapped and destroyed in the spleen, leading to extravascular haemolysis. Laboratory findings include spherocytes on blood film, negative direct antiglobulin test, and increased osmotic fragility. The absence of haemoglobinuria and haemoglobinaemia distinguishes it from intravascular haemolysis.

Sickle cell anaemia

is incorrect as it primarily causes extravascular haemolysis. This inherited haemoglobinopathy results from a point mutation in the beta-globin gene, leading to the production of haemoglobin S. Under deoxygenated conditions, haemoglobin S polymerises, causing red cells to become sickle-shaped. These sickled cells are predominantly removed by the reticuloendothelial system in the liver and spleen, resulting in extravascular haemolysis. While some intravascular haemolysis can occur during severe crises, the primary mechanism is extravascular.

Haemolytic disease of the newborn

is incorrect because it causes extravascular haemolysis. This condition occurs when maternal IgG antibodies cross the placenta and bind to foetal red blood cell antigens, most commonly Rhesus D. The antibody-coated red cells are then removed by the foetal reticuloendothelial system, particularly in the spleen, causing extravascular haemolysis. This results in anaemia and hyperbilirubinaemia in the newborn, but not the features of intravascular haemolysis such as haemoglobinuria.

Warm autoimmune haemolytic anaemia

is incorrect as it causes extravascular haemolysis. In this condition, IgG autoantibodies bind to red cell antigens at body temperature (37°C). These antibody-coated red cells are then recognised by macrophages in the spleen and liver via their Fc receptors, leading to phagocytosis and extravascular haemolysis. Laboratory findings include a positive direct antiglobulin test (Coombs test), spherocytes on blood film, and elevated indirect bilirubin, but not the hallmarks of intravascular haemolysis such as haemoglobinaemia or haemoglobinuria."
395,"A 33-year-old man with a known diagnosis of hereditary spherocytosis presents to the emergency department with weakness and lethargy. He recalls having a viral respiratory illness a week or so prior.

His disease is usually mild and he does not experience frequent crises.

On examination, he appears jaundiced.

His blood tests are shown below:


Hb	59 g/L	Male: (135-180)
Female: (115 - 160)
Platelets	175 * 109/L	(150 - 400)
WBC	10.6 * 109/L	(4.0 - 11.0)
Reticulocytes	10%	0.2-2.5
Bilirubin	46 µmol/L	(3 - 17)
ALP	44 u/L	(30 - 100)
ALT	23 u/L	(3 - 40)
Î³GT	9 u/L	(8 - 60)
Albumin	39 g/L	(35 - 50)

Given the likely diagnosis, what is the most appropriate management?","[""Broad spectrum IV antibiotics"", ""IV methylprednisolone"", ""Oral prednisolone"", ""Supportive management"", ""Surgical referral for consideration of splenectomy""]",Supportive management,3,"Generally supportive treatment is given in the management of a patient in haemolytic crisis secondary to hereditary spherocytosis. I.e. folic acid, transfusion if symptomatic from anaemia. Steroids are not indicated

Supportive management

is correct. This is a patient with mild hereditary spherocytosis, but he is experiencing a haemolytic crisis likely triggered by a recent viral illness. The management of these crises is generally supportive, with blood transfusions if severely anaemic (there is no specific cut-off for transfusion in this patient group, but consideration must be given to the change in haemoglobin from baseline and the symptoms of anaemia).

Broad spectrum IV antibiotics

is incorrect. Antibiotics have no role in a haemolytic crisis of hereditary spherocytosis, which this patient is likely suffering from. The mainstay of treatment is supportive, with blood transfusions if the haemoglobin shows a significant drop from baseline.

IV methylprednisolone

is incorrect. This patient is suffering from a haemolytic crisis of his hereditary spherocytosis. Steroids are not indicated in the management of these crises; the treatment is supportive.

Oral prednisolone

is incorrect. This patient is suffering from a haemolytic crisis of his hereditary spherocytosis. Steroids are not indicated in the management of these crises; the treatment is supportive.

Surgical referral for consideration of splenectomy

is incorrect. This patient has mild hereditary spherocytosis and is suffering from a haemolytic crisis. The management of these crises is generally supportive. Splenectomy may form part of the long-term management of a patient with hereditary spherocytosis. Patients who may be considered for splenectomy include those with symptomatic anaemia, those who experience frequent haemolytic crises, and those requiring multiple transfusions."
396,Which one of the following is least recognised as a treatment modality in idiopathic thrombocytopenic purpura?,"[""Plasma exchange"", ""Splenectomy"", ""IV immunoglobulin"", ""Cyclophosphamide"", ""Oral prednisolone""]",Plasma exchange,0,
397,"A 22-year-old woman presents in early pregnancy for booking bloods. She is normally fit and well. Her full blood count demonstrates the following:


Hb	100 g/L	Female: (110 - 160)
Mean cell volume (MCV)	60 fL	(80-100)
Platelets	170 * 109/L	(150 - 400)
WBC	6.0 * 109/L	(4.0 - 11.0)

A subsequent blood film is otherwise unremarkable.

What is the most likely diagnosis?","[""Beta thalassemia trait"", ""Haemodilution in pregnancy"", ""Hereditary spherocytosis"", ""Iron deficiency anaemia"", ""Sideroblastic anaemia""]",Beta thalassemia trait,0,"Disproportionate microcytic anaemia - think beta-thalassaemia trait

The correct answer is beta thalassemia trait. This causes marked microcytosis with mild anaemia due to reduced haemoglobin A synthesis.

Haemodilution in pregnancy can lead to a typically normocytic anaemia.

Patients with hereditary spherocytosis may have a normal or low MCV but it does not typically cause a significantly low MCV.

Iron deficiency anaemia causes a microcytic anaemia but the microcytosis in this case is more significant than expected for the degree of anaemia. Also, the blood film is unremarkable - in iron deficiency, one would often expect anisopoikilocytosis (variation in size and shape), hypochromia, and target cells.

In sideroblastic anaemia, there may be red cells of unequal size and abnormal shape. There is commonly basophilic stippling and target cells. The MCV may be decreased."
398,"A 64-year-old man is referred to the oncology clinic with progressively worsening lower back pain over the last 3 months. He also reports an 8-month history of weight loss. MRI lumbar spine confirms the suspicion of bone metastasis.

What is the most likely primary tumour?","[""Leukaemia"", ""Breast carcinoma"", ""Colorectal carcinoma"", ""Prostate carcinoma"", ""Lung carcinoma""]",Prostate carcinoma,3,"Prostate cancer is the most common primary tumour that metastasises to the bone

Prostate cancer is the most common primary tumour that metastasises to the bone

It is unusual to have bone metastasis in leukaemia.

Breast, colorectal and lung cancers can all lead to bone metastasis but the question is asking for the most likely tumour and statistically speaking, prostate cancer is the most common primary tumour that metastasises to the bone."
399,"A 76-year-old woman has presented to the emergency department due to persistent polydipsia and back pain of two months duration. She says she feels dehydrated, breathless and her hands hurt in the cold winter air.

She has a past medical history of monoclonal gammopathy of undetermined significance (MGUS). Furthermore, the dermatologist presumed she had vascular purpura on her lower limbs.

On examination her hands are initially blue, they then become pale and finally red and painful.

Her blood results:


Hb	85 g/L	Female: (115 - 160)
Platelets	390 * 109/L	(150 - 400)
WBC	9.8 * 109/L	(4.0 - 11.0)
Na+	138 mmol/L	(135 - 145)
K+	5.1 mmol/L	(3.5 - 5.0)
Calcium	3.1 mmol/L	(2.1-2.6)
Urea	9.6 mmol/L	(2.0 - 7.0)
Creatinine	180 µmol/L	(55 - 120)
CRP	28 mg/L	(< 5)

What is the most likely diagnosis?","[""Primary Raynaud's"", ""Systemic lupus erythematosus (SLE)"", ""Type I cryoglobulinaemia"", ""Type II cryoglobulinaemia"", ""Type III cryoglobulinaemia""]",Type I cryoglobulinaemia,2,"Raynaud's - Type I cryoglobulinaemia

Type I cryoglobulinaemia is the correct answer. This is because the patient has presented with the classical symptoms associated with multiple myeloma (Old CRAB mnemonic: >65 years old, hypercalcaemia with abdominal pain and dehydration, renal failure, anaemia and bone pain in her back) coupled with the secondary Raynaud's phenomenon evidenced by the hand symptoms/signs being indicative of the cryoglobulins which precipitate at cold temperatures. Type I is the only cryoglobulinaemia that presents with Raynaud's and is also most strongly associated with multiple myeloma out of the three types.

Type II cryoglobulinaemia is incorrect as this presents with the vascular purpura, arthralgia and renal impairment, but not the Raynaud's seen here. Moreover, these types are not typically associated with multiple myeloma.

Type III cryoglobulinaemia is incorrect as this presents with the above symptoms described in type II, but not Raynaud's and is not associated with myeloma.

Primary Raynaud's is an incorrect option because there is underlying pathophysiology (multiple myeloma), precipitating surplus immunoglobulins at low temperatures and causing the occlusion of small capillaries in the hands and leading to the Raynaud's.

SLE is incorrect as the symptoms fit best with a diagnosis of multiple myeloma. Even though SLE can present with Raynaud's and renal impairment, it does not typically cause hypercalcaemia."
400,A patient is investigated for leukocytosis. Cytogenetic analysis shows the presence of the following translocation: t(9;22)(q34;q11). Which haematological malignancy is most strongly associated with this translocation?,"[""Chronic myeloid leukaemia"", ""Acute promyelocytic leukaemia"", ""Acute lymphoblastic leukaemia"", ""Burkitt's lymphoma"", ""Mantle cell lymphoma""]",Chronic myeloid leukaemia,0,"CML - Philadelphia chromosome - t(9:22)

The Philadelphia translocation is seen in around 95% of patients with chronic myeloid leukaemia. Around 25% of adult acute lymphoblastic leukaemia cases also have this translocation."
401,"A 65-year-old man comes for review. He has a history of small cell lung cancer and ischaemic heart disease. His cancer was diagnosed five months ago and he has recently completed a course of chemotherapy. From a cardiac point of view he had a myocardial infarction two years ago following which he had primary angioplasty with stent placement. He has had no angina since.

For the past week he has become increasingly short-of-breath. This is worse at night and is associated with an occasional non-productive cough. He has also noticed that his wedding ring feels tight. Clinical examination is of his chest is unremarkable. He does however have distended neck veins and periorbital oedema. What is the most likely diagnosis?","[""Heart failure secondary to chemotherapy"", ""Tumour lysis syndrome"", ""Nephrotic syndrome secondary to chemotherapy"", ""Superior vena cava obstruction"", ""Hypercalcaemia""]",Superior vena cava obstruction,3,
402,"An 80-year-old woman is seen in GP due to weight loss, night sweats and fatigue over the preceding weeks. On examination, she is pale and palpation of her abdomen reveals hepatosplenomegaly. She has a past medical history of polycythaemia vera. A full blood count reveals pancytopaenia. Blood film shows a characteristic finding associated with the new condition.

What characteristic finding on blood film is most associated with this patient's new condition?","[""Heinz bodies"", ""Pencil poikilocytes"", ""Schistocytes"", ""Spherocytes"", ""Tear drop poikilocytes""]",Tear drop poikilocytes,4,"Myelofibrosis is associated with 'tear drop' poikilocytes on blood film

The condition being described is myelofibrosis. This patient is at particular risk of developing myelofibrosis: approximately 6-10% of patients with polycythaemia vera develop myelofibrosis due to marrow exhaustion.

Myelofibrosis is a myeloproliferative disorder thought to be caused by hyperplasia of abnormal megakaryocytes. Bone marrow does not produce the normal range of mature cells, leading to anaemia and eventually pancytopaenia (note early in the disease high WBC and platelet counts are often seen). Haematopoiesis develops in the liver and spleen resulting in organomegaly.

The characteristic blood film finding in myelofibrosis is

tear drop poikilocytes

. This is a result of extramedullary haematopoiesis (mainly splenic), producing aberrantly shaped red blood cells.

Pencil poikilocytes

are associated with iron-deficiency anaemia. While the patient in this scenario has anaemia, this is a result of marrow failure rather than iron deficiency so they are unlikely have have pencil poikilocytes.

Schistocytes

are associated with haemolytic anaemias. They are fragmented red blood cells, formed through mechanical damage in the circulation; the most common causes are mechanical heart valves, haemolytic anaemias and microangiopathic diseases such as DIC. There is no mention that this patient has a mechanical heart valve. While the patient has hepatosplenomegaly, it is unlikely she has haemolytic anaemia given she is not jaundiced.

Spherocytes

are associated with hereditary spherocytosis and immune-mediated haemolytic anaemias. Spherocytes are broken down by the spleen, leading to splenomegaly and anaemia. While this patient has splenomegaly, this is secondary to extramedullary haematopoiesis rather than excessive splenic consumption.

Heinz bodies

are associated with G6PD deficiency. Heinz bodies are formed through oxidative damage to haemoglobin molecules, usually through inherited mutations or drug administration. Heinz body anaemia can occur as these damaged cells are removed from the circulation by the spleen. In this scenario, the patient has anaemia but this is due to marrow failure; there is no mention of any conditions in the stem that suggest the presence of Heinz bodies. The most common genetic mutation in myelofibrosis is JAK2, but this is not associated with Heinz body formation."
403,"A 26-year-old medical student presents in May with nasal congestion and swelling of lips and tongue. Upon further questioning, he has consumed some uncooked pears 10 minutes ago. He often gets nasal congestion in the spring months in England, but has never noticed any swelling in his lips and tongue before.

When asked about family history he recalls his father suffers from a condition where he gets sporadic peri-orbital swelling and abdominal pains.

On examination: mild erythema and swelling of his tongue and lips, no erythema or hives noted elsewhere and no wheezing upon auscultation of his chest. All his routine observations are within normal range.

What is the most likely diagnosis?","[""Allergic contact dermatitis"", ""Food allergy"", ""Idiopathic urticaria"", ""Oral allergy syndrome"", ""C1 esterase inhibitor deficiency""]",Oral allergy syndrome,3,"Oral allergy syndrome is strongly linked with pollen allergies and presents with seasonal variation

Oral allergy syndrome is the correct option, because the case above describes the typical history of pollen-food allergy, with the raw pears being coated with the allergen in May. This is most commonly associated with birch pollen allergy as described above with the 'springtime hayfever'.

Allergic contact dermatitis is incorrect as the history above is an allergy 10 minutes after exposure, whereas in contact dermatitis it is a type IV hypersensitivity reaction, thus arises 24-48 hours after exposure.

Food allergy is incorrect as the symptoms are localised in OAS, whereas with specific food allergy you would expect systemic symptoms such as vomiting and diarrhoea. Moreover, anaphylaxis is a more common complication of food allergy compared to OAS.

Idiopathic urticaria is incorrect as idiopathic urticaria describes the spontaneous and unrelated to known triggers (unlike in this case with pears) skin manifestation of hives and swelling.

C1 esterase inhibitor deficiency is incorrect as the swelling in this condition has an obvious trigger and there is a seasonal variation which would not be present in the deficiency syndrome. Even though there is a positive family history here, the presentation is also different, with angioedema and abdominal pain most commonly."
404,A 34-year-old man who is known to have glucose-6-phosphate dehydrogenase deficiency presents with symptoms of a urinary tract infection. He is prescribed an antibiotic. A few days later he becomes unwell and is noticed by his partner to be pale and jaundiced. What drug is mostly likely to have been prescribed?,"[""Co-amoxiclav"", ""Trimethoprim"", ""Ciprofloxacin"", ""Cefalexin"", ""Erythromycin""]",Ciprofloxacin,2,"The sulfamethoxazole in co-trimoxazole causes haemolysis in G6PD, not the trimethoprim

Ciprofloxacin

is the correct answer as it is known to potentially cause haemolysis in patients with glucose-6-phosphate dehydrogenase (G6PD) deficiency. G6PD is an enzyme that helps protect red blood cells from oxidative damage. When patients with G6PD deficiency are exposed to certain oxidative drugs like ciprofloxacin, their red blood cells can undergo rapid destruction leading to acute haemolytic anaemia, characterised by pallor, jaundice and fatigue.

Co-amoxiclav

is generally considered safe in G6PD deficiency. While penicillins can occasionally cause haemolysis, this is usually through an immune-mediated mechanism rather than oxidative stress, and co-amoxiclav is not typically contraindicated in G6PD deficiency.

Trimethoprim

is also considered safe in G6PD deficiency. While it should be used with caution in patients with folate deficiency, it does not typically cause oxidative stress to red blood cells and can be safely prescribed to G6PD deficient patients.

Cefalexin

, like other cephalosporins, is safe to use in G6PD deficiency. These antibiotics do not cause significant oxidative stress to red blood cells and are often a good choice when treating infections in G6PD deficient patients.

Erythromycin

and other macrolide antibiotics are also generally safe in G6PD deficiency. While they can have various side effects, causing haemolysis through oxidative stress is not one of their recognised complications."
