question_number,question_text,options_json,answer_text,answer_index,explanation_text
1,What is the mechanism of action of ciclosporin?,"[""Monoclonal antibody against IL-2 receptor"", ""Interferes with purine synthesis"", ""IL-1 receptor decoy"", ""Decreases IL-2 release by inhibiting calcineurin"", ""Mercaptopurine antagonist""]",Decreases IL-2 release by inhibiting calcineurin,3,Ciclosporin + tacrolimus: inhibit calcineurin thus decreasing IL-2
2,"A 66-year-old man is brought to the emergency department after being found unconscious. He is covered in stool and vomit. He has a past medical history of primary adrenal insufficiency and depression.

The results of his admission bloods are shown below:


pH	7.26	(7.35-7.45)
pCO 2	5.4kPa	(4.6-6.4)
PO 2	11.1kPa	(11.0-14.4)
Na+	141mmol/L	(136-145)
K+	4.0mmol/L	(3.5-5.1)
Cl-	105mmol/L	(98-107)
HCO3-	18.0mmol/L	(23-33)
Urea	5.0mmol/L	(2.0 - 7.0)
Creatinine	73µmol/L	(55 - 120)
Serum osmolality	310mmol/Kg	(275-295)
Lactate	1.1mmol/L	(< 2)
Glucose	6.0mmol/L	(< 7)
Full blood count	Normal	
CRP	14mg/L	(< 15)

What is the most likely cause of this patient's acidosis?","[""Addisonian crisis"", ""Ethylene glycol poisoning"", ""Renal tubular acidosis"", ""Septic shock"", ""Severe gastroenteritis""]",Ethylene glycol poisoning,1,"Metabolic acidosis with a high anion gap and high osmolar gap is seen in ethylene glycol poisoning

Ethylene glycol poisoning

is correct. Although clinical history is lacking in this case, the blood results show a metabolic acidosis with a raised anion gap (22mmol/L). This is calculated by the equation (Na

+

+ K

+

) – (Cl

-

+ HCO

3

-

). Of the available answers, only septic shock or ethylene glycol would cause this; the other answers would give a normal anion gap. Additionally, one could look at the osmolar gap - the difference between the calculated osmolarity and the serum osmolality. This patient's calculated osmolarity is 293mOsm/L. This is calculated by the equation (2 x Na

+

)+ glucose + urea. The difference between the calculated osmolarity and the laboratory-measured osmolality is 17, and a normal osmolar gap is usually less than 10. This suggests the presence of another osmotically active particle, in this case, ethylene glycol. Other causes of a raised osmolar gap include methanol poisoning (which could be a differential in this patient), septic shock (less likely due to the normal lactate and inflammatory markers), or poisoning with other organic solvents.

Addisonian crisis

is incorrect. This patient has a metabolic acidosis with an anion gap of 22mmol/L. The normal anion gap is between 8 and 14 mmol/L. Addison's disease usually causes hyperchloremic metabolic acidosis with a

normal

anion gap due to the loss of aldosterone effect, which leads to renal sodium loss and hydrogen and potassium retention. A high anion gap in an Addisonian crisis may occasionally be seen due to associated lactic acidosis; however, the lactate is normal in this question, so this is unlikely. Therefore, Addisonian crisis is unlikely to cause this patient's presentation.

Renal tubular acidosis

is incorrect. This patient has metabolic acidosis with a raised anion gap. Renal tubular acidosis produces a metabolic acidosis with a

normal

anion gap. The subtypes of renal tubular acidosis also usually produce characteristic changes in serum potassium levels: type 4 renal tubular acidosis is characterised by hyperkalemia, and types 1 and 2 are characterised by hypokalemia. Although usually present, these potassium changes cannot be relied upon for diagnosis. The combination of normal serum potassium and raised anion gap in this question makes renal tubular acidosis unlikely.

Septic shock

is incorrect. This patient has metabolic acidosis with a raised anion gap of 22mmol/L. Septic shock could indeed cause a raised anion gap metabolic acidosis, but the patient in this question has a normal lactate, a normal CRP, and a normal full blood count, making a severe infective picture very unlikely. Additionally, one could look at the osmolar gap - the difference between the calculated osmolarity and the serum osmolality. This patient's calculated osmolarity is 287mOsm/L. The difference between the calculated osmolarity and the laboratory-measured osmolality is 17, and a normal osmolar gap is usually less than 10. This suggests the presence of another osmotically active particle, in this case, ethylene glycol. As noted above, lactate production due to septic shock could raise the osmolar gap, but this patient has normal lactate and inflammatory markers, making this unlikely.

Severe gastroenteritis

is incorrect. The blood results in this question suggest a metabolic acidosis. Although excessive bicarbonate loss from the gastrointestinal tract may result in metabolic acidosis, the blood results in this question show a raised anion gap. Metabolic acidosis due to gastrointestinal bicarbonate loss would result in a

normal

anion gap. It should be noted that severe gastroenteritis can occasionally cause high anion gap metabolic acidosis if there is concurrent lactic acidosis secondary to hypovolemia leading to tissue hypoperfusion. However, the lactate in this question is normal, so lactic acidosis is unlikely."
3,"A 45-year-old man presents to the emergency department complaining of reduced vision, hearing loss, and tingling in his hands and feet. He has recently been discharged from the hospital after treatment for a urinary tract infection. He lives alone and has an unusual diet, ingesting upwards of 50 cans of albacore tuna on a weekly basis.

On examination, visual acuity is reduced in both eyes with a central visual field defect. There is a reduced sensation in the hands and feet and his hearing is impaired.

What is the likely diagnosis?","[""Amikacin treatment"", ""Lead poisoning"", ""Manganese poisoning"", ""Mercury poisoning"", ""Zinc poisoning""]",Mercury poisoning,3,"Mercury poisoning can cause visual field defects, hearing loss and paraesthesia

Mercury poisoning

is correct. The patient ingests extremely large amounts of albacore tuna, which is a type of fish that has a large possesses a large amount of mercury (up to 33 parts per million of mercury). Symptoms and signs of chronic mercury poisoning include visual field defects, hearing loss, and paraesthesia from peripheral neuropathy. Treatment is with avoidance of the source and chelation.

Amikacin treatment

is incorrect. While the patient may have received treatment with amikacin for his urinary tract infection while an inpatient, it is unlikely to cause paraesthesia and visual field defects (it may cause hearing loss).

Lead poisoning

is incorrect. This can cause peripheral neuropathy but is unlikely to cause a visual field defect. Additionally, it often causes constipation and vomiting and blue lines may be noted on the gums (known as Burton's lines). A typical exposure would be lead paint in a poorly maintained house rather than excessive tuna.

Manganese poisoning

is incorrect. Acutely, toxicity can cause visual hallucinations and anxiety. At a later stage, the signs may mimic that of Parkinson's disease i.e. tremors, gait disturbances, and low-volume speech. A typical exposure would be from fume inhalation while working with steel. It is not found in excess in albacore tuna and is not typically associated with visual field defects or hearing loss.

Zinc poisoning

is incorrect. Acute zinc toxicity causes GI distress with abdominal pain and nausea. Chronic toxicity may cause a spastic gait and sensory ataxia. Hearing and visual loss are atypical. Exposures can be nutritional or occupational. There are multiple reports of toxicity from the ingestion of United States pennies which have historically contained 97.5% zinc."
4,"A 27-year-old female patient presents to the emergency department with a 4-day history of a rash. She reports having taken an overdose of a a medication 1 day prior to the rash developing but she refuses to say what she took. She has no past medical history of note but has a history of recurrent depression and previous overdose. No family history of note. On presentation, her observations are: heart rate 56 beats per minute, blood pressure of 127/72 mmHg, respiratory rate 18 breaths per minute, oxygen saturation 100% on air. On examination, you note a generalised non-blanching petechial rash. Blood results are as follows.


Na+	134 mmol/L
K+	4.8 mmol/L
Hb	130 g/L
Platelet	75 Ã— 109/L

Which is the most likely medication she took?","[""Ibuprofen"", ""Paracetamol"", ""Amlodipine"", ""Sertraline"", ""Simvastatin""]",Ibuprofen,0,"NSAIDs are a cause of thrombocytopenia

This patient has evidence of thrombocytopaenia, likely secondary to NSAIDs.

Paracetamol, amlodipine, sertraline and simvastatin do not usually cause thrombocytopaenia."
5,"A 36-year-old man presents for support to quit smoking. He smokes 20 cigarettes per day and has previously tried nicotine patches and gum, but these were ineffective. There was no history of epilepsy, but on further query, he states that he was on a prescription for depression recently.

He asks if there are any other treatment options to help reduce cravings and withdrawal symptoms.

What is the most appropriate treatment for this patient?","[""Monoamine oxidase B inhibitor"", ""Nicotinic acetylcholine receptor partial agonist"", ""Nicotinic receptor full agonist"", ""Norepinephrine-dopamine reuptake inhibitor and nicotinic antagonist"", ""Selective serotonin reuptake inhibitor""]",Norepinephrine-dopamine reuptake inhibitor and nicotinic antagonist,3,"Bupropion is a norepinephrine-dopamine reuptake inhibitor and nicotinic antagonist

Norepinephrine-dopamine reuptake inhibitor and nicotinic antagonist

is correct. This refers to bupropion, which reduces cravings and withdrawal symptoms by increasing levels of dopamine and norepinephrine while also antagonising nicotinic receptors. It is particularly suitable for this patient, who smokes 20 cigarettes per day, has not succeeded with nicotine replacement therapy, and has a recent history of depression. Bupropion’s dual mechanism addresses both the neurochemical basis of cravings and the rewarding effects of nicotine, while also providing mood support.

Monoamine oxidase B inhibitor

is incorrect because agents such as selegiline inhibit the breakdown of dopamine and are primarily used in the management of Parkinson’s disease. They are not indicated for smoking cessation and do not alleviate nicotine cravings or withdrawal symptoms. As such, prescribing an MAO-B inhibitor would not assist this patient in quitting smoking following unsuccessful nicotine replacement therapy.

Nicotinic acetylcholine receptor partial agonist

is incorrect as this describes varenicline, which acts by partially stimulating nicotinic receptors to reduce withdrawal symptoms and blocking the reinforcing properties of nicotine. Although varenicline is generally considered more effective than bupropion, in a patient with a recent history of depression, bupropion is preferred due to its more favourable profile regarding mood stability. Varenicline may be considered with appropriate monitoring, but it is not the first-line choice in this context.

Nicotinic receptor full agonist

is incorrect because a full agonist would completely activate nicotinic receptors, thereby mimicking the effects of nicotine and reinforcing dependence rather than aiding cessation. For an individual who already smokes heavily and has not responded to NRT, full agonists are neither effective nor appropriate.

Selective serotonin reuptake inhibitor

is incorrect as SSRIs are primarily used to treat depression and anxiety disorders; however, they do not address nicotine cravings or withdrawal symptoms. Therefore, SSRIs would not benefit this patient who continues to smoke despite previous use of NRT, making them unsuitable for smoking cessation in this scenario."
6,A 67-year-old woman is noted to have corneal opacities during a routine opticians appointment. These are not affecting her vision. Which one of the following drugs is most likely to be the cause?,"[""Amiodarone"", ""Sodium valproate"", ""Methotrexate"", ""Furosemide"", ""Digoxin""]",Amiodarone,0,
7,"A 55-year-old man is being treated for infective endocarditis. He is currently on day 4 of treatment with intravenous vancomycin and gentamicin.

Blood tests for the past 4 days are as follows:


Date	Day 1	Day 2	Day 3	Today
Na+	132 mmol/L	136 mmol/L	139 mmol/L	140 mmol/L	(135 - 145)
K+	4.3 mmol/L	4.5 mmol/L	4.8 mmol/L	5.1 mmol/L	(3.5 - 5.0)
Urea	5.8 mmol/L	6.2 mmol/L	6.7 mmol/L	8.4 mmol/L	(2.0 - 7.0)
Creatinine	106 µmol/L	118 µmol/L	156 µmol/L	210 µmol/L	(55 - 120)

Urinalysis has shown evidence of 'muddy brown casts'.

What is the likely pathology causing renal dysfunction?","[""Acute interstitial nephritis"", ""Acute tubular necrosis"", ""Rapidly progressive glomerulonephritis"", ""Renal cortical necrosis"", ""Renal papillary necrosis""]",Acute tubular necrosis,1,"Aminoglycoside nephrotoxicity is secondary to tubular necrosis

The correct answer is acute tubular necrosis. Gentamicin is a common cause of acute tubular necrosis. Urinalysis with 'muddy brown casts' is indicative of acute tubular necrosis.

Acute interstitial nephritis is commonly caused by infection and medications including vancomycin. However, muddy brown casts are not seen on urinalysis.

Rapidly progressive glomerulonephritis occurs secondary to autoimmune diseases and is characterised by nephritic syndrome with red cell casts and a rapid decline in renal function.

Renal cortical necrosis is rare and commonly the next stage after acute tubular necrosis in the context of severe systemic illness. It is mainly caused by ischaemia in the kidneys leading to failure.

Renal papillary necrosis is caused by ischaemic damage to the renal papilla. This can be caused by direct obstruction, such as sickle cell disease, vasculitis, or vasoconstriction via medications."
8,"A 45-year-old man is referred to the acute medical unit. He had presented earlier in the day to the GP complaining of ongoing fatigue and polydipsia. A BM (finger-prick glucose) taken in the surgery was 22.3 mmol/l. On examination he is an obese man (BMI 36kg/m2) with a pulse of 84 bpm and blood pressure of 144/84 mmHg. Blood tests reveal the following:


Na+	140 mmol/l
K+	3.9 mmol/l
Bicarbonate	23 mmol/l
Urea	5.2 mmol/l
Creatinine	101 µmol/l
Glucose	21.2 mmol/l

You encourage him to lose weight and discuss basic dietary advice. What is the most appropriate initial management?","[""Gliclazide"", ""Pioglitazone"", ""Exenatide"", ""Metformin"", ""Commence insulin therapy""]",Metformin,3,
9,You are counselling a 20-year-old female who is planning to start taking the combined oral contraceptive pill. Which of the following statements is correct?,"[""She will still be protected against pregnancy if she takes amoxicillin for a lower respiratory tract infection while on the combined pill"", ""She should not take the combined pill if she has heavy periods"", ""She is likely to put on 2-3 kilograms of weight per year while using the combined pill"", ""She will not require any monitoring once she has started taking the combined pill"", ""There is only one type and brand of combined pill""]",She will still be protected against pregnancy if she takes amoxicillin for a lower respiratory tract infection while on the combined pill,0,"There is no evidence that antibiotics other than enzyme inducing antibiotics such as rifampicin reduce the efficacy of the combined oral contraceptive pill

It was previously advised that barrier methods of contraception should be used if taking an antibiotic while using the contraceptive pill, due to concerns that antibiotics might reduce the absorption of the pill. This is now known to be untrue. However, if the absorptive ability of the gut is compromised for another reason, such as severe diarrhoea or vomiting, or bowel disease, this may affect the efficacy of the pill.

The exception to the antibiotic rule is that hepatic enzyme-inducing antibiotics such as rifampicin and rifaximin do reduce the efficacy of the pill. Other enzyme-inducing drugs, such as phenytoin, phenobarbital, carbamazepine or St John's Wort can also reduce the effectiveness of the pill.

The other statements are not true. The combined pill is often prescribed for women with heavy periods as it can make them lighter and less painful. There is no evidence that women on the combined pill put on any significant weight, although they may experience bloating at certain times in the course. Women on the pill require monitoring of their blood pressure. There are multiple different types of combined pill.

BNF:

https://bnf.nice.org.uk/treatment-summary/contraceptives-interactions.html

NICE - the guide to the combined contraceptive pill:

https://www.nhs.uk/conditions/contraception-guide/pages/combined-contraceptive-pill.aspx"
10,A 34-year-old man with a history of bipolar disorder is admitted with acute confusion. Lithium levels confirm the clinical diagnosis of lithium toxicity. A decision is made to give sodium bicarbonate. What is the mechanism of action of sodium bicarbonate in this situation?,"[""Reduce gastrointestinal tract absorption"", ""Myocardial stabiliser"", ""Neutralises lithium ions"", ""Central nervous system membrane stabaliser"", ""Increases urine alkalinity""]",Increases urine alkalinity,4,
11,Which one of the following enzymes is involved in phase I drug metabolism?,"[""UDP-glucuronosyl transferases"", ""Pyruvate carboxylase"", ""Succinic dehydrogenase"", ""N-acetyl transferases"", ""Alcohol dehydrogenase""]",Alcohol dehydrogenase,4,
12,Which of the following drugs is least likely to be affected by a patients acetylator status?,"[""Hydralazine"", ""Isoniazid"", ""Rifampicin"", ""Procainamide"", ""Sulphonamides""]",Rifampicin,2,
13,"An 18-year-old female is brought to the hospital after being found in her dorm in a dazed state. Her roommate found her and reveals that she saw 4 empty beer bottles and an empty bottle of paracetamol tablets in the patient's kitchen. She has a background of borderline personality disorder. She does not regularly use alcohol.

She appears confused. Examination reveals scleral icterus, right upper quadrant tenderness and asterixis. Blood tests are taken:


Bilirubin	76 µmol/L	(3 - 17)
ALT	8,234 u/L	(3 - 40)
PT	110 seconds	(10 - 13)

What is the pathophysiology of this patient's liver injury?","[""Accumulation of N-acetyl-p-benzoquinone imine (NAPQI)"", ""Depletion of N-acetyl-p-benzoquinone imine (NAPQI)"", ""Hypoxic injury to hepatocytes"", ""Increased production of acetaldehyde"", ""Microvesicular fatty infiltration of the liver""]",Accumulation of N-acetyl-p-benzoquinone imine (NAPQI),0,"Paracetamol overdose occurs when glutathione stores run-out leading to an increase in NAPQI (N-acetyl-p-benzoquinone imine)

This patient likely has acute liver failure (ALF) secondary to attempted suicide via paracetamol overdose. Normal dosed paracetamol metabolism produces a small amount of toxic metabolite called N-acetyl-p-benzoquinone imine (NAPQI) which can cause cellular injury. The amino acid glutathione in the liver can normally detoxify small quantities of NAPQI and prevent tissue damage. In paracetamol overdose, excess NAPQI depletes glutathione reserves, leading to

NAPQI accumulation

and hepatic injury and necrosis. N-acetylcysteine, a drug indicated in ALF secondary to paracetamol overdose, replenishes glutathione by providing cysteine (a precursor to glutathione in the body) and thus diminishes damage that can be done by toxic NAPQI accumulation.

Depletion of NAPQI

is incorrect. This patient with paracetamol overdose has increased production of NAPQI (a metabolite of paracetamol) which overloads the detoxifying ability of the liver and leads to accumulation of this toxic metabolite.

Ischemic hepatitis is caused by

hypoxic injury

to hepatocytes and can be seen in conditions such as cardiac arrest and Budd-Chiari syndrome (due to vascular congestion of hepatic blood supply). This patient has paracetamol-induced ALF.

Alcoholic hepatitis is caused by sustained long-term alcohol exposure. Normal alcohol metabolism involves the breakdown of alcohol into

acetaldehyde which has toxic effects on hepatocytes that aggregate over time

. Given that this patient presents acutely and does not abuse alcohol the most likely diagnosis is ALF due to paracetamol overdose.

Reye's syndrome is a rare, fatal, childhood hepatic encephalopathy associated with aspirin use in children with viral infections (eg varicella-zoster virus, influenza). Aspirin metabolites inhibit mitochondrial enzymes, leading to defective fatty acid beta-oxidation and

build-up of small vesicles of fatty acids (microvesicular) within hepatocytes

, causing ALF. This patient has paracetamol-induced ALF."
14,"A 21-year-old man is brought to the emergency department by friends after collapsing at a party. He is confused and agitated. His friends think he has taken something, but are unsure.

Upon examination, he is febrile with a temperature of 39.0 ºC (reference range: 36.5–37.5 ºC), a heart rate of 120 beats per minute, and dilated pupils. Neurological examination reveals hyperreflexia and inducible clonus in the lower limbs. His medical history includes depression, for which he has been taking fluoxetine regularly.

What is the most likely diagnosis?","[""Anticholinergic toxicity"", ""Cannabis induced psychosis"", ""Cocaine overdose"", ""Neuroleptic malignant syndrome"", ""Serotonin syndrome""]",Serotonin syndrome,4,"SSRIs + MDMA = higher risk of serotonin syndrome

Serotonin syndrome

is correct because this patient is on fluoxetine, a serotonergic antidepressant, and has likely ingested another serotonergic recreational drug at the party, such as MDMA. The triad of altered mental status, including confusion and agitation, autonomic instability such as fever, tachycardia, and dilated pupils, and neuromuscular hyperactivity, including hyperreflexia and inducible clonus, strongly supports the diagnosis. The rapid onset within hours after exposure further distinguishes serotonin syndrome from other conditions.

Anticholinergic toxicity

is incorrect because it typically presents with fever, agitation, flushed dry skin, dry mucous membranes, urinary retention, and dilated pupils. Although this patient has fever, agitation, and dilated pupils, the key discriminating features are the neurological signs: he has hyperreflexia and inducible clonus, which are not seen in anticholinergic toxicity. Instead, anticholinergic poisoning usually causes a global delirium without neuromuscular hyperactivity. The presence of clonus and the history of fluoxetine use make serotonin syndrome much more likely in this scenario.

Cannabis induced psychosis

is incorrect because although cannabis may cause acute agitation, paranoia, and confusion, it does not present with hyperthermia, autonomic instability, or neuromuscular features such as clonus and hyperreflexia. These findings make cannabis an unlikely cause in this scenario.

Cocaine overdose

is incorrect as cocaine intoxication can present with agitation, tachycardia, hyperthermia, and dilated pupils. However, cocaine toxicity does not produce the neuromuscular signs of serotonin syndrome, such as clonus and hyperreflexia, which are key features in this patient.

Neuroleptic malignant syndrome

is incorrect because it is associated with dopamine antagonist use, not SSRIs such as fluoxetine. Furthermore, neuroleptic malignant syndrome is characterised by lead-pipe rigidity and hyporeflexia, whereas this patient demonstrates clonus and hyperreflexia, making NMS unlikely."
15,"A 37-year-old patient presents following ingestion of a significant number of paracetamol tablets. She also consumed a large volume of vodka with the tablets; she denies regular alcohol intake otherwise. The patient does not smoke.

Her past medical history includes trigeminal neuralgia and chronic knee pain, for which she takes carbamazepine and codeine; she is currently completing a course of amoxicillin for a recent chest infection. She also mentions taking over-the-counter supplements, including St John's Wort.

What may be protective, rather than toxic?","[""Alcohol"", ""Amoxicillin"", ""Carbamazepine"", ""Codeine"", ""St John's Wort""]",Alcohol,0,"Paracetamol overdose: acute alcohol intake is not associated with an increased risk of developing hepatotoxicity and may actually be protective

The correct answer is

alcohol

in this scenario - this patient's alcohol intake is acute, not chronic. Acute alcohol intake may actually be protective with regards to paracetamol overdose and hepatotoxicity. Chronic alcohol intake, however, is known to be liver enzyme-inducing and so is thought to increase the risk of developing hepatotoxicity.

Amoxicillin

is not known to affect liver enzymes and has no link to paracetamol overdose and hepatotoxicity, Rifampicin, however, is an example of an enzyme-inducing antibiotic.

Carbamazepine

is a liver enzyme-inducer. As such, it is implicated in increased hepatotoxicity risk in the setting of paracetamol overdose.

Codeine

is not known to increase the risk of hepatotoxicity in paracetamol overdose.

St John's Wort

is another enzyme-inducer. It is therefore also implicated in an increased risk of hepatotoxicity with regards to paracetamol overdose."
16,"A 32-year-old homeless man is brought into the emergency department by his friends after being found unconscious. His friends reported that he had been consuming industrial substances, including anti-freeze.

On arrival, he is unresponsive and has shallow breathing and a strong odour of alcohol. Assessment reveals hypotension, tachycardia and hypothermia.

Treatment with intravenous fluids and fomepizole has been started.

What blood gas finding would be most likely in this patient?","[""Metabolic acidosis with a high anion gap and a high osmolar gap"", ""Metabolic acidosis with a high anion gap and a normal osmolar gap"", ""Metabolic acidosis with a normal anion gap and a high osmolar gap"", ""Metabolic acidosis with a normal anion gap and a normal osmolar gap"", ""Metabolic alkalosis""]",Metabolic acidosis with a high anion gap and a high osmolar gap,0,"Metabolic acidosis with a high anion gap and high osmolar gap is seen in ethylene glycol poisoning

The correct answer is

metabolic acidosis with a high anion gap and a high osmolar gap

. The anion gap represents the difference between the measured cations and anions in your blood; a high anion gap indicates increased acidity in the blood. The osmolar gap is the difference between the measured serum osmolarity and the calculated osmolarity. This clinical presentation, combined with the patient's history of industrial substance consumption, strongly suggests ethylene glycol poisoning. The high osmolar gap occurs because ethylene glycol is an osmotically active substance. When ingested, it increases plasma osmolality. Ethylene glycol metabolism yields toxic by-products such as glycol-aldehyde, glycolic acid and oxalic acid - the metabolites responsible for metabolic acidosis. Finally, the high anion gap metabolic acidosis also results from the accumulation of organic acids, particularly glycolic and oxalic acid, alongside increased lactate production.

A

metabolic acidosis with a high anion gap but a normal osmolar gap

is incorrect. Ethylene glycol itself is an osmotically active substance that, when ingested, increases plasma osmolality. Although this reduces as ethylene glycol is metabolised, the patient's acute symptoms imply that there has not been enough time for this process to be completed.

Metabolic acidosis with a normal anion gap and a high osmolar gap

is incorrect. Toxicity from ethylene glycol typically leads to an increased anion gap due to the accumulation of metabolically active acidic compounds.

Metabolic acidosis with both normal anion and osmolar gaps

is incorrect. Ethylene glycol poisoning results in elevations in both gaps because of substantial levels of osmotically active ethylene glycol and its harmful metabolites.

Metabolic alkalosis

does not fit this clinical scenario; it generally results from issues such as excessive vomiting or diuretic use, which are unrelated to ethylene glycol toxicity."
17,"A 67-year-old man is admitted with a 3-day history of fever, dysuria, and confusion. He has a history of recurrent UTIs and was started on ciprofloxacin 2 days ago by his GP. On examination, he is febrile (38.9°C), hypotensive (BP 85/50 mmHg), and has suprapubic tenderness. Blood cultures grow Gram-negative rods. Despite appropriate fluid resuscitation and continued ciprofloxacin, his condition deteriorates.

What is the most likely explanation for treatment failure?","[""Bacterial DNA gyrase mutation"", ""Bacterial efflux pump activation"", ""Decreased antibiotic absorption due to renal failure"", ""Inadequate antibiotic dosing for sepsis"", ""Metallo-beta-lactamase production""]",Bacterial DNA gyrase mutation,0,"Quinolones (e.g. ciprofloxacin) - inhibits DNA synthesis

Bacterial DNA gyrase mutation

is the correct answer. Ciprofloxacin is a fluoroquinolone antibiotic that works by inhibiting bacterial DNA synthesis through binding to DNA gyrase (topoisomerase II) and topoisomerase IV. These enzymes are essential for bacterial DNA replication, transcription, and repair. Mutations in the genes encoding DNA gyrase (particularly in the gyrA gene) are a common mechanism of quinolone resistance, especially in recurrent UTIs caused by organisms like E. coli. In this scenario, the patient has a history of recurrent UTIs, which increases the likelihood of previous fluoroquinolone exposure and subsequent development of resistance through DNA gyrase mutations. The continued deterioration despite appropriate therapy strongly suggests antimicrobial resistance rather than inadequate treatment.

Bacterial efflux pump activation

is a plausible mechanism of quinolone resistance but is typically a secondary resistance mechanism that confers lower-level resistance compared to target site mutations in DNA gyrase. While efflux pumps can contribute to reduced susceptibility to fluoroquinolones by actively pumping the drug out of bacterial cells, they rarely cause complete treatment failure as the primary mechanism, especially in the context of appropriate dosing. This mechanism is more commonly associated with multidrug resistance rather than specific quinolone resistance.

Decreased antibiotic absorption due to renal failure

is unlikely to be the primary cause of treatment failure in this case. While ciprofloxacin is primarily excreted by the kidneys and dosage adjustments are required in renal impairment, reduced renal function would typically lead to increased, not decreased, drug levels. Additionally, there is no specific mention of renal failure in this patient, and even if present, parenteral administration could overcome absorption issues in a hospitalized patient with sepsis.

Inadequate antibiotic dosing for sepsis

is a consideration in critically ill patients, as altered pharmacokinetics can affect drug distribution and clearance. However, standard doses of ciprofloxacin should be effective against susceptible organisms, and the history of recurrent UTIs with previous antibiotic exposure more strongly suggests resistance as the cause of treatment failure rather than inadequate dosing.

Metallo-beta-lactamase production

is not relevant to quinolone resistance. Metallo-beta-lactamases are enzymes that hydrolyze the beta-lactam ring of antibiotics such as penicillins, cephalosporins, and carbapenems, rendering them ineffective. They do not affect quinolones like ciprofloxacin, which have a completely different structure and mechanism of action. While the patient may have a multidrug-resistant organism, this specific resistance mechanism would not explain failure of quinolone therapy."
18,"A 42-year-old with a 20-year smoking history presents seeking assistance with cessation. He has previously attempted nicotine replacement therapy but experienced significant withdrawal symptoms.

Following the prescription of a pharmacological agent, he reports reduced cravings and improved focus after two weeks. However, he subsequently experiences a generalised tonic-clonic seizure, a known but rare side effect of the medication.

Investigations found no evidence of structural brain disease or metabolic abnormalities.

What is the mechanism of action of the most likely drug prescribed?","[""Combined inhibition of norepinephrine and serotonin reuptake"", ""Dopaminergic receptor partial agonism and glutamate modulation"", ""Inhibition of norepinephrine-dopamine reuptake and antagonism of acetylcholine receptors"", ""Modulation of dopamine transporters and enhancement of serotonergic activity"", ""Selective partial agonism of nicotinic acetylcholine receptors""]",Inhibition of norepinephrine-dopamine reuptake and antagonism of acetylcholine receptors,2,"Bupropion is a norepinephrine-dopamine reuptake inhibitor and nicotinic antagonist

Inhibition of norepinephrine and dopamine reuptake with acetylcholine receptor antagonism

is correct because this dual mechanism aligns with bupropion, a well-established treatment for smoking cessation. The patient's reduced cravings and improved concentration after two weeks reflect enhanced dopamine and norepinephrine signalling, which alleviates withdrawal symptoms and boosts focus. Additionally, bupropion's antagonism of nicotinic acetylcholine receptors disrupts the reinforcing effects of nicotine, further aiding smoking cessation. The temporal association between initiating bupropion and the subsequent seizure is consistent with its known adverse effects, as bupropion lowers the seizure threshold. This presentation, in the absence of structural brain disease or metabolic abnormalities, supports the conclusion that the seizure was medication-induced.

Combined inhibition of norepinephrine and serotonin reuptake

is incorrect because this mechanism describes serotonin-norepinephrine reuptake inhibitors (SNRIs), such as venlafaxine or duloxetine. While SNRIs can improve mood and reduce anxiety, they do not affect dopamine reuptake or nicotinic acetylcholine receptors, which are key targets in smoking cessation therapy. The patient experienced reduced cravings and improved concentration, suggesting modulation of dopamine pathways, a feature not attributable to SNRIs. Furthermore, the development of a generalized tonic-clonic seizure is not a known side effect of SNRIs, making this mechanism unlikely in the context of this case.

Dopaminergic receptor partial agonism and glutamate modulation

is incorrect because this mechanism is characteristic of drugs like aripiprazole or other atypical antipsychotics. While such agents partially agonise dopamine receptors and modulate glutamatergic activity, they have no direct effect on nicotinic receptors or norepinephrine-dopamine reuptake, which are pivotal in addressing nicotine dependence. The patient's rapid reduction in cravings and improvement in focus align more closely with dopamine reuptake inhibition rather than partial receptor agonism. Additionally, atypical antipsychotics are not associated with a significant risk of seizures, unlike the prescribed medication in this scenario.

Modulation of dopamine transporters and enhancement of serotonergic activity

is incorrect because this mechanism aligns with drugs like amphetamines or MDMA, which elevate dopamine and serotonin levels. While these agents can transiently improve focus and energy, they are not indicated for smoking cessation and do not interact with nicotinic acetylcholine receptors, a critical target for nicotine dependence. The patient's described response, including sustained reductions in cravings and withdrawal symptoms, is not explained by this mechanism.

Selective partial agonism of nicotinic acetylcholine receptors

is incorrect because this describes varenicline, another effective smoking cessation agent. Varenicline works by partially activating nicotinic receptors, reducing cravings and withdrawal symptoms while mitigating the rewarding effects of nicotine. However, unlike bupropion, varenicline does not inhibit dopamine or norepinephrine reuptake and lacks the mood-enhancing properties seen in this patient, such as improved focus and reduced cravings. Importantly, varenicline is not associated with a significant risk of seizures, which further differentiates it from the prescribed medication in this case."
19,A woman who is about to commence trastuzumab treatment for breast cancer has an echocardiogram. Which class of chemotherapeutic agent would predispose her to developing cardiac dysfunction?,"[""Vinca alkaloids"", ""Platinum-based compounds"", ""Anthracyclines"", ""Taxanes"", ""Topoisomerase I inhibitors""]",Anthracyclines,2,
20,"A 70-year-old man with well-controlled type 2 diabetes presents with a red and weeping foot ulcer on his right heel. His past medical history includes glucose-6-phosphate dehydrogenase (G6PD) deficiency, well-controlled asthma with a short-acting beta-agonist (SABA) and takes insulin for his diabetes.

On examination there is a lack of sensation in a glove-and-stocking distribution and the right heel ulcer is erythematous with a 3cm spread from the suppurative superficial ulcer. He is apyrexial and stable on routine observations.

A swab is taken from the ulcer and this shows a growth of Staphylococcus aureus which is sensitive to ciprofloxacin, levofloxacin, ofloxacin, clindamycin and trimethoprim.

What antibiotic should be prescribed?","[""Ciprofloxacin"", ""Clindamycin"", ""Co-trimoxazole"", ""Levofloxacin"", ""Ofloxacin""]",Clindamycin,1,"Ciprofloxacin is contraindicated in G6PD deficiency

Clindamycin is the correct answer as the moderate diabetic foot ulcer described above is sensitive to clindamycin and this antibiotic has good tissue penetration. This antibiotic has been reported as safe to use in cases of G6PD deficiency, but caution of development of colitis with clindamycin should be advised.

Ciprofloxacin, co-trimoxazole (which contains trimethoprim and sulfamethoxazole), levofloxacin and ofloxacin are incorrect options as these have all been implicated in inducing states of haemolytic anaemia in patients with G6PD deficiency."
21,"A 53-year-old man with a 7-year history of bipolar disorder, who is maintained on long-term medication, presents to the emergency department with progressive confusion, coarse tremor, and an unsteady gait. His son mentions that he recently began taking ibuprofen for knee pain.

On examination, he exhibits slurred speech, hyperreflexia, and ataxia. His vital signs are: blood pressure 118/72 mmHg, heart rate 96 bpm, temperature 37.0ºC, and oxygen saturation 98% on room air.

What is the single most appropriate initial management for this patient?","[""Haemodialysis"", ""IV benzodiazepines"", ""IV calcium gluconate"", ""IV normal saline infusion"", ""Oral activated charcoal""]",IV normal saline infusion,3,"Lithium toxicity: IV saline is the first-line treatment

IV normal saline infusion

is correct. This patient with a history of bipolar disorder presents with progressive confusion, coarse tremor, and ataxia, consistent with lithium toxicity precipitated by ibuprofen use. Lithium is renally excreted and handled like sodium in the proximal tubule. IV isotonic saline expands intravascular volume, restores renal perfusion, and reduces proximal tubular reabsorption of lithium, thereby enhancing clearance. As the patient is symptomatic but haemodynamically stable, IV saline represents the most appropriate initial management.

Haemodialysis

is incorrect because it is reserved for severe or life-threatening toxicity, such as coma, seizures, refractory arrhythmias, or renal failure. While dialysis rapidly removes lithium due to its low molecular weight and lack of protein binding, this intervention is not indicated in a stable patient who can be managed with fluid resuscitation.

IV benzodiazepines

are incorrect because they have no role in clearing lithium from the body. They may be useful in controlling lithium-induced seizures or severe agitation, but this patient is not seizing. Treating the underlying cause of neurotoxicity requires enhancing lithium elimination, not sedation.

IV calcium gluconate

is incorrect because it is used to stabilise cardiac membranes in the setting of hyperkalaemia or calcium channel blocker overdose. Lithium toxicity does not cause transmembrane potassium shifts or ECG instability amenable to this therapy, so it has no mechanistic role here.

Oral activated charcoal

is incorrect because lithium is a small monovalent cation that does not adsorb to charcoal. Charcoal is useful in many toxin ingestions but has no effect in lithium poisoning, which is driven by impaired renal elimination rather than gastrointestinal absorption."
22,"You are working in oncology. You are reviewing a 55-year-old woman in clinic with Stage IVb metastatic melanoma. Her disease has spread to her liver, lungs and her brain. Her BRAF status is negative. She has been treated with a combination of nivolumab and ipilimumab for the last four months with a good response. Her recent re-staging CT scan showed no new sites of disease and a good reduction in tumour size. However in the last four weeks she has felt particularly low in mood and complains that she often feels fatigued and lacking energy. She has also complained of a vague intermittent abdominal discomfort. What would be your first investigation?","[""Thyroid function tests"", ""Screen the patient for depression"", ""MRI of the brain"", ""Synacthen test"", ""CT of the abdomen and pelvis""]",Thyroid function tests,0,
23,"A 31-year-old man is diagnosed with pulmonary tuberculosis. He is commenced on rifampicin, isoniazid, pyrazinamide and ethambutol. Two months after commencing treatment routine liver function tests show the following:


Bilirubin	29 µmol/l
ALP	179 u/l
ALT	163 u/l
γGT	219 u/l
Albumin	39 g/l

Which one of the following factors is most likely to increase his risk of isoniazid toxicity?","[""Concurrent use of lanzoprazole"", ""Male gender"", ""Acetylator status"", ""Amount of aldehyde dehydrogenase"", ""Chronic kidney disease stage 3""]",Acetylator status,2,
24,"A 24-year-old woman, G1P0, at 32 weeks gestation presents to the maternity assessment unit with a 4-hour history of regular, painful uterine contractions. On examination, her heart rate is 115 bpm and blood pressure is 148/96 mmHg. The cervix is 3cm dilated and 80% effaced. The fetal heart rate is reassuring on cardiotocography.

Which of the following is the most likely contributing factor to her presentation?","[""Maternal diabetes mellitus"", ""Cocaine use"", ""Lithium therapy"", ""Smoking"", ""ACE inhibitor use""]",Cocaine use,1,"Cocaine can induce preterm labour

Cocaine use

is the correct answer. This patient is presenting with preterm labour, confirmed by cervical changes on examination. The presence of maternal tachycardia and hypertension are key features. Cocaine is a potent sympathomimetic agent that causes significant vasoconstriction and uterine hyperstimulation. This can directly trigger uterine contractions and lead to preterm labour. It also increases the risk of placental abruption, which can present similarly. The combination of preterm labour with signs of sympathetic overdrive (tachycardia and hypertension) makes recent cocaine use the most unifying diagnosis for this clinical picture. The patient's pain and anxiety could contribute to these vital signs, but cocaine provides a direct pathophysiological link to both the preterm labour and the haemodynamic instability.

Maternal diabetes mellitus

is a significant risk factor for preterm labour. This is often mediated through associated complications such as polyhydramnios (which causes uterine overdistension) or pre-eclampsia. However, there is nothing in the clinical scenario to specifically suggest a diagnosis of diabetes. Furthermore, while pre-eclampsia associated with diabetes could cause hypertension, it would not typically explain the maternal tachycardia to this degree in the absence of other features like hypovolaemia.

Lithium therapy

is a plausible option as it is a medication that requires careful management in pregnancy. Its primary teratogenic risk is causing Ebstein's anomaly, a congenital heart defect affecting the tricuspid valve. While any underlying maternal mental health condition requiring lithium could be associated with adverse pregnancy outcomes, lithium itself is not a recognised direct cause of preterm labour or the sympathomimetic signs observed in this patient.

Smoking

is a well-established and common risk factor for several adverse pregnancy outcomes, including preterm labour and intrauterine growth restriction. While it is a plausible contributor to preterm labour in the general population, it does not explain the acute maternal tachycardia and hypertension. The clinical picture is more suggestive of an acute pharmacological trigger rather than the chronic, cumulative risk associated with smoking.

ACE inhibitor use

is incorrect. Angiotensin-converting enzyme (ACE) inhibitors are contraindicated in the second and third trimesters of pregnancy due to a high risk of fetal complications, including renal dysgenesis, oligohydramnios, and craniofacial abnormalities. They are used to treat hypertension, so their use would be expected to lower, not raise, the blood pressure. They are not associated with causing preterm labour."
25,"A 35-year-old man presents to the emergency department after a night out, having taken an unknown substance. He is known to have a history of depression.

On examination his Glasgow coma scale (GCS) is 13/15, pupils are dilated and divergent. He is tachycardic with a heart rate of 110/min, his blood pressure is 124/70mmHg. His ECG shows sinus rhythm, with a lengthened QTc duration of 480msec. He is dry to the touch.

Which substance is he most likely to have ingested?","[""Cocaine"", ""Sertraline"", ""Diazepam"", ""Amitriptyline"", ""MDMA""]",Amitriptyline,3,
26,"A 21-year-old man is brought to the Emergency Department following a house fire.

On examination, the patient appears confused and there are singe marks around the patient's mouth and nares. The patient complains of a headache and vomits undigested food into a sick bowl at the bedside. His peripheral oxygen saturations are 95% on room air.


pO2	10.3kPa	(10-14)
pCO2	6.2kPa	(4.5-6)
Carboxyhaemoglobin	30%	(< 2%)
pH	7.35	(7.35-7.45)

What is the most appropriate initial therapy?","[""100% high-flow oxygen"", ""Ascorbic acid"", ""Hydroxocobalamin"", ""Hyperbaric oxygen therapy"", ""Methylene blue""]",100% high-flow oxygen,0,"Carbon monoxide poisoning: 100% high-flow oxygen is the first-line treatment

100% high-flow oxygen

is the correct answer. This patient is experiencing severe carbon monoxide poisoning after exposure to a housing fire, with classical features of confusion, headache, and vomiting. Serum carboxyhaemoglobin concentrations of 30% indicate severe toxicity. The first-line treatment is 100% high-flow oxygen via a 15L non-rebreather face mask, with target oxygen saturations of 100%. High-flow oxygen decreases the half-life of carboxyhaemoglobin and increases the carriage of oxygen to respiring tissues.

Ascorbic acid

is incorrect. Ascorbic acid is used to treat vitamin C deficiency. It plays no role in the management of carbon monoxide poisoning,

Hydroxocobalamin

is incorrect. Hydroxocobalamin is used to treat cyanide poisoning, which should also be suspected in patients with neuropsychiatric disturbances following house/industrial fires. This patient has documented severe carbon monoxide toxicity, thus high-flow oxygen is a more appropriate initial treatment option.

Hyperbaric oxygen therapy

is incorrect. In cases of severe carbon monoxide poisoning that are refractory to first-line measures, hyperbaric oxygen therapy may be considered if advised by expert opinion. It would not be an appropriate initial treatment for this patient, who has not yet been given high-flow oxygen.

Methylene blue

is incorrect. Methylene blue is used to treat methaemoglobinaemia and plays no role in the management of carbon monoxide poisoning."
27,"A 45-year-old laboratory technician presents to the emergency department after collapsing suddenly at work. Colleagues report that he had been working with industrial chemicals before the collapse.

On examination, the man is confused and exhibits deep, gasping respirations; his skin is flushed, and his breath has a distinct bitter almond odour. His oxygen saturation reads 98% on room air.

What best explains this patient's clinical presentation?","[""Binding to hemoglobin with high affinity, reducing oxygen delivery"", ""Inhibition of cytochrome c oxidase with pulmonary irritation"", ""Inhibition of cytochrome c oxidase, preventing oxidative phosphorylation"", ""Oxidation of ferrous iron in hemoglobin, impairing oxygen release"", ""Systemic inflammatory response with mitochondrial dysfunction""]","Inhibition of cytochrome c oxidase, preventing oxidative phosphorylation",2,"Cyanide inhibits the enzyme cytochrome c oxidase, resulting in cessation of the mitochondrial electron transfer chain

Inhibition of cytochrome c oxidase, preventing oxidative phosphorylation

is correct because the industrial exposure, sudden collapse, deep gasping respirations (Kussmaul breathing due to acidosis), flushed skin, and the characteristic bitter almond odour are key features of cyanide toxicity. Cyanide halts mitochondrial respiration by binding to cytochrome c oxidase (complex IV) in the electron transport chain, preventing cells from using oxygen. This leads to cellular hypoxia and a shift to anaerobic metabolism, resulting in severe lactic acidosis despite normal oxygen levels in the blood.  Treatment involves hydroxocobalamin, which binds cyanide to form a non-toxic complex, or sodium thiosulfate, which enhances cyanide detoxification.

Binding to haemoglobin with high affinity and reducing oxygen delivery

is incorrect because this describes carbon monoxide (CO) poisoning, which prevents oxygen from binding to haemoglobin by forming carboxyhemoglobin. While CO poisoning leads to hypoxia, it typically presents with headache, dizziness, confusion, and falsely normal or elevated SpO₂ due to the absorption characteristics of carboxyhemoglobin. Unlike cyanide toxicity, it does not cause profound lactic acidosis or a bitter almond odour.

Inhibition of cytochrome c oxidase with pulmonary irritation

is incorrect because this describes hydrogen sulfide (H₂S) poisoning, which also disrupts oxidative phosphorylation but primarily affects the respiratory system. It causes immediate respiratory failure, pulmonary oedema, and a characteristic rotten egg odour. Unlike cyanide, H₂S exposure is more common in sewer workers and those exposed to organic material decomposition.

Oxidation of ferrous iron in haemoglobin, impairing oxygen release

is incorrect because this describes methemoglobinemia, where iron in haemoglobin is oxidised to the ferric (Fe³⁺) state, reducing oxygen delivery to tissues. This leads to cyanosis, chocolate-coloured blood, and a falsely low SpO₂ reading that does not improve with supplemental oxygen. However, this patient's oxygen saturation is normal, making methemoglobinemia unlikely.

Systemic inflammatory response with mitochondrial dysfunction

is incorrect because while sepsis and lactic acidosis can cause shock and metabolic failure, they typically present with fever, tachycardia, and an identifiable source of infection. The sudden onset, chemical exposure, and distinctive odour in this case strongly indicate a toxic aetiology rather than an infectious one."
28,A 55-year-old diabetic man presents to clinic concerned about erectile dysfunction. What is the mechanism of action of sildenafil?,"[""Phosphodiesterase type V inhibitor"", ""Nitric oxide synthetase inhibitor"", ""Nitric oxide donor"", ""Non-selective phosphodiesterase inhibitor"", ""Phosphodiesterase type IV inhibitor""]",Phosphodiesterase type V inhibitor,0,"Sildenafil - phosphodiesterase type V inhibitor

The correct answer is

Phosphodiesterase type V inhibitor

. Sildenafil, sold under the brand name Viagra, works by inhibiting an enzyme called phosphodiesterase type V (PDE5). PDE5 breaks down a substance known as cyclic guanosine monophosphate (cGMP), which is responsible for relaxing smooth muscle and increasing blood flow in the penis. By inhibiting PDE5, sildenafil prolongs the action of cGMP, thereby enhancing erectile function.

The option

Nitric oxide synthetase inhibitor

is incorrect. Nitric oxide synthetase is an enzyme that produces nitric oxide (NO), a molecule that plays a crucial role in initiating and maintaining an erection by stimulating the production of cGMP. Inhibiting this enzyme would therefore likely contribute to erectile dysfunction rather than treat it.

The option

Nitric oxide donor

is also incorrect. While it's true that NO plays a key role in erectile function, sildenafil does not work by donating NO directly. Rather, it enhances the action of cGMP, which is stimulated by NO.

Non-selective phosphodiesterase inhibitor

is another incorrect answer. While sildenafil does inhibit a type of phosphodiesterase enzyme, it specifically targets PDE5 found predominantly in the corpus cavernosum of the penis. Non-selective phosphodiesterase inhibitors can affect other types of PDE enzymes present in different tissues leading to varied side effects.

Lastly,

Phosphodiesterase type IV inhibitor

is not correct either. Phosphodiesterase type IV inhibitors are used mainly for treating inflammatory diseases like asthma and COPD as they reduce inflammation by elevating levels of cAMP in immune cells. They have no known effect on erectile function."
29,A 45-year-old man is started on ciclosporin following a renal transplant. Which one of the following adverse effects is most likely to occur?,"[""Depression"", ""Increased risk of ischaemic heart disease"", ""Pulmonary fibrosis"", ""Optic neuritis"", ""Nephrotoxicity""]",Nephrotoxicity,4,"Ciclosporin may cause nephrotoxicity

The correct answer is

nephrotoxicity

. Ciclosporin, an immunosuppressant drug used to prevent organ rejection in transplant patients, can lead to nephrotoxicity. This is a common adverse effect and a significant cause of morbidity in patients on long-term therapy. The mechanism involves vasoconstriction of the afferent arteriole of the glomerulus, leading to reduced renal blood flow and glomerular filtration rate. Regular monitoring of renal function is essential during ciclosporin therapy.

Depression

is not typically associated with ciclosporin use. While depression can occur in post-transplant patients due to various factors such as changes in body image, fear of graft rejection, or adjustment to chronic illness, it isn't directly linked to the use of ciclosporin.

An

increased risk of ischaemic heart disease

can be seen in transplant patients due to various reasons including pre-existing conditions, side effects from other medications like corticosteroids (which increase cardiovascular risk), or lifestyle factors. However, this isn't specifically linked with ciclosporin usage.

Pulmonary fibrosis

is not a recognised adverse effect of ciclosporin. Pulmonary complications are more commonly associated with drugs like amiodarone or bleomycin.

Finally,

optic neuritis

, inflammation of the optic nerve causing pain and loss of vision, has not been reported as a direct adverse effect of ciclosporin use. It's more commonly associated with diseases like multiple sclerosis or systemic lupus erythematosus and certain medications like ethambutol or linezolid."
30,"A 21-year-old patient with long-term pins and needles in both hands and a protruded lower jaw develops right upper quadrant pain after being started on a new medication for his condition, which medications acting on his endocrine system is responsible for this adverse effect?","[""Octreotide"", ""Bromocriptine"", ""Desmopressin"", ""Metformin"", ""Levothyroxine""]",Octreotide,0,"Biliary stasis and subsequently gallstones is a common adverse effect of octerotide

Octreotide is a somatostatin analogue, which is known to inhibit hepatic bile secretion and gallbladder emptying leading to biliary stasis and subsequently an increased risk of developing gallstones.

Bromocriptine - a dopamine agonist with side effects arising from its stimulation of the brain vomiting centre

Desmopressin - predominantly used in patients with diabetes insipidus by increasing the presence of aquaporin channels in the distal collecting duct to increase water reabsorption from the kidneys. Main side effects include headache and facial flushing due to hypertension.

Metformin  - mainly reduces hepatic gluconeogenesis in patients with type 2 diabetes, common side effects include diarrhoea, vomiting and lactic acidosis

Levothyroxine - synthetic thyroxine used in patients with hypothyroidism, common side effects result from incorrect dosing and mimic the symptoms of hyperthyroidism."
31,A 49-year-old homeless man is admitted to the ITU after drinking a large quantity of methanol. Treatment with fomepizole is started. What is the mechanism of action of fomepizole?,"[""Chelates methanol"", ""Competitive inhibition of alcohol dehydrogenase"", ""Converts methanol to ethanol"", ""Competitive inhibition of aldehyde dehydrogenase"", ""Formaldehyde dehydrogenase inhibitor""]",Competitive inhibition of alcohol dehydrogenase,1,"Fomepizole - used in ethylene glycol and methanol poisoning - competitive inhibitor of alcohol dehydrogenase

The correct answer is

Competitive inhibition of alcohol dehydrogenase

. Fomepizole, also known as 4-methylpyrazole, works by competitively inhibiting the enzyme alcohol dehydrogenase. This enzyme is critical in the metabolism of both ethanol and methanol. By inhibiting this enzyme, fomepizole prevents the conversion of methanol to its toxic metabolites, formaldehyde and formic acid, thereby reducing toxicity and preventing further damage.

The first incorrect option is

Chelates methanol

. Chelation is a process where a substance binds to metals, often used in the treatment of heavy metal poisoning such as lead or iron poisoning. It has no role in the management of methanol poisoning because methanol does not contain any metals that could be chelated.

The second incorrect option is

Converts methanol to ethanol

. While it's true that giving ethanol can be part of the management for methanol poisoning due to its competitive inhibition on alcohol dehydrogenase (which reduces the conversion of methanol into toxic metabolites), fomepizole itself does not convert methanol to ethanol.

Competitive inhibition of aldehyde dehydrogenase

is another incorrect answer. Aldehyde dehydrogenase is an enzyme involved in alcohol metabolism but it acts later in the metabolic pathway after alcohol dehydrogenase. Inhibiting this enzyme would lead to the accumulation of acetaldehyde which causes symptoms seen in disulfiram-like reactions such as flushing, tachycardia and vomiting.

Finally,

Formaldehyde dehydrogenase inhibitor

is also incorrect. Formaldehyde dehydrogenase helps in converting formaldehyde to formate during the metabolism of methanol but it's not targeted by fomepizole. Moreover, inhibiting this enzyme could potentially increase levels of formaldehyde which is highly toxic."
32,"A 60-year-old man presents to his GP with symptoms of increased urinary frequency and a poor stream. Following investigations, cancer of the prostate is excluded and a diagnosis of benign prostatic hyperplasia is confirmed.

He is intolerant to tamsulosin, but a trial of doxazosin is agreed upon. Prior to starting this trial, the patient is advised about possible side effects including orthostatic hypotension and erectile dysfunction.

This medication exerts its effects through antagonism of which receptor?","[""Alpha-1"", ""Beta-2"", ""Alpha-2"", ""Mixed alpha and beta"", ""Non-selective alpha""]",Alpha-1,0,"Doxazosin - alpha-1 antagonist

Doxazosin is a selective

alpha-1

adrenergic blocker in the quinazoline class of compounds and is mainly used in the management of benign prostatic hyperplasia (BPH) but may also be used as an anti-hypertensive agent. By blocking the alpha receptor, doxazosin relaxes the smooth muscle in the bladder, helping the flow of urine and reducing the discomfort caused by the bladder pressing on the prostate. Selective alpha-1 blockers are better tolerated when compared to non-selective alternatives and therefore are preferred in BPH.

Alpha-2

receptor antagonists currently have very limited medical use and are mainly used in research. Yohimbine is an example of this type of blocker which traditionally was used as an aphrodisiac and occasionally for the reversal of alpha 2 medications such as medetomidine used as sedatives during surgery.

Carvedilol and labetalol are examples of

mixed alpha and beta receptor antagonists

primarily used in cardiac conditions such as congestive heart failure and to lower blood pressure. They are thought to cause vascular dilation.

Non-selective alpha-adrenergic

blockers include phenoxybenzamine, which may be used as an antihypertensive but more specifically is used in patients with pheochromocytoma. They were originally used in managing BPH but are now rarely used for this condition due to their side effect profile."
33,"A 19-year-old student is brought to the emergency department by his flatmates as he has been vomiting profusely and has a headache. It started a few hours after he drank some alcohol he had brewed in his bedroom.

On examination, his observations are within normal limits, but he is noted to be ataxic.

His blood tests are shown below:


pH	7.31	(7.35-7.45)
pCO 2	6.1kPa	(4.6-6.4)
PO 2	13.8kPa	(11.0-14.4)
Na+	137mmol/L	(136-145)
K+	5.0mmol/L	(3.5-5.1)
Cl-	101mmol/L	(98-107)
HCO3-	19.0mmol/L	(23-33)
Serum osmolality	305mmol/Kg	(275-295)
Urea	3.0mmol/L	(2.0 - 7.0)
Creatinine	66µmol/L	(55 - 120)
Glucose	4.0mmol/L	(< 7)
Lactate	0.8mmol/L	(< 2)

What is the most appropriate next step?","[""Arrange urgent haemodialysis"", ""Give flumazenil"", ""Give fomepizole"", ""Give glucagon"", ""Give hydroxocobalamin""]",Give fomepizole,2,"Fomepizole - used in ethylene glycol and methanol poisoning - competitive inhibitor of alcohol dehydrogenase

Give fomepizole

is correct. Although there is not much history available in this case, analysis of the available results reveals a metabolic acidosis with a raised anion gap (22mmol/L), as calculated by the equation (Na+ + K+) – (Cl- + HCO 3-). Calculating the osmolar gap (the difference between the measured osmolality and the calculated serum osmolality) gives a result of 24, which is raised (normal osmolar gap should be less than 10). Serum osmolality can be calculated by the equation (2 x Na+ )+ glucose + urea. The raised osmolar gap suggests the presence of an osmotically active particle, such as methanol or ethylene glycol, in the circulation. Although it is not clear from the story exactly what has happened to this patient, the implication is that he has consumed methanol produced during the incorrect distilling of his alcoholic beverages.

Arrange urgent haemodialysis

is incorrect. The blood results reveal a metabolic acidosis with a raised anion gap and a raised osmolar gap. This narrows down the differential diagnoses significantly despite the unclear clinical history. Possibilities with these results in mind include methanol or ethylene glycol poisoning. The initial treatment for these is fomepizole. Haemodialysis is indicated in patients with severe acidosis (pH less than 7.25), presence of visual disturbances, acute kidney injury, rapid clinical deterioration, or if there are signs of severe toxicity (such as seizures, respiratory distress, hypotension, or a decrease in GCS).

Give flumazenil

is incorrect. Flumazenil is the antidote to benzodiazepine overdose. Benzodiazepine overdose would not produce a metabolic acidosis with a raised anion gap or a raised osmolar gap and hence is unlikely in this scenario.

Give glucagon

is incorrect. Glucagon is used in cases of beta-blocker overdose or severe hypoglycaemia. The glucose level is normal, so hypoglycaemia is unlikely. The blood results show metabolic acidosis with a raised anion and osmolar gaps. Beta-blocker overdose would not cause this. It should be noted that severe poisoning with beta-blockers can cause cardiovascular collapse and lead to lactic acidosis. However, this patient is described as having normal observations, which makes this unlikely. There are, therefore, no indications for glucagon in this patient.

Give hydroxocobalamin

is incorrect. Hydroxocobalamin is the antidote to cyanide poisoning. Cyanide poisoning inhibits aerobic respiration, leading to anaerobic respiration and a resultant increase in the plasma lactate. The normal lactate in this question makes cyanide poisoning very unlikely - this answer is therefore incorrect."
34,"A 49-year-old woman with a background of asthma presents to the Emergency pain with left-sided flank pain, dysuria and fever.

Her blood test results are as follows:


WBC	14.9 * 109/L	(4.0 - 11.0)
Urea	6.9 mmol/L	(2.0 - 7.0)
Creatinine	99 µmol/L	(55 - 120)
CRP	147 mg/L	(< 5)

She is prescribed a 5 day course of gentamicin for suspected pyelonephritis.

Four days after her presentation, her urine output is noted to have decreased, in spite of overall clinical improvement.

Repeat blood tests are as follows:


Urea	14.2 mmol/L	(2.0 - 7.0)
Creatinine	187 µmol/L	(55 - 120)

What is the most likely mechanism underlying her deterioration in renal function?","[""Acute interstitial nephritis"", ""Acute tubular necrosis"", ""Cortical necrosis"", ""Glomerulonephritis"", ""Pre-renal acute kidney injury""]",Acute tubular necrosis,1,"Aminoglycoside nephrotoxicity is secondary to tubular necrosis

Acute tubular necrosis

is the correct answer. The fact that this patient has improved clinically but has experienced a decline in renal function is more suggestive of intrinsic renal damage than a pre-renal insult due to sepsis. In this situation, the culprit is therapy with gentamicin - an aminoglycoside antibiotic that is potentially nephrotoxic. The mechanism of aminoglycoside nephrotoxicity is via acute tubular necrosis.

Acute interstitial nephritis

is incorrect. Acute interstitial nephritis classically presents as a deterioration in renal function, together with a rash and eosinophilia. It is often medication-induced, but tends to be caused by non-steroidal anti-inflammatory drugs (NSAIDs), allopurinol and other antibiotics, such as beta-lactams, rather than aminoglycosides.

Cortical necrosis

is a rare cause of acute kidney injury caused by renal vascular spasm and microvascular injury. It frequently occurs in pregnancy, and may progress from acute tubular necrosis, but is not the most common mechanism of aminoglycoside nephrotoxicity.

Glomerulonephritis

is incorrect. Whilst glomerulonephritis has a myriad of different causes, it tends to be caused by prolonged exposure to nephrotoxic drugs such as NSAIDs and gold. It is not commonly associated with brief exposure to aminoglycosides.

Pre-renal acute kidney injury

is incorrect. Whilst patients who are septic with pyelonephritis can sustain pre-renal acute kidney injuries from hypotension and renal hypoperfusion, this is not suggested by this vignette, where renal function has deteriorated in spite of clinical improvement."
35,"A 42-year-old man presents with an episode of central tight chest pain which radiates to his left arm. He admits to consuming large quantities of cocaine the previous day.

Blood results are as follows:


Troponin T	246 ng/l	(<14)

The following investigations are performed:


Electrocardiogram (ECG)	Marked ST depression in V1 - V4

You start the patient on aspirin, ticagrelor and GTN.

What additional treatment is required?","[""Bisoprolol"", ""Midazolam"", ""Phentolamine"", ""Sodium nitroprusside"", ""Verapamil""]",Midazolam,1,"Patients with MI secondary to cocaine use should be given IV benzodiazepines as part of acute (ACS) treatment

Midazolam

is correct.  Benzodiazepines (BDZ) reduce central nervous stimulation and decreases sympathetic out-flow due to cocaine toxicity. Reduction in hypertension and tachycardia will decrease myocardial oxygen demand.

Bisoprolol

is incorrect. Beta-blockers should not be administered to patients with myocardial infarction (MI) precipitated by cocaine use because of the risk of exacerbating coronary spasm.

Phentolamine

is incorrect. There are anecdotal reports about the safety and efficacy of phentolamine, an α-antagonist, for the treatment of cocaine-associated ACS. However, there is better quality evidence to suggest the use of a BDZ first line.

Sodium nitroprusside

is incorrect. This agent can be used to treat hypertension associated with cocaine toxicity.

Verapamil

is incorrect. The role of calcium channel blockers for the treatment of cocaine-associated chest pain has not been well defined. Calcium channel blockers should not be used as a first-line treatment but may be considered for patients who do not respond to benzodiazepines and nitroglycerin."
36,"A 68-year-old farmer is brought to the emergency department, complaining of abdominal pain and difficulty breathing. He has vomited twice and was found to be doubly incontinent with diarrhoea and urine. His drug history is atorvastatin, metformin, ramipril, and sertraline. He reports ingestion of a pesticide.

Examination findings are excessive respiratory secretions and hypersalivation, miosis, wheeze, blood pressure 94/52 mmHg, heart rate 52 beats per minute, respiratory rate 12 breaths per minute, and oxygen saturation of 84%.

What is the first antidote he should receive?","[""Adrenaline"", ""Atropine"", ""Diazepam"", ""Methylene blue"", ""Pralidoxime""]",Atropine,1,"Organophosphate insecticide - atropine

Atropine

is the most important antidote in organophosphate poisoning. It competitively limits cholinergic activation, therefore, requires up-titration of the dose until the respiratory signs and symptoms improve.

Adrenaline

is sometimes used in the situation of a poor response to high-dose atropine, but there is a limited body of evidence supporting this use.

Diazepam

is only useful for this patient prophylactically as it has been shown to minimise neurocognitive dysfunction. However, it would not be life-saving in this situation given this patient is not actively seizing and his respiratory status requires treatment with atropine.

Methylene blue

is used for severe methemoglobinemia. The history and examination findings do not provide any evidence of methemoglobinemia nor any related exposures.

Pralidoxime

reactivates cholinesterase and was thought to be effective in organophosphate poisoning. However, evidence supporting its use is lacking. Atropine remains the most important treatment option."
37,A 65-year-old man with a history of ischaemic heart disease is admitted with chest pain. The 12-hour troponin T is negative. During admission his medications were altered to reduce the risk of cardiovascular disease and to treat previously undiagnosed type 2 diabetes mellitus. Shortly after discharge he presents to his GP complaining of diarrhoea. Which one of the following medications is most likely to be responsible?,"[""Gliclazide"", ""Clopidogrel"", ""Rosiglitazone"", ""Metformin"", ""Atorvastatin""]",Metformin,3,"Gastrointestinal side-effects such as diarrhoea and bloating are a common side effect with metformin

Gastrointestinal problems are a common side-effect of many medications but are frequently seen in patients taking metformin

If this patient had a raised troponin T then metformin may not be suitable as it is contraindicated following recent episodes of tissue hypoxia."
38,"A 43-year-old male presents to the Emergency Department after being found at home drowsy and unresponsive. His only regular medication is citalopram. The following arterial blood gas is obtained on arrival.


pH	7.20 kPa
pCO2	3.4 kPa
pO2	13.0 kPa
Anion gap	24 mmol/l
Lactate	2.1 mmol/l
Glucose	5.6 mmol/l

(normal range anion gap: 12-16 mmol/l)

Both ethanol and paracetamol levels are normal.

Which of the following is the most appropriate treatment?","[""Flumazenil"", ""Naloxone"", ""Ethanol"", ""Insulin infusion"", ""N-acetylcysteine""]",Ethanol,2,
39,Which one of the following adverse effects is most likely to be seen in patients taking ciclosporin?,"[""Hypertension"", ""Hypokalaemia"", ""Alopecia"", ""Dehydration"", ""Atrophy of the gums""]",Hypertension,0,"Ciclosporin side-effects: everything is increased - fluid, BP, K

The correct answer is

Hypertension

. Ciclosporin, an immunosuppressant drug used in organ transplantation to prevent rejection, is known to cause hypertension as a common adverse effect. This occurs due to the drug's ability to constrict blood vessels and increase sodium reabsorption in the renal tubules, leading to fluid retention and subsequently elevated blood pressure.

Hypokalaemia

is not typically associated with ciclosporin use. Hypokalaemia refers to low potassium levels in the blood, which can be caused by a variety of conditions or medications such as diuretics, but not commonly by ciclosporin.

Alopecia

, or hair loss, while a side effect of some medications, is not a typical adverse effect of ciclosporin. In fact, ciclosporin has been shown in some studies to stimulate hair growth rather than cause alopecia.

The option

Dehydration

is incorrect because ciclosporin does not typically lead to dehydration. On the contrary, it may cause fluid retention due to its impact on sodium reabsorption in the kidneys.

Finally,

Atrophy of the gums

is also not a typical side effect of ciclosporin. However, gingival hyperplasia (enlargement of the gums) can occur with chronic use of this medication. It's crucial for patients taking this medication long-term to maintain good oral hygiene and have regular dental check-ups."
40,"A 62-year-old man visits his GP with a rash that has developed over the past few days. He has spent most of his time recently outside in his garden, tending to the plants. He has a past medical history of gout, hypertension and osteoarthritis, for which he takes allopurinol, losartan, bendroflumethiazide and paracetamol. He has also just completed a course of amoxicillin for a lower respiratory tract infection.

On examination, the rash is distributed across the face, neck, and forearms and appears generally erythematous.

Which of his medications is the most likely cause?","[""Allopurinol"", ""Amoxicillin"", ""Bendroflumethiazide"", ""Losartan"", ""Paracetamol""]",Bendroflumethiazide,2,"Thiazides may cause photosensitivity

The correct answer is bendroflumethiazide. The rash is described here as a photosensitivity rash, given its distribution across sun-exposed areas and the history of the patient recently spending significant periods of time outside. The most likely culprit is bendroflumethiazide - thiazide diuretics are known to induce a photosensitivity rash from the drugs listed above. Other common causes include tetracyclines, ciprofloxacin, amiodarone, NSAIDs and sulfonylureas.

Allopurinol is incorrect - this is used in the prophylaxis of gout. A rash is a common side effect of allopurinol, but not a photosensitivity rash.

Amoxicillin is not known to cause photosensitivity rashes - unlike tetracycline and quinolone antibiotics.

Losartan is an angiotensin-receptor blocker, used to manage hypertension. It has very rarely been linked to photosensitivity rashes in isolated case reports; bendroflumethiazide is a far more likely cause.

Paracetamol is an analgesic and is not known to cause photosensitivity rashes. It has very few documented side effects."
41,"A 33-year-old man presents to his general practitioner. He describes episodes of nausea that develop during long car journeys, boat trips and turbulent air flights. Occasionally, these episodes lead to vomiting. He has no significant past medical history, nor does he take any regular medication.

What is the most appropriate first-line treatment?","[""Betahistine"", ""Cyclizine"", ""Hyoscine"", ""Prochlorperazine"", ""Promethazine""]",Hyoscine,2,"Motion sickness - hyoscine > cyclizine > promethazine

This patient's symptoms are consistent with a diagnosis of motion sickness, which is relatively common and can significantly impact quality of life. First-line management typically involves using

hyoscine

hydrobromide, which can be purchased over-the-counter in travel sickness remedies.

Betahistine

is an analogue of histamine and can be used to manage Meniere's disease. It is not used to treat motion sickness.

Cyclizine

is an antihistamine. Of the class, it is one of the less sedating drugs and may be used in preference to more sedating options.

Prochlorperazine

is a dopamine antagonist. It may be used for the management of nausea and vomiting, although it is not generally used for motion sickness.

Promethazine

is an older antihistamine. It may be used in the management of motion sickness, although it is a more sedating option."
42,"A 28-year-old man attends following the consumption of half a bottle of bleach in an attempt to end his own life. On examination, he has a hoarse voice and a visibly red and ulcerated oropharyngeal mucosa.

How should this patient be managed?","[""Activated charcoal"", ""Endoscopy"", ""Gastric lavage"", ""Observation alone"", ""Proton pump inhibitor""]",Endoscopy,1,"Early endoscopy and risk stratification is important in patients with symptomatic caustic ingestion

Endoscopy

is correct. The patient has had a significant injury due to the ingestion of a corrosive substance. Drooling, dysphagia, vomiting, severe pain, haematemesis, stridor and extensive oropharyngeal burns are associated with more severe injuries and indicate the need for urgent imaging/endoscopy. Both CT scan and fibreoptic endoscopy are useful in assessing the severity of injury, risk of mortality, and risk of subsequent stricture formation. These 2 imaging modalities are complementary and provide the best understanding of the injury and risk when combined. If there are severe clinical features, then endoscopy is best performed by a surgeon capable of undertaking definitive treatment.

Activated charcoal

is incorrect. Gut decontamination (including activated charcoal) is contraindicated (no benefit and obscures endoscopy).

Gastric lavage

is incorrect. Gastric lavage should not be undertaken due to the increased risk of aspiration.

Observation alone

is incorrect. The patient clearly needs observation, however, due to the high-risk features outlined above also needs an endoscopy.

Proton pump inhibitor

is incorrect. If endoscopy is likely to be delayed, then a proton pump inhibitor should be commenced prior to endoscopy."
43,"You are working in the palliative care unit. A 65-year-old female has severe neuropathic pain secondary to spinal cord metastasis. It has been unresponsive to titration of opioid and neuropathic agents. Your consultant decides to use ketamine.

What is the mechanism of action of ketamine?","[""GABA agonist"", ""GABA analogue"", ""Modulation of voltage-gated calcium channel"", ""NMDA receptor antagonist"", ""Sodium channel blocker""]",NMDA receptor antagonist,3,"Ketamine is an NMDA receptor antagonist

Ketamine is an NMDA receptor antagonist.  It can be used in neuropathic pain poorly responsive to titrated opioids and oral adjuvant analgesics (e.g. antidepressant and/or anticonvulsant) particularly when there is abnormal pain sensitivity (e.g. allodynia, hyperalgesia or hyperpathia).

Gabapentin acts by modulation of the voltage-gated calcium channel.

Pregabalin is a GABA analogue.

Benzodiazepines are GABA agonists.

Local anaesthetics (e.g. lidocaine) are sodium channel blockers."
44,"A 20-year-old woman with a history of severe depression and multiple paracetamol overdoses is brought in by her partner, who reports having found her on the floor of her bedroom 2 days after an argument between them. Concerned, her partner asks you what her prognosis is.

Which factor would be most associated with a poor prognosis for this patient?","[""Hepatic encephalopathy"", ""Previous paracetamol overdoses"", ""INR 1.3"", ""Arterial pH of 7.03"", ""AST 750 units/L""]",Arterial pH of 7.03,3,"The arterial pH is the single most important prognostic factor in paracetamol overdose

The single most important prognostic indicator in paracetamol overdoses is acidosis. In one study, 95% of patients with an arterial pH <7.30 who didn't receive a liver transplant died. Other indicators of reduced prognosis include a creatinine >300, and increased prothrombin time.

Hepatic encephalopathy is a marker of poor prognosis in cirrhosis, and is part of the Child-Pugh score.

There is a group of patients who present frequently with paracetamol overdoses. Often these are small overdoses that require n-acetyl cysteine only, and usually result in full recovery. It is not a good indicator of poor prognosis in any one overdose.

An INR of 1.3 is indicative of a poor prognosis. However, it is not as strongly linked to poor outcomes as is reduced arterial pH.

Both AST and ALT are commonly raised in paracetamol overdoses, and elevated levels are not a good indicator of poor prognosis."
45,Which one of the following side-effects is most associated with ciclosporin use?,"[""Hepatotoxicity"", ""Bone marrow toxicity"", ""Red cell aplasia"", ""Haemorrhagic cystitis"", ""Tinnitus""]",Hepatotoxicity,0,"Ciclosporin may cause hepatotoxicity

The correct answer is

Hepatotoxicity

. Ciclosporin, an immunosuppressant drug used primarily in post-allogenic organ transplant to reduce the activity of the patient's immune system, is known for its potential hepatotoxic effects. This can present as an elevation in liver enzymes and bilirubin levels, leading to jaundice and potentially severe liver damage. Regular monitoring of liver function tests is therefore crucial when patients are on ciclosporin.

Bone marrow toxicity

is not typically associated with ciclosporin use. This side effect is more commonly seen with chemotherapeutic agents like carboplatin or azathioprine which interfere with the replication of cells including those found in the bone marrow.

Red cell aplasia

, a condition characterised by a reduction in the number of red blood cells produced by the bone marrow, is also not a common side effect of ciclosporin. It can occur due to various reasons such as viral infections (like parvovirus B19), certain medications (like antiretrovirals), and autoimmune diseases but it's not significantly linked to ciclosporin.

The option

Haemorrhagic cystitis

, which refers to bleeding within the bladder, usually caused by chemotherapy or radiation therapy, particularly with drugs such as cyclophosphamide or ifosfamide, isn't related to ciclosporin usage either.

Finally,

tinnitus

, a condition where individuals perceive noise or ringing in their ears, isn't a typical side-effect of this medication. Tinnitus can be induced by several classes of drugs such as nonsteroidal anti-inflammatory drugs (NSAIDs), certain antibiotics like gentamicin and erythromycin, loop diuretics like furosemide and bumetanide among others but there's no strong evidence linking it with ciclosporin use."
46,"A 18-year-old male is admitted after deliberately ingesting 40 grams of paracetamol. Twenty-four hours after admission he is reassessed with a view to liver transplantation. Of the following, which one would most strongly indicate the need for a liver transplant?","[""CRP 306"", ""Arterial pH 7.25"", ""Creatinine 267 µmol/l"", ""Grade IV encephalopathy"", ""INR 5.7""]",Arterial pH 7.25,1,"Liver transplantation criteria in paracetamol overdose: pH < 7.3 more than 24 hours after ingestion

The arterial pH is the single most important factor. The creatinine, encephalopathy grade and INR must all be grossly abnormal otherwise"
47,"A 25-year-old patient attends the emergency department with a widespread morbilliform skin rash. There is no mucosal involvement. She is febrile at 38.7 °C with a tachycardia of 104. Blood tests are as follows:


Platelets	140 * 109/L	(150 - 400)
WBC	12 * 109/L	(4.0 - 11.0)
Neuts	9 * 109/L	(2.0 - 7.0)
Lymphs	3.5 * 109/L	(1.0 - 3.5)
Mono	0.3 * 109/L	(0.2 - 0.8)
Eosin	2 * 109/L	(0.0 - 0.4)


Bilirubin	10 µmol/L	(3 - 17)
ALP	430 u/L	(30 - 100)
ALT	890 u/L	(3 - 40)
Î³GT	302 u/L	(8 - 60)

What is the most likely diagnosis?","[""Autoimmune hepatitis"", ""DRESS syndrome"", ""Erythroderma"", ""Steven Johnson's syndrome"", ""Toxic epidermal necrolysis""]",DRESS syndrome,1,"DRESS syndrome presents with a triad of extensive skin rash, high fever, and organ involvement

The combination of extensive skin rash, fever and organ dysfunction points towards DRESS (drug reaction with eosinophilia and systemic symptoms) syndrome. DRESS is an unexpected, severe reaction to medication. Several organs are commonly affected. The reaction usually occurs 2-8 weeks after commencing the offending drug.

Autoimmune hepatitis would explain the deranged LFTs but would not typically present with a rash.

Erythroderma is a widespread erythematous rash that can occur as a reaction to medications, but it would not explain the other systemic symptoms.

Steven Johnson's syndrome (SJS) and toxic epidermal necrolysis (TEN) are both on a spectrum of skin disorders associated with drug reactions. These however, are limited to the skin and would not caused deranged LFTs. SJS would typically present with mucosal involvement, whilst TEN causes desquamating skin lesions."
48,"A 35-year-old man presents to the emergency department via ambulance with central chest pain radiating into his left arm which started about 1 hour ago. Aspirin 300mg was given by the ambulance crew.

He has no regular medication. He's a smoker and takes recreational drugs, most recently taking cocaine earlier today.

Observations are heart rate 149/min, blood pressure 167/96mmHg, respiratory rate 20/min, oxygen saturation 100% on air, temperature 37.4ºC.

An ECG shows ST depression in the anterior leads. Blood results show:


Troponin	854 ng/l	(<14)

What is the most appropriate management in the emergency department?","[""Aspirin"", ""Bisoprolol"", ""Diltiazem"", ""Lorazepam"", ""Naloxone""]",Lorazepam,3,"Patients with MI secondary to cocaine use should be given IV benzodiazepines as part of acute (ACS) treatment

This patient is presenting with a myocardial infarction associated with cocaine use. There are several proposed mechanisms for how this occurs:

Increased oxygen demand due to the sympathomimetic drive of cocaine
Coronary artery vasoconstriction and vasospasm
Some studies have demonstrated coronary thrombi

There are some variations in the management compared to conventional myocardial infarction. Aspirin and nitrates are still highly important. However, in addition, benzodiazepines such as

lorazepam

are used to help control blood pressure and heart rate. They are also helpful for their sedative properties in certain patients.

Given that this patient received

aspirin

with the crew, a further dose would not be needed in the emergency department.

In the acute management phase, beta-blockers such as

bisoprolol

are often not recommended. This is based on the concern of leading to coronary vasoconstriction and hypertension from unopposed alpha-adrenergic stimulation.

Diltiazem

is a rate-limiting calcium channel blocker. It does not typically form the initial management of myocardial infarction. It may be helpful in the management of ongoing or recurrent ischaemic pain despite the use of nitrates. However, this is not suggested in this case.

Naloxone

is an important reversal agent of opioid toxicity. It does not play a role in the management of cocaine-associated myocardial infarction. The case is not suggestive of opioid toxicity."
49,"A 75-year-old female was admitted after being found to be delirious in the nursing home. In the hospital, she was diagnosed to have a urinary tract infection (UTI) and was subsequently given antibiotics. Three days after admission, she becomes breathless at rest and develops a harsh dry cough.

On examination, she is anxious and is tachycardic and tachypnoeic. Auscultation reveals fine inspiratory crackles in middle and lower zones bilaterally.

Chest X-ray and high-resolution CT are performed which reveal fibrotic changes with areas of honeycombing.

Which of the following antibiotics is the likely culprit of her CT findings?","[""Trimethoprim"", ""Co-amoxiclav"", ""Cefaclor"", ""Nitrofurantoin"", ""Pivmecillinam""]",Nitrofurantoin,3,"Nitrofurantonin may cause pulmonary fibrosis

This patient has developed pulmonary fibrosis secondary to nitrofurantoin use. Nitrofurantoin-induced pneumonitis can be split into acute, subacute and or chronic, of which, the latter tends to be suffered by the elderly. Patients need to be monitored for pulmonary complications with the antibiotic and if present, discontinue use if deterioration arises. Other drugs that can cause pulmonary fibrosis include bleomycin, cyclophosphamide, amiodarone and penicillamine.

Cefaclor, co-amoxiclav and pivmecillinam are antibiotics which may be used to treat UTI's. The first being a second generation cephalosporin and the latter two penicillins. These classes of drug are allergenic and can be associated with anaphylaxis.

Trimethoprim is an antibiotic which works by inhibiting dihydrofolate reductase. It is associated with myelosuppression and neural tube defects."
50,Which one of the following pairs of features would be expected to occur following administration of an anticholinesterase (acetylcholinesterase inhibitor)?,"[""Bradycardia and miosis"", ""Bradycardia and urinary retention"", ""Tachycardia and diarrhoea"", ""Bradycardia and mydriasis"", ""Tachycardia and lacrimation""]",Bradycardia and miosis,0,"Organophosphate insecticide poisoning - bradycardia

A clinical example of an anticholinesterase is organophosphate compounds"
51,A 45-year-old man presents with pain and swelling of his left big toe. He has recently started treatment for active tuberculosis. Which one of the following medications is likely to be responsible?,"[""Streptomycin"", ""Rifampicin"", ""Ethambutol"", ""Isoniazid"", ""Pyrazinamide""]",Pyrazinamide,4,
52,"A 34-year-old woman is brought to the emergency department by family members due to altered mental status. She was found at home confused and lethargic. Family members reported that she had been acting abnormally and had taken an unknown quantity of prescribed metoprolol tablets. Observations are as follows: blood pressure 110/80 mmHg, heart rate 35 bpm, and respiratory rate 14 breaths/min.

An ECG is performed:


ECG	Sinus bradycardia with prolonged PR interval

What treatment is indicated?","[""Activated charcoal"", ""Atropine"", ""Cardiac pacing"", ""Gastric decontamination"", ""Glucagon""]",Atropine,1,"Beta-blocker - atropine, glucagon in resistant cases

Atropine

is correct. Intravenous atropine should be administered as an initial treatment to counteract the bradycardia.

Activated charcoal

is incorrect. There is weak evidence to suggest the benefit of activated charcoal to prevent further drug absorption. However, in the first instance, the patient's severe bradycardia should be treated with atropine.

Cardiac pacing

is incorrect. The patient is not in cardiogenic shock and therefore does not require cardiac pacing.

Gastric decontamination

is incorrect. This method is not recommended due to risks of gastric perforation and aspiration.

Glucagon

is incorrect. Glucagon should only be used in cases resistant to atropine."
53,"A 35-year-old woman presents to the Emergency Department with two days of dysuria and urinary frequency. There is no loin pain and there was a fully sensitive urine culture 9 months ago. She has sickle cell trait and glucose-6-phosphate dehydrogenase (G6PD) deficiency. A rash is reported with amoxicillin previously.

Which antibiotic should be avoided in this patient?","[""Cefuroxime"", ""Meropenem"", ""Ciprofloxacin"", ""Trimethoprim"", ""Gentamicin""]",Ciprofloxacin,2,"Ciprofloxacin is contraindicated in G6PD deficiency

We are treating a young woman for a lower urinary tract infection who has a history of penicillin allergy. Five answers are given all of which can be given in mild penicillin allergy. We are not told the woman is pregnant which would be an additional consideration. Sickle cell trait and G6PD deficiency are mentioned. In G6PD several antibiotics are contraindicated.

Penicillins, cephalosporins and aminoglycosides are safe in G6PD. The correct answer is ciprofloxacin which needs to be avoided in this condition."
54,"A 65-year-old woman attends her GP clinic, complaining of several weeks of rash and itching. She feels well otherwise and has no other symptoms. She has a past medical history of hypertension, myocardial infarction and type 2 diabetes mellitus. Her drug history includes amlodipine, losartan, aspirin, bisoprolol and metformin.

On examination, there is a widespread urticarial rash.

Which of her medications is the most likely cause?","[""Amlodipine"", ""Aspirin"", ""Bisoprolol"", ""Losartan"", ""Metformin""]",Aspirin,1,"Aspirin is a common cause of urticaria

Out of the medications above, the most common cause of urticaria is aspirin. Other common causes of urticaria include penicillins, non-steroidal anti-inflammatory drugs and opiates. Most medications have some sort of cutaneous reaction listed as a side effect in the BNF - there are case reports of all of the drugs listed as options here causing urticaria or another rash or skin reaction. However, none of them are recognised as being common.

Common side effects of amlodipine include peripheral oedema, constipation and diarrhoea.

Side effects of bisoprolol include dizziness, headache, diarrhoea, nausea and vomiting.

Those of losartan include abdominal pain, diarrhoea and dizziness.

Side effects of metformin include constipation, diarrhoea, nausea and vomiting."
55,"A 65-year-old woman presents to the breast clinic with a lump in her right breast. After undergoing triple assessment, she is diagnosed with HER2-positive breast cancer. She has been prescribed a targeted therapy for this specific type of breast cancer.

What medication is most likely to have been prescribed?","[""Anastrozole"", ""Bleomycin"", ""Letrozole"", ""Tamoxifen"", ""Trastuzumab""]",Trastuzumab,4,"Trastuzumab (Herceptin) - monoclonal antibody that acts on the HER2/neu receptor

Trastuzumab

is the correct option, as this monoclonal antibody specifically targets the HER2 receptor. Trastuzumab works by acting on HER2 in the cancer cells. The aim is to stop the cells from growing and killing the cells. Given that the patient has been diagnosed with HER2-positive breast cancer, trastuzumab represents the preferred targeted therapy for managing this subtype of breast cancer.

Anastrozole

is not the appropriate choice in this scenario since it is indicated for patients with oestrogen receptor-positive (ER+) breast cancer rather than HER2-positive disease. Anastrozole functions by inhibiting the conversion of adrenal androgens to oestrogens in peripheral tissues. It does not specifically target HER2 receptors.

Bleomycin

is an incorrect option because it does not target HER2 receptor. Its mechanism of action involves selective inhibition of DNA synthesis. It primarily causes breaks in DNA strands, leading to cell death. However, as it does not target HER2 receptors, it would not be suitable for treating HER2-positive breast cancer.

Letrozole

is an aromatase inhibitor that blocks the conversion of androgens to oestrogens by inhibiting the aromatase enzyme. It does not act on HER2 receptors. That's why letrozole is not a suitable treatment for patients with HER2-positive breast cancer.

Tamoxifen

is an incorrect option. Tamoxifen lacks activity against HER2 receptors. Tamoxifen acts as an estrogen receptor antagonist in breast tissue, and it can act as an agonist in other tissues, such as the endometrium. It would not be efficacious in treating HER2-positive breast cancer."
56,"A 49-year-old man with a history of bipolar disorder, COPD and hypertension is started on a new anti-hypertensive medication. Two weeks later he is admitted to hospital with lithium toxicity. Which medication is most likely to have precipitated this?","[""Ramipril"", ""Aminophylline"", ""Atenolol"", ""Amlodipine"", ""Doxazosin""]",Ramipril,0,"Lithium toxicity can be precipitated by ACE inhibitors

The correct answer in this scenario is

Ramipril

. Ramipril is an angiotensin-converting enzyme (ACE) inhibitor, which can increase lithium levels by decreasing its renal clearance. ACE inhibitors reduce the production of angiotensin II, leading to dilation of efferent arterioles and decreased glomerular filtration rate (GFR). This results in reduced renal clearance of lithium and an increased risk of toxicity. Patients on both lithium and ACE inhibitors should be closely monitored for signs of lithium toxicity.

Now let's discuss the other options:

Aminophylline

is a bronchodilator used primarily in the treatment of COPD and asthma. It works by inhibiting phosphodiesterase enzymes, leading to increased cyclic AMP levels and relaxation of bronchial smooth muscle. Aminophylline has no known interaction with lithium and would not be expected to precipitate lithium toxicity.

Atenolol

is a beta-1 selective adrenergic antagonist (beta-blocker) used for treating hypertension, among other conditions. While beta-blockers can have some impact on renal function due to their effects on the renin-angiotensin-aldosterone system, they are generally not associated with significant changes in lithium levels or precipitation of lithium toxicity.

Amlodipine

is a calcium channel blocker that acts primarily on vascular smooth muscle cells to cause vasodilation and lower blood pressure. It does not have any significant interactions with lithium or affect its renal clearance; thus, it would not be expected to precipitate lithium toxicity.

Finally,

Doxazosin

is an alpha-1 adrenergic antagonist used for treating hypertension as well as benign prostatic hyperplasia. By blocking alpha-1 receptors on vascular smooth muscle cells, doxazosin causes vasodilation and a reduction in blood pressure. Like the other incorrect options, doxazosin does not have any significant interactions with lithium or affect its renal clearance, so it would not be expected to precipitate lithium toxicity."
57,Which one of the following features is least associated with ecstasy poisoning?,"[""Rhabdomyolysis"", ""Hyperthermia"", ""Ataxia"", ""Hypertension"", ""Hypernatraemia""]",Hypernatraemia,4,
58,"A 74-year-old man has had a recent change to his epilepsy medication since having an increased seizure frequency following a stroke. He has a mechanical heart valve for which he takes warfarin. An INR taken 3 days after commencing treatment comes back at 2.3.

What anti-epileptic medication has likely been started for this patient?","[""Carbamazepine"", ""Ethosuximide"", ""Lamotrigine"", ""Levetiracetam"", ""Sodium valproate""]",Carbamazepine,0,"Carbamazepine is a P450 enzyme inductor

Carbamazepine

is a potent cytochrome P450 enzyme inductor. This induction increases the metabolism of warfarin causing a reduction in its effects which subsequently decreases the INR.

Ethosuximide

is generally used for childhood absence seizures and has not been shown to impact the cytochrome p450 system significantly and therefore will not likely affect the warfarin and subsequently the INR.

Lamotrigine

has not been shown to impact the cytochrome p450 system significantly and therefore will not likely affect the warfarin and subsequently the INR.

Levetiracetam

is not metabolised by the cytochrome P450 system and thus does not have significant drug interactions and as such would not impact his warfarin and the subsequent INR.

Sodium valproate

inhibits the cytochrome p450 system. This inhibition reduces the metabolism of warfarin causing a prolongation of its effects which subsequently increases the INR."
59,"A 61-year-old man is admitted to hospital with a prosthetic joint infection. He has a history of chronic kidney disease stage 3. The microbiology team recommends a glycopeptide antibiotic due to MRSA risk. The consultant notes that one option can be administered once daily after an initial loading regimen, making it more convenient for outpatient therapy than vancomycin. Which antibiotic is most consistent with this description?","[""Teicoplanin"", ""Vancomycin"", ""Linezolid"", ""Daptomycin"", ""Gentamicin""]",Teicoplanin,0,"Teicoplanin is similar to vancomycin (e.g. a glycopeptide antibiotic), but has a significantly longer duration of action, allowing once daily administration after the loading dose

Teicoplanin

is the correct answer. Teicoplanin is a glycopeptide antibiotic similar in spectrum to vancomycin but distinguished by its much longer half-life, allowing for once-daily dosing after appropriate loading doses are given. This pharmacokinetic property makes teicoplanin particularly suitable for outpatient parenteral antimicrobial therapy (OPAT), especially in patients with infections requiring prolonged intravenous antibiotics such as prosthetic joint infections. Its renal clearance also means dose adjustment may be needed in chronic kidney disease, but its convenience and safety profile are favourable compared to vancomycin.

Vancomycin

, while also a glycopeptide antibiotic effective against MRSA, typically requires multiple daily doses and therapeutic drug monitoring due to its narrower therapeutic window and nephrotoxic potential. Vancomycin does not have the same long half-life as teicoplanin, so it cannot generally be administered once daily after loading, making it less convenient for OPAT settings.

Linezolid

is an oxazolidinone antibiotic active against MRSA and some other resistant organisms; however, it acts by inhibiting protein synthesis at the 50S ribosomal subunit rather than cell wall synthesis. It is orally bioavailable and does not require intravenous administration or loading/maintenance regimens like teicoplanin or vancomycin, so it does not fit the scenario described.

Daptomycin

is a lipopeptide antibiotic used for certain resistant Gram-positive infections including MRSA; although it can be dosed once daily intravenously, it is not a glycopeptide and works by disrupting bacterial cell membrane function rather than inhibiting cell wall synthesis directly via peptidoglycan inhibition.

Gentamicin

, an aminoglycoside antibiotic that inhibits protein synthesis at the 30S ribosomal subunit, has activity mainly against Gram-negative organisms and some synergy with beta-lactams/glycopeptides for certain Gram-positive infections but is not itself indicated as monotherapy for MRSA or prosthetic joint infection nor does it share the described pharmacokinetic properties."
60,Which of the following drugs is most likely to be affected by a patients acetylator status?,"[""Ethanol"", ""Hydralazine"", ""Aspirin"", ""Phenytoin"", ""Verapamil""]",Hydralazine,1,"Is affected by acetylator status - hydralazine

The correct answer is

Hydralazine

. Acetylator status refers to the ability of an individual's body to acetylate, or modify, certain drugs, affecting their metabolism and hence their efficacy and potential side effects. Hydralazine is one of the drugs that are known to be affected by acetylator status. It is metabolised in the liver primarily by N-acetyltransferase 2 (NAT2). Individuals can be categorised as slow or fast acetylators depending on the activity of this enzyme. Slow acetylators have less active NAT2 enzymes which results in slower metabolism and increased exposure to hydralazine. This can lead to a higher risk of drug-induced lupus erythematosus, a condition characterised by symptoms such as fever, arthritis, rash, and malaise.

Ethanol

is not significantly affected by acetylator status. It is primarily metabolised in the liver through oxidation by alcohol dehydrogenase (ADH) and cytochrome P450 2E1 (CYP2E1), followed by further metabolism by aldehyde dehydrogenase (ALDH). Variations in these enzymes rather than NAT2 affect ethanol metabolism.

Aspirin

, also known as acetylsalicylic acid, undergoes esterase hydrolysis in plasma and tissues and does not rely on the NAT2 enzyme for its primary metabolic pathway. Therefore, its metabolism is not influenced significantly by a patient's acetylator status.

Phenytoin

is mainly metabolised by cytochrome P450 enzymes in the liver, especially CYP2C9 and CYP2C19. Polymorphisms in genes coding for these enzymes can affect phenytoin serum levels but this process does not involve NAT2.

Finally,

Verapamil

, a calcium channel blocker used for treating hypertension and angina pectoris among other conditions, undergoes extensive hepatic metabolism through demethylation and dealkylation via various cytochrome P450 enzymes including CYP3A4, CYP1A2, CYP2C8 and CYP2E1. As with the other incorrect options discussed above, verapamil's metabolic pathways do not involve NAT2 so its disposition will not be affected by a patient's acetylator status."
61,Which one of the following drugs demonstrates saturation pharmacokinetics?,"[""Enalapril"", ""Bendrofluazide"", ""Atenolol"", ""Phenytoin"", ""Paracetamol""]",Phenytoin,3,"Exhibits zero-order kinetics - phenytoin

The correct answer is

Phenytoin

. Phenytoin demonstrates saturation pharmacokinetics, also known as zero-order kinetics or non-linear pharmacokinetics. This means that at therapeutic or higher doses, the metabolic pathways responsible for phenytoin elimination become saturated. As a result, small increases in dose can lead to disproportionately large increases in plasma concentration, potentially causing toxicity. This occurs because phenytoin is primarily metabolised by hepatic cytochrome P450 enzymes, which have a limited capacity. When these enzymes are working at maximum capacity, the rate of metabolism becomes constant regardless of drug concentration. This characteristic necessitates careful dose titration and therapeutic drug monitoring of phenytoin to maintain levels within the narrow therapeutic window (10-20 mg/L).

Enalapril

is an angiotensin-converting enzyme (ACE) inhibitor used in the treatment of hypertension and heart failure. It follows first-order kinetics, where a constant fraction of the drug is eliminated per unit time. Enalapril is a prodrug that is converted to its active form, enalaprilat, in the liver. Its elimination is primarily renal and is proportional to its plasma concentration, making dose adjustments predictable in patients with normal renal function.

Bendrofluazide

(also known as bendroflumethiazide) is a thiazide diuretic used in the management of hypertension. It exhibits first-order kinetics with hepatic metabolism and renal excretion. The drug's elimination rate is proportional to its concentration in the body, allowing for predictable dosing schedules without the need for therapeutic drug monitoring in most cases.

Atenolol

is a cardioselective beta-blocker used in the treatment of hypertension, angina, and arrhythmias. It demonstrates first-order kinetics with predominantly renal elimination. Approximately 50% of an oral dose is absorbed, and the drug has limited protein binding. Its predictable pharmacokinetics means that dose adjustments are straightforward, though caution is needed in renal impairment.

Paracetamol

(acetaminophen) is an analgesic and antipyretic that follows first-order kinetics at therapeutic doses. It is primarily metabolised in the liver through conjugation with glucuronic acid and sulphate. Only a small proportion (approximately 5-10%) is metabolised via the cytochrome P450 system to the potentially toxic metabolite N-acetyl-p-benzoquinone imine (NAPQI). At therapeutic doses, this metabolite is rapidly conjugated with glutathione and rendered harmless. However, in overdose, the primary metabolic pathways can become saturated, leading to increased production of NAPQI, but this does not make paracetamol a drug with saturation kinetics under normal therapeutic use."
62,"A 57-year-old man presents with several months of polydipsia and polyuria. His blood sugar is found to be elevated and subsequent blood tests are taken, revealing an elevated HbA1C level. He is ultimately diagnosed with type 2 diabetes mellitus and commenced on metformin - initially 500mg, once per day.

What is the minimum time period to wait before increasing the dose?","[""3 days"", ""5 days"", ""1 week"", ""2 weeks"", ""4 weeks""]",1 week,2,"Metformin should be titrated slowly, leave at least 1 week before increasing dose

The correct answer is

1 week

. The BNF states that 500mg should be taken once daily, with breakfast, for at least 1 week. It can then be increased to 500mg twice daily, with breakfast and evening meals, again for 1 week. Subsequently, it can be increased to three times a day (with breakfast, lunch and evening meal), for another 1 week. It can then be titrated upwards once more to a total of 2g daily - given as two lots of 1g (breakfast and dinner) rather than 500mg four times a day.

All of the other timeframes are therefore incorrect."
63,You are considering prescribing varenicline to a 45-year-old man who is trying to stop smoking. Which one of the following conditions is most likely to contradict the prescription of varenicline?,"[""Previous or current central nervous system tumour"", ""Past history of deliberate self-harm"", ""Hypertension"", ""Myasthenia gravis"", ""Obesity""]",Past history of deliberate self-harm,1,
64,Which of the following may reduce the action of aminophylline in patients?,"[""Ciprofloxacin"", ""Acute ethanol consumption"", ""Omeprazole"", ""Smoking"", ""Erythromycin""]",Smoking,3,"Smoking is a P450 enzyme inductor

The correct answer is

smoking

. Aminophylline is a bronchodilator used in the management of symptoms of asthma and COPD. It works by relaxing the muscles around the airways so that they open up and breathing becomes easier. The action of aminophylline can be reduced by smoking because tobacco smoke induces hepatic enzymes, particularly CYP1A2, which metabolises aminophylline, leading to a decrease in its serum levels and hence reducing its effectiveness.

Ciprofloxacin

does not reduce the action of aminophylline. Instead, it may increase serum levels of theophylline (aminophylline is a complex of theophylline and ethylenediamine) due to inhibition of cytochrome P450 enzymes responsible for its metabolism, potentially leading to toxicity.

Acute ethanol consumption

does not typically affect the action of aminophylline. However, chronic alcohol use may induce CYP1A2 enzyme like smoking does, potentially reducing serum levels of aminophylline. On the other hand, alcohol withdrawal may do just the opposite - inhibit CYP1A2 resulting in increased serum levels.

Omeprazole

, being an inhibitor of CYP1A2 enzyme could theoretically increase serum levels of aminophylline by inhibiting its metabolism but doesn't reduce it.

Finally,

Erythromycin

, although known as an inhibitor for certain cytochrome P450 enzymes (such as CYP3A4), doesn't have much effect on those that metabolise aminophylline like CYP1A2. Hence erythromycin would not typically alter (reduce or increase) the action of aminophylline."
65,Which one of the following immunosuppressant drugs inhibits calcineurin in T cells?,"[""Mycophenolate mofetil"", ""Basiliximab"", ""Azathioprine"", ""Ciclosporin"", ""Methotrexate""]",Ciclosporin,3,"Ciclosporin + tacrolimus: inhibit calcineurin thus decreasing IL-2

Mycophenolate mofetil inhibits inosine monophosphate dehydrogenase. Azathioprine is metabolised to the active compound mercaptopurine, a purine analogue that inhibits DNA synthesis. Methotrexate is an antimetabolite which inhibits dihydrofolate reductase"
66,"A 14-year-old girl is taken to the Emergency Department, after being found lying on her bed next to an empty bottle of pills prescribed for her mother. On examination she is agitated, has a clenched jaw and her eyes are deviated upwards. Which drug is she most likely to have consumed?","[""Phenytoin"", ""Metoclopramide"", ""Amitriptyline"", ""Carbamazepine"", ""Nifedipine""]",Metoclopramide,1,
67,"A 32-year-old woman undergoes a wide local excision of a breast lump under local anaesthesia. During the procedure, she becomes agitated, complains of a metallic taste, and develops perioral tingling. Her BP is 85/40 mmHg, HR 130 bpm, and she has jerky movements of her limbs. The surgeon has used 40 ml of 1% lidocaine for the procedure.

What is the most appropriate immediate management?","[""Administer IV diazepam"", ""Administer IV 20% lipid emulsion"", ""Administer IV phenytoin"", ""Administer IV propofol"", ""Administer IV flumazenil""]",Administer IV 20% lipid emulsion,1,"Local anesthetic toxicity can be treated with IV 20% lipid emulsion

This patient is experiencing local anaesthetic toxicity from lidocaine overdose, and the most appropriate immediate management is administration of

IV 20% lipid emulsion

. The patient has received 40 ml of 1% lidocaine, which equals 400 mg. The maximum safe dose of plain lidocaine is 3 mg/kg, which for an average adult would be approximately 200-210 mg. The patient is showing classic signs of local anaesthetic toxicity: central nervous system effects (agitation, perioral tingling, metallic taste, seizure-like movements) and cardiovascular effects (hypotension, tachycardia).

IV lipid emulsion therapy works by creating a 'lipid sink' that extracts the lipophilic local anaesthetic molecules from the plasma, reducing their availability to tissues. It also provides a source of fatty acids that can help overcome the inhibition of mitochondrial metabolism caused by local anaesthetics. The recommended protocol typically involves a bolus of 1.5 ml/kg of 20% lipid emulsion followed by an infusion. This treatment has become the standard of care for managing severe local anaesthetic toxicity and should be initiated promptly when toxicity is suspected.

IV diazepam

may help control seizures associated with local anaesthetic toxicity but does not address the underlying cause or the cardiovascular effects. While seizure control is important, it is a supportive measure rather than definitive treatment for the toxicity itself. Diazepam might be considered as an adjunctive therapy but is not the most appropriate first-line management.

IV phenytoin

is an antiepileptic that would not be appropriate in this setting. It has a slow onset of action and would not address the cardiovascular toxicity. Additionally, phenytoin can worsen cardiac conduction disturbances, potentially exacerbating the cardiovascular effects of local anaesthetic toxicity.

IV propofol

is a general anaesthetic that could potentially worsen the patient's hypotension. While it has anticonvulsant properties, it does not specifically counteract local anaesthetic toxicity and could compound the cardiovascular depression already present.

IV flumazenil

is a benzodiazepine antagonist that would have no role in managing local anaesthetic toxicity. It is used to reverse benzodiazepine-induced sedation and would not affect lidocaine toxicity. Using flumazenil in this scenario would waste valuable time without providing any benefit."
68,Which one of the following drugs cannot be cleared by haemodialysis?,"[""Aspirin"", ""Tricyclics"", ""Lithium"", ""Barbiturates"", ""Aminophylline""]",Tricyclics,1,
69,"A 36-year-old woman presents with altered mental status, muscle cramps and nausea. She also complains of visual disturbances and tinnitus. Observations are as follows: Blood pressure 90/70 mmHg, heart rate 100 bpm, and respiratory rate 18 breaths per minute.

Blood results are as follows:


Na+	135 mmol/L	(135 - 145)
K+	2.4 mmol/L	(3.5 - 5.0)
Urea	8.2 mmol/L	(2.0 - 7.0)
Creatinine	96 µmol/L	(55 - 120)
CRP	2 mg/L	(< 5)
Glucose	2.8 mmol/L	(4 - 7)
Bicarbonate	15 mmol/L	(22 - 29)
Salicylate	0 mmol/L	(<2.2)

An ECG is performed:


ECG	Sinus tachycardia, QRS widening, and prolongation of the PR and QT intervals

What is the most likely cause?","[""Aspirin"", ""Cyanide"", ""Gliclazide"", ""Methanol"", ""Quinine""]",Quinine,4,"Quinine toxicity (cinchonism) presents with myriad

Quinine

is correct. Quinine causes cinchonism (nausea, vomiting and tinnitus) in overdose but also blindness which is delayed and sometimes not noticed until the morning after the acute toxicity has resolved. Think of it as aspirin (the salicylism) that causes blindness.

Aspirin

is incorrect. The majority of the clinical features are associated with aspirin toxicity, however, the presence of visual impairment favours a diagnosis of quinine toxicity. However having said that, visual disturbance can occur in aspirin toxicity, and it is therefore essential to check salicylate levels. The undetectable salicylate level in this case excludes a diagnosis of aspirin overdose.

Cyanide

is incorrect. Although the clinical features are consistent with cyanide toxicity, the presence of visual disturbance and hypoglycaemia make cyanide poisoning a less likely diagnosis.

Gliclazide

is incorrect. Although the patient is hypoglycaemic, the other clinical and ECG features do not support a diagnosis of gliclazide toxicity.

Methanol

is incorrect. Although the clinical and biochemical (e.g. metabolic acidosis) features are consistent with methanol toxicity, the ECG features do not support this diagnosis. Methanol intoxication can lead to several ECG changes with sinus tachycardia and non-specific T-wave changes being the most common."
70,"A 25-year-old man presents with an intention to discuss further steps to treat his drug addiction. He complains of drug withdrawal symptoms. You decide to prescribe him buprenorphine to help relieve his symptoms.

What is the mechanism by which this drug works?","[""Full agonist of the mu-opioid receptor"", ""Partial agonist of the kappa-opioid receptor"", ""Partial agonist of the mu-opioid receptor"", ""Partial antagonist of the mu-opioid receptor"", ""Serotonin/norepinephrine reuptake inhibitor""]",Partial agonist of the mu-opioid receptor,2,"Buprenorphine is a partial agonist of the mu-opioid receptor and an antagonist of the kappa-opioid receptor

Partial agonist of the mu-opioid receptor

is the mechanism by which buprenorphine works; therefore, it is the correct answer. In addition to this, buprenorphine also works as an antagonist of the kappa-opioid receptor.

Full agonist of the mu-opioid receptor

is the mechanism of methadone, not buprenorphine; therefore, this option is incorrect.

Partial agonist of the kappa-opioid receptor

is incorrect as buprenorphine works as an antagonist of the kappa-opioid receptor.

Partial antagonist of the mu-opioid receptor

is incorrect and is contrary to the mechanism of action of buprenorphine.

Serotonin/norepinephrine reuptake inhibitor

is a mechanism of action of some antidepressants such as mirtazapine and some pain medications such as tramadol. Buprenorphine does not act as a reuptake inhibitor, which renders this option incorrect."
71,A 33-year-old woman is prescribed varenicline to help her quit smoking. What is the mechanism of action of varenicline?,"[""Norepinephrine and dopamine reuptake inhibitor, and nicotinic antagonist"", ""Dopamine agonist"", ""Dopamine antagonist"", ""Selective serotonin reuptake inhibitor"", ""Nicotinic receptor partial agonist""]",Nicotinic receptor partial agonist,4,
72,Immunoglobulin therapy may be indicated in each of the following except:,"[""Dermatomyositis"", ""Guillain-Barre syndrome"", ""Kawasaki disease"", ""Idiopathic thrombocytopenic purpura"", ""Thrombotic thrombocytopenic purpura""]",Thrombotic thrombocytopenic purpura,4,
73,"A 62-year-old woman is in hospital with cholecystitis. Whilst on the ward she is noted to have persistently raised blood glucose levels.

Her blood tests show:

HbA1c 68 mmol/mol

You decide to start her on metformin 500mg immediate release.

What is the most appropriate interval to leave before increasing the dose?","[""1 day"", ""1 month"", ""1 week"", ""15 days"", ""3 months""]",1 week,2,"Metformin should be titrated slowly, leave at least 1 week before increasing dose

The correct answer is

1 week

. When using metformin immediate-release medication the BNF advises that the dose is initially 500 mg once daily for at least 1 week, and then increased  500 mg twice daily for at least 1 week. This is because a common side effect of metformin is diarrhoea and this can be worse if it is increased too soon.

Increasing the medication within

1 day

is too soon and likely to cause increased side effects. Common side effects of metformin include abdominal pain; appetite decreased; diarrhoea,  nausea, and altered taste.

Waiting for

months

before increasing the dose is a long time and this is not the correct answer.

If using modified-release preparations then the BNF advises that the dose increased gradually, every

10-15 days

. In this scenario, the medication is in the immediate release form and so 1 week is a more appropriate answer."
74,What is the mechanism of action of macrolides?,"[""Causes misreading of mRNA"", ""Interferes with cell wall formation"", ""Inhibits DNA synthesis"", ""Inhibits RNA synthesis"", ""Inhibits protein synthesis""]",Inhibits protein synthesis,4,"Macrolides - inhibits protein synthesis by acting on the 50S subunit of ribosomes

The correct answer is

Inhibits protein synthesis

. Macrolides are a class of antibiotics that exert their antimicrobial effect by binding to the 50S subunit of the bacterial ribosome. Specifically, they bind to the 23S rRNA component of the 50S ribosomal subunit, which blocks the exit of the growing peptide chain. This prevents the translocation step of protein synthesis, effectively inhibiting bacterial protein synthesis. Common examples of macrolides include erythromycin, clarithromycin, and azithromycin. They are generally bacteriostatic, meaning they inhibit bacterial growth rather than directly killing bacteria. Macrolides are particularly useful for treating respiratory, skin, and soft tissue infections, especially in patients with penicillin allergies.

Causes misreading of mRNA

is incorrect. This mechanism describes the action of aminoglycosides (such as gentamicin and amikacin), which bind to the 30S subunit of the bacterial ribosome and cause misreading of the mRNA template. This results in the incorporation of incorrect amino acids into bacterial proteins, leading to the production of non-functional or toxic proteins.

Interferes with cell wall formation

is incorrect. This mechanism describes the action of beta-lactam antibiotics (such as penicillins, cephalosporins, and carbapenems) and glycopeptides (such as vancomycin). These antibiotics inhibit bacterial cell wall synthesis by interfering with peptidoglycan cross-linking, which is essential for bacterial cell wall integrity. Macrolides do not affect cell wall synthesis.

Inhibits DNA synthesis

is incorrect. This mechanism describes the action of quinolones and fluoroquinolones (such as ciprofloxacin and levofloxacin), which inhibit bacterial DNA gyrase and topoisomerase IV, enzymes essential for DNA replication. Macrolides do not directly affect DNA synthesis.

Inhibits RNA synthesis

is incorrect. This mechanism describes the action of rifamycins (such as rifampicin), which inhibit bacterial RNA polymerase, preventing the transcription of DNA to RNA. Macrolides act at the level of translation (protein synthesis) rather than transcription (RNA synthesis)."
75,"A 49-year-old male patient presents to the GP surgery for a routine review. You notice that he has a rash on his face. He said he first noticed the rash during a bicycle trip in the south of France. Since he came back from the bicycle trip, the rash has faded slightly. He has a past medical history of cardiac arrhythmia. On examination, there is a maculopapular erythematous rash on his forehead and both cheeks. The rest of the examination is unremarkable.

What is the most likely medication that may have caused the rash?","[""Amiodarone"", ""Amlodipine"", ""Bisoprolol"", ""Nicorandil"", ""Flecainide""]",Amiodarone,0,"Amiodarone is a cause of photosensitivity

This patient is having a photosensitive rash. Given all the medications, amiodarone is the most likely medication to have caused this rash.

Amlodipine, bisoprolol, nicorandil, flecainide do not usually cause photosensitivity."
76,"A 62-year-old man presents to his GP for routine post-surgical blood tests.

He underwent an elective hip replacement 2 weeks previously and has been self-administering subcutaneous venous thromboembolism (VTE) prophylaxis. He feels very well.

His other past medical history includes polymyalgia rheumatica and hypertension. His normal drugs have been restarted after his hospital admission; these include co-codamol, prednisolone, and ramipril.

Blood tests show the following:


Hb	118 g/L	Male: (135-180)
Female: (115 - 160)
Platelets	36 * 109/L	(150 - 400)
WBC	5.2 * 109/L	(4.0 - 11.0)


What is the most likely cause of his thrombocytopaenia?","[""Haemolysis across the prosthesis"", ""Enoxaparin"", ""Prednisolone"", ""Ramipril"", ""Co-codamol""]",Enoxaparin,1,"Heparin can cause drug induced thrombocytopaenia

Enoxaparin, a type of low molecular weight heparin, can cause thrombocytopaenia.

Prosthetic joints are not likely to cause thrombocytopaenia.

The other drugs listed are not common causes of thrombocytopaenia.

If heparin-induced thrombocytopenia is strongly suspected or confirmed, the heparin should be stopped and an alternative anticoagulant, such as danaparoid, should be given. Ensure platelet counts return to normal range in those who require warfarin."
77,A 73-year-old man is prescribed cetuximab after being diagnosed with metastatic colorectal cancer. What target is this monoclonal antibody directed against?,"[""Vascular endothelial growth factor receptor"", ""Angiopoietin-2 receptors"", ""CD20 protein complex"", ""Epidermal growth factor receptor"", ""Fibroblast growth factor receptor""]",Epidermal growth factor receptor,3,"Cetuximab - monoclonal antibody against the epidermal growth factor receptor

The correct answer is the

Epidermal growth factor receptor

. Cetuximab is a monoclonal antibody that targets the Epidermal Growth Factor Receptor (EGFR). EGFR, a transmembrane protein, is involved in cell growth and differentiation. Overexpression of EGFR has been observed in various types of cancers including colorectal cancer. Cetuximab binds to the extracellular domain of EGFR and blocks its activation by preventing ligand binding, hence inhibiting downstream signalling pathways that lead to cellular proliferation, angiogenesis, and reduced apoptosis.

The option

Vascular endothelial growth factor receptor

is incorrect. This receptor is targeted by drugs like bevacizumab, not cetuximab. Bevacizumab is another type of monoclonal antibody used in cancer treatment but it works by inhibiting vascular endothelial growth factor A (VEGF-A), which plays a critical role in angiogenesis.

Angiopoietin-2 receptors

are also not the target of cetuximab. Angiopoietin-2 plays a role in angiogenesis as well but it does so by binding to the Tie2 receptor on endothelial cells. There are currently experimental therapies targeting this pathway but cetuximab doesn't work on this mechanism.

The

CD20 protein complex

is targeted by monoclonal antibodies such as rituximab and obinutuzumab, which are primarily used for B-cell malignancies like non-Hodgkin lymphoma and chronic lymphocytic leukaemia. CD20 is a protein expressed on the surface of B-cells and these drugs work by causing lysis of those cells.

Finally,

Fibroblast growth factor receptor

isn't the target for cetuximab either. There are specific inhibitors being developed against this receptor due to its involvement in different types of cancers but they represent a separate class of drugs from cetuximab."
78,"A 54-year-old man is admitted to the hospital following a four-day history of diarrhoea.

He has type II diabetes mellitus, hypertension, and chronic renal impairment. His regular medications include metformin, gliclazide, ramipril, and amlodipine.

On assessment, he is confused, hypotensive with a blood pressure of 84/44 mmHg, and tachycardic with a heart rate of 110 bpm. Venous blood gas was performed.


pH	6.9	(7.35 - 7.45)
Bicarbonate	8 mmol/L	(22 - 28)
Base excess	-16	(-2 - 2)
Lactate	11.2 mmol/L	(< 1.0)
Na+	148 mmol/L	(135 - 145)
K+	5.0 mmol/L	(3.5 - 5.0)
Cl-	97 mmol/L	(95-105)
Glucose	12.4 mmol/L	(3.9 - 5.8)

What is the most likely cause of his metabolic derangement?","[""Acute renal impairment"", ""Adrenal insufficiency"", ""Diabetic ketoacidosis"", ""Diarrhoea"", ""Lactic acidosis""]",Lactic acidosis,4,"Although rare, lactic acidosis is an important side-effect of metformin

Lactic acidosis

is the correct answer. This is likely the result of metformin therapy, for which lactic acidosis is a recognised adverse event. This diagnosis is supported by the raised anion metabolic acidosis (43, normal range 4 - 12 mmol/L), markedly raised venous lactate, and features of haemodynamic compromise. Lactic acidosis in this scenario has little to do with tissue hypoxia or hypoperfusion. Instead, it results from activation of the alternate metabolic pathway of pyruvate, which leads to hyperlactatemia. Lactate acid dissociates immediately into lactate and hydrogen ions, driving acidosis.

Acute renal impairment

is not correct. Whilst this patient may have an acute kidney injury on a background of chronic renal impairment, the significantly raised lactate would suggest another driving aetiology.

Adrenal insufficiency

is not correct. Whilst this diagnosis should be considered in any patient with hypotension and metabolic disturbances, the electrolyte pattern seen here would be atypical for acute adrenal insufficiency. Classically, you would expect to find hyponatraemia as a result of aldosterone deficiency. Furthermore, you would expect a normal anion gap metabolic acidosis rather than the raised anion gap demonstrated in this scenario.

Diabetic ketoacidosis

is not correct. DKA is an uncommon finding in patients with type II diabetes mellitus. The venous blood glucose, in this case, is also not markedly raised, meaning an alternative cause for the metabolic disturbances should be sought.

Diarrhoea

is not correct. Diarrhoea, if severe, can cause metabolic disturbances. Generally, this would be a normal anion gap metabolic acidosis with hyponatraemia and hypokalemia. You would typically not expect to find a venous lactate value as high as 11.2 mmol/L with diarrhoea."
79,"A 67-year-old man presents to the Emergency Department with severe abdominal pain and haematemesis. After initial resuscitation, he undergoes an urgent CT scan which reveals a perforated duodenal ulcer. The surgical team arranges an emergency laparotomy and he is transferred to theatre.
Given his non-fasted state, the anaesthetist plans to perform a rapid sequence induction (RSI) using a depolarising muscle relaxant to reduce airway compromise.

Which of the following drugs is appropriate to use?","[""Rocuronium"", ""Sugammadex"", ""Mivacurium"", ""Suxamethonium"", ""Pancuronium""]",Suxamethonium,3,"Suxamethonium is a depolarising muscle relaxant

There are two main categories of muscle relaxants used in anaesthesia: depolarising muscle relaxants and non-depolarising muscle relaxants.

Out of the listed options, suxamethonium is the only example of a depolarising muscle relaxant, and therefore this is the correct response.

Rocuronium, mivacurium, and pancuronium are all incorrect as these drugs are all examples of non-depolarising muscle relaxants.

Sugammadex is a drug utilised in anaesthesia for reversal of neuromuscular blockade caused by rocuronium and vecuronium and therefore is an incorrect answer."
80,"A 28-year-old is brought to the emergency department by her partner, who found her drowsy and confused. She has a history of bipolar disorder and is on a medication commonly prescribed to stabilise mood in this condition. Her partner reports finding empty medication packaging and suspects she may have taken an overdose after an argument the previous evening.

On exam, she appears dehydrated with dry mucous membranes and has a heart rate of 105 bpm. Neurological examination reveals a coarse tremor, mild ataxia, and hyperreflexia.

What is the first-line treatment for this patient’s likely presentation?","[""Emergency haemodialysis"", ""IV loop diuretics"", ""IV saline"", ""IV sodium bicarbonate"", ""Oral activated charcoal""]",IV saline,2,"Lithium toxicity: IV saline is the first-line treatment

This patient is likely experiencing a lithium overdose, given her history of bipolar disorder and the symptoms of confusion, tremors, ataxia, and hyperreflexia. The first-line treatment for lithium toxicity is

IV saline

, which helps to rehydrate the patient and promote renal excretion of the drug. Saline administration improves renal function and helps dilute and clear the lithium, reducing the risk of severe toxicity and complications.

The most likely cause of this patient's presentation is lithium overdose, given her history of bipolar disorder and the symptoms of confusion, tremors, and ataxia.

Emergency haemodialysis

is typically reserved for severe lithium toxicity or when conservative measures fail. It is not the first-line treatment, as it is an invasive procedure often only used when there are life-threatening symptoms, such as seizures or profound renal failure. Initially, IV saline is preferred to enhance renal excretion of lithium, and dialysis is considered only if there is no improvement with supportive care or if the patient has severe toxicity.

IV loop diuretics

are not recommended for lithium toxicity, the most likely cause of this patient's presentation. While diuretics increase urine output, they can also lead to electrolyte imbalances, particularly hypokalemia, which can worsen the patient's condition. In lithium toxicity, it is important to avoid medications that may further compromise renal function or exacerbate dehydration. IV saline is the preferred treatment to promote renal excretion of lithium in a controlled manner.

IV sodium bicarbonate

is typically used in cases of acidosis or certain drug overdoses, but it is not effective for lithium toxicity, the cause of this patient's presentation. It does not address the underlying cause of lithium toxicity or promote its excretion. The first-line treatment for lithium toxicity is IV saline, which helps improve hydration and enhances renal clearance of the drug, making sodium bicarbonate an inappropriate choice for this scenario.

Oral activated charcoal

is generally used in the treatment of certain types of poisoning, such as overdoses of medications that can be adsorbed by charcoal. However, lithium, the likely cause in this case, is not effectively absorbed by activated charcoal once it has been absorbed into the bloodstream. Since lithium is rapidly absorbed, activated charcoal would not significantly alter its course or help reduce its serum levels. IV saline remains the preferred first-line treatment for lithium toxicity."
81,"A 35-year-old woman presents to her GP with urinary symptoms, including increased frequency and a burning sensation when passing urine. She has a history of multiple urinary tract infections and believes her current symptoms resemble those from previous episodes.

A urine dip test yields positive results for leukocytes and nitrates, prompting her GP to prescribe a short course of ciprofloxacin. The choice of this quinolone antibiotic aligns with local resistance patterns and the patient's allergy status.

What is the mechanism of action for this antibiotic?","[""Damages DNA"", ""Inhibits DNA synthesis"", ""Inhibits RNA synthesis"", ""Inhibits folic acid formation"", ""Inhibits ribosome subunits""]",Inhibits DNA synthesis,1,"Quinolones (e.g. ciprofloxacin) - inhibits DNA synthesis

Ciprofloxacin belongs to the class of antibiotics known as quinolones. These drugs are structurally related to the natural compound quinoline and have a common core structure. Ciprofloxacin's mechanism of action involves the

inhibition of DNA synthesis

in bacteria. It achieves this by targeting a key enzyme called DNA gyrase, which is responsible for unwinding and supercoiling the bacterial DNA during replication and transcription processes. By binding to DNA gyrase and preventing it from functioning properly, ciprofloxacin disrupts the bacterial DNA replication machinery, ultimately leading to the inhibition of DNA synthesis.

Antibiotics like metronidazole work by

damaging DNA

of bacteria. Once activated within the bacterial cell, these antibiotics disrupts DNA structure and causes DNA strand breaks. This damages the microorganism's ability to replicate and survive, ultimately leading to bacterial cell death.

Antibiotics such as rifampicin are known for their ability to

inhibit RNA synthesis

in bacteria. They achieve this by specifically targeting and binding to bacterial RNA polymerase, the enzyme responsible for transcribing DNA into RNA. This interference disrupts the crucial process of RNA production, hampering bacterial protein synthesis and other essential cellular functions.

Antibiotics like trimethoprim and sulphonamides

inhibit folic acid formation

in bacteria. Folic acid is crucial for the synthesis of DNA, RNA, and amino acids. Trimethoprim targets the enzyme dihydrofolate reductase, while sulphonamides interfere with the production of para-aminobenzoic acid (PABA), a precursor necessary for folic acid synthesis. By disrupting these key steps, these antibiotics deprive bacteria of essential components for growth and replication.

Antibiotics such as tetracyclines and aminoglycosides

inhibit ribosome subunits

in bacteria. These antibiotics interfere with the translation process, which is essential for protein synthesis. Tetracyclines bind to the 30S ribosomal subunit, preventing the attachment of aminoacyl-tRNA molecules, while aminoglycosides disrupt the fidelity of protein synthesis by binding to the 30S subunit as well. These actions disrupt the ribosome's ability to accurately read and translate genetic information, ultimately leading to the inhibition of bacterial protein production. This disruption in protein synthesis is a key mechanism by which these antibiotics combat bacterial infections."
82,A 29-year-old woman is admitted to the Emergency Department with carbon monoxide poisoning. High-flow oxygen is applied on arrival. Which one of the following is not an indication for hyperbaric oxygen therapy?,"[""A carboxyhaemoglobin concentration of 16%"", ""Arrhythmia"", ""Extrapyramidal features"", ""Loss of consciousness when initially found by paramedics"", ""Pregnancy""]",A carboxyhaemoglobin concentration of 16%,0,
83,Which one of the following statements regarding drug metabolism is incorrect?,"[""Reduction is an example of a phase I reaction"", ""The majority of both phase I and phase II reactions take place in the liver"", ""Aspirin undergoes extensive first-pass metabolism"", ""Products of phase I reactions are typically more lipid soluble"", ""Products of phase II reactions are typically inactive and excreted in urine or bile""]",Products of phase I reactions are typically more lipid soluble,3,
84,"Each of the following are true regarding tricyclic overdose, except:","[""Anticholinergic features are prominent early on"", ""Metabolic acidosis is a common complication"", ""ECG changes include prolongation of the QT interval"", ""Dialysis is indicated in severe toxicity"", ""QRS duration > 160ms is associated with ventricular arrhythmias""]",Dialysis is indicated in severe toxicity,3,
85,A woman who is 24-weeks pregnant presents with a productive cough. On examination crackles can be heard in the left base and a decision is made to give an antibiotic. Which one of the following is least suitable to prescribe?,"[""Ciprofloxacin"", ""Erythromycin"", ""Co-amoxiclav"", ""Cefalexin"", ""Cefaclor""]",Ciprofloxacin,0,
86,Which one of the following drugs may be cleared by haemodialysis?,"[""Beta-blockers"", ""Tricyclics"", ""Aspirin"", ""Benzodiazepines"", ""Digoxin""]",Aspirin,2,
87,"A 53-year-old man is evaluated for a 5-year history of recurrent gout attacks involving the base of the great toes, mid feet, and ankles. Episodes are becoming more frequent and severe. History is also significant for hypertension and stage 3 chronic kidney disease. Medications are lisinopril and metoprolol. The patient is of Thai descent.

On physical examination, vital signs are normal. There are no tophi or swollen joints. Laboratory studies show a serum urate level of 9.1 mg/dL.

Which of the following is the most appropriate step in management?","[""Begin allopurinol"", ""Begin probenecid"", ""Measure antinuclear antibodies"", ""Order HLA-B*5801 allele testing"", ""Begin aspirin""]",Order HLA-B*5801 allele testing,3,"Screen for HLA-B *5801 allele in a patient at high risk for allopurinol induced severe cutaneous adverse reaction

HLA-B*5801 allele testing is the most appropriate next step in management. This patient with gout is at high risk for allopurinol sensitivity. His risk factors include diuretic use, ethnicity (Thai descent), and chronic kidney disease. Allopurinol hypersensitivity is characterized by DRESS ( drug reaction, eosinophilia, and systemic symptoms) syndrome and can result in kidney failure and death.

Allopurinol should be avoided in patient with mild to moderate chronic kidney disease.

Probenecid should be avoided in patients with chronic kidney disease, as the drug requires intact kidney function.

There is no suggestion of an antinuclear antibody-related disease such as systemic lupus erythematous and testing should not be performed in patients with a low pretest probability of disease.

Beginning aspirin is not a good option in a patient with chronic kidney disease and is only effective during acute attacks."
88,"A 13-year-old boy has attended the acute medical unit with severe lethargy and jaundice. He has recently taken a medication that his mother feels may have been the cause. She noted her brother once had a similar reaction to a tattoo. You suspect he may have glucose-6-phosphate dehydrogenase (G6PD) deficiency.

Which of the following drugs would most likely provoke a haemolytic crisis in G6PD deficiency?","[""Trimethoprim"", ""Ibuprofen"", ""Ciprofloxacin"", ""Chloroquine"", ""Sodium valproate""]",Ciprofloxacin,2,"Ciprofloxacin is contraindicated in G6PD deficiency

The answer is ciprofloxacin. G6PD deficiency is a (usually) X-linked recessive condition that predisposes patients to haemolytic crises following oxidative stress. This most commonly manifests in the form of certain medications, but some foods (broad beans) and even henna tattoos can prompt a crisis.

Variation occurs in known triggers amongst subjects. However, some triggers have a higher likelihood than others - and as such are contraindicated absolutely. Quinolones (ciprofloxacin, norfloxacin & moxifloxacin) have a very high theoretical risk of haemolysis. Other drugs with a high risk include primaquine, sulfonamides, methylene blue, dapsone & doxorubicin. Chloroquine has a small risk of haemolysis. Trimethoprim, ibuprofen and sodium valproate have no theoretical risk."
89,"A 23-year old gentleman presents to the emergency department having ingested approximately 120ml of household bleach two hours ago. He has a background of depression and previous suicidal ideation. Currently he is reporting pain on swallowing saliva since the ingestion. Cardiovascular, respiratory and abdominal examination were unremarkable. There is no evidence of surgical emphysema or stridor. A chest x-ray is reported as normal.

What is the most appropriate course of action?","[""Trial of oral fluid, observe for 6 hours and discharge if his symptoms do not worsen"", ""Nil by mouth, intravenous proton pump inhibitor, oesophago-gastroduodenoscopy in 5 days"", ""Insert a wide-bore nasogastric tube and apply suction"", ""Nil by mouth, intravenous proton pump inhibitor, urgent oesophago-gastroduodenoscopy"", ""Nil by mouth, oesophago-gastroduodenoscopy in 5 days""]","Nil by mouth, intravenous proton pump inhibitor, urgent oesophago-gastroduodenoscopy",3,"Early endoscopy and risk stratification is important in patients with symptomatic caustic ingestion

Caustic ingestion is a relatively common presentation, with a relative paucity of evidence to support its management.  The correct answer here is early endoscopy, ideally within 12 hours (sometimes 24 hours dependent on local guidance). It would seem tempting to wait until after the initial insult has passed until performing an endoscopy: however, most guidelines advocate avoiding endoscopy between days 5 and 15 post ingestion when oesophageal strength is at its lowest (based on experimental data from animal models).  Both options advocating delayed endoscopy are therefore incorrect.  Nasogastric tube insertion involves potential re-exposure of the upper GI tract to the substance and is therefore not advisable.  A trial of oral fluid and observation may be appropriate in asymptomatic patients however this patient has odynophagia and should be investigated."
90,Which of the following drugs is considered least likely to precipitate an attack of acute intermittent porphyria?,"[""Diazepam"", ""Penicillin"", ""Thiopentone"", ""Sulphonamides"", ""Alcohol""]",Penicillin,1,
91,"A 78-year-old man attends the clinic with blurred vision. Following fundoscopy, and measurement of the intraocular pressure you diagnose him with glaucoma.

You start him on pilocarpine.

How does this agent reduce intra-ocular pressures?","[""Increasing uveoscleral outflow of aqueous humour by activating prostaglandin receptors"", ""Reduce aqueous humour production by antagonising beta receptors"", ""Reduce the production of aqueous humour by inhibition of carbonic anhydrase"", ""Reduces aqueous humour production and stimulates aqueous humour outflow by stimulation of alpha-adrenergic receptors"", ""Stimulation of muscarinic cholinergic receptors to increase aqueous humour outflow""]",Stimulation of muscarinic cholinergic receptors to increase aqueous humour outflow,4,"Pilocarpine is a muscarinic agonist

Stimulation of muscarinic cholinergic receptors to increase aqueous humour outflow

is correct. Pilocarpine is a muscarinic agonist. This results in ciliary contraction (contraction of the iris), which will increase aqueous humour outflow, miosis, and accommodation.

Increasing uveoscleral outflow of aqueous humour by activating prostaglandin receptors

is incorrect. Drugs in this class include latanoprost, travoprost, and bimatoprost. Topical prostaglandin analogues reduce intraocular pressure by enhancing uveoscleral outflow of aqueous humour. They may also have some effect to increase the trabecular meshwork outflow of aqueous humour.

Reduce aqueous humour production by antagonising beta receptors

is incorrect. Beta-blocker drugs used in glaucoma include timolol. They reduce IOP by inhibition of aqueous humour production.

Reduce the production of aqueous humour by inhibition of carbonic anhydrase

is incorrect. Carbonic anhydrase inhibitors include dorzolamide and brinzolamide. They reduce the production of aqueous humour by the epithelium of the ciliary body by reducing the production of bicarbonate ions and fluid flow.

Reduces aqueous humour production and stimulates aqueous humour outflow by stimulation of alpha-adrenergic receptors

is incorrect. Drugs in this class include brimonidine. Brimonidine has a dual mechanism for lowering intraocular pressure (IOP): it both reduces aqueous humour production and stimulates aqueous humour outflow through the uveoscleral pathway."
92,"A 65-year-old man presents to the Emergency Department with lethargy and leg swelling. Initial bloods show the following:


Na+	138 mmol/l
K+	5.6 mmol/l
Urea	19.3 mmol/l
Creatinine	299 µmol/l

His renal function six months ago was normal. Which one of his regular medications is it most important to stop straight away?","[""Ibuprofen"", ""Warfarin"", ""Paracetamol"", ""Diazepam"", ""Atenolol""]",Ibuprofen,0,
93,A 19-year-old man presents to the Emergency Department 5 hours ingesting 20g of paracetamol. N-acetyl cysteine is started straight away. What is the mechanism of action of N-acetyl cysteine?,"[""Replenishes glutathione"", ""Inhibits P450 mixed function oxidases"", ""Replenishes glucuronic acid"", ""Promotes formation of N-acetyl-B-benzoquinone imine"", ""Neutralises mercapturic acid""]",Replenishes glutathione,0,"N-acetylcysteine is a precursor of glutathione

The correct answer is

Replenishes glutathione

. N-acetyl cysteine (NAC) is a precursor of glutathione, an important intracellular antioxidant. In the context of paracetamol overdose, the liver's stores of glutathione can be depleted as it is used to detoxify N-acetyl-p-benzoquinone imine (NAPQI), a toxic metabolite of paracetamol. By providing more glutathione, NAC helps to prevent further damage from NAPQI.

The option

Inhibits P450 mixed function oxidases

is incorrect. While it is true that these enzymes are involved in the formation of NAPQI from paracetamol, NAC does not inhibit their activity. Instead, it works downstream by replenishing glutathione stores.

Replenishes glucuronic acid

is also not correct. Glucuronic acid conjugation is one of the main pathways for paracetamol metabolism, but this process does not involve NAC and is not affected by a paracetamol overdose.

Promotes formation of N-acetyl-B-benzoquinone imine

is another incorrect option. As mentioned earlier, NAPQI (also known as N-acetyl-B-benzoquinone imine) is a toxic metabolite of paracetamol that causes liver damage. The aim of treatment with NAC is to reduce levels of this substance, not increase them.

Finally,

Neutralises mercapturic acid

is also wrong. Mercapturic acid derivatives are formed when glutathione conjugates with NAPQI in the liver. However, these substances are generally non-toxic and their production actually represents a detoxification pathway for paracetamol metabolites. Therefore, there would be no need for an antidote like NAC to neutralise them."
94,"A 32-year-old woman is rescued after a house fire. She was found in an enclosed space and is confused.

Her pulse is 122 bpm, blood pressure 95/60 mmHg, and her oxygen saturation is 98%, breathing 15 L/min oxygen via a non-rebreathe mask. She has no visible soot in her airway, but has partial-thickness burns on her arms and chest, with melted plastic adhered to her skin.

Investigations:


pH	7.25	(7.35 - 7.45)
pO2	24 kPa	(10 - 14)
pCO2	4.6 kPa	(4.5 - 6.0)
Bicarbonate	12 mmol/L	(22 - 28)
Carboxyhaemoglobin	8 %	(< 2%)
Lactate	7 mmol/L	(< 2)

What is the most likely underlying mechanism for her findings?","[""Conversion of ferrous iron to ferric iron within haemoglobin"", ""Disruption of alveolar-capillary membrane integrity"", ""Impairment of pyruvate dehydrogenase"", ""Inhibition of cytochrome c oxidase"", ""Uncoupling of oxidative phosphorylation""]",Inhibition of cytochrome c oxidase,3,"Cyanide inhibits the enzyme cytochrome c oxidase, resulting in cessation of the mitochondrial electron transfer chain

Inhibition of cytochrome c oxidase

is the correct answer. This patient’s presentation is consistent with cyanide poisoning, which commonly occurs in enclosed-space fires from the combustion of synthetic materials like plastics and insulation.  She was found confused, had hypotension, and severe lactic acidosis despite an oxygen saturation of 98% on high-flow oxygen—all signs of impaired cellular oxygen utilisation. Arterial blood gas shows a metabolic acidosis (pH 7.25, bicarbonate 12 mmol/L) with a markedly raised lactate (7 mmol/L), indicating tissue hypoxia and anaerobic metabolism. Cyanide causes these effects by inhibiting cytochrome c oxidase (complex IV) in the mitochondrial electron transport chain, halting oxidative phosphorylation and forcing cells into anaerobic metabolism, which rapidly raises lactate levels. Despite normal oxygen delivery, cells cannot use oxygen, resulting in cellular hypoxia. Therefore, the most likely mechanism is inhibition of cytochrome c oxidase.

Conversion of ferrous iron to ferric iron within haemoglobin

is incorrect. This mechanism underlies methaemoglobinaemia, which reduces oxygen delivery by oxidising haemoglobin iron from ferrous (Fe²⁺) to ferric (Fe³⁺) form. Methaemoglobinaemia causes a decrease in SpO₂ despite a normal pO2, and typically presents with features like cyanosis and chocolate-brown coloured blood following exposure to agents like nitrates and dapsone, which are not seen here.

Disruption of alveolar-capillary membrane integrity

is incorrect because this mechanism is typically associated with acute respiratory distress syndrome (ARDS), which leads to hypoxaemia due to impaired gas exchange. In this case, the patient has a high arterial oxygen level (PaO₂ 24 kPa) and a normal chest examination, making ARDS unlikely. Her confusion, raised lactate, metabolic acidosis, and elevated carboxyhaemoglobin suggest cyanide toxicity due to inhibition of cytochrome c oxidase.

Impairment of pyruvate dehydrogenase

is incorrect. This can occur in impaired thiamine metabolism, causing reduced conversion of pyruvate to acetyl-CoA and leading to lactic acidosis. However, this process is typically gradual and can be congenital (e.g. pyruvate dehydrogenase deficiency) or due to chronic alcoholism or malnutrition, none of which are indicated here. The patient’s acute presentation following a house fire, confusion, and severe metabolic acidosis is far more consistent with cyanide poisoning. Thus, while pyruvate dehydrogenase inhibition can cause lactic acidosis, it does not explain the acute, severe findings in this case.

Uncoupling of oxidative phosphorylation

is incorrect. This refers to agents like dinitrophenol (DNP) or salicylate toxicity, which disrupt the mitochondrial proton gradient, causing heat generation and ATP depletion. It usually presents with hyperthermia, tachycardia, and metabolic acidosis, often in the context of toxin ingestion. In this case, there is no mention of fever or history of overdose. Instead, the patient has lactic acidosis and confusion following smoke inhalation and exposure to burning plastics, features more typical of cyanide poisoning, which directly inhibits electron transport rather than uncoupling it."
95,In which one of the following conditions is intravenous immunoglobulin therapy most likely to be beneficial?,"[""Graves' ophthalmopathy"", ""Kawasaki disease"", ""Inclusion body myositis"", ""Multiple sclerosis"", ""Rheumatoid arthritis""]",Kawasaki disease,1,
96,"A 36-year-old male weighing 70kg presents to the Emergency Department following an overdose of paracetamol in an attempt to end his life. The patient reports to have taken a total of 15 grams of paracetamol over the course of the last 5 hours. He currently feels nauseous, but denies vomiting or abdominal pain.

What is the most appropriate next step in managing this patient?","[""Check serum paracetamol levels and act as per result"", ""Give IV N-acetylcysteine immediately"", ""Give IV fomepizole immediately"", ""Give IV sodium bicarbonate immediately"", ""Observe patient and discharge if remains asymptomatic""]",Give IV N-acetylcysteine immediately,1,"Patients who take a staggered paracetamol overdose should receive treatment with acetylcysteine

Patients who present following staggered ingestion of a potentially toxic dose of paracetamol (>75mg/kg) should be commenced on IV acetylcysteine irrespective of serum paracetamol concentrations.

A staggered overdose is defined as 'ingestion of a potentially toxic dose of paracetamol over more than one hour'. This patient has taken >150mg/kg over a period of 5 hours and therefore should be commenced on treatment.

Fomepizole is used to the treatment of ethylene glycol (antifreeze) poisoning. IV sodium bicarbonate can be given in the treatment of salicylate and tricyclic antidepressant overdose.

Given that the patient has ingested a toxic dose, treatment should not be delayed until the development of symptoms."
97,"A 65-year-old man is rushed to the emergency department by his daughter. He complains of crushing, central chest pain.

An immediate ECG trace of his heart shows widespread ST elevation in the anterolateral chest leads.

He is started on aspirin, prasugrel, morphine, metoclopramide and nitrates and is taken to the percutaneous coronary intervention (PCI) lab. The cardiologist attending suggests starting him on abciximab for the prevention of further ischemic events.

What is the mechanism of action of the drug suggested by the cardiologist?","[""Direct factor X inhibitor"", ""Direct thrombin inhibitor"", ""P2Y12 inhibitor"", ""Activates anti-thrombin III"", ""Glycoprotein IIb/IIIa inhibitor""]",Glycoprotein IIb/IIIa inhibitor,4,"Abciximab is a glycoprotein IIb/IIIa receptor antagonist

Drug name	MOA
Heparin	activates anti-thrombin III
Prasugrel	P2Y12 ADP inhibitor
Abciximab	glycoprotein IIb/IIIa inhibitor
Dabigatran	direct thrombin inhibitor
Rivaroxaban	direct factor X inhibitor"
98,"An internal medical trainee is called to review a hospital inpatient who has become agitated. They are currently on an end-of-life care pathway and are being treated for persistent nausea and vomiting with haloperidol.

On examination, the patient is restless and there is extreme and sustained upward deviation of the eyes. The limb examination is normal.

Given the likely diagnosis, what treatment should be administered?","[""Dantrolene"", ""Levodopa"", ""Metoclopramide"", ""Procyclidine"", ""Quetiapine""]",Procyclidine,3,"Benztropine or procyclidine may be used to manage an oculogyric crisis

Procyclidine

is correct. The patient presents with agitation and extreme and sustained upward gaze deviation. This is typical of an oculogyric crisis which may be precipitated by antipsychotic medications such as haloperidol (in this case administered for nausea). The mechanism is not delineated but it is thought to inhibit central cholinergic receptors, and thus balance cholinergic and dopaminergic activity in the basal ganglia.

Dantrolene

is incorrect. This medication is sometimes used to treat neuroleptic malignant syndrome, which is a side effect of antipsychotic treatments including haloperidol. However, these patients tend to have muscular rigidity and fevers and these are absent in this case. It can also be used to treat conditions such as cerebral palsy or multiple sclerosis. This is therefore not the correct answer.

Levodopa

is incorrect. Haloperidol can cause drug-induced Parkinsonism. However, levodopa is not typically used for drug-induced Parkinsonism (which is typically managed with withdrawal of the drug). Additionally, there are no features of typical parkinsonism here (bradykinesia, tremor, and rigidity). Levodopa itself may cause an oculogyric crisis. This is therefore not the correct answer.

Metoclopramide

is incorrect. This is an effective anti-emetic but can actually cause an oculogyric crisis and so is incorrect.

Quetiapine

is incorrect. While quetiapine is sometimes prescribed for agitation, it is another cause of an oculogyric crisis (2nd generation antipsychotic). As the patient has already had an oculogyric crisis secondary to antipsychotic medication, further antipsychotic medication with this as a possible side effect would be unwise."
99,"A 30-year-old male with a history of major depression and previous suicidal intent has been feeling extremely low in mood during the coronavirus pandemic. He has been living and working in isolation. One evening he felt overwhelmed in emotion and acted upon his suicidal ideations by drinking nearly an entire bottle of anti-freeze. He soon after developed severe abdominal pain, vomiting and headache prompting him to call the emergency services.

What is the best way to manage this presentation?","[""Ethanol"", ""Ethylene glycol"", ""Fomepizole"", ""Methanol"", ""Pantoprazole""]",Fomepizole,2,"Ethylene glycol toxicity management - fomepizole. Also ethanol / haemodialysis

Ethylene glycol is a colourless, odourless, sweet liquid found in antifreeze and used in accidental or intentional suicide attempts. Early treatment increases the chance of a good outcome.

Fomepizole is used in ethylene glycol poisoning by acting to prevent the breakdown of these toxins into their active toxic metabolites. Fomepizole is a competitive inhibitor of the enzyme alcohol dehydrogenase found within the liver. This enzyme plays a key role in the metabolism of ethylene glycol, and methanol. This is the first-line agent used. Haemodialysis may also be employed in situations where organ damage is evident or significant metabolic acidosis.

Ethanol is only used as an antidote if fomepizole is not available and therefore it is not used first-line.

Pantoprazole is a proton-pump inhibitor used in reducing the amount of acid the stomach makes. Whilst it may help with some of the patient's symptoms it is not an antidote for antifreeze.

Methanol is commonly found in windshield washer fluid and its preferred antidote is fomepizole in cases of overdose. It has no role in the management of ethylene glycol toxicity."
100,Which one of the following is a mixed alpha and beta adrenoceptor antagonist?,"[""Doxazosin"", ""Phenoxybenzamine"", ""Yohimbine"", ""Propranolol"", ""Carvedilol""]",Carvedilol,4,
101,"Each of the following drugs are known to inhibit cytochrome P450, except:","[""Ketoconazole"", ""Ciprofloxacin"", ""Erythromycin"", ""Clopidogrel"", ""Amiodarone""]",Clopidogrel,3,
102,"The hospital you work at is on red alert after a suspected chemical attack in the city. Twenty five patients have been admitted to the hospital. The patients are extremely unwell. Their symptoms include salivation, lacrimation, diarrhoea, and emesis.

You are instructed by public health that the most likely agent used was sarin gas.

What is the mechanism of action of sarin gas?","[""Inhibition of acetylcholinesterase"", ""Anti-cholinergic"", ""Sympathomimetic"", ""Sedative-hypnotic"", ""Serotonergic""]",Inhibition of acetylcholinesterase,0,"Sarin gas is a highly toxic synthetic organophosphorus compound which causes inhibition of the enzyme acetylcholinesterase

Sarin gas is a highly toxic synthetic organophosphorus compound which causes inhibition of the enzyme acetylcholinesterase. This results in high levels of acetylcholine (ACh).

The effects of excessive ACh can be remembered by the mnemonic DUMBELLS:

Diarrhoea
Urination
Miosis/muscle weakness
Bronchorrhea/Bradycardia
Emesis
Lacrimation
Salivation/sweating

Organophosphate poisoning is treated with the anti-muscarinic atropine."
103,"Mr Phalen is a 48-year-old civil engineer who was recently diagnosed with type 2 diabetes at his NHS over-40 health check. Your colleague started him on metformin two weeks ago, but he has asked for a telephone consultation as he is still experiencing nausea with it. He says he has tried to persevere but now he has had enough and wants to stop it. His HbA1c at diagnosis was 52mmol/l. His body mass index is 31kg/m². His renal function is normal.

What is the most appropriate medication option to try next?","[""Sulphonylurea"", ""Pioglitazone"", ""Sitagliptin"", ""Modified-release metformin"", ""Orlistat""]",Modified-release metformin,3,"If metformin is not tolerated due to GI side-effects, try a modified-release formulation before switching to a second-line agent

Sulphonylurea - this could be considered as a second-line agent if metformin is not tolerated, but NICE advises consider a trial of modified-release metformin first.

Pioglitazone - this could be considered as a second-line agent if metformin is not tolerated, but NICE advises consider a trial of modified-release metformin first.

Sitagliptin - this could be considered as a second-line agent if metformin is not tolerated, but NICE advises consider a trial of modified-release metformin first.

Orlistat - this is a medication to aid weight loss; it may be helpful in reducing insulin resistance by reducing weight, but is not the recommended course of action."
104,"A 42-year-old man presents to the Emergency Department with central crushing chest pain that came on suddenly whilst attending a party. He appears diaphoretic and clammy, describing his pain as 10/10. He has no significant past medical history, no significant family history, however discloses he has snorted a significant amount of cocaine whilst at the party. An ECG is performed which shows ST elevation of 4mm in anterior leads.

In addition to standard acute coronary syndrome (ACS) treatment, what else is indicated in the management of this patient?","[""IV glucagon"", ""IV labetalol"", ""IV lidocaine"", ""IV lorazepam"", ""IV verapamil""]",IV lorazepam,3,"Patients with MI secondary to cocaine use should be given IV benzodiazepines as part of acute (ACS) treatment

ACS in the context of cocaine use is often secondary to coronary artery vasospasm, however can also be thrombotic. Standard ACS pathways should be used, with the addition of IV benzodiazepines. Benzodiazepines reduce CNS sympathetic outflow, ameliorating the toxic effects of cocaine, and drastically improving myocardial ischaemia, particularly in the context of vasospasm. As always, there is always a risk of benzodiazepine toxicity as well, so cautious dosing is advised.

IV glucagon is indicated in the management of beta-blocker overdose then there is haemodynamic instability.

IV labetalol can be indicated in the management of a hypertensive emergency or for blood pressure control in aortic dissection. Historically, beta-blockers have been avoided in cocaine overdose due to the risk of unopposed alpha-adrenergic activity. However, recent studies have shown that it is likely safe, although its use in cocaine overdose is still widely avoided.

IV verapamil can be considered for the management of supraventricular tachycardia in cocaine overdose, however, adenosine is still the first line.

Although rare, IV lidocaine is occasionally indicated in the management of ventricular tachycardia in cocaine overdose, when refractory to sodium bicarbonate or cardioversion."
105,Which of the following drugs is most likely to cause impaired glucose tolerance?,"[""Bromocriptine"", ""Interferon-alpha"", ""Strontium"", ""Imipramine"", ""Montelukast""]",Interferon-alpha,1,"Glycaemic control in diabetes may be worsened by interferon-alpha

Interferon-alpha

is the correct answer as it is most likely to cause impaired glucose tolerance. Interferons are cytokines with antiviral, antiproliferative, and immunomodulatory properties. Interferon-alpha therapy has been associated with metabolic disturbances, including impaired glucose tolerance and diabetes mellitus. The mechanism involves interferon-induced insulin resistance through several pathways: it can directly impair insulin signalling, increase inflammatory cytokines that contribute to insulin resistance, and may have direct toxic effects on pancreatic beta cells. Clinical studies have demonstrated that approximately 10-15% of patients receiving interferon-alpha therapy develop impaired glucose tolerance or overt diabetes, particularly when used for hepatitis C treatment or certain malignancies.

Bromocriptine

is incorrect. Contrary to causing impaired glucose tolerance, bromocriptine, a dopamine receptor agonist, has actually been approved for the treatment of type 2 diabetes in some countries. It improves glycaemic control by reducing insulin resistance, possibly through effects on circadian rhythms and sympathetic nervous system activity. Bromocriptine can lower fasting glucose levels and HbA1c, and is sometimes used as an adjunctive therapy in type 2 diabetes management.

Strontium

is incorrect. Strontium ranelate, used in the treatment of osteoporosis, has not been significantly associated with impaired glucose tolerance. Its primary adverse effects include gastrointestinal disturbances, venous thromboembolism, and rarely, DRESS syndrome (Drug Reaction with Eosinophilia and Systemic Symptoms). There is no established mechanism by which strontium would interfere with glucose metabolism, and clinical trials have not demonstrated a significant impact on glycaemic control.

Imipramine

is incorrect. While tricyclic antidepressants like imipramine can cause various side effects including weight gain, anticholinergic effects, and cardiovascular effects, they are not strongly associated with impaired glucose tolerance. Some studies suggest a modest effect on insulin sensitivity, but this is generally not clinically significant in most patients. Other psychotropic medications, particularly atypical antipsychotics, have a much stronger association with metabolic disturbances including glucose dysregulation.

Montelukast

is incorrect. Montelukast is a leukotriene receptor antagonist used primarily in asthma and allergic rhinitis management. It has not been associated with impaired glucose tolerance or diabetes mellitus. Its side effect profile mainly includes neuropsychiatric effects such as behaviour changes, headache, and rarely, Churg-Strauss syndrome. There is no pharmacological mechanism by which montelukast would be expected to interfere with glucose metabolism, and clinical experience has not demonstrated such an association."
106,"A 67-year-old man with a history of atrial fibrillation and ischaemic heart disease presents with symptoms consistent with a chest infection. His current medication includes amiodarone, warfarin and simvastatin. Which one of the following antibiotics is it most important to avoid if possible?","[""Trimethoprim"", ""Co-amoxiclav"", ""Cefaclor"", ""Levofloxacin"", ""Erythromycin""]",Erythromycin,4,
107,"A patient arrives at the hospital reporting he took a significant overdose of paracetamol over 8 hours ago.

On exam, he appears unwell and has significant right upper quadrant tenderness and so acetylcysteine treatment was commenced.

An arterial blood gas with other specific tests taken 24 hours post first ingestion shows:


pH	7.25	7.35-7.45
pC02	4.8 kPa	4.4-5.9
pO2	12.0 kPa	10.0-14.0
HCO3	11 mmol/L	22-28
Lac	5 mmol/L	<2
Creatinine	650 µmol/L	53-106
Bilirubin	380 µmol/L	2-17
Prothrombin time (PT)	19sec	11-15

What result means this case meets the King's College Hospital criteria for liver transplantation?","[""Bilirubin"", ""Creatinine"", ""Lactate"", ""pH"", ""Prothrombin time""]",pH,3,"Liver transplantation criteria in paracetamol overdose: pH < 7.3 more than 24 hours after ingestion

This patient has a significant, late presentation paracetamol overdose. If patients present between 8-24 hours post-ingestion of paracetamol, acetylcysteine should be started if there is clear evidence of jaundice or hepatic tenderness. There is unfortunately a large decrease in the effectiveness of acetylcysteine if commenced over 8 hours post-ingestion and significant liver damage beyond this point is more common. Patients with evidence of liver toxicity 24 hours after ingestion should be considered for liver transplantation. The King's College Hospital criteria set the following markers for patients to be considered in case of paracetamol overdose.

An arterial pH <7.3, 24 hours after ingestion

Or all of the following

Prothrombin time > 100 seconds
Creatinine > 300 µmol/L
Grade III or IV encephalopathy

The current factor this patient meets is that their arterial pH is less than 7.3. This means this patient should be considered for liver transplantation.

Serum

bilirubin

is not used in the King's College Hospital criteria for liver transplantation when the liver injury is due to paracetamol overdose therefore it is not used as a factor in this case. It is however taken into a consideration in patients with significant liver injury due to other, non-paracetamol, induced causes, with a level of over 300 µmol/L considered significant.

Although this patient's

creatinine

is significantly raised and above the 300 µmol/L thresholds this alone is not enough for the patient to meet the criteria for a liver transplantation. As the patient's prothrombin time is not above 100 seconds and there is no clear evidence of encephalopathy, a derange creatinine by itself does not meet the criteria.

Although

lactate

can sometimes be used as a marker of prognosis, with a level of over 3 mmol/L after full resuscitation considered an indication of a poor outcome, it is not used in the King's College Hospital criteria for liver transplantation.

This patient's

prothrombin time

is below 100 seconds and therefore does not meet the threshold for liver transplant consideration."
108,A patient presents to the Emergency Department following the development of an urticarial skin rash following the introduction of a new drug. Which one of the following is most likely to be responsible?,"[""Omeprazole"", ""Sodium valproate"", ""Aspirin"", ""Paracetamol"", ""Simvastatin""]",Aspirin,2,"Aspirin is a common cause of urticaria

Although all medications can potentially cause urticaria it is commonly seen secondary to aspirin"
109,"A 24-year-old man presents to the emergency department reporting he has had a breakdown of his relationship which has exacerbated a history of severe depression.

The patient reports taking several packs of paracetamol over the last 18 hours but denies taking any other medications. Following national guidelines, you commence him on the appropriate treatment to prevent liver damage.

What is the mechanism of this treatment?","[""Chelates paracetamol from the blood"", ""Replenish NAPQI stores within the liver"", ""Replenish glutathione stores within the liver"", ""Replenish methionine stores within the liver"", ""Activate CYP450 to hasten paracetamol metabolism""]",Replenish glutathione stores within the liver,2,"Paracetamol overdose occurs when glutathione stores run-out leading to an increase in NAPQI (N-acetyl-p-benzoquinone imine)

In therapeutic doses of paracetamol, the liver produces small quantities of a substance called N-acetyl-p-benzoquinone imine (NAPQI). This highly toxic molecule is rapidly metabolised into safer metabolites by reaction with glutathione, a substance formed of three amino acids (glycine, cysteine, and glutamic acid). In paracetamol overdoses, the liver's supply of glutathione is depleted, leading to the accumulation of NAPQI and its associated liver damage. N-acetyl cysteine, or NAC, acts as a precursor to glutathione, which is used by the liver to convert NAPQI to less toxic metabolites.

Chelation medications, such as penicillamine, are used to remove heavy metals from the blood. There are no medications that hasten paracetamol excretion.

NAPQI is the toxic metabolite that causes cirrhosis in paracetamol overdoses and therefore is the targeted substance removed in overdose.

Methionine is an amino acid that is important in angiogenesis. It is not relevant to the management of paracetamol overdoses.

Many drugs activate CYP450, but NAC is not one of them and regardless, CYP450 plays only a minor, non-rate limiting role in paracetamol metabolism. In fact, it is the CYP450 pathway that produces the toxic NAPQI by-product, thus upregulating it could in fact worsen the outcomes of an overdose."
110,"A 72-year-old woman presents to the emergency department with confusion and dysuria. She has a past medical history of hypertension and normally takes amlodipine.

Her observations are as follows: heart rate 94 beats per minute, blood pressure 101/55 mmHg, respiratory rate 20/minute, oxygen saturation 97% on room air and temperature 38.2ºC.

On examination, she is confused and has a Glasgow coma scale score of 14/15. Suprapubic tenderness is elicited on examination of her abdomen. The cardiorespiratory examination is normal.

A bladder scan excludes urinary retention. Urinalysis is positive for leucocytes, nitrites and blood and negative for protein.

Blood tests on admission:


Hb	138 g/L	Male: (135-180)
Female: (115 - 160)
Platelets	189 * 109/L	(150 - 400)
WBC	12.4 * 109/L	(4.0 - 11.0)
Na+	138 mmol/L	(135 - 145)
K+	4.2 mmol/L	(3.5 - 5.0)
Urea	9.2 mmol/L	(2.0 - 7.0)
Creatinine	66 µmol/L	(55 - 120)
CRP	82 mg/L	(< 5)

She is treated with gentamicin for a presumed urinary tract infection.

Repeat blood tests two days later:


Hb	138 g/L	Male: (135-180)
Female: (115 - 160)
Platelets	189 * 109/L	(150 - 400)
WBC	8.4 * 109/L	(4.0 - 11.0)
Na+	137 mmol/L	(135 - 145)
K+	4.8 mmol/L	(3.5 - 5.0)
Urea	11.2 mmol/L	(2.0 - 7.0)
Creatinine	185 µmol/L	(55 - 120)
CRP	44 mg/L	(< 5)

What is the mechanism underlying the drug-induced renal injury in this case?","[""Acute interstitial nephritis"", ""Acute tubular necrosis"", ""Crystal nephropathy"", ""Glomerulonephritis"", ""Rhabdomyolysis""]",Acute tubular necrosis,1,"Aminoglycoside nephrotoxicity is secondary to tubular necrosis

Acute tubular necrosis is the correct answer. The patient develops an acute kidney injury two days after start gentamicin treatment despite improving inflammatory markers. The most likely explanation is aminoglycoside nephrotoxicity secondary to gentamicin. The mechanism by which gentamicin causes renal injury is acute tubular necrosis.

Acute interstitial nephritis is incorrect. There are a wide variety of medications that cause renal injury by this mechanism including penicillins, quinolones and diuretics.

Crystal nephropathy is incorrect. Drug causes of crystal nephropathy include methotrexate and ganciclovir.

Glomerulonephritis is incorrect. Possible causes of drug-induced GN include NSAIDs and interferon-alpha. We would expect both blood and protein in the urine if this was the case.

Rhabdomyolysis is incorrect. There are a wide variety of drugs that causes drug-induced rhabdomyolysis including statins, amitriptyline, benzodiazepines and lithium. Gentamicin does not typically cause renal injury by this mechanism, however."
111,"A 26-year-old man is taken to the emergency department following a fire at his workplace - a plastic goods factory. He complains of a headache and a constant bitter smell.

On examination, he appears generally unwell. His skin looks slightly red/ashen. Observations reveal hypoxia and hypotension.

Given the likely cause, what is the primary underlying mechanism?","[""Activation of GABAA receptors"", ""Binding to haemoglobin"", ""Inhibition of cytochrome c oxidase"", ""Inhibition of delta-aminolevulinic acid dehydratase"", ""Inhibition of thioredoxin reductase""]",Inhibition of cytochrome c oxidase,2,"Cyanide inhibits the enzyme cytochrome c oxidase, resulting in cessation of the mitochondrial electron transfer chain

The diagnosis here is that of cyanide poisoning - the most common cause is smoke inhalation, the clue here being burning plastics. The signs and symptoms fit with this diagnosis. As such, the correct answer is inhibition of cytochrome c oxidase - in doing so, cyanide leads to the cessation of the mitochondrial electron transfer chain.

Activation of GABA

A

receptors refers to the action of central nervous system depressants - including alcohol. Cyanide does not primarily act through this mechanism.

Binding to haemoglobin refers to carbon monoxide toxicity - the other major factor in smoke inhalation. Cyanide's primary mode of action is through the inhibition of cytochrome c oxidase.

Inhibition of delta-aminolevulinic acid dehydratase is one of the mechanisms underlying lead poisoning, not cyanide poisoning. This would present differently and not be linked to the burning of plastics.

Inhibition of thioredoxin reductase refers to mercury poisoning. Again, this would present differently, and cyanide does not act via this mechanism."
112,"A 70-year-old patient attends the GP with a 10-day history of increasing shortness of breath and ankle swelling. He has a past medical history of hypertension, type II diabetes, ischaemic heart disease and systolic heart failure. He was started on a new medication 10 days ago. Which of the below drugs is most likely to have caused his new symptoms?","[""Bendroflumethiazide"", ""Pioglitazone"", ""Paracetamol"", ""Dapagliflozin"", ""Rivaroxaban""]",Pioglitazone,1,"Glitazones can cause fluid retention and decompensation of heart failure

The correct answer is pioglitazone. Glitazones are a class of anti-hypoglycaemics which can cause retention of fluid resulting in decompensation of pre-existing heart failure. Other medications which can cause worsening of heart failure include NSAIDs, non-dihydropyridine calcium channel blockers, non-cardio-selective beta blockers, some arrhythmic agents and alpha blockers used for urological problems.

BNF:

https://bnf.nice.org.uk/drug/pioglitazone.html

American College of Cardiology:

http://www.acc.org/latest-in-cardiology/articles/2017/02/03/09/44/commonly-used-drugs-can-cause-or-worsen-hf"
113,"A 19-year-old male student from Egypt presents to the emergency department with a 4-day history of increasing lethargy and reduced exercise tolerance. He also reports dark urine. These symptoms started 2 days after he finished a course of antibiotics for a lower respiratory tract infection.

On examination, you notice yellow sclerae bilaterally. His abdomen is soft and non-tender, respiratory and neurological examinations are unremarkable, cardiac examination shows sinus tachycardia of 110 beats/min.

His blood test results are as follows:


Hb	89 g/L	(135-180)
Platelets	450* 109/L	(150 - 400)
WBC	12 * 109/L	(4.0 - 11.0)


Bilirubin	65 µmol/L	(3 - 17)
ALP	90 u/L	(30 - 100)
ALT	33 u/L	(3 - 40)
Albumin	40 g/L	(35 - 50)


Na+	140 mmol/L	(135 - 145)
K+	5 mmol/L	(3.5 - 5.0)
Urea	6 mmol/L	(2.0 - 7.0)
Creatinine	110 µmol/L	(55 - 120)


Reticulocytes	4 %	(0.5 - 1.5)
Blood film	Heinz bodies

What is the causative antibiotic?","[""Ceftriaxone"", ""Clarithromycin"", ""Ciprofloxacin"", ""Co-amoxiclav"", ""Doxycycline""]",Ciprofloxacin,2,"Ciprofloxacin is contraindicated in G6PD deficiency

Glucose-6-phosphate dehydrogenase (G6PD) deficiency is the commonest red blood cell enzyme defect. It is more common in people from the Mediterranean and Africa and is inherited in an X-linked recessive fashion.

The patient has clinical and biochemical features suggestive of haemolytic anaemia related to G6PD deficiency caused by the antibiotic he received recently. Heinz bodies - small round inclusions within red blood cells composed of denatured haemoglobin - are characteristically seen on blood film in this condition.

Of the given options, only ciprofloxacin is a known cause of haemolysis in G6PD deficiency.

The other options listed in this question - penicillins, cephalosporins, macrolides and tetracyclines - are safe in G6PD deficiency."
114,"A woman in clinic has been diagnosed with ER negative and HER-2 positive breast cancer.

Which of these medications will she likely be started on?","[""Tamoxifen"", ""Exemestane"", ""Lapatinib"", ""Anastrozole"", ""Trastuzumab""]",Trastuzumab,4,"Trastuzumab (Herceptin) - monoclonal antibody that acts on the HER2/neu receptor

Tamoxifen is a selective oestrogen receptor modulator, this woman is ER negative.

Exemestane is an aromatase inhibitor which is approved for adjuvant treatment of early-stage breast cancer in postmenopausal women who have received tamoxifen previously.

Lapatinib is a targeted therapy drug. Some women with advanced breast cancer are treated with a combination of hormone therapy and a targeted therapy. Lapatinib is approved to be used in combination with letrozole to treat hormone receptor-positive, HER2-positive metastatic breast cancer in postmenopausal women for whom hormone therapy is indicated. This would not be the first choice for this woman.

Anastrozole is also an aromatase inhibitor. It is used for adjuvant hormone treatment of premenopausal and postmenopausal women (and men) with ER-positive early-stage breast cancer.

Trastuzumab is the correct answer, it is a monoclonal antibody that acts on the HER2/neu receptor."
115,A 35-year-old female diabetic is started on erythromycin for gastroparesis. What is the mechanism of action?,"[""Promotes gastric emptying"", ""Inhibits bacterial overgrowth"", ""Acts on central chemoreceptor trigger zone"", ""Relaxation of pyloric sphincter"", ""Stimulates cholecystokinin release""]",Promotes gastric emptying,0,
116,"An 8-year-old is admitted with suspected appendicitis and has a laparoscopic appendicectomy. He is given 0.45 % sodium chloride post-operatively. When reviewed by the surgical team he has developed features of a headache, confusion, and disturbance to his gait.


Na+	128 mmol/l
K+	4.0 mmol/l
Urea	5 mmol/l
Creatinine	60µmol/l
Glucose	4.0mmol/l

Which of the following is the most likely diagnosis?","[""Adverse reaction to patient controlled analgesia"", ""Hyperosmolar hyperglycaemic state"", ""Hyponatraemic encephalopathy"", ""Normal pressure hydrocephalus"", ""Central pontine myelinolysis""]",Hyponatraemic encephalopathy,2,"Avoidance of using hypotonic (0.45%) in paediatric patients - risk of hyponatraemic encephalopathy

In paediatric patients, there are at higher risk of hyponatraemic encephalopathy. This is most noted in those who receive hypotonic intravenous fluids such as 0.45% sodium chloride. There is a second reason for the hyponatraemia in this patient, a well documented cause of SIADH is trauma and stress. ADH secretion lowers serum sodium levels through opening aquaporin channels allowing water to move into the intravascular space.

Central pontine myelinolysis is a consequence of rapidly correctly hyponatraemia which is not the case here

Excessive use of patient controlled analgesia could result in a reduced conscious level and respiratory depression especially if opiates such as morphine were prescribed

Hyperosmolar hyperglycaemic state is a complication of diabetes mellitus and can result in reduced conscious level - however by analysing the blood test results the random glucose level is normal.

Gait disturbance is a feature of normal pressure hydrocephalus but in association with dementia and urinary incontinence"
117,A 70-year-old man who takes warfarin for atrial fibrillation is found to have an INR of 6.2. Which of the following drugs is he most likely to have recently taken?,"[""Ciprofloxacin"", ""Flucloxacillin"", ""St John's Wort"", ""Carbamazepine"", ""Aspirin""]",Ciprofloxacin,0,"Ciprofloxacin is a P450 enzyme inhibitor

The correct answer is

Ciprofloxacin

. Ciprofloxacin, a fluoroquinolone antibiotic, is known to increase the International Normalised Ratio (INR) in patients taking warfarin. It does this by inhibiting the cytochrome P450 enzymes that metabolise warfarin, leading to increased plasma levels of warfarin and therefore an increased INR.

The next option,

Flucloxacillin

, can interact with warfarin but it typically reduces the effect of warfarin on the INR rather than increasing it. This is because flucloxacillin induces the cytochrome P450 enzymes that metabolise warfarin, thus decreasing plasma levels of warfarin and reducing its anticoagulant effect.

St John's Wort

also interacts with warfarin but again it usually reduces its effectiveness. St John's Wort induces cytochrome P450 enzymes as well as P-glycoprotein, which increases the metabolism and elimination of many drugs including warfarin.

Carbamazepine

, an anticonvulsant drug, could theoretically increase INR as it is a potent inducer of cytochrome P450 enzymes. However, in practice this interaction is not commonly observed and carbamazepine more often decreases INR by enhancing the metabolic clearance of S-warfarin.

Lastly,

Aspirin

does not affect INR directly but can enhance the anticoagulant effect of warfarin by inhibiting platelet function. This increases bleeding risk but does not raise INR itself. Therefore, aspirin would not be expected to cause an elevated INR in a patient taking warfarin."
118,"A 26-year-old woman with a history of schizophrenia is reviewed in the Emergency Department. Her carer reports that she has been 'staring' for the past few hours but has now developed abnormal head movements and has gone 'cross-eyed'. On examination the patients neck is extended and positioned to the right. Her eyes are deviated upwards and are slightly converged. Given the likely diagnosis, what is the most appropriate treatment?","[""Procyclidine"", ""Dopamine"", ""Selegiline"", ""Haloperidol"", ""Diazepam""]",Procyclidine,0,
119,"A 45-year-old patient presented with significant malnutrition and was initiated on nasogastric feeding. Refeeding blood tests noted a significant hypomagnesemia.

What ECG changes are most likely to be present?","[""QT shortening"", ""QT prolongation"", ""T-wave inversion"", ""Bradycardia"", ""Peaked t-waves""]",QT prolongation,1,
120,"A 65-year-old woman with end-stage renal disease secondary to adult polycystic kidney disease, presented with a 4-month history of worsening lower back and sacral pain. She appeared cachectic with significant weight loss. Her pain was unbearable despite taking regular paracetamol. She is currently awaiting further investigations.

Which of the following analgesics would help better control her pain?","[""High-dose aspirin"", ""Morphine sulfate"", ""Naproxen"", ""Oxycodone"", ""Tramadol""]",Oxycodone,3,"Oxycodone is a safer opioid to use in patients with moderate to end-stage renal failure

Oxycodone is a safer opioid to use in patients with moderate to end-stage renal failure as it is mainly metabolised in the liver.

NSAIDs like naproxen are to be avoided in patients with end-stage renal failure making the answer incorrect. Their use can be associated with acute renal failure, interstitial nephritis particularly with ibuprofen and naproxen, volume overload and worsening hypertension. This is secondary to sodium retention due to the antagonism of prostaglandin which influences sodium excretion.

Tramadol is an opioid analgesic that should be used cautiously in renal impairment as it reduces its clearance and can result in toxicity meaning the answer is incorrect.

Morphine is metabolised to morphine-3-glucuronide and morphine-6-glucuronide, both of which are excreted via the kidneys. Accumulation of the drug during renal failure can result in opioid toxicity such as severe and prolonged respiratory depression, as a result, this drug should not be used.

High-dose aspirin can precipitate reversible acute renal failure in predisposed individuals like one described in this case with her history of polycystic kidney disease by producing acute tubular necrosis of proximal tubules."
121,A 23-year-old female is commenced on varenicline to help her stop smoking. Which one of the following adverse effects is most likely to occur?,"[""Vivid dreams"", ""Nausea"", ""Constipation"", ""Insomnia"", ""Drug-induced lupus""]",Nausea,1,
122,"A 55-year-old gardener presents to the Emergency Department complaining of a headache and generalised weakness. He reports feeling slightly disorientated, and admits that he has been passing urine more frequently than usual today.

On examination, he appears sweaty, and his pupils are 2mm in diameter and reactive to light. Examination of the chest and abdomen is normal. At the end of the examination, he begins to vomit, with no evidence of blood or bile in the vomitus.

His observations are as follows: respiratory rate 19/min; oxygen saturations 98% on air; temperature 36.6ºC; heart rate 50 beats per minute; blood pressure 102/62 mmHg.

Based on the likely diagnosis, what treatment should be initiated?","[""Intravenous pralidoxime"", ""Oral activated charcoal"", ""Intravenous atropine"", ""Intravenous sodium bicarbonate"", ""Haemodialysis""]",Intravenous atropine,2,"Organophosphate insecticide - atropine

This question involves a classic presentation of organophosphate poisoning. Organophosphate poisoning tends to be seen in the context of exposure to organophosphate pesticides, as is likely to be the case for this gardener, or, rarely, secondary to bioterrorism attacks with organophosphate 'nerve agents' such as VX and sarin. Common symptoms and signs of organophosphate poisoning seen in this patient include headache, disorientation, weakness (due to over-stimulation at the neuromuscular junction), vomiting, and muscarinic effects such as miosis, bradycardia and increased urination (organophosphates are non-competitive inhibitors of acetylcholinesterase (AChE)). The most appropriate initial treatment is with IV atropine, which is an anti-muscarinic, and thus successfully mitigates the excess cholinergic transmission AChE inhibition.

Whilst -oximes such as pralidoxime are known to bind organophosphate-bound AChE and cause uncoupling of the organophosphate, their clinical utility has failed to be validated in meta-analyses, and atropine remains the first-line intervention for organophosphate poisoning.

Activated charcoal and other forms of stomach decontamination have not been shown to be effective in organophosphate poisoning; in addition, activated charcoal is rarely effective in poisoning unless it is clear that oral ingestion of the presumed poison has occurred very recently, e.g. within one hour, which is not the case here.

There is no evidence basis to support urinary alkalinisation with sodium bicarbonate in organophosphate poisoning. Sodium bicarbonate is useful in promoting the excretion of acidic drugs in the context of overdose, e.g. salicylic acid toxicity.

Haemodialysis may be required in rare cases of severe acute renal failure subsequent to organophosphate poisoning. However, it is not the most appropriate initial therapy, and there are no blood test results confirming acute renal failure in this question stem."
123,Which one of the following drugs is most likely to cause impaired glucose tolerance?,"[""Bezafibrate"", ""Simvastatin"", ""Nicotinic acid"", ""Cholestyramine"", ""Gemfibrozil""]",Nicotinic acid,2,"Glycaemic control in diabetes may be worsened by nicotinic acid

The correct answer is

Nicotinic acid

. Nicotinic acid, also known as niacin, is a type of B vitamin that has been used to lower cholesterol and triglyceride levels. However, it can lead to impaired glucose tolerance by increasing insulin resistance. This effect is dose-dependent and reversible upon discontinuation of the drug. It's important to monitor glucose levels in diabetic patients who are taking nicotinic acid.

Bezafibrate

is an incorrect option. Bezafibrate belongs to the class of fibric acid derivatives or fibrates. Fibrates primarily decrease triglyceride levels by reducing very low-density lipoprotein (VLDL) production and enhancing VLDL clearance. They do not typically impair glucose tolerance; in fact, they may improve glycemic control in some patients with hypertriglyceridemia.

Simvastatin

is another incorrect option. Simvastatin belongs to the statin class of drugs which are primarily used for lowering cholesterol levels by inhibiting HMG-CoA reductase, a key enzyme in cholesterol synthesis. Statins have been shown to either have no significant effect on glucose metabolism or slightly improve it.

The choice of

Cholestyramine

is also incorrect. Cholestyramine is a bile acid sequestrant used for lowering cholesterol levels by binding bile acids in the intestine which prevents their reabsorption leading to increased excretion of cholesterol-rich bile acids from the body. It does not affect glucose metabolism.

Finally,

Gemfibrozil

, another fibrate like bezafibrate, does not typically cause impaired glucose tolerance but rather might improve it due to its effects on lipid metabolism and potential improvements in insulin sensitivity."
124,An elderly man is admitted to the acute medical unit with dyspnoea. He is known to have ischaemic heart disease and chronic heart failure (NYHA class III). He develops atrial fibrillation with a fast ventricular response during his admission. Which one of the following drugs is contraindicated?,"[""Amiodarone"", ""Digoxin"", ""Bisoprolol"", ""Flecainide"", ""Warfarin""]",Flecainide,3,
125,A 43-year-old man from South Africa is reviewed in clinic. He has recently started treatment for tuberculosis but is complaining of a deterioration in his vision. Which one of the following drugs is most likely to cause decreased visual acuity?,"[""Rifampicin"", ""Streptomycin"", ""Isoniazid"", ""Ethambutol"", ""Pyrazinamide""]",Ethambutol,3,"Optic neuritis is common in patients taking ethambutol

The correct answer is

Ethambutol

. Ethambutol is an antimycobacterial drug used in the treatment of tuberculosis. One of its key side effects is optic neuritis, which can lead to a decrease in visual acuity and colour vision, usually affecting both eyes. Patients may also report issues such as difficulty distinguishing between green and red colours. The risk of this side effect increases with higher doses and longer duration of therapy. Regular eye examinations are recommended during treatment with Ethambutol due to this potential side effect.

Rifampicin

is another drug used in the treatment of tuberculosis; however, it does not typically cause decreased visual acuity as a side effect. Its more common adverse effects include hepatotoxicity, flu-like syndrome, gastrointestinal upset and skin reactions including pruritus and rash.

Streptomycin

, an aminoglycoside antibiotic, also does not commonly cause decreased visual acuity. It's primarily associated with nephrotoxicity and ototoxicity (which can result in hearing loss or balance problems), hypersensitivity reactions, and rarely neuromuscular blockade.

Similarly,

Isoniazid

does not typically lead to vision problems either. This medication can cause peripheral neuropathy (which can be prevented by co-administration of pyridoxine), hepatotoxicity, hypersensitivity reactions, and less commonly central nervous system effects like seizures.

Lastly,

Pyrazinamide

, another anti-tuberculosis medication, has several possible side effects but decreased visual acuity isn't one of them. Pyrazinamide most often leads to hepatotoxicity but can also cause hyperuricaemia leading to gouty arthritis, gastrointestinal upset such as nausea or vomiting, arthralgia and rash."
126,"A 31-year-old woman presents to her GP with several months of tiredness, weight gain and generally feeling cold, despite her central heating being on. She also admits to low mood. She has no significant past medical history.

Her GP performs some blood tests which demonstrate the following:


Thyroid-stimulating hormone (TSH)	11.6 mU/L	(0.5-5.5)
Free thyroxine (T4)	5.4 pmol/L	(9.0 - 18)

Based on these results, a diagnosis is made and she is started on the standard treatment for this condition.

Which of the following describes the target of this drug?","[""G-protein coupled receptors"", ""Ligand-gated ion channels"", ""Nuclear receptors"", ""Tyrosine kinase receptors"", ""Enzyme-linked receptors""]",Nuclear receptors,2,"Levothyroxine acts via nuclear receptors

Levothyroxine acts via nuclear receptors. These are within the nucleus of the cell and so any potential ligand, such as levothyroxine, must be able to penetrate the cell membrane and nuclear membrane. Usually, drugs binding to nuclear receptors ultimately have an effect on gene transcription.

G-protein coupled receptors (GPCRs) are incorrect - these span the cell membrane. Upon binding of a ligand to the outer part of the receptor, it undergoes a complex conformational change, leading to secondary messenger production within the cell. A classic example of GPCRs is the adrenoreceptor family.

Ligand-gated ion channels are incorrect. These span the cell membrane and open or close when a ligand binds to them, allowing for the flow of ions between the inside and outside of the cell. An example of this is the nicotinic acetylcholine receptor.

Tyrosine kinase receptors are incorrect. These lead to phosphorylation of targets within the cell. The insulin receptor is a classic example.

Enzyme-linked receptors are incorrect. This is an umbrella term for the family of receptors which also includes the previously-described tyrosine kinase receptors. Whilst tyrosine kinases make up the majority of this type of receptor, there are a few other enzyme-linked receptors, including serine/threonine-specific protein kinase receptors."
127,"A 23-year-old man is admitted to the emergency department after being found by his friends 'collapsed' in the bathroom at a house party. On admission he is initially incoherent and combative but settles following diazepam. Thirty minutes after admission he remains tachycardic with a pulse of 108/min, blood pressure 144/90 mmHg and temperature 37.3ºC. You are asked to review him again as he is complaining of severe abdominal pain. He also reports passing some blood in his stool (which was looser than normal) when he went to the toilet 5 minutes ago.

What is the single most likely cause of his abdominal pain?","[""Bleeding duodenal ulcer"", ""Haemorrhagic pancreatitis"", ""Ischaemic colitis"", ""Disseminated intravascular coagulation"", ""Ruptured aortic abdominal aorta""]",Ischaemic colitis,2,
128,"A 42-year-old woman presents to the clinic with a 3-month history of tiredness and constipation. Systematic enquiry and examination are otherwise unremarkable.

Blood results are as follows:


Hb	125 g/L	Male: (135-180)
Female: (115 - 160)
Platelets	162 * 109/L	(150 - 400)
WBC	6.8 * 109/L	(4.0 - 11.0)
Na+	142 mmol/L	(135 - 145)
K+	3.8 mmol/L	(3.5 - 5.0)
Urea	6.2 mmol/L	(2.0 - 7.0)
Creatinine	105 µmol/L	(55 - 120)
CRP	2 mg/L	(< 5)


Thyroid stimulating hormone (TSH)	105.5 mU/L	(0.5-5.5)
Free thyroxine (T4)	6.8 pmol/L	(9.0 - 18)

You start the patient on the appropriate medication required to treat the underlying condition.

What receptor does this drug act on?","[""Cyclic AMP"", ""G-protein coupled receptors (GPCRs)"", ""Ion channel"", ""Nuclear"", ""Tyrosine kinase receptors""]",Nuclear,3,"Levothyroxine acts via nuclear receptors

The patient has a diagnosis of hypothyroidism requiring treatment with levothyroxine. This drug acts via

nuclear receptors

.

Examples of drugs working on

ion channels

include most local anaesthetics (e.g. lidocaine) that work on voltage-gated sodium channels.

G-protein coupled receptors (GPCRs)

are more complex than ion channels. When the drug binds to the target, it causes a sequence of events within the G-protein subunits which then leads to production of a secondary messenger such as

cyclic AMP

or a protein phosphorylation cascade. These second messengers are actually responsible for causing the effect. Adrenoreceptors are an example of G-protein coupled receptors.

Tyrosine kinase receptors

are different in their mechanism to both ion channels and GPCRs. Insulin is a commonly used drug that works via a tyrosine kinase receptor."
129,"A 78-year-old man presents to the emergency department after being found in a semi-conscious state. On arrival, he is confused but is able to tell staff that he has deliberately taken too many tablets. He frequently mentions a ringing noise he can hear.

He has a past medical history of depression, Parkinson's disease, leg cramps and osteoarthritis. His medications are citalopram, co-beneldopa, quinine sulfate, regular paracetamol, omeprazole and as required ibuprofen.

On examination, he appears flushed. He has a GCS of 13. The neurological exam of the limbs is normal.

What other finding is most likely?","[""Bradycardia"", ""Hyperglycaemia"", ""Hypertension"", ""Prolonged QRS interval on ECG"", ""Shortened QT interval on ECG""]",Prolonged QRS interval on ECG,3,"Quinine toxicity (cinchonism) presents with myriad

In summary, this patient who has presented with an unknown overdose has confusion, tinnitus and is flushed. There are several medications he could have taken based on his drug history. Additionally, it is important to consider over-the-counter medications.

The symptom of tinnitus is classic of both aspirin and quinine. Quinine is a fairly uncommon overdose medication but is important to recognise as it is actually highly toxic, with predominantly ototoxic and cardiotoxic effects. Typical features are GI upset, flushing, hearing impairment (especially tinnitus), visual features (varied, including colour distortion and visual field loss) and arrhythmias (QRS and QT prolongation on ECG).

Therefore, quinine toxicity would fit with this patient's presentation, and so a

prolonged QRS interval on ECG

is the correct answer.

Tachycardia rather than

bradycardia

is seen in quinine toxicity.

Patients with quinine toxicity typically have hypotension rather than

hypertension

.

It is hypoglycaemia, not

hyperglycaemia

that is associated with quinine toxicity.

You would expect to see a prolonged, not

shortened QT interval on ECG

with quinine toxicity."
130,"A 59-year-old man with a history of type 2 diabetes mellitus and benign prostatic hypertrophy develops urinary retention associated with an acute kidney injury.

Which one of the following drugs should be withheld?","[""Gliclazide"", ""Paroxetine"", ""Atenolol"", ""Metformin"", ""Finasteride""]",Metformin,3,
131,"A 57-year-old gentleman presents to the respiratory outpatient clinic with a 6 month history of progressive dyspnoea accompanied by non-productive cough. He correlated the onset of symptoms with starting a new medication. Auscultation of his chest shows bi-basal end-inspiratory crackles and pulmonary function tests show an FEV1/FVC ratio >70%. A high-resolution CT confirms the diagnosis of pulmonary fibrosis.

Which of the following medications may be associated with the development of his pathology?","[""Metformin"", ""Gliclazide"", ""Nitrofurantoin"", ""Ramipril"", ""Bisoprolol""]",Nitrofurantoin,2,"Nitrofurantonin may cause pulmonary fibrosis

Nitrofurantoin may cause pulmonary fibrosis.

Ramipril may cause a dry cough but is not associated with pulmonary fibrosis.

Bisoprolol may cause shortness of breath in asthmatics but is not associated with pulmonary fibrosis.

Metformin and gliclazide are not associated with respiratory  adverse effects."
132,"A 45-year-old man with a history of epilepsy and psychiatric problems is admitted to the Emergency Department with confusion following a seizure earlier in the day. On examination he is noted to have a coarse tremor, blood pressure is 134/86 mmHg, pulse is 84/min and the temperature is 36.7ºC. What is the most likely diagnosis?","[""Carbamazepine overdose"", ""Lithium toxicity"", ""Benzodiazepine toxicity"", ""Tricyclic overdose"", ""Neuroleptic malignant syndrome""]",Lithium toxicity,1,"Lithium: fine tremor in chronic treatment, coarse tremor in acute toxicity

Lithium toxicity

is the correct diagnosis in this scenario. The presentation of confusion and coarse tremor in a patient with both epilepsy and psychiatric problems strongly suggests lithium toxicity. Lithium has a narrow therapeutic window, and toxicity can occur even at therapeutic doses due to factors such as dehydration, drug interactions, or renal impairment. The normal vital signs, particularly the absence of hyperthermia, support this diagnosis.

Carbamazepine overdose

typically presents with more prominent neurological symptoms including nystagmus, ataxia, and drowsiness. Cardiovascular symptoms such as conduction abnormalities would also be expected, and the patient would likely demonstrate more severe central nervous system depression.

Benzodiazepine toxicity

would present primarily with central nervous system depression rather than confusion and tremor. Patients typically show marked drowsiness, slurred speech, and respiratory depression. The normal vital signs in this case argue against benzodiazepine toxicity.

Tricyclic overdose

presents with anticholinergic symptoms including tachycardia, dry mouth, dilated pupils, and urinary retention. Cardiac conduction abnormalities are common, and the patient would likely be more severely unwell with significant vital sign abnormalities.

Neuroleptic malignant syndrome

is characterised by a tetrad of fever, muscle rigidity, autonomic dysfunction, and altered mental status. The absence of hyperthermia and normal vital signs make this diagnosis unlikely. Additionally, NMS typically presents with lead-pipe rigidity rather than a coarse tremor."
133,Which one of the following adrenoceptors causes inhibition of pre-synaptic neurotransmitter release in response to sympathetic stimulation?,"[""Alpha-1"", ""Alpha-2"", ""Beta-1"", ""Beta-2"", ""Beta-3""]",Alpha-2,1,
134,What is the main mechanism of action of ondansetron?,"[""Dopamine receptor agonist"", ""5-HT2 receptor antagonist"", ""Dopamine receptor antagonist"", ""5-HT2 receptor agonist"", ""5-HT3 receptor antagonist""]",5-HT3 receptor antagonist,4,
135,"A 23-year-old man is taken to the Emergency Department by his friends after a night out. He was found acting erratically outside a nightclub as they were waiting for a taxi. His friend reports that they snorted a white powder two hours earlier. This is described as 'M-CAT', a 'legal high' they obtained from the internet.

When managing this patient, which drug group is it most similar to?","[""Ketamine"", ""Amphetamine"", ""Opioid"", ""Benzodiazepine"", ""LSD""]",Amphetamine,1,
136,What is the most appropriate time to take blood samples for therapeutic monitoring of phenytoin levels?,"[""At any time"", ""12 hours after last dose"", ""6 hours after last dose"", ""4 hours after last dose"", ""Immediately before next dose""]",Immediately before next dose,4,
137,"A 24-year-old man is brought into the emergency department by his friends from a nightclub. They inform the team that he has ingested both alcohol and an illicit substance.

On examination, the patient presents with confusion, dilated pupils, hyperthermia, tachycardia, and hypertension. A urine test subsequently confirms the presence of 3,4-methylenedioxymethamphetamine.

He is commenced on titrated benzodiazepine doses and intravenous fluids.

What electrolyte imbalance is most commonly associated with toxicity from this substance?","[""Hyperkalaemia"", ""Hypernatraemia"", ""Hypokalaemia"", ""Hypomagnesaemia"", ""Hyponatraemia""]",Hyponatraemia,4,"MDMA (Ecstasy) poisoning is associated with hyponatraemia

This patient has presented with 3,4-methylenedioxymethamphetamine (MDMA) also known as ecstasy toxicity.  MDMA's mechanism of action involves releasing and inhibiting the reuptake of serotonin, leading to increased serotonin levels. It also stimulates dopamine and norepinephrine release and directly binds to related receptors, contributing to its mood-elevating and stimulating effects. MDMA toxicity can induce

hyponatremia

by triggering the syndrome of inappropriate antidiuretic hormone secretion (SIADH), leading to excessive water retention and sodium dilution. Additionally, MDMA increases thirst which can cause users to consume excessive amounts of water, overwhelming the body's ability to excrete, again resulting in sodium dilution.

Hyperkalaemia

is uncommon in MDMA toxicity. It may manifest in cases of severe kidney damage due to rhabdomyolysis, but this is very rare and typically not observed during the initial presentation of acute MDMA toxicity.

Hypernatremia

is not a frequently observed outcome in MDMA use; hyponatremia is more commonly associated. While extreme sweating could theoretically lead to increased sodium concentrations due to water loss, MDMA's promotion of SIADH release counteracts this effect.

While certain drugs like cocaine can prompt the release of potassium from cells, resulting in

hyperkalaemia

, this effect is not commonly observed in MDMA toxicity.

Hypomagnesaemia

can result from chronic alcohol consumption, which interferes with magnesium absorption in the intestines and increases renal excretion of magnesium. Additionally, alcohol can lead to gastrointestinal issues, such as diarrhoea, which further exacerbates magnesium loss. These effects are not typically associated with MDMA use."
138,What is the most appropriate time to take blood samples for therapeutic monitoring of ciclosporin levels?,"[""6 hours after last dose"", ""Immediately before next dose"", ""At any time"", ""12 hours after last dose"", ""4 hours after last dose""]",Immediately before next dose,1,
139,"A 66-year-old man presents with several weeks of fever and cough. He has recently returned from an extended trip to India. His medical history includes a prosthetic heart valve, for which he takes warfarin. His most recent INR is 3.0.

On examination, he appears generally unwell. A sputum culture is performed and is positive for acid-fast bacilli. He is subsequently treated for tuberculosis and started on rifampicin, isoniazid, pyrazinamide, and ethambutol. He is also commenced on omeprazole for heartburn symptoms. Several days later, his INR is found to be 1.5.

What is the most likely cause of this result?","[""Ethambutol"", ""Isoniazid"", ""Omeprazole"", ""Pyrazinamide"", ""Rifampicin""]",Rifampicin,4,"Rifampicin is a P450 enzyme inductor

Warfarin is metabolised by the P450 system in humans. Of the drugs listed,

rifampicin

is a well-known inducer of the P450 system. As such, this patient's warfarin is being over-metabolised and his blood is not being anticoagulated as effectively, leading to the decreased INR result seen here. Other side effects include red-orange discolouration of bodily secretions such as urine.

Ethambutol

is incorrect. This is not known to significantly affect the P450 system. A significant side effect to be aware of is optic neuritis, typically presenting with decreased visual acuity and red-green colour blindness.

Isoniazid

is a P450 inhibitor, not an inducer. As such, its effect would typically cause INR to rise, not fall. Its side effects include peripheral neuropathy due to pyridoxine (vitamin B6) depletion, which is given as a supplement to counteract this.

Omeprazole

is incorrect. This is a proton pump inhibitor. It is linked to inhibition of the P450 system, rather than induction.

Pyrazinamide

is not known to significantly affect the P450 system. Adverse effects include hepatotoxicity and hyperuricaemia."
140,Which one of the following drugs is most likely to result in a photosensitive rash?,"[""Gentamicin"", ""Erythromycin"", ""Penicillin"", ""Tetracycline"", ""Amoxicillin""]",Tetracycline,3,
141,"A 71-year-old woman presents to eye casualty with acute onset pain in her right eye. She has recently been suffering from more headaches and has noticed halos around bright lights. On examination, you notice the right eye is red; and the pupil is semi dilated and fixed. Tonometry reveals raised intraocular pressure. You suspect acute angle-closure glaucoma and immediately apply pilocarpine eye drops.

What is the mechanism of action of the topical treatment used?","[""Muscarinic receptor antagonist"", ""Muscarinic receptor agonist"", ""Nicotinic receptor antagonist"", ""Nicotinic receptor agonist"", ""Alpha receptor antagonist""]",Muscarinic receptor agonist,1,"Pilocarpine is a muscarinic agonist

Pilocarpine is a muscarinic agonist that causes pupillary constriction and contraction of the ciliary muscles, which opens up the trabecular meshwork allowing greater drainage of aqueous humour and reduces intraocular pressure.

Muscarinic antagonists include drugs such as atropine used in the treatment of symptomatic bradycardia.

Drugs that act on nicotinic receptors include neuromuscular blockers.

Alpha antagonists include tamsulosin which is used in the management of benign prostatic hypertrophy."
142,"A 43-year-old male patient comes to the GP surgery for a review of his recent glucose tolerance test. His past medical history includes epilepsy, renal transplant, hypertension and ischaemic heart disease. The results are as follows.


Fasting blood glucose	6.8 mmol/l
2 hour post-oral load blood glucose	10.9 mmol/l

Which medication is most likely causing these results?","[""Amlodipine"", ""Tacrolimus"", ""Levetiracetam"", ""Lamotrigine"", ""Verapamil""]",Tacrolimus,1,"Tacrolimus is a cause of impaired glucose tolerance

This patient's glucose tolerance test shows impaired glucose tolerance. Tacrolimus is a cause of impaired glucose tolerance.

Amlodipine, levetiracetam, lamotrigine and verapamil do not commonly cause impaired glucose tolerance."
143,A 57-year-old man with a history of ischaemic heart disease is keen to try sildenafil for erectile dysfunction. Which one of the following medications may contraindicate its use?,"[""Nebivolol"", ""Losartan"", ""Nicorandil"", ""Nifedipine"", ""Ramipril""]",Nicorandil,2,"PDE 5 inhibitors (e.g. sildenafil) - contraindicated by nitrates and nicorandil

The correct answer is

Nicorandil

. Sildenafil is a phosphodiesterase-5 (PDE5) inhibitor used for the treatment of erectile dysfunction. It works by enhancing the effect of nitric oxide in the body, which leads to vasodilation and increased blood flow into the penis during sexual stimulation. Nicorandil, on the other hand, is a potassium channel activator with a nitrate component. The concurrent use of sildenafil and nicorandil can lead to an excessive drop in blood pressure due to their combined vasodilatory effects. This could potentially result in life-threatening hypotension or myocardial infarction, especially in patients with underlying ischaemic heart disease.

Nebivolol

is a beta-blocker used primarily for managing hypertension and heart failure. It does not interact significantly with sildenafil and hence would not contraindicate its use.

Losartan

is an angiotensin II receptor antagonist used for treating hypertension and diabetic nephropathy. Like nebivolol, it lacks significant interaction with sildenafil and thus would not contraindicate its use.

Nifedipine

is a calcium channel blocker utilised in managing hypertension and angina pectoris. While it can cause vasodilation like sildenafil, its concomitant use does not typically result in excessive hypotension as seen with nicorandil.

Lastly,

Ramipril

, an angiotensin-converting enzyme (ACE) inhibitor used for treating hypertension and reducing cardiovascular risks post-myocardial infarction, also has no significant interaction with sildenafil that would contraindicate its use."
144,"A 35-year-old patient presents to the emergency department and reports that she has taken 28 x 500mg paracetamol tablets with the intent to end her life. She has a past medical history of epilepsy, depression and anorexia nervosa. Her regular medications include carbamazepine and phenytoin. She uses St. John's wort occasionally for symptoms of anxiety and low mood.

On examination, she is intoxicated and smells of alcohol. Abdominal examination is unremarkable and she is not jaundiced. Her body mass index is 15 kg/m².

What factor in the patient's history may be protective when considering potential hepatotoxicity?","[""Acute alcohol intoxication"", ""Anorexia nervosa"", ""Carbamazepine use"", ""Phenytoin use"", ""St. John's wort use""]",Acute alcohol intoxication,0,"Paracetamol overdose: acute alcohol intake is not associated with an increased risk of developing hepatotoxicity and may actually be protective

Acute alcohol intoxication

is the correct answer. The patient has taken a paracetamol overdose. Acute alcohol intake is not associated with hepatotoxicity in paracetamol overdose and may in fact be protective in contrast to chronic alcohol abuse.

Anorexia nervosa

is incorrect. Patients who are malnourished are at greater risk of hepatotoxicity in paracetamol overdose.

Carbamazepine use

is incorrect. This is an anti-epileptic drug that is also an enzyme-inducing drug. Patients taking enzyme-inducing drugs are at greater risk of developing hepatotoxicity in paracetamol overdose.

Phenytoin use

is incorrect. This is an anti-epileptic drug that is also an enzyme-inducing drug. Patients taking enzyme-inducing drugs are at greater risk of developing hepatotoxicity in paracetamol overdose.

St. John's wort use

. This is a herbal remedy that has been used historically to treat mental health problems including low mood and anxiety. It is an enzyme-inducing drug. Patients taking enzyme-inducing drugs are at greater risk of developing hepatotoxicity in paracetamol overdose."
145,A 22-year-old man consults you as he and his housemate have been feeling generally unwell for the past few weeks. Which one of the following is the most common feature of carbon monoxide poisoning?,"[""Hyperpyrexia"", ""Nausea"", ""Cherry red skin"", ""Confusion"", ""Headache""]",Headache,4,"Carbon monoxide poisoning - most common feature = headache

The correct answer is

Headache

. The most common feature of carbon monoxide poisoning is headache, which is often described as dull, throbbing and frontal. This occurs due to the formation of carboxyhaemoglobin in the blood which reduces oxygen delivery to the brain.

Hyperpyrexia

, or extremely elevated body temperature, is not a typical symptom of carbon monoxide poisoning. It's more commonly associated with conditions such as heat stroke or severe infections.

Nausea

can be a symptom of carbon monoxide poisoning but it's not the most common one. Nausea usually occurs in conjunction with other symptoms such as dizziness and weakness.

The presence of

Cherry red skin

is traditionally associated with carbon monoxide poisoning, however, this sign is rarely seen in practice. It tends to occur only in severe cases and when death has occurred.

Confusion

can occur in cases of carbon monoxide poisoning but it's typically seen in later stages or more severe poisonings where there has been significant hypoxia affecting the central nervous system. In earlier stages or less severe poisonings, confusion would be less likely than a headache."
146,"A 27-year-old farmer has been brought to the emergency department after being found unconscious in a barn.

On initial examination he is agitated and combative with hypersalivation with excessive production of respiratory secretions. There is evidence of diaphoresis, urinary and faecal incontinence and miosis along with muscle fasciculations.

Given the likely diagnosis, which of the following are you most likely to find in the observations?","[""Bradycardia"", ""Hypertension"", ""Pyrexia"", ""Tachycardia"", ""Tachypnoea""]",Bradycardia,0,"Organophosphate insecticide poisoning - bradycardia

Clinical examination along with the patient being a farmer should point in the direction of organophosphate poisoning. Bradycardia is the correct answer and a sign of severe organophosphate poisoning with a high risk of progression to asystole. Organophosphate poisoning causes over-stimulation of the vagus nerve inducing parasympathetic features such as bradycardia and hypotension. Satisfactory muscarinic antagonism with atropine leads to blocking of the vagus nerve and resolution of bradycardia and hypotension.

Hypertension is a rare finding in organophosphate poisoning and is secondary to the nicotinic effects. It is much more common for hypotension to occur due to vagus nerve stimulation.

Temperature is a poor marker of organophosphate poisoning. Patients can present with hypothermia, normothermia or hyperthermia and environment can affect readings.

Tachycardia, as with hypertension, can occur due to nicotinic stimulation, however, bradycardia is the more common finding.

Tachypnoea is also a rare finding as organophosphate poisoning leads to respiratory depression."
147,"A 57-year-old male patient presents to the GP surgery complaining of having very vivid dreams. He reports a 6-week history of having frequent nightmares with extremely disturbing and vivid imagery. He is quite distressed by this. You review his medication and found that he was started on a new medication 6 weeks ago.

Which medication was he likely to have been started on?","[""Nitrate"", ""Bisoprolol"", ""Amlodipine"", ""Verapamil"", ""Nicorandil""]",Bisoprolol,1,"Beta-blockers can cause sleep disturbance

Beta-blockers can cause sleep disturbance.

Side effects of nitrates: hypotension, tachycardia and headache

Side effects of calcium channel blockers: headache, flushing, ankle oedema

Verapamil can also cause constipation

Side effects of nicorandil: headache, flushing and anal ulceration"
148,Which one of the following is an established indication for the use of Botulinum toxin?,"[""Strabismus"", ""Hirschsprung's disease"", ""Blepharospasm"", ""Bell's palsy"", ""Upper limb rigidity in Parkinson's disease""]",Blepharospasm,2,
149,"A 64-year-old lady presents to the emergency department with severe nausea, epigastric pain and intermittent diarrhoea since starting a new medication.

She reports recently being started on metformin by her GP. She is currently taking metformin 500mg TDS.

She has a history of recently diagnosed type 2 diabetes mellitus and previously treated bladder cancer. She has no known drug allergies.

Blood results from 3 weeks ago reveal:


HbA1c	56 mmol/mol	(<42)

What is the best next step in management?","[""Switch to gliclazide"", ""Switch to insulin regimen"", ""Switch to modified-release metformin"", ""Switch to pioglitazone"", ""Switch to sitagliptin""]",Switch to modified-release metformin,2,"If metformin is not tolerated due to GI side-effects, try a modified-release formulation before switching to a second-line agent

Gastrointestinal side-effects are commonly associated with metformin, particularly at high doses. Modified-release metformin may be better tolerated compared to immediate-release formulations and should be tried before switching to a second-line agent. Patients taking up to 2 g daily of the standard-release metformin may start with the same daily dose of metformin modified-release.

If a trial of modified-release metformin failed, switching to gliclazide would be a reasonable choice. It should be noted that gliclazide can cause hypoglycaemia so would be unsuitable for some patients.

Pioglitazone would be contraindicated with a history of bladder cancer and a modified-release metformin should be trialled first.

If a trial of modified-release metformin failed, switching to sitagliptin would be a reasonable choice. The dose of sitagliptin should be reduced in chronic kidney disease.

Insulin is not indicated at this stage. HbA1c should be checked at 3-6 monthly intervals and insulin should be considered if blood glucose levels are inadequately controlled despite dual therapy with metformin plus another oral hypoglycaemic drug, or other antidiabetic drugs are not tolerated."
150,"An 81-year-old woman is brought into the emergency department by her daughter following an unwitnessed collapse. The patient is confused so there is no obtainable history. Her past medical history includes depression, Alzheimer's dementia, and atrial fibrillation. Her regular medications include bisoprolol, donepezil, and amitriptyline. It was noted by the ambulance crew that she had taken an excess of her regular medications.

On examination, the chest is clear and saturations are 96% on room air. An ECG demonstrates a sinus rhythm with a rate of 34/min. The blood pressure is 94/59mmHg. Her Glasgow coma score is 13/15. She is afebrile and the blood sugar is 7.8mmol/L.

What is the most appropriate initial treatment?","[""Atropine"", ""Ephedrine"", ""Glucagon"", ""IV bicarbonate"", ""Metaraminol""]",Atropine,0,"Beta-blocker - atropine, glucagon in resistant cases

This woman is suffering from a beta-blocker overdose for which the management aims to restore a normal heart rate. The first line in these cases is atropine which is, therefore, the correct answer here.

Ephedrine is both an alpha- and beta-adrenergic receptor agonist and therefore exerts a positively chronotropic effect on the heart as well as acting as a vasopressor. This is predominantly used in anaesthesia and requires invasive monitoring. Atropine is the preferred first-line agent in cases of beta-blocker overdose.

Glucagon can be used to manage beta-blocker overdose however is usually used as a second-line agent in cases that are resistant to atropine.

IV bicarbonate is an agent used for a tricyclic antidepressant (TCA) overdose, however, this is not the case here as TCA overdoses result in tachycardia rather than bradycardia.

Metaraminol is a selective alpha-adrenergic agonist and is used for vasopressor support. Unfortunately, this would have minimal impact in normalising this woman's heart rate and reversing the effects of the beta-blocker."
151,Which one of the following is not a recognised indication for the use of octreotide?,"[""Acute variceal haemorrhage"", ""Acromegaly"", ""VIPoma"", ""Carcinoid syndrome"", ""Hepatic encephalopathy""]",Hepatic encephalopathy,4,
152,"A 50-year-old man presents with symptoms of dysuria, urinary urgency as well as rectal pain.

On digital rectal examination, he has a tender prostate.

You suspect a diagnosis of acute prostatitis and plan on commencing empirical antibiotics pending urine culture results.

He mentions to you that he has glucose-6-phosphate dehydrogenase (G6PD) deficiency. He is not taking any regular medication and has no drug allergies.

Which of the following medications should be avoided?","[""Cefalexin"", ""Ciprofloxacin"", ""Co-amoxiclav"", ""Fosfomycin"", ""Trimethoprim""]",Ciprofloxacin,1,"Ciprofloxacin is contraindicated in G6PD deficiency

Haemolytic reactions have been reported with quinolones (such as ciprofloxacin) in patients with G6PD deficiency and hence this antibiotic should be avoided. Note that nitrofurantoin, chloramphenicol and sulfonamides also have a high risk of precipitating haemolysis.

The other antibiotics are safe to use in G6PD deficiency.

In the context of treating this man's acute prostatitis, trimethoprim would arguably be the empirical antibiotic of choice as per NICE guidelines if a quinolone is contraindicated."
153,"A 55-year-old man presents to the emergency department with bleeding from his gums and widespread bruising. He has a past medical history of rheumatoid arthritis and coeliac disease. He takes naproxen and prednisolone daily.

On examination, there is bleeding from his gums and multiple petechiae were noted throughout his torso and limbs.


Hb	136 g/L	Male: (135-180)
Female: (115 - 160)
Platelets	2 * 109/L	(150 - 400)
WBC	4.8 * 109/L	(4.0 - 11.0)

What is the likely cause of his presentation?","[""Corticosteroid use"", ""Hyposplenism"", ""Naproxen use"", ""Polycythaemia rubra vera"", ""Rheumatoid arthritis""]",Naproxen use,2,"NSAIDs are a cause of thrombocytopenia

Naproxen use

is correct. Naproxen can cause thrombocytopenia as a rare side effect. A platelet count of 2 may result in easy bleeding from the gums and skin.

Corticosteroid use

is incorrect. This is a cause of secondary thrombocytosis (i.e. a raised platelet count) rather than thrombocytopenia.

Hyposplenism

is incorrect. Patients with coeliac disease may have hyposplenism in up to 30% of cases. However, hyposplenism tends to cause thrombocytosis rather than thrombocytopenia. Splenomegaly rather than hyposplenism may cause thrombocytopenia (due to sequestration).

Polycythaemia rubra vera

is incorrect. This is a cause of primary thrombocytosis rather than thrombocytopenia.

Rheumatoid arthritis

is incorrect. The inflammatory state of rheumatoid arthritis usually causes a reactive thrombocytosis rather than a low platelet count."
154,A 40-year-old woman who is known to be HIV positive is reviewed in the respiratory clinic. She has recently started treatment for tuberculosis and is complaining of a loss of sensation in her hands Which one of the following drugs is most likely to be responsible?,"[""Indinavir"", ""Pyrazinamide"", ""Zidovudine"", ""Streptomycin"", ""Isoniazid""]",Isoniazid,4,"Isoniazid causes peripheral neuropathy

The correct answer in this case is

Isoniazid

. Isoniazid is an antitubercular agent that is commonly associated with peripheral neuropathy, which can present as a loss of sensation in the hands. This side effect occurs due to the interference of Isoniazid with pyridoxine (vitamin B6) metabolism, leading to a deficiency that affects the peripheral nerves. Supplementation with pyridoxine can help prevent or alleviate this side effect.

Indinavir

is an incorrect option because it is a protease inhibitor used in the treatment of HIV infection and not tuberculosis. While Indinavir can cause various side effects such as nephrolithiasis and gastrointestinal disturbances, it does not typically cause peripheral neuropathy.

Pyrazinamide

is another antitubercular agent used in combination therapy for tuberculosis. It primarily causes hepatotoxicity and hyperuricemia but does not usually result in peripheral neuropathy.

Zidovudine

, also known as AZT, is a nucleoside reverse transcriptase inhibitor (NRTI) used in the treatment of HIV infection. Although Zidovudine has been linked to some neurological side effects such as headache and insomnia, it does not typically cause peripheral neuropathy like Isoniazid does.

Finally,

Streptomycin

is an aminoglycoside antibiotic that may be used as part of combination therapy for tuberculosis. Its main side effects are ototoxicity (damage to the ear) and nephrotoxicity (damage to the kidneys), rather than peripheral neuropathy.."
155,"A 16-year-old girl is admitted to the Emergency Department late on a Friday night. She is complaining of palpitations and feeling 'unwell'. Her friends state that she has had a bad reaction to the alcohol they've been drinking and deny the use of any illicit substances. On examination she is agitated and clutching her chest. Her pupils are mydriatic and the pulse rate is 108/min, blood pressure 130/90 mmHg. She says that she is going to be sick. Which of the following substances may account for this presentation?","[""Cannabis"", ""Cocaine"", ""LSD"", ""Heroin"", ""Ketamine""]",Cocaine,1,
156,"A 38-year-old woman presents with fatigue, weight gain and cold intolerance.

She has no past medical history and does not take any regular medications.

Her blood tests show the following:


Thyroid stimulating hormone (TSH)	15.0 mU/L	(0.5 - 5.5)
Free thyroxine (T4)	7.5 pmol/L	(9.0 - 18)
Thyroid peroxidase antibodies	120 IU/mL	(<60)

She has agreed to start a medication to treat her symptoms.

What type of receptor does this medication act on?","[""G-protein coupled receptor"", ""Gap junction receptor"", ""Ligand-gated ion channel"", ""Nuclear receptor"", ""Tyrosine kinase receptor""]",Nuclear receptor,3,"Levothyroxine acts via nuclear receptors

This woman has primary hypothyroidism. With the raised anti-thyroid peroxidase (anti-TPO) antibodies, she likely has autoimmune thyroiditis (Hashimoto's thyroiditis), for which the treatment is invariably levothyroxine.

Levothyroxine is transported into the target cells via a transporter, before binding on to a nuclear receptor to directly influence gene transcription and translation. This kind of signal transduction is slow compared to others but tends to lead to a more prolonged effect.

Examples of G-protein coupled receptors include opioid receptors and beta-adrenoceptors. When drugs bind to these receptors, a sequence of events is triggered which leads to the production of a secondary messenger (e.g. cyclic AMP) and activation of further transduction pathways.

Ligand-gated ion channel receptors include nicotinic acetylcholine receptors and GABA receptors. Activation of the receptor opens the channel, making the cell membrane permeable to specific ions.

Tyrosine kinase receptors include insulin receptors. These are linked directly to an intracellular protein kinase. Activation triggers a cascade of phosphorylation reactions.

Gap junction receptors do not exist."
157,Which one of the following is least associated with cocaine toxicity?,"[""Metabolic alkalosis"", ""Hyperthermia"", ""Psychosis"", ""Rhabdomyolysis"", ""Seizures""]",Metabolic alkalosis,0,
158,A 45-year-old female with a history of bipolar disorder presents with an acute confusional state. Which one of the following drugs is most likely to precipitate lithium toxicity?,"[""Sodium valproate"", ""Atenolol"", ""Aminophylline"", ""Sodium bicarbonate"", ""Bendroflumethiazide""]",Bendroflumethiazide,4,"Lithium toxicity can be precipitated by thiazides

Both sodium bicarbonate and aminophylline may reduce plasma concentrations of lithium. Sodium valproate is not listed in the BNF as interacting with lithium"
159,What is the mechanism of action of rifampicin?,"[""Inhibits DNA synthesis"", ""Interferes with cell wall formation"", ""Inhibits RNA synthesis"", ""Causes misreading of mRNA"", ""Inhibits protein synthesis""]",Inhibits RNA synthesis,2,Rifampicin - inhibits RNA synthesis
160,A 43-year-old man presents with known acute intermittent porphyria is brought to the Emergency Department by the police due to an acute psychosis. What is the most suitable drug for sedation?,"[""Chloral hydrate"", ""Diazepam"", ""Phenobarbitone"", ""Chlorpromazine"", ""Primidone""]",Chlorpromazine,3,
161,"A 55-year-old man presents to the emergency department with slurred speech and dizziness. He reports ingesting a bottle of coolant three hours before arrival.

On examination, he is disoriented to time, exhibits ataxic gait, and his speech is difficult to comprehend. Observations reveal a heart rate of 115 bpm, blood pressure of 150/93 mmHg, oxygen saturation at 98% on room air, temperature of 36.6ºC, and respiratory rate of 22 breaths per minute.

His laboratory results indicate acute kidney injury.

Given the likely diagnosis, what abnormality would be expected on his arterial blood gas?","[""Metabolic acidosis with high anion gap and high osmolar gap"", ""Metabolic acidosis with high anion gap and normal osmolar gap"", ""Metabolic acidosis with normal anion gap and high osmolar gap"", ""Metabolic acidosis with normal anion gap and normal osmolar gap"", ""Metabolic alkalosis""]",Metabolic acidosis with high anion gap and high osmolar gap,0,"Metabolic acidosis with a high anion gap and high osmolar gap is seen in ethylene glycol poisoning

Metabolic acidosis with a high anion gap and a high osmolar gap

is the correct answer. The patient exhibits signs of ethylene glycol poisoning, which typically presents with symptoms akin to acute alcohol intoxication, such as slurred speech, dizziness, confusion, and ataxia - all of which are observed in this case. The history of ingesting coolant fluid further supports the diagnosis, as ethylene glycol is commonly found in antifreeze and coolant solutions. Toxic metabolites like glycol-aldehyde and glycolic acid are produced when ethylene glycol undergoes metabolism by alcohol dehydrogenase. In the acute phase, the osmolar gap is elevated due to the presence of osmotically active substances resulting from the initial breakdown of ethylene glycol.

Metabolic acidosis with a high anion gap and a normal osmolar gap

is incorrect. As ethylene glycol is metabolised and its concentration shifts towards these toxic metabolites, there is a subsequent decrease in the osmolar gap while the anion gap widens due to metabolic acidosis development. If ethanol were ingested concurrently, it would inhibit further metabolism of ethylene glycol, potentially leading to a scenario where there is a high anion gap but a normal osmolar gap. However, given that this patient's presentation is acute, it is probable that not enough metabolites have been produced yet to cause the osmolar gap to normalise while the anion gap continues to rise.

Metabolic acidosis with a normal anion gap and a high osmolar gap

is incorrect. In cases of ethylene glycol toxicity, one would expect an increasing anion gap due to the accumulation of metabolically active compounds produced during its metabolism.

Metabolic acidosis with a normal anion gap and a normal osmolar gap

is incorrect. Ethylene glycol toxicity typically leads to both elevated anion and osmolar gaps; this increased osmolar gap stems from the presence of significant amounts of the parent compound (ethylene glycol), while metabolic acidosis results from its toxic metabolites.

Metabolic alkalosis

is incorrect. Metabolic alkalosis usually occurs in scenarios such as excessive vomiting or use of diuretics, Cushing's syndrome or primary hyperaldosteronism due to activation of the renin-angiotensin II-aldosterone system - conditions unrelated to ethylene glycol toxicity."
162,"A 34-year-old woman is admitted to the hospital with dizziness, headache, and slight confusion. Her husband and children report similar symptoms, which have developed gradually over several weeks. Arterial blood gas showed a COHb of 13% (normal < 0.5%) and a measured SpO2 of 86%, despite the oxygen saturation probe recording 100%.

Given the most likely diagnosis, what would you expect the impact on the oxygen dissociation curve to be?","[""No impact"", ""Shift to the left and downwards"", ""Shift to the right"", ""Shift to the right and downwards"", ""Shift upwards""]",Shift to the left and downwards,1,"In carbon monoxide poisoning the oxygen saturation of haemoglobin decreases leading to an early plateau in the oxygen dissociation curve

Shift to the left and downwards

is the correct answer. When the oxygen dissociation curve shifts to the left, it means that haemoglobin saturation is achieved at a lower partial pressure of oxygen. The affinity of haemoglobin for carbon monoxide (CO) is over 200 times that for oxygen. Once CO binds to one of the haem groups, it makes the other three groups much more likely to bind oxygen. The increased affinity for oxygen when CO is bound results in the shift to the left. This is not the only change. The downward shift of the curve reflects the reduced oxygen-binding capacity of haemoglobin since CO occupies one of the haem groups.

No impact

is not correct. CO binds to haemoglobin with an affinity 200 times greater than oxygen. This binding influences affinity for subsequent molecules of oxygen (shift to the left) and also the total oxygen-carrying capacity of haemoglobin (shift downwards).

Shift to the right

is not correct. When the oxygen dissociation curve shifts to the right, higher partial pressure of oxygen is required to achieve a set haemoglobin saturation, reflecting a reduced affinity of haemoglobin for oxygen. With CO, the curve is shifted to the left, reflecting an increased affinity of haemoglobin for oxygen.

Shift to the right and downwards

is not correct. CO causes a shift in the oxygen dissociation curve to the left, reflecting the increased affinity of haemoglobin for oxygen. A rightward shift is classically seen with increased temperatures, raised 2,3-DPG, and increased acidity.

Shift upwards

is not correct. This is not a change seen with the oxygen dissociation curve. It can shift downwards, to the left, to the right, but not upwards."
163,Which one of the following drugs is most likely to cause impaired glucose tolerance?,"[""Sulfasalazine"", ""Azathioprine"", ""Leflunomide"", ""Methotrexate"", ""Tacrolimus""]",Tacrolimus,4,"Tacrolimus is a cause of impaired glucose tolerance

The correct answer is

Tacrolimus

. Tacrolimus, a calcineurin inhibitor, is known to cause impaired glucose tolerance and can lead to new-onset diabetes after transplantation (NODAT). The mechanism involves both decreased insulin secretion by pancreatic beta cells and peripheral insulin resistance. This side effect is particularly important in transplant patients who are already at an increased risk of metabolic complications.

Sulfasalazine

does not typically cause impaired glucose tolerance. It is an anti-inflammatory drug used primarily for treating rheumatoid arthritis and inflammatory bowel diseases such as ulcerative colitis. Its common side effects include gastrointestinal disturbances, headache, skin rashes and rarely haematological abnormalities but it doesn't affect glucose metabolism significantly.

Azathioprine

, an immunosuppressive medication used in organ transplantation and autoimmune diseases, also has no notable effect on glucose metabolism. Its main side effects are bone marrow suppression leading to cytopenias, hepatotoxicity, increased susceptibility to infections due to its immunosuppressive action and potential mutagenic effects.

Leflunomide

is another drug used in the management of rheumatoid arthritis that doesn't typically impair glucose tolerance. It works by inhibiting pyrimidine synthesis thus suppressing immune response. Common side effects include diarrhoea, elevated liver enzymes, hypertension and alopecia but it doesn't have a significant impact on glucose levels.

Finally,

Methotrexate

, which is often used in the treatment of cancer and autoimmune diseases like rheumatoid arthritis and psoriasis, does not commonly cause impaired glucose tolerance. It acts by inhibiting dihydrofolate reductase enzyme leading to reduced DNA synthesis and cell replication. Its common adverse effects include mucositis, myelosuppression causing cytopenias, hepatic fibrosis/cirrhosis with long-term use but it's not associated with significant alterations in blood sugar levels."
164,Tamsulosin is a:,"[""Alpha-1b agonist"", ""Alpha-1a agonist"", ""Non-selective alpha antagonist"", ""Alpha-1a antagonist"", ""Alpha-1b antagonist""]",Alpha-1a antagonist,3,
165,"A 44-year-old man attends the emergency department with a 2-week history of visual and hearing loss. He is otherwise well. He has no past medical history. On examination, you note bilateral central scotomas and sensorineural hearing loss.

Blood results are as follows:


Hb	126 g/L	Male: (135-180)
Female: (115 - 160)
Platelets	245 * 109/L	(150 - 400)
WBC	6.2 * 109/L	(4.0 - 11.0)
Na+	136 mmol/L	(135 - 145)
K+	2.5 mmol/L	(3.5 - 5.0)
Cl-	120 mmol/L	(96 - 106)
Urea	6.9 mmol/L	(2.0 - 7.0)
Creatinine	56 µmol/L	(55 - 120)
Bicarbonate	14 mmol/L	(23 - 29)
Glucose	22.5 mmol/L	(4 - 7)
CRP	2 mg/L	(< 5)

What is the most likely diagnosis?","[""Alport's syndrome"", ""Lead poisoning"", ""Mercury poisoning"", ""Methanol poisoning"", ""Multiple sclerosis""]",Mercury poisoning,2,"Mercury poisoning can cause visual field defects, hearing loss and paraesthesia

The patient has a metabolic acidosis as indicated by the low serum bicarbonate. The anion gap (AG) is a derived variable primarily used for the evaluation of metabolic acidosis to determine the presence of unmeasured anions. The normal anion gap varies with different assays but is typically 4 to 12 mmol/L.

The anion gap = (Na + K) - (Cl + HCO3) = (136 + 2.5) - (120 + 14) = 4.5.

Thus the patient has a normal anion gap metabolic acidosis (NAGMA).

Causes of NAGMA include ('ABCD'):

Addison's
Bicarbonate loss: GI (e.g. diarrhoea) or renal (e.g. renal tubular acidosis)
Chloride excess
Diuretics (e.g. acetazolamide)

Causes of high anion gap metabolic acidosis (HAGMA) include:

Lactate
Toxins (e.g. methanol, paracetamol, propylene glycol)
Ketones
Renal failure

The presence of hypokalemia with NAGMA is suggestive of type 1 RTA.

Mercury poisoning

is correct. The presence of visual field defects, hearing loss and RTA favours the diagnosis of mercury poisoning.

Alport's syndrome

is incorrect. Although Alport's syndrome can be associated with visual and hearing defects, as well as RTA, the age and acute presentation, in this case, makes this a less likely diagnosis.

Lead poisoning

is incorrect. Although lead poisoning can be associated with visual and hearing defects, as well as RTA, the presence of a type 1 RTA and hearing loss are more in keeping with mercury poisoning. Lead poisoning is classically associated with a type 2 RTA.

Methanol poisoning

is incorrect. Methanol poisoning commonly causes visual defects, however, hearing loss and RTA are not associated with this form of poisoning.

Multiple sclerosis

is incorrect. Whilst multiple sclerosis remains within the differential diagnosis for central nervous system dysfunction, the presence of RTA favours mercury toxicity."
166,A 34-year-old man with a history of G6PD deficiency is admitted to hospital with pyelonephritis. He has no known drug allergies and normal renal function. You are asked to prescribe an oral antibiotic for discharge. Which of the following antibiotics should be avoided in this patient due to his underlying condition?,"[""Ciprofloxacin"", ""Co-amoxiclav"", ""Trimethoprim"", ""Nitrofurantoin"", ""Cefalexin""]",Ciprofloxacin,0,"Ciprofloxacin is contraindicated in G6PD deficiency

Ciprofloxacin

is contraindicated in patients with G6PD deficiency because it increases the risk of haemolysis. Quinolones, including ciprofloxacin, can precipitate oxidative stress in red blood cells lacking sufficient G6PD enzyme activity, leading to acute haemolytic anaemia. UK guidelines advise against prescribing ciprofloxacin or other quinolones for patients with G6PD deficiency; alternative agents should be chosen.

Co-amoxiclav

is not specifically contraindicated in G6PD deficiency. It does not have significant oxidising properties that would increase the risk of haemolysis in these patients and is commonly used as an alternative antibiotic if there are no other contraindications.

Trimethoprim

, while rarely associated with haematological adverse effects such as megaloblastic anaemia or agranulocytosis, is not classically linked to increased risk of haemolysis in G6PD-deficient individuals and may be considered if clinically indicated.

Nitrofurantoin

can cause haemolysis in G6PD deficiency but is less likely than ciprofloxacin to be chosen for pyelonephritis (as opposed to lower UTI). However, it remains a potential concern; prescribers should use caution and consider alternatives when possible.

Cefalexin

is a cephalosporin antibiotic without specific contraindication in G6PD-deficient patients and does not increase oxidative stress within erythrocytes. It is generally safe for use unless there are other patient-specific factors such as allergy."
167,"You are performing a neurological examination on a 68-year-old man who has presented with a headache.

You notice that his left pupil is smaller than his right. On further exploration, he reports that he has a history of open-angle glaucoma and applied eye drops to his left eye earlier today, although he cannot remember the name of the medication.

Which of the following eye drop preparations is likely to account for this clinical finding?","[""Brimonidine"", ""Dorzolamide"", ""Latanoprost"", ""Pilocarpine"", ""Timolol""]",Pilocarpine,3,"Pilocarpine is a muscarinic agonist

Pilocarpine is a muscarinic agonist that is sometimes used in the treatment of glaucoma. It is thought to reduce intraocular pressure by widening the trabecular spaces and allowing for increased aqueous flow. Muscarinic receptors are found in the ciliary muscles and iris sphincter, therefore it also causes pupillary constriction. Miosis usually persists for 4-8 hours following administration.

Brimonidine is an alpha-2 adrenergic receptor agonist that reduces aqueous humour production and also increases fluid outflow.

Dorzolamide is a carbonic anhydrase inhibitor that decreases aqueous humour secretion.

Latanoprost is a prostaglandin analogue which increases the outflow of aqueous humour.

Timolol is a beta-blocker which inhibits the production of aqueous humour."
168,"A 59-year-old man with a known history of type 2 diabetes mellitus, atrial fibrillation and epilepsy presents as he is feeling generally unwell. His main complaint is a blue tinge to his vision. Which one of his medications is most likely to be responsible?","[""Phenytoin"", ""Metformin"", ""Sildenafil"", ""Pioglitazone"", ""Digoxin""]",Sildenafil,2,"Visual changes secondary to drugs

The correct answer is

Sildenafil

. Sildenafil, a phosphodiesterase type 5 (PDE5) inhibitor, is commonly used for the treatment of erectile dysfunction. One of its side effects is visual disturbances, which can include cyanopsia - a blue tinge to the vision. This occurs due to the drug's effect on PDE6 enzyme found in retinal photoreceptor cells, leading to increased sensitivity to light and altered colour perception.

Phenytoin

is an antiepileptic medication that works by stabilizing neuronal membranes and decreasing electrical conductance among brain cells. Although it has numerous side effects, such as gingival hyperplasia, hirsutism, and cerebellar ataxia, it does not typically cause visual disturbances like a blue tinge to the vision.

Metformin

is a first-line oral hypoglycemic agent used in the management of type 2 diabetes mellitus. It works by decreasing hepatic glucose production and increasing insulin sensitivity in peripheral tissues. Common side effects include gastrointestinal symptoms like diarrhoea and abdominal pain; however, it does not cause visual disturbances.

Pioglitazone

is another oral hypoglycemic agent used in the treatment of type 2 diabetes mellitus. It belongs to the class of thiazolidinediones and acts as an agonist for peroxisome proliferator-activated receptor-gamma (PPAR-Î³), improving insulin sensitivity in adipose tissue, skeletal muscle, and liver. Its side effects include fluid retention, weight gain, and an increased risk of heart failure but do not involve visual disturbances.

Finally,

Digoxin

is a cardiac glycoside used for rate control in atrial fibrillation and management of heart failure. Its mechanism involves the inhibition of sodium-potassium ATPase, leading to an increase in intracellular calcium and enhanced cardiac contractility. Although it can cause visual disturbances such as blurry vision, halos around lights, and yellow-green colour perception (xanthopsia), it does not typically cause a blue tinge to the vision."
169,"A 62-year-old male was admitted with a 9 day history of a cough, productive of green sputum associated with shortness of breath. He describes no weight loss, but fever and sweats. He is orientated in time and place and states he develops anaphylaxis to penicillins. On examination he had coarse inspiratory crackles in the right base, percussion was resonant and no added wheeze.

Observations: Respiratory rate 25 breaths per minute, saturation 86% on room air, blood pressure 110/90mmHg, heart rate 94 beats per minute.


Hb	12.2 g/dl
WCC	19.2 g/dl
Platelets	344 g/dl
Na+	139 mmol/l
K+	4.3 mmol/l
Urea	9.9 mmol/l
Creatinine	144 mmol/l
CRP	27 mg/l

Chest X-ray showed right lower zone radio-opacity with air bronchograms.

He was started on an antibiotic as per British thoracic society (BTS) guidelines.

What is the mechanism of action of that antibiotic?","[""Reversible inhibition of 50s ribosome subunit"", ""Inhibits DNA gyrase"", ""Irreversible inhibition of 30s ribosome sub unit"", ""Dihydrofolate reductase inhibitor"", ""Dihydropteroate reductase inhibitor""]",Reversible inhibition of 50s ribosome subunit,0,
170,"A 46-year-old man who was previously diagnosed with prediabetes with an HbA1c of 46 mmol/mol 12 months earlier, has a repeat HbA1c that comes back at 50 mmol/mol despite lifestyle measures and an education programme.

You diagnose him with type 2 diabetes mellitus and discuss the next steps with him. You jointly agree to start an oral anti-hyperglycaemic agent to improve his diabetes control and suggest starting with metformin to increase insulin sensitivity.

How does this medication exert its effect?","[""Activating the AMP-activated protein kinase (AMPK)"", ""Binding to GLP-1 receptors in the pancreas"", ""Binding to and closing ATP-sensitive potassium (K-ATP) channels on the cell membrane of pancreatic beta cells"", ""Binding to peroxisome proliferator-activated receptor gamma in adipocytes"", ""Blocking the action of DPP-4""]",Activating the AMP-activated protein kinase (AMPK),0,"Metformin acts by activation of the AMP-activated protein kinase (AMPK)

Biguanides such as Metformin act by activating the AMP-activated protein kinase (AMPK)

, helping cells to respond more effectively to insulin and take in glucose from the blood.

GLP1 agonists bind to GLP-1 receptors in the pancreas

, which leads to enhanced insulin release and reduced glucagon release.

Sulfonylureas bind to and close ATP-sensitive potassium (K-ATP) channels on the cell membrane of pancreatic beta cells

, which depolarises the cell by preventing potassium from exiting.

Thiazolidinediones (or 'glitazones') bind to peroxisome proliferator-activated receptor-gamma in adipocytes

to promote adipogenesis and fatty acid uptake (in peripheral but not visceral fat).

DPP-4 inhibitors work by blocking the action of DPP-4

, an enzyme that destroys the hormone incretin. Incretin helps the body produce more insulin only when it is needed and reduce the amount of glucose being produced by the liver when it is not needed."
171,"A 38-year-old woman presents to the emergency department following a suicide attempt. She describes having ingested a small amount of household bleach but subsequently regretted her actions. She is experiencing nausea, vomiting and some pain on swallowing. She has a past medical history of depression, anxiety and asthma.

On examination, she appears in some discomfort. No abnormalities are noted on examination of the chest. The abdomen is soft and non-tender. Observations are within normal limits.

What is the most important next step in management?","[""CT scan"", ""Endoscopy"", ""MRI scan"", ""Observation and monitoring"", ""Surgical exploration""]",Endoscopy,1,"Early endoscopy and risk stratification is important in patients with symptomatic caustic ingestion

Caustic ingestion usually occurs accidentally and is of little consequence clinically. However, in the case of deliberate self-harm or suicide attempts, larger quantities may be consumed. As well as clarifying the precise substance ingested, it is important to follow general management principles including an ABCDE approach. This patient is symptomatic - experiencing nausea, vomiting and odynophagia. As such, she warrants urgent upper GI

endoscopy

to assess the degree of ulceration.

CT scan

may be used in some cases to assess for complications of caustic ingestion, such as perforation and mediastinitis. However, endoscopy remains the most important first step and is the cornerstone of caustic ingestion management.

MRI scan

confers little advantage over CT scan in this scenario and is more time-consuming to arrange and perform. Endoscopy remains more appropriate than both of these imaging modalities as the first step.

Simple

observation and monitoring

may be appropriate in completely asymptomatic cases. However, this patient is symptomatic, and so an endoscopy should be urgently arranged.

If any signs of perforation were present, such as surgical emphysema or mediastinal widening on a chest X-ray,

surgical exploration

would be warranted. Similarly, extensive injury on endoscopy would prompt urgent surgical referral. However, in this scenario, endoscopy is the most important next step."
172,"A 29-year-old man comes to the gastroenterology clinic for review for his Crohn's disease. He has a 2-year history of an anal fistula which has been treated with a metronidazole, azathioprine and seton placements, but none of which has been effective. Following discussion with the consultant, you plan to start the patient on infliximab.

What is the mechanism of action of this medication?","[""Anti-CD 20 antibody"", ""Anti-CD 52 antibody"", ""Anti -TNF monoclonal antibody"", ""EGFR inhibitor"", ""Anti-CD 4 antibody""]",Anti -TNF monoclonal antibody,2,"Infliximab is an anti-TNF monoclonal antibody used in the treatment of Crohn's disease

Infliximab is an anti-TNF monoclonal antibody used in the treatment of Crohn's disease.

An example of anti-CD 20 antibody is rituximab.

An example of anti-CD 52 antibody is alemtuzumab.

An example of EGFR inhibitor is cetuximab.

An example of anti-CD4 antibody is cedelizumab."
173,Which one of the following statements regarding amiodarone-induced thyrotoxicosis (AIT) is correct?,"[""AIT type 2 should be treated with corticosteroids"", ""Amiodarone should be continued in the majority of patients"", ""Carbimazole is contraindicated in AIT type 1"", ""Goitre is usually present in AIT type 2"", ""AIT type 1 is due to a amiodarone-related destructive thyroiditis""]",AIT type 2 should be treated with corticosteroids,0,
174,"A 75-year-old woman presents to the emergency department with a fall. She cannot recall the exact events of the fall but does report a 2-month history of recurrent nausea and headache. Her past medical history includes type 2 diabetes mellitus, hypertension and ischaemic heart disease. Physical examination is unremarkable except an unsteady gait although no ataxia evident. Her blood tests are as follows:


Hb	124 g/dL
Na+	125 mmol/L
K+	4.8 mmol/L
Creatinine	59 µmol/L
Urea	5.2 mmol/L
Serum osmolality	265 mOsm/kg (reference range 275-295 mOsm/kg)

Which medication may be the cause for this clinical picture?","[""Metformin"", ""Aspirin"", ""Chlorpropamide"", ""Bisoprolol"", ""Amlodipine""]",Chlorpropamide,2,"Sulphonylureas may cause syndrome of inappropriate ADH

Hyponatraemia in the context of euvolaemia and low serum osmolality suggests syndrome of inappropriate ADH (SIADH). Sulphonylureas (particularly long-acting ones such as chlorpropamide) are well-established causes of the syndrome of inappropriate ADH

1

.

Metformin, aspirin, bisoprolol and amlodipine do not usually cause SIADH.

1. Sola D, Rossi L, Schianca GPC, et al. Sulfonylureas and their use in clinical practice. Archives of Medical Science : AMS. 2015;11(4):840-848. doi:10.5114/aoms.2015.53304."
175,"A 23-year-old woman is brought into the emergency department after taking an overdose of her amitriptyline tablets.

On examination, she is drowsy but rousable and is maintaining her airway. Observations are stable aside from tachycardia.

Admission blood tests are unremarkable.

Her ECG shows sinus tachycardia, a prolonged PR interval at 220ms, and a prolonged QRS complex at 155ms.

What is the most appropriate treatment?","[""IV adenosine"", ""IV amiodarone"", ""IV lipid emulsion"", ""IV magnesium sulfate"", ""IV sodium bicarbonate""]",IV sodium bicarbonate,4,"Widened QRS or arrhythmia in tricyclic overdose - give IV bicarbonate

IV sodium bicarbonate

is correct. This patient has a broad QRS on her ECG in the context of a tricyclic antidepressant overdose. IV sodium bicarbonate is important to reduce the QRS duration.

IV adenosine

is incorrect. Adenosine is given in narrow complex tachycardias that are haemodynamically stable. This patient, however, has a broad complex tachycardia due to the tricyclic antidepressant overdose she has taken. The treatment for this is IV sodium bicarbonate.

IV amiodarone

is incorrect. This patient has taken a tricyclic antidepressant overdose severe enough to cause prolongation of the QRS complex. The first-line treatment for this is IV sodium bicarbonate. Amiodarone should be avoided as it may prolong the QT interval.

IV lipid emulsion

is incorrect. This is used in local anaesthetic overdose. Its use is described in tricyclic overdoses, however only in severe poisoning resulting in cardiac arrest.

IV magnesium sulfate

is incorrect. This would be given if the ECG showed torsades de pointes, which it doesn't."
176,"A 56-year-old man presents to the emergency department with seizures.

He has a history of bipolar disorder and migraines.

His medications include lithium, amitriptyline and paracetamol. His partner reports he has recently been using ibuprofen regularly over the counter.

On examination, he is post-ictal and appears dehydrated.

Blood results reveal:


Na+	154 mmol/L	(135 - 145)
K+	5.3 mmol/L	(3.5 - 5.0)
Urea	12.8 mmol/L	(2.0 - 7.0)
Creatinine	174 µmol/L	(55 - 120)


Lithium+	2.6 mmol/L	(0.4 - 1.0)

Resuscitation is initiated with intravenous 0.9% normal saline.

What is the definitive management of this presentation?","[""Activated charcoal"", ""Atropine"", ""Haemodialysis"", ""N-acetylcysteine"", ""Sodium bicarbonate""]",Haemodialysis,2,"Severe lithium toxicity is an indication for haemodialysis

Haemodialysis is indicated in severe lithium toxicity (concentrations in excess of 2 mmol/L) if neurological symptoms or renal failure are present. Given the presentation with seizures and the markedly raised lithium level, haemodialysis would be required. Resuscitation with 0.9% intravenous normal saline alone may be sufficient in mild to moderate lithium poisoning, where the patient is showing non-specific signs of toxicity, such as apathy and restlessness.

Sodium bicarbonate is sometimes used as an adjunct in lithium toxicity for urinary alkalinization but alone it would not be used in this case without the ultimate management step: haemodialysis.

Atropine is an antidote in anticholinesterase poisoning and can treat symptomatic bradycardia, but would not be used in this scenario.

N-acetylcysteine is used to treat paracetamol overdose but has no definitive role in the management of lithium toxicity.

Activated charcoal should not be used in lithium toxicity. Repeated doses given by mouth can however enhance the elimination of some drugs in overdose, for example, carbamazepine and theophylline."
177,"Of the following, which one is the most useful prognostic marker in paracetamol overdose?","[""ALT"", ""Prothrombin time"", ""Paracetamol levels at presentation"", ""Paracetamol levels at 12 hours"", ""Paracetamol levels at 24 hours""]",Prothrombin time,1,
178,A 45-year-old man is prescribed bupropion to help him quit smoking. What is the mechanism of action of bupropion?,"[""Nicotinic receptor partial agonist"", ""Selective serotonin reuptake inhibitor"", ""Norepinephrine and dopamine reuptake inhibitor, and nicotinic antagonist"", ""Dopamine agonist"", ""Dopamine antagonist""]","Norepinephrine and dopamine reuptake inhibitor, and nicotinic antagonist",2,
179,"A 72-year-old man has 3 weeks of an itchy, red rash that worsens after sun exposure. He has hypertension, type 2 diabetes mellitus, gout, and epilepsy and takes allopurinol, amlodipine, bendroflumethiazide, dapagliflozin, and phenytoin.

His temperature is 37.1ºC, pulse 85 bpm, and BP is 145/65 mmHg. There is an erythematous, scaly rash affecting his arms, neck, and face in a photodistribution, with no mucosal involvement.

What is the most likely underlying cause?","[""Allopurinol"", ""Bendroflumethiazide"", ""Dapagliflozin"", ""Doxazosin"", ""Phenytoin""]",Bendroflumethiazide,1,"Thiazides may cause photosensitivity

Bendroflumethiazide

is the correct answer. This patient has a photosensitive, erythematous rash localised to sun-exposed areas (arms, neck, face) without mucosal involvement, consistent with a phototoxic drug reaction. Thiazide diuretics such as bendroflumethiazide are well-known causes of photosensitivity because their chemical structure allows absorption of ultraviolet light, triggering a local skin reaction. This typically results in exaggerated sunburn-like erythema, sometimes with dryness or scaling. Additionally, the absence of systemic features or mucosal involvement supports a diagnosis of localised phototoxicity rather than a generalised drug hypersensitivity reaction.

Allopurinol

is incorrect. Allopurinol more commonly causes systemic hypersensitivity reactions, such as those involving fever, mucosal involvement, and widespread rash, often with internal organ dysfunction such as hepatitis or nephritis. In contrast, this patient has a localised rash confined to sun-exposed areas with no systemic signs, which is more consistent with a phototoxic cause.

Dapagliflozin

is incorrect. Dapagliflozin is not known to cause photosensitive skin reactions. Its adverse effects are mostly genitourinary, such as genital candidiasis or urinary tract infections. The lack of genitourinary symptoms and the photodistribution of the rash make this explanation unlikely.

Doxazosin

is incorrect because it is not associated with photosensitive or allergic skin rashes. It is an alpha-1 adrenergic antagonist used in the treatment of hypertension and benign prostatic hyperplasia. Unlike bendroflumethiazide, which is well documented to cause photosensitive eruptions, doxazosin has no recognised dermatological side effect profile that would explain this patient’s sun-exposed, scaly rash. Therefore, it is not a plausible cause in this scenario.

Phenytoin

is incorrect. Phenytoin is associated with generalised drug hypersensitivity reactions, including serious conditions such as Stevens–Johnson syndrome or toxic epidermal necrolysis. These typically involve widespread rash, mucosal lesions, and systemic illness. The absence of these features and the rash’s localisation to sun-exposed skin points instead to a phototoxic mechanism."
180,"A 58-year-old woman presents to the general practitioner with difficulty initiating sleep and frequent nocturnal awakenings. She had a myocardial infarction one month ago, complicated by heart failure. She is currently on lisinopril, carvedilol, furosemide, amlodipine, aspirin, clopidogrel, and atorvastatin.

Despite stabilisation of her cardiac condition, she now reports new symptoms of persistent sleep disturbances, characterised by trouble falling asleep and multiple awakenings throughout the night.

What is the most likely cause of her new symptoms ?","[""Amlodipine"", ""Atorvastatin"", ""Carvedilol"", ""Furosemide"", ""Lisinopril""]",Carvedilol,2,"Beta-blockers can cause sleep disturbance

In this patient with a recent myocardial infarction complicated by heart failure,

carvedilol

is the most likely cause of her sleep disturbances. Beta-blockers, such as carvedilol, can interfere with sleep by blocking beta-receptors, which in turn can suppress melatonin production and disrupt the normal sleep cycle. This often results in symptoms like insomnia, difficulty falling asleep, and vivid dreams. Given that these side effects typically emerge within a few weeks of starting the medication, they align with the onset of her sleep issues shortly after beginning carvedilol for her heart failure treatment.

Atorvastatin

, while commonly used to manage cholesterol and reduce cardiovascular risk, is not typically associated with sleep disturbances. Although atorvastatin can cause muscle pain and fatigue in some patients, which could indirectly affect sleep quality, the absence of muscle-related complaints in this patient suggests that atorvastatin is unlikely to be contributing to her sleep issues.

Amlodipine

, a calcium channel blocker, is primarily used to manage hypertension and may cause side effects such as ankle oedema and dizziness, but it is not linked to sleep disturbances. Thus, it is not the contributing factor to her sleep issues.

Furosemide

, a loop diuretic, is known to cause increased nocturia, which could potentially lead to nighttime awakenings. However, the patient's primary complaint is difficulty falling asleep, not frequent nighttime urination. While furosemide may contribute to the frequent awakenings, it is unlikely to be responsible for her trouble initiating sleep, which is her main concern.

lisinopril

, an angiotensin-converting enzyme inhibitor, is generally well tolerated and does not typically lead to sleep disturbances. Common side effects include cough, hyperkalaemia, and hypotension, none of which are directly associated with changes in sleep quality."
181,"A 17 year-old male presents to the Emergency department after being found collapsed at home. He has no past medical history. He is afebrile. On examination he appears unwell. His Glasgow Coma Score (GCS) is 9 (eyes 2, voice 2, motor 5), and he has poor pupillary responses bilaterally. Fundoscopy reveals macular oedema. His arterial blood gas on air is shown:


pH	7.21
pCO2	4.7 kPa
pO2	15.6 kPa
Na+	143 mmol/L
K+	4.7 mmol/L
HCO3-	12 mmol/L
Cl-	108 mmol/L
Glucose	12.4 mmol/L

What is the likely diagnosis?","[""Diabetic ketoacidosis"", ""Ethylene glycol overdose"", ""Addisonian crisis"", ""Methanol toxicity"", ""Viral meningitis""]",Methanol toxicity,3,
182,"A 35-year-old woman presents to her general practitioner with sudden onset bilateral posterior ankle pain. She has recently finished a course of antibiotics for a urinary tract infection. She has no past medical history.

On examination, there was no evidence of plantarflexion when the gastrocnemius - soleus complex was squeezed bilaterally.

What is the likely mechanism of action of the antibiotic she has received?","[""DNA damage"", ""Inhibition of DNA synthesis"", ""Inhibition of RNA synthesis"", ""Inhibition of cell wall DNA"", ""Inhibition of folic acid formation""]",Inhibition of DNA synthesis,1,"Quinolones (e.g. ciprofloxacin) - inhibits DNA synthesis

Inhibition of DNA synthesis

is correct. The patient presents with bilateral posterior ankle pain and clinical evidence of Achilles tendon rupture. The Thompson test is a test for the integrity of the Achilles tendon and involves the examiner squeezing the gastrocnemius - soleus complex and looking for evidence of plantarflexion. The absence of plantarflexion suggests a rupture of the tendon. Fluoroquinolone antibiotics such as ciprofloxacin are associated with tendinopathy and tendon rupture. Given she had a urinary tract infection, the most likely fluoroquinolone to be prescribed is ciprofloxacin. This antibiotic works by inhibiting DNA synthesis.

DNA damage

is incorrect. Metronidazole broadly speaking works by damaging DNA. This works mostly against anaerobic bacteria which would be a quite uncommon cause of a urinary tract infection (which are mostly gram-negative with some gram-positive infections). This is therefore an unlikely choice of antibiotic and not correct.

Inhibition of RNA synthesis

is incorrect. This is the mechanism of action of rifampicin. This would be an unusual antibiotic to be prescribed for a urinary tract infection and is not associated with tendon rupture as a side effect. This is therefore incorrect. It is more commonly prescribed for tuberculosis, serious

staphylococcal

infections, and prophylaxis against meningitis.

Inhibition of cell wall DNA

is incorrect. This is the mechanism of action of many penicillin-based antibiotics. Occasionally, this type of antibiotic might be prescribed for a urinary tract infection (i.e. amoxicillin). Still, this class of medication is not associated with tendon rupture as a side effect and this is therefore incorrect.

Inhibition of folic acid formation

is incorrect.This is the mechanism of action of sulphonamides and trimethoprim. Trimethoprim is a common antibiotic prescribed for urinary tract infections. It does not cause tendon rupture as a side effect so is not the likely choice here. It can cause cytopenias as an adverse effect, in addition to spurious rises in creatinine."
183,"An academic clinician is developing a new monoclonal antibody against the epidermal growth factor receptor (EGFR) protein for use in metastatic colorectal carcinoma. As part of the process, she humanises the antibody, which has originally been produced by murine plasma cells.

What is the purpose of this step of the monoclonal antibody production process?","[""Decrease immunogenicity"", ""Improve antigenic specificity"", ""Increase bioavailability"", ""Promote endogenous antibody production"", ""Reduce production costs""]",Decrease immunogenicity,0,"Humanising is a process that decreases the immunogenicity of non-human derived monoclonal antibodies

The correct answer is

decrease immunogenicity

. Many monoclonal antibodies are produced in other animals, such as mice, via hybridoma technology (whereby a B cell clonal neoplasm capable of secreting the antibody of interest is introduced into the mouse). Murine-derived antibodies differ significantly enough in the protein structures of their constant and variable regions to be immunogenic to humans. The process of humanisation involves changing the antibody's constant region, and as much of its variable region as possible to reflect the protein structure of human antibodies, whilst still preserving antigenic specificity. This decreases the immunogenicity of the antibody.

Improve antigenic specificity

is incorrect. One risk of humanising a monoclonal antibody is that the necessary changes to the variable region will decrease the antibody's ability to bind its epitope specifically. Humanisation does not improve antigen binding.

Increase bioavailability

is incorrect. Whilst the modifications to the antibody involved in humanisation may affect the bioavailability of a monoclonal antibody, this is not the purpose of this process.

Promote endogenous antibody production

is incorrect. When monoclonal antibodies are given to patients, they are given in protein form. There is no integration of genomic DNA into patient B cells or plasma cells, and the aim is not for patients to produce the relevant antibody endogenously. Humanisation does not affect this fact.

Reduce production costs

is incorrect. The process of humanisation involves careful manipulation of a murine antibody's protein structure. It costs more to humanise an antibody than if the antibody were able to be administered directly to patients in its murine form."
184,A 25-year-old female who works in a photograph development laboratory is taken to the Emergency Department due to confusion. On admission she is hypoxic and hypotensive. Cyanide poisoning is suspected following discussion with the local poisons unit. What is the definitive treatment?,"[""Haemodialysis"", ""Hydroxocobalamin"", ""Penicillamine"", ""Ferrous sulphate"", ""Desferioxamine""]",Hydroxocobalamin,1,
185,A 43-year-old woman is about to start treatment with trastuzumab for metastatic breast cancer. What is the most important investigation to perform prior to initiating treatment?,"[""Pulmonary function tests"", ""Echo"", ""Liver function tests"", ""Chest x-ray"", ""Glucose tolerance test""]",Echo,1,"Trastuzumab (Herceptin) - cardiac toxicity is common

The correct answer is

Echo

. Trastuzumab, a monoclonal antibody used in the treatment of HER2-positive breast cancer, can cause cardiotoxicity. This manifests as a reduction in left ventricular ejection fraction (LVEF), potentially leading to congestive heart failure. Therefore, an echocardiogram (echo) is necessary prior to initiating treatment to establish a baseline LVEF and to detect any pre-existing cardiac dysfunction. The National Institute for Health and Care Excellence (NICE) guidelines recommend regular cardiac monitoring with echo during trastuzumab therapy.

Pulmonary function tests

are not typically required prior to starting trastuzumab. While some chemotherapeutic agents may induce pulmonary toxicity, this is not a common side effect of trastuzumab.

The choice

Liver function tests

would be relevant if hepatotoxic drugs were being considered, or if there was suspicion of liver metastases that might affect drug metabolism. However, trastuzumab is not known for causing significant liver toxicity and therefore routine liver function tests are not essential before its initiation.

A

Chest x-ray

could be useful in assessing the overall lung condition or looking for metastatic disease in the chest, but it does not provide information about cardiac function which is crucial when considering trastuzumab therapy.

Lastly, a

Glucose tolerance test

has no specific relevance in this context. While diabetes can increase the risk of cardiovascular disease and could theoretically amplify the cardiotoxic effects of trastuzumab, glucose tolerance testing is not routinely performed before starting this medication unless there are other indications such as symptoms suggestive of diabetes."
186,What is the mechanism of action of tacrolimus?,"[""Mercaptopurine antagonist"", ""Interferes with purine synthesis"", ""Inhibits inosine monophosphate dehydrogenase"", ""Monoclonal antibody against IL-2 receptor"", ""Decreases IL-2 release by inhibiting calcineurin""]",Decreases IL-2 release by inhibiting calcineurin,4,
187,A 58-year-old man who is taking lithium for bipolar disorder presents for review. During routine examination he found to be hypertensive with a blood pressure of 166/82 mmHg. This is confirmed with two separate readings. Urine dipstick is negative and renal function is normal. What is the most appropriate medication to start?,"[""Amlodipine"", ""Ramipril"", ""Losartan"", ""Bendroflumethiazide"", ""Doxazosin""]",Amlodipine,0,
188,"A 56-year-old patient attends his GP practice after recently starting metformin. He has been taking this as instructed and is currently halfway through his third week but has had troublesome diarrhoea and bloating. He would like to know if there is a different medication he could take to lower his blood sugar.

What is the most appropriate next step?","[""Change to a modified release formulation of metformin"", ""Change to gliclazide"", ""Change to sitagliptin"", ""Reassure and continue at current dose"", ""Reduce dose to 500mg OD""]",Change to a modified release formulation of metformin,0,"If metformin is not tolerated due to GI side-effects, try a modified-release formulation before switching to a second-line agent

Metformin has troublesome gastrointestinal side effects and should be titrated up slowly to reduce the incidence of these. In around 5% of patients who start metformin the gastrointestinal side effects are severe enough for them to have to stop the medication. If metformin is not tolerated due to GI side-effects, a modified-release formulation should be tried before switching to a second-line agent such as gliclazide or sitagliptin.

Continuing at the current dose is unlikely to change things and there is the risk the patient may stop taking it altogether.

Reducing the dose to 500mg is not a permanent solution, as the patient will need to be on a higher dose to control blood sugars."
189,"A 48-year-old woman with longstanding rheumatoid arthritis is started on hydroxychloroquine. She has been on methotrexate monotherapy for 1 year and continues to have frequent flares. She undergoes 12 weekly FBC, U&E & LFTs.

In the long-term, which additional monitoring is required?","[""Blood pressure"", ""Urinalysis"", ""Eye assessment"", ""Therapeutic levels"", ""Anti-histone antibodies""]",Eye assessment,2,"Hydroxychloroquine can cause retinopathy

Patients on longterm hydroxychloroquine require annual eye assessments as there is a risk of retinopathy. Other important drug causes of retinopathy include ethambutol, vigabatrin and amiodarone.

Blood pressure measurement is important in ciclosporin therapy. Urinalysis is required for gold and penicillamine (for protein due to the risk of membranous glomerulonephritis) and cyclophosphamide (for blood due to the risk of haemorrhagic cystitis and bladder cancer).

No drug requires routine monitoring of anti-histone antibodies (although penicillamine can cause drug-induced lupus) and therapeutic levels are required for the calcineurin inhibitors ciclosporin and tacrolimus."
190,"A 56-year-old man with a history of epilepsy, atrial fibrillation and ischaemic heart disease is noted to have a rash on his forearms and face in the cardiology clinic. Which one of the following drugs is most likely to be responsible?","[""Verapamil"", ""Carbamazepine"", ""Amiodarone"", ""Digoxin"", ""Clopidogrel""]",Amiodarone,2,
191,"A 37-year-old woman with a history of type 2 diabetes mellitus and obesity presents after a late period. The urinary hCG test is positive. Her current medication is as follows:


Orlistat 120mg tds
Simvastatin 40mg on
Aspirin 75mg od
Metformin 1g bd
Paracetamol 1g qds
Aqueous cream prn

Which one of her medications must be stopped straight away?","[""Paracetamol"", ""Aspirin"", ""Simvastatin"", ""Orlistat"", ""Metformin""]",Simvastatin,2,
192,"A 40-year-old man with a history of multiple suicide attempts was brought to the emergency department by his wife presenting with confusion and drowsiness.

On examination, his vital signs were within normal limits and his vision was unimpaired. Blood tests revealed:


Na+	145 mmol/L	136-146
K+	5 mmol/L	3.5-5.0
Cl-	100 mmol/L	95-105
HCO3-	18 mmol/L	22-28
pH	7.3	7.35-7.45
pCO2	5 kPa	4.4-5.9
pO2	11 kPa	10-14
lactate	15 mmol/L	< 2
Osmolar gap	20 mOsm/g	< 10

What is the most likely diagnosis for this type of poisoning?","[""Aspirin"", ""Ethanol"", ""Ethylene glycol"", ""Mercury"", ""Methanol""]",Ethylene glycol,2,"Metabolic acidosis with a high anion gap and high osmolar gap is seen in ethylene glycol poisoning

Patients with a history of suicide attempts who present with metabolic acidosis characterised by an elevated anion gap and a high lactate level are highly suggestive of

ethylene glycol

poisoning. The anion gap is calculated using the formula (Na+) - [(Cl-) + (HCO3-)]. In this scenario, the calculation would be 145 - [100 + 18] = 27, which indicates an increased level. A significant rise in lactic acid is often due to the cross-reactivity of lactic acid measurement with the metabolites of ethylene glycol, primarily glycolic acid. In this patient, the osmolar gap is notably high at 20 mOsm/kg, the pH is low at 7.3, and bicarbonate levels are decreased at 18 mmol/L, all indicative of metabolic acidosis—a diagnosis further substantiated by normal PCO2 levels.

Methanol

ingestion can also lead to metabolic acidosis with a high anion gap; however, it typically presents with visual disturbances that are characteristic of methanol toxicity.

Ingestion of

ethanol

usually does not result in a high anion gap metabolic acidosis but may cause lactic acidosis secondary to hypoperfusion or alcoholic ketoacidosis in patients with chronic alcoholism.

An overdose of

aspirin

represents another potential cause of metabolic acidosis and often presents with a triad of symptoms: tinnitus, diaphoresis, and fever. However, given the absence of these symptoms in this case, aspirin toxicity is unlikely.

Although less common,

mercury

poisoning can also induce metabolic acidosis. Acute mercury exposure tends to present with gastrointestinal symptoms such as vomiting and abdominal pain and may lead to renal damage. Given that these symptoms are not reported here, mercury intoxication is considered improbable in this patient's presentation."
193,Which one of the following types of reaction takes place in phase II metabolism of a drug?,"[""Conjugation"", ""Hydrolysis"", ""Reduction"", ""Deamination"", ""Dealkylation""]",Conjugation,0,"Drug metabolism

The correct answer is

Conjugation

. Phase II metabolism, also known as the conjugation phase, involves the addition of a polar molecule to drugs or their metabolites. This process increases water solubility and facilitates drug excretion. Conjugation reactions include glucuronidation, sulfation, acetylation, methylation and glutathione conjugation among others.

Discussing the incorrect options:

Hydrolysis

is not correct because it is primarily a phase I metabolic reaction. In hydrolysis, enzymes add water to a drug molecule resulting in its breakdown into more polar forms that can be excreted from the body. While some hydrolysis reactions can occur in phase II metabolism, they are more commonly associated with phase I metabolism.

Reduction

is another type of reaction that typically occurs during phase I metabolism. Reduction involves the gain of electrons or hydrogen atoms by a drug molecule which increases its polarity and prepares it for further metabolism or excretion.

Deamination

, the removal of an amino group from a molecule, is also an example of a phase I metabolic reaction. Through deamination, drugs containing amine groups can be converted into metabolites that are more readily excreted from the body.

Finally,

Dealkylation

, which refers to the removal of an alkyl group from a drug molecule, is another type of phase I metabolic reaction. Dealkylation can increase polarity and make drugs more susceptible to further metabolism or direct excretion."
194,"A 64-year-old man is taken to the emergency department with slurred speech and unilateral limb weakness. He is urgently taken for a CT scan of the head, which demonstrates a haemorrhagic stroke.

The team do not have access to his records; he was found in the street by a bystander. A warfarin card is found in the patient's wallet. Blood tests are subsequently checked:


International Normalised Ratio	8.5

Which of the following, if part of the patient's medication history, is most likely to have caused this?","[""Carbamazepine"", ""Isoniazid"", ""Paracetamol"", ""Rifampicin"", ""St John's wort""]",Isoniazid,1,"Isoniazid

The correct answer is isoniazid. The patient has suffered a haemorrhagic stroke - the INR is very high due to warfarin not being cleared away by the P450 system, which is being inhibited. From the above list, the only P450 inhibitor is isoniazid, an antibiotic used in the treatment of tuberculosis.

Carbamazepine is an antiepileptic medication. It is a known P450 inducer, rather than inhibitor, and so INR levels would be expected to be lower than they should be, not higher.

Paracetamol is not known to significantly affect the function of the P450 system. Paracetamol itself is affected by the P450 system, being oxidised to toxic metabolites which lead to liver failure.

Rifampicin is another antibiotic used in the treatment of tuberculosis. Contrary to isoniazid, it is a P450 inducer, not an inhibitor.

St John's wort is a herbal remedy sold over-the-counter for a variety of purpose (although a very limited evidence base). It is also a P450 inducer, not an inhibitor."
195,"A 42-year-old male presents to the emergency department in the middle of the night with a 3-hour history of generalised crampy abdominal pain. He has also noticed a small amount of blood in his stools. On examination, he has mydriatic pupils and appears incredibly anxious. He is tachycardic at 110 beats per minute with a blood pressure of 169/78 mmHg. He is not known to be hypertensive.

What is the most likely diagnosis?","[""Diverticulitis"", ""Inflammatory bowel disease"", ""Ischaemic colitis"", ""Renal colic"", ""Rhabdomyolysis""]",Ischaemic colitis,2,"Think ischaemic colitis in patients presenting with abdominal pain or rectal bleeding following cocaine ingestion

The enlarged pupils, anxiety, tachycardia and hypertension point towards cocaine use. An acute history of abdominal pain in those who have ingested cocaine should alert one towards the possibility of ischaemic colitis. Cocaine is a profound vasoconstrictor and can reduce blood supply to the gut. This can sometimes be accompanied by rectal bleeding.

Diverticulitis generally presents with left-iliac fossa pain or rectal bleeding (it is rare to see the two together). It would not present so acutely and is not linked to drug use.

This history is too acute to suggest inflammatory bowel disease.

Renal colic would present with colicky flank pain without rectal bleeding.

Rhabdomyolysis can occur as a complication of cocaine or ecstasy use but tends to present with generalised muscle aches and dark urine if severe."
196,"A 33-year-old woman presents to her GP with abdominal swelling and nausea.

Her past medical history includes depression, troublesome oesophageal reflux, and treated tuberculosis.

Her current medication includes rifampicin, isoniazid, sertraline, and omeprazole. She also takes the combined oral contraceptive pill. A detailed history reveals she also enjoys large quantities of grapefruit juice.

The GP then performs a quick urinary pregnancy test, which is positive.

What has likely resulted in her contraceptive failure?","[""Fluoxetine"", ""Grapefruit juice"", ""Isoniazid"", ""Omeprazole"", ""Rifampicin""]",Rifampicin,4,"Rifampicin is a P450 enzyme inductor

Rifampicin

is correct. Of this patient's regular medications, rifampicin is the only enzyme inducer. Induction of the P450 enzyme system results in faster metabolism and clearance of the contraceptive pill, reducing its effectiveness.

Fluoxetine

is incorrect. SSRIs are inhibitors of the P450 enzyme system. They would result in higher circulating levels of the drug and would not result in contraceptive failure.

Grapefruit juice

is incorrect. Grapefruit juice is an inhibitor of the P450 enzyme system. It would result in higher circulating levels of the drug and would not result in contraceptive failure.

Isoniazid

is incorrect. Isoniazid is an inhibitor of the P450 enzyme system. It would result in higher circulating levels of the drug and would not result in contraceptive failure.

Omeprazole

is incorrect. Omeprazole is an inhibitor of the P450 enzyme system. It would result in higher circulating levels of the drug and would not result in contraceptive failure."
197,"Several workers, all employed by a single industrial chemical factory, present over a 6 week period with a similar collection of symptoms. The workers all report a generalised weakness, a reduction in both their vision and hearing as well as numbness in their hands and feet.

Examination of the latest patient identifies a visual field defect and widespread reduced fine touch sensation. Their blood results are shown below:


pH	7.24 nmol/L	7.35-7.45
HCO3	16 mmol/L	22-28
K+	4.0 mmol/L	3.5-5.0
Cl-	120 mmol/L	95-105
Creatinine	180 µmol/L	53-106

What substance is the most likely cause of the patient's presentation?","[""Iron"", ""Lead"", ""Mercury"", ""Organophosphate"", ""Thallium""]",Mercury,2,"Mercury poisoning can cause visual field defects, hearing loss and paraesthesia

Mercury

toxicity due to occupational exposure is rare as there are limited manufactured products using this metal today. The mechanism of mercury toxicity results in the irreversible inhibition of selenoenzymes which results in end-organ oxidative damage. Symptoms of mercury poisoning include peripheral neuropathy, a reduction in visual fields and sensorineural hearing loss. Hyperchloraemic metabolic acidosis consistent with renal tubular acidosis is also associated with mercury toxicity and can be seen on the patient's blood gas in this case.

Lead

poisoning may also result from industrial exposure. However, patients typically present with abdominal pain, constipation and neuropsychiatric symptoms as well as blue gum margin lines. Lead poisoning is not associated with visual or hearing issues and therefore does not match these patients' presentation.

Iron

poisoning usually occurs due to the ingestion of excess iron. Toxicity due to prolong environmental or occupational exposure is rare with most patients presenting after an intentional iron supplement overdose. Common symptoms include initial vomiting and diarrhoea before progressing to hepatotoxicity, bowel obstruction and multi-organ failure. Sensory deficits such as hearing and visual field loss are not associated with iron toxicity.

Organophosphate

poisoning is generally seen as a result of intentional overdose using insecticides. Occupational toxicity is rare. Organophosphate poisoning causes a cholinergic toxidrome of constriction of the pupils, salivation, incontinence, vomiting and diarrhoea. Seizures may occur and general weakness with muscle fasciculation and paralysis are common. However, peripheral neuropathy and sensory deficits are not typically associated with toxicity.

Thallium

poisoning is very rare as it is no longer commonly used in manufacturing. It was historically used in specific pesticides. Thallium poisoning causes non-specific features such as gastrointestinal upset, delirium, convulsions and coma. Patients may develop multi-organ failure. Thallium poisoning is not associated with sensory deficits."
198,"A 55-year-old female presents to the Emergency Department with a deliberate overdose of amitriptyline. Paramedics report that a box of thirty 50mg tablets was found empty by her bed. On examination, she appears a little lethargic however there is no focal neurological abnormality. Observations show heart rate 110/min, blood pressure 105/75mmHg. An ECG shows a sinus tachycardia with a QRS duration of 135ms and a corrected QT interval of 390ms. What is the most appropriate initial management of this patient?","[""Intravenous isotonic saline"", ""Intravenous glucagon"", ""Intravenous lipid emulsion"", ""Intravenous sodium bicarbonate"", ""Intravenous magnesium sulphate""]",Intravenous sodium bicarbonate,3,
199,"A 30-year-old male presented with fever, night sweats and painless cervical and axillary lymphadenopathy. A biopsy of a superficial lymph node has confirmed the diagnosis of non-Hodgkin lymphoma. His performance status is 0 and after discussion, it was decided to commence hin on R-CHOP (rituximab, cyclophosphamide, hydroxydaunorubicin, oncovin and prednisolone) chemotherapy.

What is the target for the monoclonal antibody therapy that is encompassed in the treatment regimen?","[""TNFα"", ""CD20"", ""CD38"", ""CD52"", ""HER2""]",CD20,1,"Rituximab - monoclonal antibody against CD20

Rituximab is the only monoclonal antibody in the R-CHOP regimen and acts against CD20.

Infliximab targets TNFα and is used in the management of Crohn's disease.

Daratumumab acts against CD38 and is used in the treatment of multiple myeloma.

Alemtuzumab acts against CD52 and can be used to treat chronic lymphocytic leukaemia.

Trastuzumab (more commonly known as Herceptin) acts against HER2 in metastatic breast cancer."
200,A patient is started on the monoclonal antibody trastuzumab. What is the most likely indication?,"[""Crohn's disease"", ""Chronic lymphocytic leukaemia"", ""Renal cancer"", ""Colorectal cancer"", ""Breast cancer""]",Breast cancer,4,"Trastuzumab (Herceptin) - monoclonal antibody that acts on the HER2/neu receptor

The correct answer is

Breast cancer

. Trastuzumab is a monoclonal antibody that targets the HER2/neu receptor, which is overexpressed in some forms of breast cancer. It works by binding to these receptors and inhibiting their function, thereby slowing or stopping the growth of cancer cells. According to UK guidelines, trastuzumab is recommended as an adjuvant treatment for early-stage HER2-positive breast cancer and as a first-line treatment for metastatic HER2-positive breast cancer.

Crohn's disease

is an incorrect answer. Crohn's disease is an inflammatory bowel disease, not a form of cancer. Monoclonal antibodies used in the management of Crohn's disease include infliximab and adalimumab, but not trastuzumab.

Chronic lymphocytic leukaemia

is also incorrect. Chronic lymphocytic leukaemia (CLL) is a type of blood cancer that affects B-lymphocytes. Although monoclonal antibodies such as rituximab are used in its treatment, trastuzumab has no role in CLL because it targets the HER2/neu receptor which isn't typically expressed on CLL cells.

The option

Renal cancer

is incorrect too. Renal cell carcinoma may be treated with various therapeutic modalities including surgery, targeted therapy, immunotherapy and occasionally chemotherapy; however trastuzumab has no role in renal cell carcinoma management because these tumours do not usually express the HER2/neu receptor.

Finally,

Colorectal cancer

is also an incorrect answer. While monoclonal antibodies like cetuximab and panitumumab are used in colorectal cancers to target EGFR proteins, trastuzumab has no role here as colorectal cancers do not commonly overexpress the HER2/neu receptor."
201,"A 46-year-old woman who has recently been diagnosed as having non-Hodgkin's lymphoma is about to start CHOP chemotherapy (cyclophosphamide, hydroxydaunorubicin, vincristine and prednisolone). Her bloods are as follows:


Hb	11.8 g/dl
Platelets	423 * 109/l
WBC	11.2 * 109/l


Na+	143 mmol/l
K+	3.9 mmol/l
Urea	6.2 mmol/l
Creatinine	78 µmol/l
Uric acid	0.45 mmol/l

Ciprofloxacin is also prescribed to reduce the risk of neutropenic sepsis. Which other drug should be added to lower the risk of complications?","[""Tranexamic acid"", ""Allopurinol"", ""Ferrous sulphate"", ""Aspirin"", ""Furosemide""]",Allopurinol,1,
202,"A 24-year-old woman attends the emergency department with agitation and anxiety. She admits to consuming 1 gram of MDMA earlier in the evening.

What complications is this patient at risk of?","[""Hypernatraemia"", ""Hypoglycaemia"", ""Hypokalaemia"", ""Hyponatraemia"", ""Hypothermia""]",Hyponatraemia,3,"MDMA (Ecstasy) poisoning is associated with hyponatraemia

Hyponatraemia

is correct. Hyponatraemia is common in MDMA intoxication due to either excessive water consumption or syndrome of inappropriate ADH secretion.

Hypernatraemia

is incorrect. It is hyponatraemia that is associated with MDMA toxicity.

Hypoglycaemia

is incorrect. Although there are case reports of hypoglycaemia in MDMA toxicity, this is not a commonly seen complication.

Hypokalaemia

is incorrect. Hyperkalaemia can occur as a consequence of the hypermetabolic state, decreased glomerular filtration rate, acidosis and rhabdomyolysis.

Hypothermia

is incorrect.  It is hyperthermia, rather than hypothermia, that is commonly implicated in MDMA intoxication."
203,Which one of the following adrenoceptors cause vasoconstriction and relaxation of GI muscle in response to sympathetic stimulation?,"[""Alpha-1"", ""Alpha-2"", ""Beta-1"", ""Beta-2"", ""Beta-3""]",Alpha-1,0,
204,A 30-year-old female has been admitted to the medical take with an acute infection. She had a case of anaphylaxis which was thought to be due to amoxicillin at age 20. She has since been seen by the allergy specialist and is now known to have an IgE mediated penicillin allergy. Which of the following antibiotics would you be most wary of using in this patient?,"[""Gentamicin"", ""Ciprofloxacin"", ""Trimethoprim"", ""Cefalexin"", ""Metronidazole""]",Cefalexin,3,"A small proportion (0.5 - 6.5%) of patients with an IgE medicated penicillin allergy will also be allergic to cephalosporins

This patient is known to have a severe penicillin allergy. None of the above antibiotics are penicillin based. However, the BNF states that 0.5 - 6.5% of patients who are proven to have an IgE mediated penicillin allergy will also be allergic to cephalosporins, including cefalexin. You would, therefore, be most wary of giving ceftriaxone to this patient.

Penicillins, cephalosporins, and carbapenems are all members of the beta-lactam group of antibiotics and share a common beta-lactam ring. There is, therefore, a small risk of allergy cross-over between all these antibiotics. The rates of allergy cross-over are lower with second and third generation cephalosporins than first generation cephalosporins such as cefalexin.

Reported penicillin allergy is very common, with up to 10% of patients claiming to be allergic to penicillin. However, less than 10% of these people have a true IgE mediated allergy to penicillin. It is important to question the patient carefully to ascertain what symptoms they had on exposure to penicillin. Symptoms such as an urticarial rash or itching make it more likely that they have an IgE mediated allergy.

BNF:

https://bnf.nice.org.uk/drug-class/penicillins-2.html#allergyAndCrossSensitivity

NICE National Clinical Guideline Centre; Drug Allergy:

https://www.nice.org.uk/guidance/cg183/documents/drug-allergy-full-guideline2"
205,You are an F2 working in general practice. You are seeing a 64-year-old female who has type II diabetes. Her HbA1c remains high despite a trial of diet and lifestyle changes. You plan to start her on the most commonly prescribed first-line medication for type II diabetes. Which side effect should you warn her is the most likely?,"[""Headache"", ""Diarrhoea"", ""Hypoglycaemia"", ""Constipation"", ""Urinary tract infections""]",Diarrhoea,1,"Gastrointestinal side-effects such as diarrhoea and bloating are a common side effect with metformin

The correct answer is number 2. NICE that standard release metformin should be the initial drug of choice for patients with type II diabetes. Gastrointestinal side effects such as diarrhoea, flatulence and bloating are a very common side effect of metformin. It should be started at a low dose and gradually increased to reduce the risk. GI side effects are usually less with modified release metformin than standard release.

A headache can be a side effect of metformin but is less common than GI side effects. Hypoglycaemia can occur with use of other diabetic medications, including sulphonylureas and insulin, but does not occur with metformin. Urinary tract infections and thrush are more common with SGLT2 inhibitors which increase the excretion of glucose in urine. Swelling of the feet and ankles can occur with thiazolidinediones.

NICE: Type II diabetes in adults

https://www.nice.org.uk/guidance/ng28/chapter/1-Recommendations#drug-treatment-2"
206,"A 58-year-old female presents with flushing, diarrhoea and hypotension. A small bowel MRI demonstrates a mass in the ileum. A diagnosis of carcinoid syndrome is made. Your consultant initiates treatment with octreotide.

What is the mechanism of action of octreotide?","[""Somatostatin antagonist"", ""Glucagon-like peptide-1 receptor agonists"", ""Somatostatin analogue"", ""Glucagon-like peptide-1 receptor antagonist"", ""Anti-serotonergic""]",Somatostatin analogue,2,"Octreotide is a somatostatin analogue

Octreotide is a somatostatin analogue.  It is a potent inhibitor of gastrointestinal secretions hence why its a first line treatment for carcinoid syndrome.  It is also a potent inhibitor of growth hormone, glucagon, and insulin.

Cyproheptadine is an anti-histamine drug which has anti-serotonergic properties.  It can also be used in carcinoid syndrome.

Glucagon-like peptide-1 receptor agonists are used to treat diabetes mellitus.  They are insulin secretagogues."
207,"A 65-year-old man developed sudden onset crushing chest pain and difficulty breathing whilst at home. An electrocardiogram performed by the paramedics showed ST-elevation in the anterior leads. He was presumed to have an anterior ST-elevation myocardial infarction and taken to the nearest primary percutaneous coronary intervention centre.

Primary percutaneous angioplasty was performed and two stents were inserted into the left anterior descending artery. During the procedure, he was given abciximab.

What is the mechanism of action of this drug?","[""ADP receptor inhibitor"", ""Direct thrombin inhibitor"", ""Glycoprotein IIb/IIIa receptor antagonist"", ""Indirect factor Xa inhibitor"", ""Monoclonal antibody to platelet-derived growth factor""]",Glycoprotein IIb/IIIa receptor antagonist,2,"Abciximab is a glycoprotein IIb/IIIa receptor antagonist

Glycoprotein IIb/IIIa receptor antagonist such as abciximab used in primary angioplasty has shown a tendency towards reducing the incidence of adverse coronary events (e.g. death or myocardial infarction) within the first 30 days.

ADP receptor inhibitors such as clopidogrel which is often part of the standard dual antiplatelet therapy given following cardiac stent implantation.

Indirect factor Xa inhibitors include drugs such as fondaparinux. Fondaparinux is a medication used commonly in the treatment of non-ST elevation myocardial infarctions and unstable angina. Fondaparinux is less commonly used in angioplasty due to its associated bleeding risks.

Monoclonal antibody to platelet-derived growth factor e.g. olaratumab plays an important role in tumorigenesis and tumour progression. Therefore, it is an incorrect answer in this case."
208,A 45-year-old man presents to the Emergency Department stating he has drunk a bottle of antifreeze. Which one of the following features are least associated with this kind of poisoning?,"[""Metabolic acidosis with high anion gap"", ""Acute renal failure"", ""Hypertension"", ""Confusion"", ""Loss of vision""]",Loss of vision,4,
209,"A 56-year-old female with a history of depression is brought in to the Emergency Department by a concerned neighbour. Beside the patient are empty blister packets of co-codamol 30/500, indicating that she may have taken up to 50 tablets. She is confused with a GCS of 14/15 and is unable to say when she took the tablets. What is the most appropriate initial management?","[""Start N-acetyl cysteine immediately"", ""Immediate referral for haemodialysis"", ""Give naloxone"", ""Start N-acetyl cysteine 4 hours after presentation if levels are elevated"", ""Observe""]",Start N-acetyl cysteine immediately,0,
210,A 65-year-old female is admitted to the Emergency Department following an overdose of a long-acting propranolol preparation. On admission she is bradycardic with a pulse of 36/min and BP 90/50. The bradycardia fails to respond to atropine. What is the most appropriate management?,"[""Temporary cardiac pacing"", ""Haemodialysis"", ""Glucagon"", ""Noradrenaline infusion"", ""Salbutamol infusion""]",Glucagon,2,"Beta-blocker overdose management: atropine + glucagon

Glucagon has a positive inotropic action on the heart and decreases renal vascular resistance. It is therefore useful in patients with beta-blocker cardiotoxicity

Cardiac pacing should be reserved for patients unresponsive to pharmacological therapy"
211,A 21-year-old student is brought to the Emergency Department by his friends due to him being confused. They report he has been complaining of headaches for the past few weeks. He has a low-grade pyrexia and on examination is noted to have abnormally pink mucosa. What is the most likely diagnosis?,"[""Carbon monoxide poisoning"", ""Meningitis"", ""Paracetamol overdose"", ""Subarachnoid haemorrhage"", ""Methaemoglobinaemia""]",Carbon monoxide poisoning,0,
212,"A 44-year-old woman with oestrogen receptor positive breast cancer comes for review, three months after starting tamoxifen. Which one of the following adverse effects is most likely to occur in this patient?","[""Myalgia"", ""Cataracts"", ""Alopecia"", ""Hot flushes"", ""Cervical cancer""]",Hot flushes,3,"Tamoxifen may cause hot flushes

Alopecia and cataracts are listed in the BNF as possible side-effects. They are however not as prevalent as hot flushes, which are very common in pre-menopausal women"
213,"You are a clerking doctor on the medical take.

Your next patient has been admitted via the emergency department with community-acquired pneumonia with a CURB-65 of 2.

Whilst prescribing her repeat medications she informs you that she was recently diagnosed with primary open-angle glaucoma and is due to commence eye drops once she receives her prescription. Unfortunately, she has not brought her repeat prescription with her and you are unable to contact her GP.

On reading her recent letter from the ophthalmology team, you note that they asked the GP to commence a muscarinic agonist.

Which of the following is the most appropriate medication to start?","[""Brimonidine"", ""Brinzolamide"", ""Latanoprost"", ""Pilocarpine"", ""Timolol""]",Pilocarpine,3,"Pilocarpine is a muscarinic agonist

Brimonidine is an alpha-2-adrenergic agonist aiding in the management of open-angle glaucoma by decreasing aqueous humour production and increasing uveoscleral outflow.

Brinzolamide is a carbonic anhydrase inhibitor that decreases aqueous humour production.

Latanoprost is a prostaglandin analog which works by increasing uveoscleral outflow.

Pilocarpine is the correct answer. It is a muscarinic agonist which works by contracting the ciliary muscle, in turn opening the trabecular meshwork and thus increasing outflow of aqueous humour.

Timolol is a beta-adrenergic antagonist that acts via decreasing aqueous humour production."
214,"A 68-year-old woman is admitted to the hospital with several days of dysuria, loin pain, fever and rigors.

She is diagnosed with pyelonephritis and is initially commenced on wide-spectrum antibiotics, but following a urine culture result, and advice from the microbiology team, she is switched to gentamicin.

Two days later, it is noted on her blood tests that her gentamicin trough level is high and her glomerular filtration rate has significantly fallen.

By what mechanism has this acute drop most likely taken place?","[""Glomerulonephritis"", ""Interstitial nephritis"", ""Renal ischaemia"", ""Renal tubular acidosis"", ""Tubular necrosis""]",Tubular necrosis,4,"Aminoglycoside nephrotoxicity is secondary to tubular necrosis

This patient has developed gentamicin nephrotoxicity. Gentamicin is an aminoglycoside, and the nephrotoxicity caused by this class of drugs is known to be due to acute tubular necrosis, which classically presents with 'muddy brown casts' found on urinalysis. Trough and peak levels of gentamicin should be carefully monitored.

Glomerulonephritis is incorrect - this is the term for a variety of conditions affecting the glomeruli of the kidneys and typically can be categorised into nephrotic or nephritic pictures. Gentamicin does not have a glomerulonephritic toxic effect.

Interstitial nephritis refers to inflammation of the interstitial space of the kidneys. Pyelonephritis, which this patient presented to the hospital with, is an example of this, but interstitial nephritis is commonly also drug-induced (not by gentamicin though).

Renal ischaemia is incorrect - this may be caused by shock, complications of pregnancy, haemorrhage and so on.

Renal tubular acidosis is incorrect - gentamicin does not cause toxicity via this mechanism. A failure to reabsorb bicarbonate ions and/or secrete hydrogen ions leads to acidosis."
215,"A 28-year-old man with schizophrenia presents to the emergency department with agitation, restlessness, and involuntary upward deviation of the eyes. He was started on a new medication three days ago. On examination, he has a fixed upward gaze, neck extension, and appears distressed. His vital signs are normal.

What is the most appropriate immediate management?","[""Haloperidol"", ""Diazepam"", ""Procyclidine"", ""Levodopa"", ""Diphenhydramine""]",Procyclidine,2,"Benztropine or procyclidine may be used to manage an oculogyric crisis

Procyclidine

is the most appropriate immediate management for this patient who is experiencing an oculogyric crisis, a form of acute dystonic reaction. The clinical presentation of involuntary upward deviation of the eyes, neck extension, agitation, and restlessness in a patient recently started on a new medication (likely an antipsychotic) is classic for this condition. Oculogyric crises typically occur as an extrapyramidal side effect of dopamine receptor-blocking agents, particularly first-generation antipsychotics, but can also occur with second-generation antipsychotics or antiemetics like metoclopramide. Antimuscarinic agents such as procyclidine are first-line treatments for acute dystonic reactions including oculogyric crisis. They work by correcting the imbalance between dopaminergic and cholinergic neurotransmission in the basal ganglia. Intravenous administration provides rapid relief, usually within minutes, though intramuscular or oral routes can also be effective. The patient should also have the causative medication reviewed and potentially adjusted or changed.

Haloperidol

would be contraindicated in this scenario as it is a high-potency first-generation antipsychotic that blocks dopamine receptors and is likely to worsen the dystonic reaction. Haloperidol itself is a common cause of acute dystonic reactions, including oculogyric crisis, due to its strong dopamine D2 receptor antagonism. Administering haloperidol to this patient would potentially exacerbate his symptoms and increase his distress.

Diazepam

, a benzodiazepine, may provide some symptomatic relief through muscle relaxation and anxiolysis, but it is not the first-line treatment for an acute dystonic reaction. While it might help with the agitation component, it does not address the underlying neurotransmitter imbalance causing the dystonia and would not effectively resolve the oculogyric crisis as quickly or completely as an antimuscarinic agent would.

Levodopa

is primarily used in the treatment of Parkinson's disease to increase dopamine levels in the brain. Although the pathophysiology of acute dystonic reactions involves dopamine blockade, acute administration of levodopa is not an established treatment for drug-induced dystonic reactions and would not provide the immediate relief needed in this emergency situation.

Diphenhydramine

, a first-generation antihistamine with antimuscarinic properties, can be used to treat acute dystonic reactions and is sometimes used as an alternative to procyclidine or benztropine, particularly in settings where these medications are not available. However, procyclidine has more specific antimuscarinic effects targeted at the extrapyramidal system and is generally preferred in the UK for managing acute dystonic reactions when available."
216,"A 42-year-old man with a history of opioid dependence begins buprenorphine therapy. After one week, he reports a significant reduction in cravings and improved mood but notes mild withdrawal symptoms such as restlessness and muscle aches when doses are delayed. Examination shows no sedation or respiratory depression.

Which pharmacological properties of buprenorphine explain his symptoms and clinical response?","[""Full agonism at the mu-opioid receptor with partial kappa-opioid receptor antagonism"", ""Full antagonism at the mu-opioid receptor and kappa-opioid receptor"", ""Inverse agonism at the mu-opioid receptor with no kappa-opioid receptor activity"", ""Partial agonism at the mu-opioid receptor with high receptor affinity and kappa-opioid receptor antagonism"", ""Selective kappa-opioid receptor agonism with weak mu-opioid receptor agonism""]",Partial agonism at the mu-opioid receptor with high receptor affinity and kappa-opioid receptor antagonism,3,"Buprenorphine is a partial agonist of the mu-opioid receptor and an antagonist of the kappa-opioid receptor

Partial agonism at the mu-opioid receptor with high receptor affinity and kappa-opioid receptor antagonism is correct

because buprenorphine exhibits partial agonistic effects at the mu-opioid receptor, sufficiently activating the receptor to ameliorate cravings and mitigate withdrawal symptoms such as restlessness and muscle aches. As a partial agonist, its effect on receptor activation is less than that of full agonists, which leads to a ceiling effect regarding both euphoria and respiratory depression. Buprenorphine's high affinity for the mu-opioid receptor ensures robust binding and displacement of full agonists, potentially eliciting mild withdrawal symptoms during transition from more potent opioids. The antagonistic action at the kappa-opioid receptor contributes to mood stabilisation and diminishes stress-induced cravings, aligning with the patient's reported improvement in mood.

Full agonism at the mu-opioid receptor with partial kappa-opioid receptor antagonism is incorrect

because agents that are full mu-opioid agonists, such as methadone, induce maximum activation of these receptors. This results in pronounced analgesia and euphoria but also carries an increased risk of respiratory depression and dependency. The partial agonist nature of buprenorphine restricts this activation, thereby reducing the potential for misuse and overdose risks. Furthermore, full mu-agonists would not account for the mild withdrawal symptoms observed here since they would effectively suppress opioid withdrawal.

Full antagonism at the mu-opioid receptor and kappa-opioid receptor is incorrect

given that complete antagonism at the mu-opioid receptor—typified by naltrexone—entirely blocks opioid effects without providing respite from withdrawal symptoms. Dual antagonism would likely exacerbate both withdrawal manifestations and dysphoria; thus, this does not accurately represent buprenorphine’s pharmacological profile.

Inverse agonism at the mu-opioid receptor with no kappa-opioid receptor activity is incorrect

due to inverse agonism leading to a reduction in basal activity at the mu-opioid receptors, which could intensify rather than relieve withdrawal symptoms. It is buprenorphine’s partial agonistic effect—not inverse agonism—that accounts for its efficacy in reducing withdrawal discomforts; moreover, its kappa-antagonist properties contribute positively to mood regulation and emotional equilibrium.

Selective kappa-opioid receptor agonism with weak mu-opioid receptor agonism is incorrect

because selective activation of kappa receptors has been associated with dysphoria, sedation, and psychotomimetic outcomes—effects that would likely deteriorate rather than enhance mood states. The antagonistic action of buprenorphine at these receptors prevents such adverse consequences, augmenting its therapeutic value in treating opioid dependence. Additionally, weak activity at the mu receptors would be insufficient in addressing withdrawal symptomatology effectively."
217,"A 36-year-old male was admitted urgently to hospital 45-minutes after taking 50 regular-strength (75mg) aspirin tablets. He has a background of previous self-harm attempts with several admissions due to intentional overdose. His past medical history consisted of anxiety and depression.

On admission, he had increased respiratory of 25 breaths per minute, blood pressure of 111/77 mmHg and heart rate of 110 beats per minute. He was sweating profusely with a temperature of 38.1ºC.

What is the most appropriate initial management?","[""Activated charcoal"", ""Haemodialysis"", ""Intravenous bicarbonate"", ""Intravenous fluids"", ""Intravenous paracetamol""]",Activated charcoal,0,"Activated charcoal can be used within an hour of an aspirin overdose

Salicylate poisoning can result in severe morbidity and mortality. Initial treatment of overdose involves resuscitation which would be to maintain his adequate airway and adequate circulation.

Activated charcoal administration helps to achieve gastric decontamination by adsorbing the salicylate in the gastrointestinal tract. Initial treatment should include the use of oral activated charcoal, especially if the patient presents within 1-hour of ingestion.

Intravenous fluids are part of the initial resuscitation for overdose management particularly if the patient is hypotensive. In this situation, given the patient has presented within 1-hour it would be vital to get activated charcoal administered as soon as possible.

Intravenous paracetamol would be avoided particularly if there is an unclear history of the overdose or suspicions of a mixed overdose within which paracetamol ingestion is common.

Intravenous sodium bicarbonate is given in cases of significant aspirin overdose where the salicylate level greater than 35 mg/dL 6-hours after ingestion regardless of what the serum pH shows, as this promotes the elimination of aspirin in the urine. In such situations like this where the presentation is acute and a level is not yet available, activated charcoal would remain first-line management.

Haemodialysis can enhance the removal of salicylate from the blood in severe poisoning. Such conditions include people with high salicylate blood levels; significant neurotoxicity with features of agitation, coma, convulsions; kidney failure, pulmonary oedema, or cardiovascular instability."
218,"A 54-year-old woman is taken to the emergency department after having consumed a large number of prescription medications. She was found at home with several empty bottles of imipramine around her. She is visibly drowsy, but able to tell the doctor that she took the medications approximately 8 hours ago.

On examination, she is drowsy, hypotensive and tachycardic. An ECG is performed which demonstrates a QRS width of 162ms.

Which of the following should be administered?","[""Activated charcoal"", ""Intravenous amiodarone"", ""Intravenous bicarbonate"", ""Intravenous glucagon"", ""Intravenous magnesium sulphate""]",Intravenous bicarbonate,2,"Widened QRS or arrhythmia in tricyclic overdose - give IV bicarbonate

Imipramine is a tricyclic antidepressant, but nowadays these are more commonly used for neuropathic pain rather than depression. Overdose causes a number of symptoms and signs as described above. Importantly, if a widened QRS complex or arrhythmia is noted on ECG, intravenous (IV) bicarbonate should be administered as the first-line therapy.

Activated charcoal is used with a number of drug overdoses for gastrointestinal decontamination. If she had presented within 2 hours, this would be a reasonable step - but presenting within 8 hours means that there is unlikely to be any benefit.

Amiodarone is a class III antiarrhythmic drug. Whilst normally used for arrhythmias, in the case of tricyclic antidepressant overdose it should be avoided as it prolongs the QT interval and may worsen hypotension and conduction abnormalities.

Glucagon is a potential treatment option for beta-blocker overdose. This would present differently, with bradycardia rather than tachycardia.

Magnesium sulphate does not play a role in the management of tricyclic overdose. It is used in the management of torsades de pointes, as well as eclampsia."
219,Which one of the following statements is true regarding monoclonal antibodies?,"[""They are produced by the polymerase chain reaction"", ""Infliximab is useful in chronic lymphocytic leukaemia"", ""A hybridoma is a combination of human spleen cells and mouse B-cells"", ""The constant region of the antibody is human in origin"", ""Alemtuzumab is used in the prevention of ischaemic events in patients undergoing percutaneous coronary interventions""]",The constant region of the antibody is human in origin,3,
220,"A 79-year-old male patient presents to the GP surgery with a 1-month history of constipation. He reports that a month ago, he used to open his bowels once a day every morning, but for the last month, he was only able to open bowels once every 3 days at best and each time the bowel was opened, the stool is very dry and lumpy and he has to strain a lot on the toilet. He is very distressed by this. You notice that he was started on a medication one month ago and you suspect that this might have contributed to his constipation.

Which is the most likely medication he was started on?","[""Bisoprolol"", ""Verapamil"", ""Metformin"", ""Warfarin"", ""Aspirin""]",Verapamil,1,"Verapamil commonly causes constipation

Verapamil, a calcium channel blocker, is a common cause of constipation. Even though many medications can cause constipation, verapamil is the most likely medication amongst the options given.

Bisoprolol can cause constipation but not as commonly as verapamil.

Metformin, warfarin and aspirin do not usually cause constipation."
221,"A 24-year-old woman is brought to the Emergency Department by her flatmate. She took 40 tablets of 500mg paracetamol 8 hours ago with a bottle of vodka following an argument with her boyfriend. She has no past medical history and takes no regular medications. She has a BMI of 22 kg/m². Her flatmate reports she eats regular meals and drinks alcohol occasionally.

What is the most important factor increasing her risk of developing hepatotoxicity?","[""Acute alcohol consumption"", ""Body mass index"", ""Delay in presentation"", ""Female gender"", ""Total paracetamol dose""]",Delay in presentation,2,"Paracetamol overdose: acute alcohol intake is not associated with an increased risk of developing hepatotoxicity and may actually be protective

Delay in presentation

is the most important factor influencing this patient's risk of developing hepatotoxicity. The patient presented 8 hours after ingestion, which is a significant delay. Paracetamol is most effectively treated with N-acetylcysteine (NAC) when administered within the first 8 hours after overdose. After this time, the toxic metabolite NAPQI has already begun to cause hepatocellular damage. The effectiveness of NAC decreases progressively with time, and delays beyond 8-10 hours are associated with poorer outcomes. In this case, the 8-hour delay means the patient has missed the optimal treatment window, significantly increasing her risk of liver damage.

Acute alcohol consumption

is not associated with an increased risk of hepatotoxicity following paracetamol overdose. In fact, contrary to what might be intuitively expected, acute alcohol intake may actually have a protective effect. This is because acute alcohol competes with paracetamol for metabolism by the cytochrome P450 system, potentially reducing the formation of the toxic metabolite NAPQI. This is in contrast to chronic alcohol excess, which induces liver enzymes and increases the risk of hepatotoxicity.

Body mass index

of 22 kg/m² is within the normal range and does not increase the risk of hepatotoxicity. Risk factors related to nutritional status include malnutrition, anorexia, or prolonged fasting, none of which apply to this patient who has a normal BMI and is reported to eat regular meals.

Female gender

is not a significant independent risk factor for paracetamol-induced hepatotoxicity. The major risk factors are related to the timing of treatment, dose ingested, and factors that affect paracetamol metabolism such as enzyme induction or nutritional status.

Total paracetamol dose

, while important, is not the most critical factor in this scenario. The patient took 20g of paracetamol (40 tablets of 500mg), which is a significant overdose well above the toxic threshold. However, with prompt treatment within 8 hours, even large overdoses can be effectively managed with NAC. The delay in presentation is more critical to the outcome than the absolute dose in this case."
222,A 62-year-old is started on allopurinol prophylaxis following his second episode of gout in the past 12 months. What is the mechanism of action of allopurinol?,"[""Promotes excretion of uric acid"", ""Causes the depolymerisation of intracellular microtubules"", ""Uric acid chelator"", ""Inhibits xanthine oxidase"", ""Xanthine oxidase activator""]",Inhibits xanthine oxidase,3,"Allopurinol inhibits xanthine oxidase

Xanthine oxidase is responsible for the oxidation of 6-mercaptopurine to 6-thiouric acid"
223,"A 64-year-old man has an annual review with his cardiologist. He has a past medical history of myocardial infarction, angina and hypertension. His drug history includes aspirin, bisoprolol, isosorbide mononitrate, ivabradine and ramipril. A pharmacist colleague has asked the cardiologist to recruit any patients taking a drug that exhibits zero-order kinetics for a local, small-scale study.

Which drug qualifies the patient for this study?","[""Aspirin"", ""Bisoprolol"", ""Isosorbide mononitrate"", ""Ivabradine"", ""Ramipril""]",Aspirin,0,"Drugs which exhibit zero-order kinetics include phenytoin, alcohol and salicylates

The correct answer is aspirin. Zero-order kinetics refers to the rate of excretion being constant, regardless of changes in plasma concentration of the drug. This is due to saturation of the metabolic process underlying the excretion. Salicylates (including aspirin) follow zero-order kinetics, as do phenytoin and alcohol.

Bisoprolol is a beta-blocker used to control heart rate and blood pressure. Like most medications, it exhibits first-order kinetics, not zero-order, whereby the rate of drug elimination is proportional to drug concentration.

Isosorbide mononitrate is a long-acting nitrate used to relieve symptoms of angina. Like bisoprolol, it also exhibits first-order kinetics.

Ivabradine is also used in the management of stable angina. It has also been shown to exhibit first-order kinetics, like most medications.

Ramipril is an ACE inhibitor used to manage hypertension. Like most medications, it demonstrates first-order kinetics."
224,"A 22-year-old woman is admitted to the acute medical unit following an intentional overdose of 56 paracetamol tablets over a period of 10 hours. She now complains of abdominal pain and nausea. Her past medical history includes depression and anxiety.

She is started on treatment with acetylcysteine and is reviewed the next day.

Bloods (24 hours into admission):


pH	7.29	(7.35 - 7.45)
Lactate	1.9 mmol/L	(0.9 - 1.6)
Paracetamol levels	2	(< 3)
Creatinine	155 µmol/L	(55 - 120)
Prothrombin time	18 secs	(10-14 secs)
ALT	90 u/L	(3 - 40)
Bilirubin	39 µmol/L	(3 - 17)

What is the next most definitive step in the management of this patient?","[""Discharge home with hepatology follow up"", ""Intravenous sodium bicarbonate"", ""Referral for dialysis"", ""Referral for liver transplant"", ""Repeat acetylcysteine treatment""]",Referral for liver transplant,3,"Liver transplantation criteria in paracetamol overdose: pH < 7.3 more than 24 hours after ingestion

This patient has presented with a staggered overdose of paracetamol requiring treatment with acetylcysteine. Indicators of severe toxicity (as outlined by the King's College Hospital criteria) include:

Arterial pH < 7.3, 24 hours post-ingestion

OR

Prothrombin time > 100 seconds AND
Creatinine > 300 µmol/l AND
Grade III or IV encephalopathy

If any of these criteria are met, patients with a paracetamol overdose are to be

referred for a liver transplant

.

It would not be appropriate to

discharge home with hepatology follow-up

as this patient is showing signs of severe hepatotoxicity following paracetamol overdose. Instead, a referral for a liver transplant is needed.

Metabolic acidosis is a severe prognostic marker in paracetamol overdose due to hepatocellular toxicity. Although treatment for acidaemia can be supportive with

intravenous sodium bicarbonate

, it is not the most definitive treatment and will not cure hepatotoxicity.

Refractory acidosis is an indication for

dialysis

. However, dialysis alone will not reverse the hepatocellular damage caused by a paracetamol overdose. Therefore, the most definitive management is a referral for a liver transplant.

This patient has already received treatment from acetylcysteine. Acetylcysteine is given in a paracetamol overdose as a means of replacing glutathione stores that are used up in the metabolism of paracetamol. This patient has already received treatment with acetylcysteine and has not shown signs of complete hepatocellular recovery. Therefore,

repeated acetylcysteine treatment

is not necessary."
225,"A 21-year-old woman presents to the emergency department with confusion, agitation and sweating. Her friends report she has taken an unknown quantity of ecstasy (3,4-Methyl€‹enedioxy€‹methamphetamine, MDMA) approximately two hours ago. She is taking sertraline for depression, but has no other past medical history. She has no known drug allergies.

Neurological examination reveals globally increased muscle tone, hyperreflexia and clonus. Her tympanic membrane temperature is 41.2º C.

Which management strategy would be most appropriate?","[""Cyproheptadine"", ""Piperacillin/Tazobactam"", ""Lipid emulsion therapy"", ""Alteplase"", ""Dimercaprol""]",Cyproheptadine,0,"SSRIs + MDMA = higher risk of serotonin syndrome

This is serotonin syndrome.  The combination of two or more serotonergic medications greatly increases the risk: in this case an selective serotonin uptake inhibitor (sertraline) and MDMA.  Cyproheptadine is an H1 and nonspecific 5HT antagonist, recommended for treatment of severe serotonin syndrome.  Piperacillin/tazobactam is a broad spectrum beta-lactam antibiotic, often used to treat sepsis.   Lipid emulsion therapy is used in local anaesthetic toxicity and may also be considered in tricyclic overdose. Alteplase is the thrombolytic agent most commonly used in acute stroke.  Dimercaprol is used in heavy metal poisoning."
226,"A 46-year-old female with a background of alcohol excess has routine bloods checked by her GP. The magnesium result comes back as follows:


Magnesium	0.43 mmol/l

(Normal range 0.7-1.0 mmol/l)

What side effect of oral magnesium replacement is likely to be the limiting factor when increasing the oral dosage?","[""Tachyarrhythmias"", ""Vomiting"", ""Pruritus"", ""Diarrhoea"", ""Flushing""]",Diarrhoea,3,
227,"A 24-year-old woman is brought to the Emergency Department by her partner. He reports finding her with an empty bottle of aspirin tablets. She took approximately 30 tablets of 300mg aspirin around 45 minutes ago. She is alert but appears distressed. Her observations show: temperature 37.8°C, heart rate 110 beats/minute, blood pressure 125/80 mmHg, respiratory rate 24 breaths/minute, oxygen saturation 98% on room air. She complains of ringing in her ears and nausea. Blood tests are performed.


Na+	138 mmol/L	(135-145)
K+	4.2 mmol/L	(3.5-5.0)
Urea	5.1 mmol/L	(2.5-7.5)
Creatinine	78 μmol/L	(45-90)
Glucose	6.8 mmol/L	(3.5-5.5)
Arterial pH	7.48	(7.35-7.45)
PaCO2	3.1 kPa	(4.7-6.0)
PaO2	13.2 kPa	(11.3-12.6)
Bicarbonate	22 mmol/L	(22-28)
Salicylate level	450 mg/L	(<300 toxic)

What is the most appropriate immediate management?","[""Activated charcoal"", ""Intravenous sodium bicarbonate"", ""Haemodialysis"", ""Intravenous N-acetylcysteine"", ""Gastric lavage""]",Activated charcoal,0,"Activated charcoal can be used within an hour of an aspirin overdose

Activated charcoal

is the most appropriate immediate management for this patient. She has taken a significant aspirin overdose (approximately 9g) approximately 45 minutes ago, which is well within the 1-hour window when activated charcoal is most effective. Activated charcoal works by adsorbing toxins in the gastrointestinal tract, preventing their absorption. It is particularly effective for aspirin overdose because aspirin can form concretions in the stomach and its absorption may be delayed, especially with large doses. The patient's clinical features are consistent with early salicylate toxicity (tachycardia, tachypnoea, tinnitus, nausea), and her blood tests show a respiratory alkalosis (elevated pH with low PaCO2) which is typical of the early phase of salicylate poisoning due to direct stimulation of the respiratory centre. Her salicylate level of 450 mg/L confirms significant toxicity. Administering activated charcoal promptly can significantly reduce further absorption and potentially prevent progression to more severe toxicity.

Intravenous sodium bicarbonate

is an important treatment in salicylate poisoning but is not the most immediate priority in this case. Sodium bicarbonate is used to alkalinise the urine, which enhances salicylate elimination by ion trapping in the renal tubules. This is typically initiated after initial stabilisation and when there is evidence of significant toxicity or metabolic acidosis. While this patient has a toxic salicylate level, she currently has a respiratory alkalosis rather than metabolic acidosis, and the priority should be preventing further absorption with activated charcoal before focusing on enhanced elimination.

Haemodialysis

is reserved for severe cases of salicylate poisoning and is not indicated as an immediate intervention in this scenario. Indications for haemodialysis include salicylate levels >700 mg/L, severe metabolic acidosis resistant to treatment, acute renal failure, pulmonary oedema, seizures, or coma. This patient's salicylate level is 450 mg/L, she is alert, has normal renal function, and does not display features of severe toxicity requiring immediate dialysis.

Intravenous N-acetylcysteine

is the antidote for paracetamol poisoning, not salicylate poisoning. There is no role for N-acetylcysteine in the management of aspirin overdose. Using this would be inappropriate and would not address the salicylate toxicity. This highlights the importance of correctly identifying the ingested substance and applying the appropriate management protocol.

Gastric lavage

is no longer routinely recommended for most overdoses, including aspirin. It carries risks including aspiration pneumonia and oesophageal perforation. Current UK guidelines do not recommend gastric lavage for aspirin overdose, particularly when safer alternatives like activated charcoal are available and effective. Gastric lavage might be considered in very specific circumstances (such as within 1 hour of a life-threatening overdose when activated charcoal cannot be given), but activated charcoal is preferred in this case."
228,A 54-year-old female is being investigated for a macrocytic anaemia. Bloods test reveal a low vitamin B12 level. Which one of the following medications may be contributing to this?,"[""Bendroflumethiazide"", ""Digoxin"", ""Amiodarone"", ""Sodium valproate"", ""Metformin""]",Metformin,4,
229,The INR of a patient who has recently started treatment for tuberculosis drops from 2.6 to 1.3. Which one of the following medications is most likely to be responsible?,"[""Rifampicin"", ""Streptomycin"", ""Ethambutol"", ""Isoniazid"", ""Pyrazinamide""]",Rifampicin,0,"Rifampicin is a P450 enzyme inductor

The correct answer is

Rifampicin

. Rifampicin is a potent inducer of hepatic cytochrome P450 enzymes, particularly CYP2C9 and CYP3A4. These enzymes are responsible for the metabolism of warfarin, which is used for anticoagulation and monitored via INR. When rifampicin induces these enzymes, it increases warfarin metabolism, leading to reduced anticoagulant effect and consequently a lower INR. This interaction is clinically significant and requires careful monitoring and dose adjustment of warfarin when starting or stopping rifampicin.

Streptomycin

is an aminoglycoside antibiotic that acts by binding to the 30S ribosomal subunit, inhibiting protein synthesis in bacteria. It has no significant effect on hepatic enzyme systems or warfarin metabolism, and therefore would not affect INR values.

Ethambutol

works by interfering with arabinogalactan synthesis in mycobacterial cell walls. It does not interact with the cytochrome P450 system and has no known effect on warfarin metabolism or INR values.

Isoniazid

is actually a mild inhibitor of some cytochrome P450 enzymes, particularly CYP2C9 and CYP2C19. If anything, it might theoretically increase INR values slightly by reducing warfarin metabolism, although this effect is usually not clinically significant.

Pyrazinamide

works by converting to pyrazinoic acid, which disrupts membrane energetics and pH homeostasis in

Mycobacterium tuberculosis

. It does not significantly affect warfarin metabolism or INR values. While it can cause hepatotoxicity, this would not typically manifest as a reduced INR."
230,Which one of the following is least recognised as a side-effect of sildenafil?,"[""Blue discolouration of vision"", ""Abnormal liver function tests"", ""Flushing"", ""Nasal congestion"", ""Non-arteritic anterior ischaemic optic neuropathy""]",Abnormal liver function tests,1,
231,"A 42-year-old male patient presents to the urgent care centre with a 4-hour history of rapidly evolving rash. He reports the rash started on the abdomen and has not spread to his back and the chest. The rash is itchy and angry-looking. He denies any facial and oral swelling. He reports that he was only started on a course of antibiotics by his GP for a chest infection and took the first dose an hour before the onset of the rash. On examination, there is an extensive erythematous rash with wheals on the abdomen, back and chest.

Which antibiotic has he most likely been started on?","[""Vancomycin"", ""Clarithromycin"", ""Penicillin"", ""Trimethoprim"", ""Doxycycline""]",Penicillin,2,"Penicillin is a common cause of urticaria

Penicillin is the most common antibiotic that can cause urticaria. The other antibiotics can all cause an allergic reaction manifesting in urticaria but not as common as penicillin. Given the history of chest infection, penicillin is most likely the antibiotic that was given.

Vancomycin is not usually given for community-acquired pneumonia

Trimethoprim is usually used for urinary tract infections.

Doxycycline can cause urticaria but it does so not as commonly as penicillin. The question is asking which antibiotic is most likely."
232,"A new clinical trial investigates the use of buprenorphine patches to manage heroin addiction in a cohort of 50 participants.

These individuals report a significant reduction in cravings and withdrawal symptoms within days of starting treatment. The majority also describe an improvement in their ability to function daily, with no reports of severe side effects like respiratory depression.

How does the drug produce these effects in managing opioid addiction?","[""Full agonist of the mu-opioid receptor and an antagonist of the kappa-opioid receptor"", ""Full antagonist of the mu-opioid receptor and a partial agonist of the kappa-opioid receptor"", ""Partial agonist of the mu-opioid receptor and a partial agonist of the kappa-opioid receptor"", ""Partial agonist of the mu-opioid receptor and an antagonist of the kappa-opioid receptor"", ""Partial antagonist of the mu-opioid receptor and an agonist of the kappa-opioid receptor""]",Partial agonist of the mu-opioid receptor and an antagonist of the kappa-opioid receptor,3,"Buprenorphine is a partial agonist of the mu-opioid receptor and an antagonist of the kappa-opioid receptor

Partial agonist of the mu-opioid receptor and an antagonist of the kappa-opioid receptor

is correct because this mechanism explains buprenorphine reduces cravings and withdrawal symptoms without causing significant side effects like respiratory depression. As a partial mu-opioid receptor agonist, buprenorphine activates the receptor sufficiently to alleviate withdrawal symptoms and cravings but not enough to produce euphoria or significant respiratory depression. Antagonism at the kappa-opioid receptor prevents dysphoria and other negative mood effects, enhancing its effectiveness in treating opioid addiction.

Full agonist of the mu-opioid receptor and an antagonist of the kappa-opioid receptor

is incorrect as this is not the mechanism of buprenorphine. A full mu-opioid receptor agonist would produce stronger effects, including a higher risk of respiratory depression and euphoria, increasing misuse potential. Buprenorphine’s partial mu agonism avoids these risks while maintaining efficacy.

Full antagonist of the mu-opioid receptor and a partial agonist of the kappa-opioid receptor

is incorrect as this is not the mechanism of buprenorphine. A full mu-antagonist would block opioid effects entirely, precipitating withdrawal symptoms and worsening cravings. Additionally, kappa partial agonism could exacerbate dysphoria, making this mechanism inconsistent with buprenorphine’s action.

Partial agonist of the mu-opioid receptor and a partial agonist of the kappa-opioid receptor

is incorrect as buprenorphine does not act as a kappa-opioid receptor agonist. Partial activation of the kappa receptor could lead to dysphoria and mood disturbances, counteracting the benefits of opioid dependence treatment. Buprenorphine’s kappa antagonism prevents these effects.

Partial antagonist of the mu-opioid receptor and an agonist of the kappa-opioid receptor

is incorrect as buprenorphine does not fit this mechanism. A partial antagonist at the mu-opioid receptor would primarily block activation of the receptor, preventing sufficient stimulation to relieve withdrawal and cravings. This would likely precipitate or worsen opioid withdrawal symptoms in dependent individuals. Additionally, kappa receptor agonism would induce dysphoria and exacerbate mood disturbances, making this mechanism inconsistent with buprenorphine’s ability to manage opioid dependence effectively. Buprenorphine’s partial agonism at the mu receptor and antagonism at the kappa receptor ensure effective management of cravings and withdrawal without significant adverse effects."
233,"A 37-year-old man with a history of alcohol excess is admitted with alcohol-withdrawal seizures to the acute medical unit. Admission bloods show the following:


Na+	137 mmol/l
K+	3.0 mmol/l
Urea	2.0 mmol/l
Creatinine	78 µmol/l
Calcium	2.03 mmol/l

What other blood abnormality is he also most likely to have?","[""Hypomagnesaemia"", ""Elevated ammonia levels"", ""Hypophosphataemia"", ""Partially compensated metabolic alkalosis"", ""Raised bilirubin""]",Hypomagnesaemia,0,
234,"A 34 year-old man presents to the Emergency Department after being rescued from a house fire. On examination he is short of breath, drowsy and confused, and complains of feeling dizzy with a worsening headache. He has no evidence of facial burns and no stridor. His observations show: blood pressure 110/82mmHg, heart rate 102bpm, oxygen saturations of 100% on air with a respiratory rate of 35/min. He appears markedly flushed but is afebrile. His venous blood gas results are shown below.


pH	7.28
pCO2	3.5 kPa
pO2	15.9 kPa
Na+	139 mmol/L
K+	4.5 mmol/L
Bicarbonate	11 mmol/L
Chloride	113 mmol/L
Lactate	13.6 mmol/L

In view of the likely diagnosis, what is the most appropriate intervention?","[""Intubate and ventilate"", ""Intravenous hydroxocobalamin"", ""15 litres of high-flow oxygen via face mask"", ""Intravenous dexamethasone"", ""Intravenous sodium nitroprusside""]",Intravenous hydroxocobalamin,1,
235,What is the most common adverse effect experienced by women taking the progestogen only pill?,"[""Irregular vaginal bleeding"", ""Acne"", ""Mood swings"", ""Reduced libido"", ""Weight gain""]",Irregular vaginal bleeding,0,
236,"A 65-year-old woman presents to her general practitioner complaining of being tired all the time. She has no past medical history.

On examination, she is bradycardic with a regular heart rate of 54 beats per minute. There is thinning of the lateral third of the eyebrows bilaterally. There is evidence of proximal myopathy with power 4+/5 at the shoulders. She has a raised body mass index of 35 kg/m².

Her general practitioner treats her with medication and her symptoms and signs resolve.

Given the likely diagnosis, at what type of receptor does this medication act?","[""G protein coupled receptor"", ""Guanylate cyclase receptor"", ""Ion channel"", ""Nuclear receptor"", ""Tyrosine kinase receptor""]",Nuclear receptor,3,"Levothyroxine acts via nuclear receptors

Nuclear receptor

is the correct answer. The patient likely has hypothyroidism. Being 'tired all the time is a common complaint of those with hypothyroidism. Additionally, the findings of bradycardia, thinning of the outer third of eyebrows and proximal myopathy, and weight gain are all suggestive. Levothyroxine exerts its effect via nuclear receptors. To interact with a nuclear receptor (located inside the cell), the substance must be lipid soluble.

G protein-coupled receptor

is incorrect. Levothyroxine does not exert its effect via this mechanism. Adrenaline is an example of a substance that exerts its effect via this receptor.

Guanylate cyclase receptor

is incorrect. Levothyroxine does not act via this mechanism. When this type of receptor is activated by a ligand, it can cyclize guanylate into cyclic GMP. These receptors contain intrinsic enzyme activity. An example of hormones that exert their effect via this mechanism is an atrial natriuretic peptide (BNP) and brain natriuretic peptide (BNP).

Ion channel receptors

is incorrect. These receptors generally mediate fast response i.e. via GABA. Levothyroxine does not act via this mechanism. Zolpidem is an example of a medication that acts by this mechanism.

Tyrosine kinase receptor

is incorrect. Levothyroxine does not act via this membrane receptor. Hormones such as insulin-like growth factor and cytokines such as IL-2 do, however."
237,Which one of the following statements regarding metformin is true?,"[""Should be stopped in a patient admitted with a myocardial infarction"", ""Hypoglycaemia is a recognised adverse effect"", ""May cause a metabolic alkalosis"", ""May aggravate necrobiosis lipoidica diabeticorum"", ""Increases vitamin B12 absorption""]",Should be stopped in a patient admitted with a myocardial infarction,0,
238,Doxazosin is a:,"[""Alpha-1 antagonist"", ""Alpha-1 agonist"", ""Non-selective alpha antagonist"", ""Alpha-2 agonist"", ""Alpha-2 antagonist""]",Alpha-1 antagonist,0,"Doxazosin - alpha-1 antagonist

Doxazosin is an alpha-1 adrenoceptor antagonist used in the treatment of hypertension and benign prostatic hypertrophy"
239,Which one of the following is not a recognised side-effects of dopamine receptor agonists?,"[""Postural hypotension"", ""Daytime somnolence"", ""Galactorrhoea"", ""Nausea"", ""Hallucinations""]",Galactorrhoea,2,
240,"A 23-year-old woman is admitted to the hospital with abdominal pain. She has a pregnancy test in the department and which gives an unexpected positive result given the patient reports she is compliant with the combined oral contraceptive pill.

On review of her notes, you establish that she has recently commenced a new medication that could have contributed to her pregnancy.

What medication is most likely to have been recently started?","[""Carbamazepine"", ""Ciprofloxacin"", ""Omeprazole"", ""Propranolol"", ""Sodium valproate""]",Carbamazepine,0,"Carbamazepine is a P450 enzyme inductor

Carbamazepine

is a P450 enzyme inducer. Ethinylestradiol is used in the combined oral contraceptive (COC) pill and is a substrate of the CYP3A4 P450 isoenzyme system. Inducers of the P450 enzymes increase the speed of the breakdown of ethinylestradiol and reduce the efficacy of the COC pill.

Ciprofloxacin

is a P450 enzyme inhibitor and so reduces the breakdown of P450 enzyme substrates.

Omeprazole

is a P450 enzyme inhibitor and so reduces the breakdown of P450 enzyme substrates.

Propranolol

is a P450 enzyme-substrate and is metabolized by the P450 system but doesn't affect its efficacy.

Sodium valproate

is a P450 enzyme-substrate and is metabolised by the P450 system. There is also a small body of evidence indicating that it works as an enzyme inhibitor."
241,"A 35-year-old man with known Crohn's disease is reviewed at the gastroenterology clinic following a recent flare of his condition.

As he has suffered from multiple exacerbations a monoclonal antibody treatment is recommended to improve his disease control. It is explained to him that monoclonal antibody treatments are created using 'foreign' cells, often obtained from animals. The human body would usually form antibodies against these cells and hence the treatment must undergo a process to avoid this.

What is this process called?","[""Cloning"", ""Humanising"", ""Hybridisation"", ""Purification"", ""Recombination""]",Humanising,1,"Humanising is a process that decreases the immunogenicity of non-human derived monoclonal antibodies

The use of monoclonal antibodies is expanding with their use in more and more conditions being researched. They can act through several mechanisms such as inhibiting target molecule functions, inducing apoptosis of target cells, or modulating signal pathways. These agents are manufactured by fusing myeloma cells with mouse spleen cells, that have been immunised with the targeted antigen. As these agents include foreign cells they are normally immunogenic in patients, resulting in the production of antibodies (i.e. antibodies against the antibodies). To overcome this issue a process known as

humanising

must be performed to prevent this immunogenic reaction. An example of humanising is by combining the variable mouse regions with a constant region from a human antibody.

Cloning

is the process of replicating/manufacturing individual cells or organisms with identical DNA. Cloning of a unique white blood cell is involved in the process of monoclonal antibody production, with all subsequent antibodies derived from a single parent cell. This process is used to increase the production of antibodies but does not affect/mitigate potential immunogenic reactions.

Cell fusion or

hybridisation

is the technique of combining two cells from different tissue or species. In the case of monoclonal antibodies, this is the fusion of myeloma cells with mouse spleen cells. It is this process of combining human cells with non-human cells that result in potential immunogenic reactions.

Purification

is the process of removing all but the specific elements required from an agent. In monoclonal antibody production, this is used to remove cell culture media components once the antibodies have been produced (i.e. growth factors, hormones, etc). This process does not prevent immunogenic reactions from occurring from the antibodies themselves.

Recombination

is the process of separating segments of DNA and recombining them to produce new combinations of alleles. Recombinant monoclonal antibodies are used for disease management and are created by repertoire cloning, a technique involving rapid cloning of immunoglobulin gene segments to produce a stock of antibodies with slightly different amino acid sequences. Again, this process does not prevent immunogenic reactions from occurring from the antibodies themselves."
242,Which one of the following is not an indication for haemodialysis in salicylate overdose?,"[""Acute renal failure"", ""Seizures"", ""Serum concentration = 400 mg/l"", ""Pulmonary oedema"", ""Metabolic acidosis resistant to treatment""]",Serum concentration = 400 mg/l,2,
243,A 62-year-old female with chronic renal failure (GFR = 35 ml/min) is diagnosed as having pulmonary tuberculosis. What changes need to be made to her anti-tuberculosis regime given her renal impairment?,"[""Reduction in isoniazid dose"", ""Reduction in rifampicin dose"", ""Reduction in pyrazinamide dose"", ""Reduction in ethambutol dose"", ""No changes""]",Reduction in ethambutol dose,3,
244,"A 64-year-old male is referred to the emergency department following assessment at the opticians. It had been several years since the patient last had an eye assessment, but he finally decided to attend as he had noticed a progressive loss of vision mainly affecting his right eye. His optician advised that he goes straight to the emergency department as on their examination they noted reduced visual acuity and the presence of 'corneal opacification'. The rest of the eye examination is normal. The patient has several medical issues including sodium valproate, heart failure and COPD.

Which of the following medications is most likely to be responsible for the underlying diagnosis?","[""Amiodarone"", ""Prednisolone"", ""Quinine"", ""Sildenafil"", ""Sodium valproate""]",Amiodarone,0,"Amiodarone can cause corneal opacities

A recognised adverse effect of amiodarone, normally with prolonged or high dose use, is vortex keratopathy. This is characterised as white, yellow, or brown corneal opacities, observed beneath the cornea apex, disrupting visual acuity. Unlike other ocular issues such as optic neuritis that affects the optic nerve, or cataracts that affect the lens, the optician has identified the pathology located within the cornea.

Prednisolone is incorrect as prolonged steroid use is associated with cataracts, not corneal opacities. Unlike corneal opacities, a cataract is a clouding of the optical lens which results in visual issues. A cataract is relatively common when compared to corneal opacities with several potential causative factors.

Quinine prescription is less common today with improved drug availability however it is still used and seen, normally in older patients, for arthritis and lupus management. So-called quinine blindness is a rare complication but can result from a single dose and is believed to be secondary to ischaemic retinopathy. Unlikely in this patient, examination of the retina would be abnormal with no corneal issues.

Sildenafil has been associated with a blue tinge/discolouration of the vision with light sensitivity believed to be secondary to an enzymatic effect within the retina. Non-arteritic anterior ischaemic neuropathy has also been reported but there is no association with sildenafil and corneal pathology as with this patient.

There is no association between sodium valproate use and corneal opacification or pathology. Sodium valproate use is rarely associated with optical adverse effects except for reported cases of nystagmus and ocular muscular weakness. Again the examination findings of these do not match this patient's presentation or the presents of corneal opacities."
245,"A 30-year-old homeless man presents to the emergency department with drowsiness, having been found with an empty container of antifreeze. He complains of severe headaches and blurred vision.

Examination reveals respiratory rate is 30 breaths per minute with rapid, deep breaths. His pulse is 100 beats per minute, and his blood pressure is 80/60 mmHg.

What is the mechanism of action of the treatment that should be administered?","[""Competitive inhibitor of alcohol dehydrogenase"", ""Competitive inhibitor of aldehyde dehydrogenase"", ""Competitive inhibitor of dihydrofolate reductase"", ""Competitive inhibitor of gamma aminobutyric acid (GABA)/benzodiazepine receptor complex"", ""Competitive inhibitor of glucuronyl reductase""]",Competitive inhibitor of alcohol dehydrogenase,0,"Fomepizole - used in ethylene glycol and methanol poisoning - competitive inhibitor of alcohol dehydrogenase

The correct answer is

competitive inhibitor of alcohol dehydrogenase

, which aligns with the mechanism of action of fomepizole. In the case of a middle-aged homeless man presenting with symptoms such as drowsiness and blurred vision, coupled with a history of antifreeze ingestion, methanol poisoning is a probable diagnosis. Fomepizole is recommended for managing both ethylene glycol and methanol toxicity.

Competitive inhibitor of glucuronyl reductase

is not relevant to this clinical situation. This enzyme, glucuronosyltransferase, plays a role in the metabolism of drugs, and its reduced activity can lead to conditions such as Gilbert's syndrome.

The option

competitive inhibitor of aldehyde dehydrogenase

is incorrect because fomepizole specifically inhibits alcohol dehydrogenase rather than aldehyde dehydrogenase. Disulfiram acts on aldehyde dehydrogenase and would be unsuitable in this scenario.

A

competitive inhibitor of dihydrofolate reductase

does not represent an appropriate choice for treating this patient. Although methotrexate inhibits dihydrofolate reductase, it is not used in the management of methanol poisoning.

Lastly,

competitive inhibitor of gamma-aminobutyric acid (GABA)/benzodiazepine receptor complex

is also not applicable in this context. Flumazenil antagonises this receptor complex to counteract excessive sedation from benzodiazepines but offers no therapeutic benefit in cases of methanol intoxication."
246,A 54-year-old man who had a renal transplant two years ago is reviewed in clinic. He is currently taking a combination of ciclosporin and mycophenolate as immunosuppressive therapy. Two weeks ago he was discharged on oral fluconazole after inpatient treatment for a fungal pneumonia. His creatinine level has increased from 114 µmol/l before hospital admission to 187 µmol/l today. What is the most likely factor contributing to this rise?,"[""Amphotericin-B induced membranous glomerulonephritis"", ""Ciclosporin nephrotoxicity"", ""5-fluorocytosine induced minimal change glomerulonephritis"", ""Mycophenolate nephrotoxicity"", ""Fluconazole nephrotoxicity""]",Ciclosporin nephrotoxicity,1,"Ciclosporin may cause nephrotoxicity

Fluconazole inhibits the metabolism of ciclosporin which increases the risk of ciclosporin nephrotoxicity."
247,"A 64-year-old patient attends the outpatient clinic for routine follow-up. They have a history of systemic scleroderma which is currently well controlled. However, they have been experiencing a dry mouth lately and you suspect that they may have Sjogren's syndrome. To help with saliva production, you prescribe pilocarpine to treat their symptoms and arrange further investigations.

Which of the following best describes the likely mechanism of action for the drug chosen?","[""Beta 2 antagonist"", ""Muscarinic agonist"", ""Muscarinic antagonist"", ""Dopamine agonist"", ""GABA receptor antagonist""]",Muscarinic agonist,1,"Pilocarpine is a muscarinic agonist

Pilocarpine is a muscarinic agonist that is most commonly used to treat xerostomia due to radiation exposure or Sjogren's syndrome. It is also used for the treatment of glaucoma as an eye drop. Pilocarpine acts on the M receptor  (specifically M1-M3) to induce parasympathetic actions through the upregulation of intracellular calcium which induces smooth muscle contraction.

In the eye, this induces contraction of the ciliary body which increases the flow of aqueous fluid from the eye thereby relieving pressure in glaucoma. It will also cause pupillary restriction (miosis). It acts on the salivary glands to induce salivation for the treatment of xerostomia.

An example of a muscarinic antagonist would be atropine which is used in the management of unstable bradycardia.

A GABA receptor antagonist would be flumazenil which is used in specific circumstances for the treatment of benzodiazepine overdose.

A beta 2 agonist would be carvedilol which may be used as an anti-hypertensive, left ventricular dysfunction or variceal bleeding prophylaxis.

A dopamine agonist would be bromocriptine which is used in the management of Parkinson's disease and pituitary tumours."
248,"A 32-year-old patient presents to her GP with several months of fatigue, weight gain, feeling cold and low mood. Blood tests are taken which show the following:


Thyroid-stimulating hormone (TSH)	10.2 mU/L	(0.5-5.5)
Free thyroxine (T4)	3.6 pmol/L	(9.0 - 18)

A diagnosis of hypothyroidism is made and the patient is commenced on levothyroxine.

Which target does this drug bind to?","[""Cytoplasmic enzyme"", ""G-protein coupled receptors (GPCRs)"", ""Ion channels"", ""Nuclear receptors"", ""Tyrosine kinase receptors""]",Nuclear receptors,3,"Levothyroxine acts via nuclear receptors

The correct answer is nuclear receptors. These receptors are located within the nucleus of the cell and so molecules must be lipid-soluble to penetrate the cell membrane. These typically lead to an effect on gene transcription. Common drugs working via nuclear receptors include hormone replacements such as levothyroxine and steroids such as prednisolone.

Enzymatic binding is incorrect. As described above, levothyroxine does not bind to an enzyme in the cytoplasm - it diffuses into the nucleus of the cell and binds to a receptor there.

GPCR is incorrect - these are cell membrane-spanning receptors. A drug or molecule binds to the GPCR on the outside of the cell, leading to a sequence of events along the G-protein subunits, ultimately leading to the production of a secondary messenger inside the cell to instigate the effect. An example is adrenoreceptors.

Ion channel is incorrect - these are simple, membrane-spanning receptors that are opened or closed when a drug binds to them, allowing ions to flow (or not flow) in or out of the cell. An example is the nicotinic acetylcholine receptor.

Tyrosine kinase receptor is incorrect. When a drug binds to one of these, a number of actions occur within the cell, including phosphorylation of end-targets, leading to the intended effects. An example is the insulin receptor."
249,"A 24-year-old woman presents to the clinic for family planning. She requests a form of contraception that will not interfere with sexual intercourse and is reversible upon stopping.

She currently experiences heavy, painful, and irregular periods, but is otherwise fit and well. It is suggested she starts the combined oral contraceptive pill (COCP) as there are no contraindications and it might help her symptoms.

What additional health benefits might this medication provide?","[""Decreased risk of breast cancer"", ""Decreased risk of cervical cancer"", ""Decreased risk of endometrial cancer"", ""Decreased risk of sexually transmitted infections"", ""Decreased risk of stroke and ischaemic heart disease""]",Decreased risk of endometrial cancer,2,"Combined oral contraceptive pill

The combined oral contraceptive pill (COCP) is a highly effective form of birth control made up of both oestrogen and progestogen. As naturally occurring oestrogen and progesterone levels are known to affect the occurrence of certain cancers, research has confirmed the use of the COCP can increase and decreased specific cancer risks. Studies have confirmed the use of the COCP is associated with a

decreased risk of endometrial cancer

which is thought to be due to the COCP suppressing endometrial cell proliferation.

Research has shown that

breast cancer risk

is increased with prolonged COCP use. It has been proposed that breast cancer expresses receptors for oestrogen and/or progesterone hormones and therefore additional, synthetic versions of these female hormones may stimulate the development and growth of breast cancer.

Similar to breast cancer, research has shown an increased

risk of cervical cancer

associated with the use of the COCP, not a decrease. It has been proposed that the use of the COCP may change the susceptibility of the cervical cells to persistent

human papillomavirus

infections which is the cause of nearly all cases of cervical cancer.

As the COCP is not a barrier form of contraception it has no effect/does not reduce the

risk of sexually transmitted infections

alone.

The use of oestrogen containing contraception has been associated with an increased risk of both strokes and

ischaemic heart disease

, with patients on pills with higher doses of oestrogen having a relatively higher risk than those on contraception with a lower dose. This increase is greatest in patients with additional risk factors such as smoking and diabetes. The mechanism for this increased risk is unclear but is believed to be due to increased blood pressure and/or increased hypercoagulation."
250,Which one of the following is an absolute contraindication to combined oral contraceptive pill use?,"[""Controlled hypertension"", ""History of cholestasis"", ""Women more than 35 years old and smoking more than 15 cigarettes/day"", ""BMI of 38 kg/m^2"", ""Migraine without aura""]",Women more than 35 years old and smoking more than 15 cigarettes/day,2,
251,"A 54-year-old woman is admitted to the Medical Admissions Unit following a collapse. Bloods taken on admission show the following:


Magnesium	0.40 mmol/l

Which one of the following factors is most likely to be responsible for this result?","[""Excessive resuscitation with intravenous saline"", ""Frusemide therapy"", ""Digoxin therapy"", ""Rhabdomyolysis"", ""Hypothermia""]",Frusemide therapy,1,
252,"A 58-year-old man presents to his GP with complaints of sleep disturbances, including difficulty falling asleep and waking frequently during the night.

Three weeks ago, he was discharged from the hospital following treatment for a STEMI (ST-elevation myocardial infarction), during which he underwent percutaneous coronary intervention with the placement of three stents.

Upon discharge, he was prescribed several new medications as part of his post-MI management.

What medication is likely responsible?","[""Beta-blocker"", ""Calcium channel blocker"", ""Furosemide"", ""Nicorandil"", ""Statin""]",Beta-blocker,0,"Beta-blockers can cause sleep disturbance

A

beta-blocker

is the correct answer as they are known to cause sleep disturbances, including insomnia and frequent waking. This occurs due to their ability to block β-adrenergic receptors in the brain, which reduces melatonin secretion. Melatonin is a hormone that regulates sleep-wake cycles, so its suppression can disrupt sleep. Additionally, beta-blockers may increase vivid dreams or nightmares.

A

calcium channel blocker

is incorrect because they are not typically associated with sleep disturbances. Instead, their common side effects include peripheral oedema, dizziness, and flushing, due to their vasodilatory effects. These drugs work by inhibiting calcium entry into vascular smooth muscle and cardiac cells, which reduces blood pressure and heart workload. While they may cause fatigue, they are unlikely to directly interfere with sleep patterns.

Furosemide

is incorrect as the primary cause of the patient’s sleep disturbances. While furosemide is a loop diuretic that can increase urinary output, which might lead to nocturia, this is not mentioned in the case. Also, furosemide is not associated with difficulty falling asleep.

Nicorandil

is incorrect because it is not commonly linked to sleep disturbances. Nicorandil is a vasodilator used to treat angina, and its primary side effects include headaches, flushing, and dizziness, due to its nitrate-like properties. It works by dilating blood vessels and reducing the heart's oxygen demand.

A

statin

is incorrect as they are not commonly linked to sleep disturbances. Statins are primarily used to lower cholesterol and reduce the risk of cardiovascular events. Their most common side effects include muscle pain, liver enzyme abnormalities, and, rarely, digestive issues. While there have been isolated reports of sleep issues or nightmares, these are uncommon, and statins generally do not affect sleep architecture or neurotransmitter activity, making them an unlikely cause of this patient’s insomnia."
253,A confused 45-year-old man is admitted to the Emergency Department. He tells staff he has drunk two bottles of antifreeze. On examination his pulse is 120 bpm and blood pressure is 140/90 mmHg. Arterial blood gases show an uncompensated metabolic acidosis. He is transferred to the high dependency unit and ethanol is given via a nasogastric tube. What is the mechanism of action of ethanol in this patient?,"[""Binds to glycolic acid"", ""Inhibits aldehyde dehydrogenase"", ""Inhibits alcohol dehydrogenase"", ""Competes with ethylene glycol for alcohol dehydrogenase"", ""Binds to glycoaldehyde""]",Competes with ethylene glycol for alcohol dehydrogenase,3,
254,"You are working in the Emergency Department, assisting in receiving a priority call. The patient is a 26-year-old farmworker who has attempted to commit suicide by drinking insecticide. Your colleague is performing a primary survey of the patient; although conscious, they appear profoundly unwell from the end of the bed. The nursing team hands you the patient's observations and an electrocardiogram (ECG).

Which of the following would be the most likely ECG finding?","[""Atrial flutter"", ""QTc interval shortening"", ""Sinus bradycardia"", ""Ventricular fibrillation"", ""Ventricular tachycardia""]",Sinus bradycardia,2,"Organophosphate insecticide poisoning - bradycardia

Sinus bradycardia is the correct answer. Although a range of ECG abnormalities can be expected in insecticide (organophosphate) poisoning, the most common feature is

bradycardia

due to overwhelming cholinergic activity. A range of rhythms may underlie the bradycardia in organophosphate toxicity.

Atrial flutter is incorrect. Organophosphates do not commonly cause atrial flutter, and bradyarrhythmias are far more common than tachyarrhythmias.

QTc interval shortening is incorrect. Bradycardia is typical of organophosphate toxicity and hence QTc

prolongation

may be seen rather than shortening.

Ventricular fibrillation (VF) is incorrect. Although this patient is very unwell, they are not noted to be in cardiac arrest and hence VF will not be seen.

Ventricular tachycardia (VT) is incorrect. The key to this question is noting that organophosphates cause bradycardia, therefore VT would not be expected."
255,A 54-year-old woman is treated with rituximab for non-Hodgkin's lymphoma. What is the target of rituximab?,"[""CD20"", ""CD52"", ""Epidermal growth factor receptor"", ""CD22"", ""Vascular endothelial growth factor receptor""]",CD20,0,"Rituximab - monoclonal antibody against CD20

The correct answer is

CD20

. Rituximab is a monoclonal antibody that targets the CD20 antigen on B lymphocytes. It binds to the CD20 molecules on the surface of these cells, leading to cell death either through complement-dependent cytotoxicity or antibody-dependent cellular cytotoxicity. This makes rituximab effective in treating diseases characterised by excessive, malignant, or dysfunctional B cells such as non-Hodgkin's lymphoma and chronic lymphocytic leukaemia.

The first incorrect option is

CD52

. Alemtuzumab is a monoclonal antibody that targets CD52, not rituximab. CD52 is an antigen found on mature lymphocytes but not on stem cells or plasma cells. Therefore, alemtuzumab can be used to treat conditions such as chronic lymphocytic leukaemia and T-cell lymphoma.

The second incorrect option is

Epidermal growth factor receptor (EGFR)

. Cetuximab and erlotinib are examples of drugs that target EGFR, which is often overexpressed in cancers like colon cancer and non-small cell lung cancer. They work by preventing the activation of the receptor, thereby inhibiting downstream signalling pathways involved in cell proliferation and survival.

The third incorrect option is

CD22

. Inotuzumab ozogamicin targets CD22, a protein expressed almost exclusively on B cells. It's used for treatment of acute lymphoblastic leukaemia.

Finally, the last incorrect option is

Vascular endothelial growth factor receptor (VEGFR)

. Drugs like bevacizumab target VEGFR to inhibit angiogenesis - the formation of new blood vessels - which plays a crucial role in tumour growth and metastasis."
256,"A 52-year-old man presents to the clinic with a history of progressive abdominal pain and weight loss. He is subsequently diagnosed with advanced gastric adenocarcinoma following a confirmatory biopsy.

A treatment plan has been proposed, which includes the monoclonal antibody trastuzumab administered as an initial loading dose and then in three-weekly cycles over a 12-month period.

What protein is targeted by this treatment?","[""Cluster of differentiation 20 (CD20)"", ""Cytotoxic T-lymphocyte antigen 4 (CTLA-4)"", ""Human epidermal growth factor receptor 2 (HER2)"", ""Programmed death-1 (PD-1)"", ""Vascular endothelial growth factor receptor (VEGFR)""]",Human epidermal growth factor receptor 2 (HER2),2,"Trastuzumab (Herceptin) - monoclonal antibody that acts on the HER2/neu receptor

Trastuzumab is a monoclonal antibody that specifically targets

HER2

(also known as proto-oncogene neu), a protein overexpressed in certain cancers, including HER2-positive gastric adenocarcinoma. HER2 plays a crucial role in cell growth and division, with its overexpression potentially leading to aggressive tumour behaviour. Trastuzumab binds to HER2, thereby inhibiting the receptor's signalling pathways, decelerating tumour growth and bolstering the immune system's capacity to combat the cancer cells.

CD20

is a surface protein located on B cells, integral to their activation, proliferation, and differentiation. It is targeted by monoclonal antibodies such as rituximab in the treatment of haematological malignancies like non-Hodgkin lymphoma and chronic lymphocytic leukaemia. Nonetheless, CD20 does not play a role in gastric adenocarcinoma treatment for which trastuzumab is indicated due to its action on the HER2 receptor. Consequently, CD20 is not relevant in this context.

CTLA-4

is another molecule not targeted by trastuzumab. CTLA-4 is an immune checkpoint protein that plays a vital part in regulating immune responses. While inhibitors of CTLA-4 like ipilimumab are employed in treating various cancers such as melanoma and advanced renal cell carcinoma, they are unrelated to trastuzumab's mechanism of action.

PD-1

, an immune checkpoint receptor found on T cells, downregulates T cell activity upon engagement. Trastuzumab does not interact with PD-1; it specifically targets HER2. Agents like pembrolizumab and nivolumab target PD-1 to potentiate the immune response against cancer cells across different cancer types but are distinct from trastuzumab's therapeutic approach.

Lastly,

VEGFR

, which regulates angiogenesis, is not inhibited by trastuzumab. Instead, medications such as bevacizumab and sunitinib have been developed to obstruct VEGFR and hinder blood vessel formation within tumours—for instance, bevacizumab in metastatic colorectal cancer therapy aimed at preventing angiogenesis. Henceforth, VEGFR targeting bears no relation to trastuzumab's function in managing gastric adenocarcinoma."
257,Which of the following relating to St John's Wort is false?,"[""Adverse effects in trials is similar to placebo"", ""May cause serotonin syndrome"", ""Mechanism of action is similar to selective serotonin reuptake inhibitors"", ""Causes inhibition of the P450 system"", ""Has been shown to be effective in treating mild-moderate depression""]",Causes inhibition of the P450 system,3,
258,Which of the following antibiotics act by inhibiting protein synthesis?,"[""Cephalosporins"", ""Gentamicin"", ""Rifampicin"", ""Trimethoprim"", ""Flucloxacillin""]",Gentamicin,1,Aminoglycosides inhibit protein synthesis by acting on the 30S ribosomal unit
259,A 34-year-old man with a history of depression is admitted to the Emergency Department. He states he has taken an overdose of both diazepam and dosulepin. On examination blood pressure is 116/78 and the pulse is 140 bpm. His respiratory rate is 8 per minute and the oxygen saturations are 97% on room air. What is the most appropriate next course of action?,"[""Give flumazenil"", ""Insert a haemodialysis line"", ""Obtain an ECG"", ""Give naloxone"", ""Start N-acetylcysteine infusion""]",Obtain an ECG,2,
260,"A 68-year-old woman is brought to the Emergency Department with confusion and tremor. She has a history of bipolar disorder, hypertension, and osteoarthritis. Her regular medications include lithium carbonate 400mg twice daily, bendroflumethiazide 2.5mg once daily, and paracetamol as required. She was recently started on a new antihypertensive medication. On examination, she is dehydrated with a coarse tremor and hyperreflexia. Her observations show a temperature of 37.1°C, blood pressure 135/85 mmHg, heart rate 92 beats per minute, respiratory rate 18 breaths per minute, and oxygen saturation 97% on air. Her blood results are as follows:


Na+	142 mmol/L	(135-145)
K+	3.8 mmol/L	(3.5-5.0)
Urea	9.2 mmol/L	(2.5-7.5)
Creatinine	132 μmol/L	(45-90)
Lithium	1.8 mmol/L	(0.4-1.0)

What is the most likely precipitant of her current presentation?","[""Bendroflumethiazide"", ""Dehydration due to hot weather"", ""Lithium dose too high"", ""Paracetamol toxicity"", ""Urinary tract infection""]",Bendroflumethiazide,0,"Lithium toxicity can be precipitated by thiazides

Bendroflumethiazide

is the most likely precipitant of this patient's lithium toxicity. Thiazide diuretics like bendroflumethiazide significantly increase the risk of lithium toxicity through several mechanisms. They reduce lithium clearance by promoting sodium depletion, which leads to enhanced proximal tubular reabsorption of lithium. Additionally, thiazides can cause volume depletion and a subsequent decrease in glomerular filtration rate, further reducing lithium excretion. The patient's elevated lithium level of 1.8 mmol/L (well above the therapeutic range of 0.4-1.0 mmol/L) along with clinical features of toxicity (confusion, coarse tremor, hyperreflexia) in the context of concurrent thiazide diuretic use strongly supports this as the causative factor. This is a well-recognized and potentially dangerous drug interaction that requires careful monitoring in clinical practice.

Dehydration due to hot weather

can certainly contribute to lithium toxicity by reducing renal clearance of lithium, but in this case, there is a more direct pharmacological interaction present. While the patient does show signs of dehydration, which may be exacerbating the situation, the primary precipitant is more likely the thiazide diuretic. Without mention of recent hot weather in the history, and with a clear medication-related risk factor present, this is not the most likely primary cause.

Lithium dose too high

is unlikely to be the primary issue here. The patient has been prescribed 400mg twice daily, which is within the standard dosing range for lithium carbonate. More importantly, the history suggests a change in her clinical status rather than an adjustment in her lithium dose. Lithium toxicity in this case is more likely due to altered pharmacokinetics (reduced clearance) rather than an excessive dose, especially given the presence of a medication known to interfere with lithium excretion.

Paracetamol toxicity

presents with a very different clinical picture, typically featuring right upper quadrant pain, nausea, vomiting, and evidence of hepatic injury on blood tests. The patient's presentation with confusion, tremor, and hyperreflexia is classic for lithium toxicity rather than paracetamol toxicity. Additionally, there is no indication of excessive paracetamol use, and her liver function tests are not provided to suggest hepatic injury.

Urinary tract infection

(UTI) can cause confusion, particularly in older patients, but would not explain the elevated lithium levels or the specific neurological findings of coarse tremor and hyperreflexia. A UTI would typically present with dysuria, frequency, and possibly fever, none of which are mentioned. The patient's urine has not been tested, and there are no specific symptoms pointing toward a UTI as the cause of her presentation."
261,A patient known to have bipolar disorder presents to the Emergency Department with confusion. Which one of the following drugs is most likely to precipitate lithium toxicity?,"[""Furosemide"", ""Sodium valproate"", ""Digoxin"", ""Sodium bicarbonate"", ""Bendroflumethiazide""]",Bendroflumethiazide,4,"Lithium toxicity can be precipitated by thiazides

The BNF states that 'loop diuretics are safer than thiazides' in the interactions section."
262,Which of the following drugs is considered most likely to precipitate an attack of acute intermittent porphyria?,"[""Morphine"", ""Aspirin"", ""Atenolol"", ""Metformin"", ""Oral contraceptive pill""]",Oral contraceptive pill,4,
263,"An elderly woman presents to her GP somewhat puzzled.

She was recently referred to a gastroenterologist regarding a long-standing health condition following progressive weight loss and was surprised to hear they recommended a 'Botox' injection. She is apprehensive of procedures and asks her GP why that might have been suggested.

What is the most likely condition this patient may have been suffering from?","[""Diverticular disease"", ""Haemorrhoids"", ""Crohn's disease"", ""Irritable bowel syndrome"", ""Achalasia""]",Achalasia,4,"Botulinum toxin is used therapeutically in achalasia

Botulinum toxin is used therapeutically in achalasia, often in cases where the patient is not suitable for surgical intervention (for example in some elderly patients).

Botulinum causes flaccid paralysis and is not used in diverticular disease, haemorrhoids, irritable bowel syndrome or Crohn's disease."
264,"A 27-year-old female patient presents to the Emergency Department with 3 episodes of tonic-clonic seizure in quick succession. Her past medical history includes epilepsy and recent episode of pyelonephritis. She is not taking any medication for her epilepsy because she has been seizure-free for many years until this episode.

Which medication she started may have caused the recurrence of seizures?","[""Erythromycin"", ""Amoxicillin"", ""Metronidazole"", ""Flucloxacillin"", ""Ciprofloxacin""]",Ciprofloxacin,4,"Ciprofloxacin lowers the seizure threshold

Ciprofloxacin lowers the seizure threshold. It is likely that it was started to treat pyelonephritis.

Erythromycin can prolong QT interval.

Amoxicillin does not lower seizure threshold.

Metronidazole can interact with alcohol.

Flucloxacillin can cause cholestasis."
265,"A 74-year-old male presents to the surgical assessment unit. He has come in with lower abdominal pain and has been unable to pass urine for the past 12 hours. On examination he has a palpable bladder and is tender in the suprapubic region. On PR examination his prostate is smooth and not enlarged. He has a background of high blood pressure, depression, neuropathic pain and diabetes.

What is the most likely cause for this presentation?","[""Gabapentin"", ""Amlodipine"", ""Metformin"", ""Amitriptyline"", ""BPH""]",Amitriptyline,3,"Amitriptyline can cause urinary retention

This gentleman is in urinary retention. Amitriptyline can cause urinary retention through its anticholinergic activity.

The other medications do not cause urinary retention.

The patient has a small prostate on PR examination so is unlikely to be suffering from BPH"
266,You are working in oncology. A 50-year-old patient with an adenocarcinoma of the lung (T3 N3 M1a) comes to clinic. He is an ex-smoker of 20 pack years. He has previously been treated with docetaxel and cisplatin which have unfortunately failed. He was subsequently tested for an EGFR gene mutation which was found to be negative. His performance status is 0. He asks you about a 'new agent' he has read about called nivolumab. How does this drug work?,"[""EGFR inhibitor"", ""VEGF inhibitor"", ""ALK-1 inhibitor"", ""PD-1 inhibitor"", ""CTLA-4 inhibitor""]",PD-1 inhibitor,3,
267,"A 20-year-old female is found at home by her mum with empty packets of paracetamol. She is taken to hospital and states she wanted to end her life and took unto 60 paracetamol tablets over a period of 3 hours.
The registrar immediately starts an infusion of N-acetylcysteine (NAC).

Why is NAC commenced as treatment?","[""Acts as a precursor to glutathione to replenish stores to conjugate the active metabolite"", ""N-acetyl-B-benzoquinone imine stores are replenished"", ""Homocysteine stores decrease"", ""Methionine can act as a by product of NAC to conjugate the active metabolite"", ""Cysteine stores are increased to inhibit cytochrome P450""]",Acts as a precursor to glutathione to replenish stores to conjugate the active metabolite,0,"N-acetylcysteine is a precursor of glutathione

Methionine can be converted to homocysteine to cysteine and subsequently converted to glutathione under enzyme action. When excess paracetamol is ingested it is metabolised to N-acetyl-B-benzoquinone imine which can deplete glutathione. Thus N-acetylcysteine is given as it is a precursor of glutathione to replenish the stores. Thus option 1 is correct.

Option 2 is the toxic metabolite produced when glutathione becomes saturated.

Homocysteine, methionine and cysteine are precursors in glutathione production. Thus option 3 is incorrect as production is increased.

Option 4 is incorrect as it is not a by product.

Option 5 is incorrect as cysteine is not involved in activation or inhibition of cytochrome P450."
268,"A 62-year-old woman is admitted to the emergency department having taken a paracetamol overdose. She has a history of depression, epilepsy, and pulmonary tuberculosis. Her medication includes carbamazepine, St john's wort, rifampicin, and isoniazid.

On examination, appears cachectic and smells of alcohol. You think she will need treatment for her paracetamol overdose.

What is associated with a decreased risk of hepatotoxicity in this case?","[""Acute alcohol intake"", ""Carbamazepine"", ""Chronic alcohol use"", ""Rifampicin"", ""St John's wort""]",Acute alcohol intake,0,"Paracetamol overdose: acute alcohol intake is not associated with an increased risk of developing hepatotoxicity and may actually be protective

Acute alcohol

intake, as opposed to chronic alcohol excess, is not associated with an increased risk of developing hepatotoxicity and may be protective.

Liver enzyme-inducing drugs such as

carbamazepine

,

St John's wort

and

rifampicin

are associated with an increased risk of developing hepatotoxicity following a paracetamol overdose.

Chronic alcohol use

has effects on the liver and is associated with an increased risk of developing hepatotoxicity following a paracetamol overdose."
269,A 34-year-old female with a history of anti-phospholipid syndrome is reviewed in clinic. She is on long-term warfarin and her INR has been stable at 3.0 for over 2 years. Measurement from one week ago and today shows values of 1.5 and 1.3 respectively. Which one of the following medications is most likely to be responsible?,"[""Ciprofloxacin"", ""Fluconazole"", ""Sodium valproate"", ""Carbamazepine"", ""Cimetidine""]",Carbamazepine,3,"Carbamazepine is a P450 enzyme inductor

The correct answer is

Carbamazepine

. Carbamazepine is an enzyme inducer and can increase the metabolism of warfarin, leading to a decrease in its anticoagulant effect. This may result in a lower INR, as seen in this patient. It is important to monitor the INR closely when starting or stopping medications that can induce or inhibit the enzymes metabolising warfarin.

Ciprofloxacin

is not likely responsible for the decreased INR. Ciprofloxacin, a fluoroquinolone antibiotic, can actually increase the effects of warfarin by inhibiting its metabolism, which could potentially lead to an increased INR.

Fluconazole

, an antifungal medication, also tends to increase warfarin's effect by inhibiting its metabolism and thereby increasing INR levels. Hence it would not be expected to cause a drop in INR values.

Similarly,

Sodium valproate

, used primarily in epilepsy and bipolar disorder management, has been reported to both increase and decrease the effects of warfarin inconsistently; however, it's more often associated with increased INR due to competition with warfarin for protein binding sites and inhibition of vitamin K-dependent clotting factors.

Finally,

Cimetidine

, a H2 receptor antagonist used for treating peptic ulcer disease and gastroesophageal reflux disease (GERD), can enhance the anticoagulant effect of warfarin by reducing its hepatic metabolism leading to increased INR levels rather than decreasing them."
270,"A 48-year-old farmer presents to the Emergency Department with a one day history of faecal and urinary incontinence. He is normally fit and well, and only takes sertraline for depression. He is orientated, but appears anxious and diaphoretic.

On examination, his chest is clear, and heart sounds are normal, whilst his pupils are 1mm in diameter, and reactive to light bilaterally. His abdomen is soft and non-tender, and peripheral neurological examination is normal, with the exception of occasional lower limb fasciculations.

His observations are as follows: respiratory rate 16/min; oxygen saturations 97% on air; temperature 36.2ºC; heart rate 50 beats per minute; blood pressure 99/60 mmHg.

What is the most likely diagnosis?","[""Opioid toxicity"", ""Paraquat poisoning"", ""Organophosphate poisoning"", ""Gamma-hydroxybutyrate (GHB) toxicity"", ""Serotonin syndrome""]",Organophosphate poisoning,2,"Organophosphate insecticide poisoning - bradycardia

This patient has a number of the classic features of organophosphate poisoning. Organophosphates inhibit acetylcholinesterase enzymes, leading to upregulation of cholinergic transmission. As acetylcholine is the principal neurotransmitter for postganglionic neurons in the parasympathetic nervous system, a number of features of organophosphate poisoning represent over-activation of the parasympathetic nervous system (e.g. the excessive urination, defaecation, borderline bradycardia and miosis seen in this patient). In addition to this, the post-ganglionic fibres of sweat glands use cholinergic transmission, explaining the presence of diaphoresis in this patient.

Opioid toxicity would explain this patient's miosis, but would be associated with respiratory depression, constipation rather than faecal incontinence, and would not usually lead to urinary incontinence.

Poisoning with the herbicide paraquat is a plausible differential, due to the patient's occupation as a farmer. This may also present with cardiovascular depression and sweating, but would not explain the classic symptoms of excessive muscarinic cholinergic transmission (urination, defaecation and miosis).

GHB toxicity is associated with bradycardia and hypotension but tends to cause respiratory depression and reduced alertness rather than cholinergic symptoms.

This patient's diaphoresis and faecal incontinence are in keeping with serotonin syndrome, which in this patient could conceivably be secondary to sertraline overdose. However, serotonin syndrome is more likely to be associated with flushing and tachycardia, rather than features of excessive parasympathetic stimulation such as miosis."
271,"A 24-year-old woman presents following a sudden, acute onset of pain at the back of the ankle whilst jogging, during which she heard a cracking sound. Which one of the following medications may have contributed to this injury?","[""Metronidazole"", ""Nitrofurantoin"", ""Fluconazole"", ""Ciprofloxacin"", ""Terbinafine""]",Ciprofloxacin,3,"Ciprofloxacin may lead to tendinopathy

This patient has classical signs of Achilles tendon rupture. Tendon damage is a well documented complication of quinolone therapy. It appears to be an idiosyncratic reaction, with the actual median duration of treatment being 8 days before problems occur"
272,"A 50-year-old, previous well man, undergoes a successful outpatient percutaneous intervention having been diagnosed with coronary disease. Post-procedure he is discharged with a number of secondary preventive and symptomatic medications however after a few days of taking his new medications he develops raised, itchy bumps mainly around his upper limbs and trunks.

He is otherwise well and there is no mucosa involvement. His symptoms improve with simple anti-histamine.

What medication is most likely to have caused this patient's condition?","[""Amlodipine"", ""Aspirin"", ""Bisoprolol"", ""Furosemide"", ""Glyceryl trinitrate""]",Aspirin,1,"Aspirin is a common cause of urticaria

This patient has developed simple urticaria secondary to

aspirin

. Although several medications are associated with the condition its incidence in aspirin is relatively common. The full mechanism is unknown but it is thought to be due to aspirin increasing arachidonic acid metabolism to cysteinyl leukotriene instead of prostaglandin. Cysteinyl leukotriene directly affects blood vessels and increases histamine release resulting in the common symptoms of urticaria.

Calcium channel blockers (CaCB), including

amlodipine

are not commonly associated with urticaria. Some CaCB, such as nifedipine, have actually been trialled as a treatment for chronic idiopathic urticaria with positive results.

Although beta-blockers, including

bisoprolol

, are known to exacerbate established conditions with skin features such as systemic lupus erythematosus (SLE) and Raynaud's syndrome, they are not commonly associated with urticaria.

Furosemide

is associated with certain skin conditions including eczema, bullous eruption and rarely Steven-Johnson's syndrome however it is not known to cause urticaria.

Glyceryl trinitrate

can cause vasodilation and flushing of the skin, however, it is not commonly associated with urticaria."
273,Thrombocytopenia is associated with each of the following drugs except:,"[""Abciximab"", ""Quinine"", ""Warfarin"", ""Penicillin"", ""Sodium valproate""]",Warfarin,2,
274,A 44-year-old man asks for advice. He is due to go on a long bus journey but suffers from debilitating motion sickness. Which one of the following medications is most likely to prevent motion sickness?,"[""Cyclizine"", ""Chlorpromazine"", ""Metoclopramide"", ""Prochlorperazine"", ""Domperidone""]",Cyclizine,0,"Motion sickness - hyoscine > cyclizine > promethazine

The correct answer is

Cyclizine

. Cyclizine is a first-generation antihistamine that has antiemetic properties and it's frequently used to prevent and treat motion sickness. It works by blocking histamine receptors in the vomiting centre of the brain, which inhibits the vomiting reflex.

Chlorpromazine

is an antipsychotic medication, typically used to treat conditions such as schizophrenia or manic-depression. While it does have some antiemetic properties due to its antagonistic effect on dopamine receptors, it would not be the first choice for motion sickness prevention due to its potential side effects including sedation, hypotension and extrapyramidal symptoms.

Metoclopramide

is an antiemetic agent that works by blocking dopamine receptors in the chemoreceptor trigger zone of the brain. However, it's primarily used to relieve symptoms of gastroparesis (slow stomach emptying) and gastroesophageal reflux disease (GERD), rather than preventing motion sickness. Additionally, metoclopramide can cause side effects such as restlessness and dystonic reactions.

Prochlorperazine

, like chlorpromazine, is a phenothiazine derivative with antidopaminergic activity. It's often used for nausea and vomiting associated with surgery, cancer chemotherapy, radiation treatment and certain other medical conditions. However, it's not typically recommended for motion sickness because of its potential side effects including sedation and extrapyramidal symptoms.

Finally,

Domperidone

is another dopamine antagonist primarily used for nausea and vomiting caused by drugs or conditions affecting gastric motility. Domperidone doesn't cross the blood-brain barrier efficiently so it has fewer central nervous system side effects compared to other similar medications. Nevertheless, domperidone isn't usually prescribed for motion sickness either."
275,A 62-year-old man is commenced on finasteride for symptoms of bladder outflow obstruction. Which one of the following adverse effects is most associated with this treatment?,"[""Alopecia"", ""Gynaecomastia"", ""Prostate cancer"", ""Increased levels of serum prostate specific antigen"", ""Postural hypotension""]",Gynaecomastia,1,
276,A 47-year-old man is reviewed in the smoking cessation clinic. Which one of the following conditions would contraindicate the prescription of bupropion?,"[""History of supraventricular tachycardia"", ""Previous episodes of acute pancreatitis"", ""Epilepsy"", ""Depression"", ""Hypertension""]",Epilepsy,2,"Bupropion should not be used in a patient with epilepsy as it reduces seizure threshold

The correct answer is

Epilepsy

. Bupropion, an atypical antidepressant used for smoking cessation, lowers the seizure threshold and hence is contraindicated in patients with epilepsy. The use of bupropion in these patients could potentially trigger a seizure episode.

History of supraventricular tachycardia

does not contraindicate the prescription of bupropion. While it's true that bupropion can cause tachycardia as a side effect, this usually happens at higher doses and is not common. The risk-benefit ratio should be assessed in individual cases but it doesn't universally contraindicate its use.

Previous episodes of acute pancreatitis

also do not contraindicate the use of bupropion. There's no evidence to suggest that bupropion could exacerbate or provoke pancreatitis. However, each patient's case should be evaluated individually considering all potential risks and benefits.

Similarly,

Depression

does not contraindicate the prescription of bupropion either. In fact, bupropion is often used as an antidepressant due to its ability to inhibit the reuptake of dopamine and noradrenaline in the brain which can help alleviate symptoms of depression.

Lastly,

Hypertension

does not necessarily contraindicate the use of bupropion. Although hypertension can be a side effect associated with bupropion use, it is typically dose-dependent and reversible upon discontinuation or dose reduction. It's important to monitor blood pressure regularly while on this medication but hypertension itself does not universally contraindicate its use."
277,"A 38-year-old woman presents to the emergency department after being found confused by her partner. On direct questioning, she tells you that she has taken an overdose of 56 tablets of 20mg amitriptyline around 12 hours ago.

On examination, she is alert with Glasgow coma scale 15. The abbreviated mental test score is 8/10. Observations are as follows: respiratory rate of 16 breaths per minute, pulse 160 beats per minute, blood pressure 100/60 mmHg, oxygen sats 98% on air and temperature 37.8 ºC. Examination reveals a regular pulse, heart sounds are normal and the chest is clear. There is hypertonia bilaterally and ophthalmoplegia. Both pupils are dilated.


Na	142 mmol/L	(135 - 145)
K	4.0 mmol/L	(3.5 - 5.0)
Bicarbonate	24 mmol/L	(22 - 29)
Urea	3.3 mmol/L	(2.0 - 7.0)
Creatinine	60 µmol/L	(55 - 120)

Venous blood gas reveals a pH 7.38.

ECG reveals a sinus tachycardia at rate 160 bpm, PRc 160ms, QRS 170ms.

What initial treatment will you initiate?","[""Gastric lavage"", ""Haemodialysis"", ""IV adenosine"", ""IV n-acetyl cysteine"", ""IV sodium bicarbonate""]",IV sodium bicarbonate,4,"Widened QRS or arrhythmia in tricyclic overdose - give IV bicarbonate

Management of tricyclic antidepressant overdose:

Consider gastric lavage only if within one hour of a potentially fatal overdose.

Give 50 grams of charcoal if within one hour of ingestion.

Give sodium bicarbonate (50 ml of 8.4%) if:

pH <7.1
QRS >160 ms
Arrhythmias
Hypotension

Management of arrhythmias: avoid antiarrhythmics, correct hypoxia, hypotension, acidosis, hypokalaemia

Management of hypotension: give intravenous fluids, consider inotropes

Dialysis is ineffective in removing tricyclics.

Adenosine is used in the management of supraventricular tachycardia.

N-acetyl cysteine in used in management of paracetamol overdose."
278,"A 66-year-old man is reviewed by his general practitioner. He has a past medical history of asthma and hypertension. His medications are ramipril, amlodipine and indapamide.

Ambulatory blood pressure monitoring reveals a blood pressure of 172/88 mmHg.

Blood tests:


Na+	138 mmol/L	(135 - 145)
K+	4.8 mmol/L	(3.5 - 5.0)
Urea	5.2 mmol/L	(2.0 - 7.0)
Creatinine	88 µmol/L	(55 - 120)

His general practitioner decides to add another medication.

What is the mechanism of action of the likely drug chosen?","[""Alpha-1 antagonist"", ""Alpha-2 antagonist"", ""Beta-1 adrenoreceptor antagonist"", ""Competitive inhibition of mineralocorticoid receptors in the distal convoluted tubule"", ""Non-selective beta adrenoreceptor blockade""]",Alpha-1 antagonist,0,"Doxazosin - alpha-1 antagonist

Alpha-1 antagonist

is correct. The patient has resistant hypertension on three agents. Further options for treatment include beta-blockers (contraindicated in asthma), and alpha-1 antagonists such as doxazosin or spironolactone. Spironolactone is to be avoided if baseline potassium is > 4.5.

Alpha-2 antagonist

is incorrect. This is the mechanism of action of yohimbine, which is felt to have aphrodisiacal properties rather than being used in the management of hypertension.

Beta-1 adrenoreceptor antagonist

is incorrect. This is the mechanism of action of atenolol and is to be avoided in those patients with asthma.

Competitive inhibition of mineralocorticoid receptors in the distal convoluted tubule

is incorrect. This is the mechanism of action of spironolactone. In practice, should be avoided where baseline potassium is > 4.5.

Non-selective beta-adrenoreceptor blockade

is incorrect. This is the mechanism of action of propranolol and is contraindicated in asthma."
279,Which one of the following drugs is not known to induce the cytochrome p450 enzyme system?,"[""Rifampicin"", ""Isoniazid"", ""Phenobarbitone"", ""Griseofulvin"", ""Carbamazepine""]",Isoniazid,1,"Isoniazid

Isoniazid is an inhibitor of the P450 system"
280,"A 54-year-old man with epilepsy presents to the emergency department following a deliberate paracetamol overdose triggered by long-term depression and feelings of hopelessness. He tells you he has taken multiple different medications alongside the paracetamol.

What factor, if present, would suggest a worse prognosis in this case?","[""Acute alcohol intake"", ""Pre-existing carbamazepine therapy"", ""Concurrent co-amoxiclav"", ""Obesity"", ""Previous paracetamol overdoses""]",Pre-existing carbamazepine therapy,1,"Paracetamol overdose: acute alcohol intake is not associated with an increased risk of developing hepatotoxicity and may actually be protective

Carbamazepine

is an inducer of CYP enzymes and therefore acts to increase the conversion of paracetamol to its toxic metabolite, NAPQI. This has been demonstrated to worsen the prognosis of patients who take a paracetamol overdose.

Alcohol

when taken acutely with a paracetamol overdose, is not associated with hepatotoxicity. However, patients who chronically abuse alcohol are at an increased risk of developing liver failure in the context of paracetamol overdose, partly through an increased risk of existing liver failure, and partly due to inducement of the CYP2E1 enzyme, which oxidises paracetamol into NAPQI, the toxic metabolite responsible for hepatotoxicity. In these patients, acute consumption of alcohol may be protective by saturating the enzyme with ethanol and preventing the conversion of paracetamol into NAPQI.

Co-amoxiclav

can cause deranged serum liver enzymes. However, there is no evidence that it worsens prognosis in paracetamol overdoses.

While pre-existing liver disease (e.g. from steatohepatitis) is a risk factor in paracetamol overdoses

obesity

itself is not directly not associated with a worse prognosis. Fasting and low body weight are both linked with a worse prognosis due to a lack of glutathione.

Previous paracetamol overdoses

Are not associated with a worse prognosis. Some patients present many times with paracetamol overdoses, which may increase the risk of a successful suicide attempt overall, but is not associated with a worse prognosis in any given overdose."
281,"A 30-year-old male is admitted to the medical take with fever, rigors, confusion and vomiting. He is found to have a low neutrophil count and is started on treatment for neutropenic sepsis. He had recently been started on a new anti-epileptic medication. Which of these medications is most likely to be the cause?","[""Topiramate"", ""Lacosamide"", ""Carbamazepine"", ""Phenytoin"", ""Levetiracetam""]",Carbamazepine,2,"Carbamazepine can cause agranulocytosis

The correct answer is carbamazepine. Valproate is also associated with agranulocytosis. The other anti-epileptics are not classically known to cause agranulocytosis.

BNF

https://bnf.nice.org.uk/drug/carbamazepine.html"
282,A 19-year-old female is brought to the Emergency Department by her friends following a night out. Her friends state she has taken an unknown drug whilst out clubbing. Which one of the following features would most point towards the use of ecstasy?,"[""Temperature of 39.5ºC"", ""Respiratory depression"", ""Hypernatraemia"", ""Miosis"", ""Urinary incontinence""]",Temperature of 39.5ºC,0,
283,Which one of the following side-effects is least recognised in patients taking ciclosporin?,"[""Hypokalaemia"", ""Hyperplasia of the gum"", ""Hypertension"", ""Tremor"", ""Excessive hair growth""]",Hypokalaemia,0,"Ciclosporin side-effects: everything is increased - fluid, BP, K

The correct answer is

Hypokalaemia

. Ciclosporin, an immunosuppressant drug, is not typically associated with the side effect of Hypokalaemia. It works by inhibiting calcineurin, which in turn prevents the production of interleukin-2 and thus inhibits T-cell activation and proliferation. The major side effects of ciclosporin include nephrotoxicity, hypertension, hyperlipidaemia, hyperglycaemia, neurotoxicity (which can manifest as tremors), hirsutism (excessive hair growth), and gingival hyperplasia (overgrowth of the gums). However, it does not commonly cause significant changes in potassium levels.

Hyperplasia of the gum

is a well-recognised side-effect of ciclosporin use. It occurs due to increased collagen production stimulated by ciclosporin. This results in an overgrowth of gum tissue that can interfere with eating and oral hygiene.

Hypertension

is another common adverse effect seen with ciclosporin use. Ciclosporin causes vasoconstriction by increasing the sensitivity of vascular smooth muscle to endothelin-1 and angiotensin II - potent vasoconstrictors - leading to hypertension.

The occurrence of a

Tremor

is also a recognised neurological side effect caused by ciclosporin. This usually presents as a fine hand tremor but may affect other parts of the body.

Lastly,

Excessive hair growth

, or hirsutism, is a common cosmetic side effect associated with ciclosporin use. It's thought that this occurs due to ciclosporin's stimulation of hair follicle keratinocytes."
284,"A 67-year-old is brought in by ambulance to the emergency department after being found at home by a relative following an overdose. The patient tells you that he feels very short of breath, and is experiencing constant ringing in his ears. He also asks if you can 'turn off the flashing red lights', however there are none on in the department. He is unwilling to tell you what he has taken.

From the existing hospital records you note his past medical history includes a myocardial infarction 2 years ago, leg cramps, and depression. There is no drug history available.

On examination, his heart rate is 122/min and regular, blood pressure 145/80 mmHg, oxygen saturations 95% on 15L via a non re-breathe mask, respiratory rate 27/min and temperature 36.7ºC. Random blood glucose is 2.7. Heart sounds are normal. There are bibasal fine inspiratory crackles extending to the mid zones. Abdomen is soft and non tender. Pupils are 3mm bilaterally and responsive to light.


Hb	140 g/L	Male: (135-180)
Female: (115 - 160)
Platelets	212 * 109/L	(150 - 400)
WBC	11.1* 109/L	(4.0 - 11.0)
Na	143 mmol/L	(135 - 145)
K	3.7 mmol/L	(3.5 - 5.0)
Urea	4.5mmol/L	(2.0 - 7.0)
Creatinine	102 µmol/L	(55 - 120)
CRP	5 mg/L	(< 5)
Salicylate level	0.2mmol/l	(0.1-0.7)

Arterial blood gas taken on 15 litres oxygen:


pH	7.22
p02	10.2
pC02	3.6
HC03	14

Chest X-ray: pulmonary oedema.

ECG: sinus tachycardia, QRS 130ms, QT interval (corrected) 460ms.

Of the following medications, which is the most likely that the patient has taken in overdose?","[""Aspirin"", ""Bisoprolol"", ""Citalopram"", ""Lithium"", ""Quinine""]",Quinine,4,"Quinine toxicity (cinchonism) presents with myriad

This patient has presented with hypoxia, hypoglycaemia, metabolic acidosis and a wide-QRS tachycardia following an overdose of an unknown medication. These are all features of quinine toxicity (cinchonism). We are told that the patient has a past medical history of leg cramps, for which quinine is often prescribed.

Clinically, quinine toxicity is difficult to distinguish from aspirin poisoning, and in this case the patient has a past medical history of a previous myocardial infarction, and so may also be taking aspirin. Measurement of serum salicylate levels is important when this clinical picture is seen, and are within therapeutic levels in this patient.

Lithium toxicity generally occurs with concentrations > 1.5 mmol/L and presents with coarse tremor (a fine tremor is seen in therapeutic levels), acute confusion, ataxia, blurred vision and in severe cases, seizures and coma.

Citalopram overdose generally causes only mild symptoms (particularly in ingestions under 600mg), however in very high doses it has been associated with prolonged QTc, seizures and serotonin syndrome.

Beta-blocker overdose causes bradycardia."
285,Which of the following conditions may not be treated by dopamine receptor agonists?,"[""Parkinson's disease"", ""Prolactinoma"", ""Nausea"", ""Cyclical breast disease"", ""Acromegaly""]",Nausea,2,
286,"A 55-year-old presents with severe pain and watering from her left eye when getting ready to go to bed. She reports seeing halos around lights and has reduced vision acuity.

On examination, her pupil is mildly dilated and fixed and her intraocular pressure is measured over 30 mmHg.

She is given a muscarinic agonist as treatment which rapidly improves her condition.

What medication is she likely to have received?","[""Acetazolamide"", ""Brimonidine"", ""Latanoprost"", ""Pilocarpine"", ""Timolol""]",Pilocarpine,3,"Pilocarpine is a muscarinic agonist

This patient has presented with the classic features of closed-angle glaucoma, potentially triggered when turning off the lights prior to going to sleep, resulting in dilation of the pupil. The fixated dilation of the pupil blocks the flow of aqueous humour resulting in increased intraocular pressure and the symptoms demonstrated in this case. Acute management, therefore, is in the form of pupil constrictors to re-establish drainage through the trabecular meshwork. Several medications can be used but

pilocarpine

is the only medication listed that is a muscarinic agonist. Pilocarpine contracts the iris sphincter muscle, leading to miosis and opening of the trabecular meshwork.

Acetazolamide

finds application in treating both closed-angle and open-angle glaucoma by functioning as a carbonic anhydrase inhibitor. This medication reduces the synthesis of aqueous humour, subsequently leading to a decrease in intraocular pressure.

Brimonidine

functions as an alpha2-adrenergic agonist, distinct from a muscarinic agonist. It is used in the management of open-angle glaucoma and ocular hypertension. Its mode of operation is dual-pronged, reducing the generation of aqueous humour as well as enhancing uveoscleral outflow.

Latanoprost

is also used in the management of glaucoma but it is a prostaglandin analogue, not a muscarinic agonist. Latanoprost increases the outflow of aqueous humour via the uveoscleral tract, therefore, reducing intraocular pressure and the risk of glaucoma.

Timolol

can be used in open-angle glaucoma as a topical beta-adrenergic receptor antagonist to decrease the production of aqueous humour by the ciliary body. It is not commonly used for acute, closed-angle glaucoma and it is not a muscarinic agonist."
287,"A 65-year-old man presents to his general practitioner with polyuria and polydipsia. He has no past medical history and does not take any regular medications. He does not smoke or drink alcohol.


HbA1c	50 mmol/mol	(<48)

A trial of diet and exercise is unsuccessful and repeat testing of HbA1c is unchanged.

What is the mechanism of action of the drug most likely to be instituted?","[""Activation of AMP-activated protein kinase (AMPK)"", ""Increase in intracellular cyclic AMP (cAMP)"", ""Inhibition of alpha-glucosidase"", ""Inhibition of dipeptidyl peptidase-4 (DPP-4)"", ""Inhibition of sodium-glucose co-transporter-2 (SGLT-2)""]",Activation of AMP-activated protein kinase (AMPK),0,"Metformin acts by activation of the AMP-activated protein kinase (AMPK)

Activation of AMP-activated protein kinase (AMPK)

is the correct answer. The patient has diabetes as evidenced by symptoms and two blood tests in the diabetic range. A trial of exercise and diet modification has been unsuccessful and the general practitioner decides to start an oral anti-diabetic medication. The first-line choice in the absence of contraindications is metformin. Metformin acts by activation of the AMP-activated protein kinase (AMPK).

Increase in intracellular cyclic AMP (cAMP)

is incorrect. This is the mechanism of action of liraglutide. The increase in cAMP results in an increase in insulin secretion. This is the GLP-1 analogue class of medication. It is typically only indicated in diabetic treatment after failure of a number of other initial therapies (typically three other therapies including metformin).

Inhibition of alpha-glucosidase

is incorrect. This is the mechanism of action of acarbose, which delays the digestion and absorption of carbohydrates. This can be used as an adjunct in diabetic treatment but is non longer commonly used.

Inhibition of dipeptidyl peptidase-4 (DPP-4)

is incorrect. This is the mechanism of action of the gliptin class of medication. This is typically used as add-on therapy when metformin alone is insufficient.

Inhibition of sodium-glucose co-transporter-2 (SGLT-2)

is incorrect. This is the mechanism of action of empagliflozin. This medication reduces glucose absorption in the kidney. This is not first-line therapy but can be added if metformin alone is insufficient."
288,A 52-year-old homeless man is admitted with suspected ethylene glycol toxicity. Following admission to the High Dependency Unit it is decided to give fomepizole. What is the mechanism of action of fomepizole?,"[""Competitive inhibitor of aldehyde dehydrogenase"", ""Binds to glycoaldehyde"", ""Binds to glycolic acid"", ""Promotes renal excretion of ethylene glycol"", ""Competitive inhibitor of alcohol dehydrogenase""]",Competitive inhibitor of alcohol dehydrogenase,4,
289,"A 56-year-old man from Pakistan presents to his GP with numbness and tingling in his feet for 1 week. He tells you he has recently started some new medications. Looking at his medical history you discover he has recently been diagnosed with tuberculosis and hypertension.

Which of the following medications are most likely to be causing the problem?","[""Rifampicin"", ""Amlodipine"", ""Ramipril"", ""Isoniazid"", ""Pyrazinamide""]",Isoniazid,3,
290,A 62-year-old man presents four weeks after initiating metformin for type 2 diabetes mellitus. His body mass index is 27.5 kg/m^2. Despite slowly titrating the dose up to 500mg tds he has experienced significant diarrhoea. He has tried reducing the dose back down to 500mg bd but his symptoms persisted. What is the most appropriate action?,"[""Switch to pioglitazone 15mg od"", ""Switch to gliclazide 40mg od"", ""Start modified release metformin 500mg od with evening meal"", ""Add loperamide as required"", ""Arrange colonoscopy""]",Start modified release metformin 500mg od with evening meal,2,"Metformin should be titrated slowly, leave at least 1 week before increasing dose

If a patient is intolerant to standard metformin then modified-release preparations should be tried. There is some evidence that these produce fewer gastrointestinal side-effects in patients intolerant of standard-release metformin."
291,What is the most appropriate time to take blood samples for therapeutic monitoring of lithium levels?,"[""At any time"", ""Immediately before next dose"", ""4 hours after last dose"", ""6 hours after last dose"", ""12 hours after last dose""]",12 hours after last dose,4,
292,"A 52-year-old man presents to the emergency department complaining of pain and tingling in his hands and feet. His wife who accompanies him reports that he has not been his usual self for the last few days, being more irritable than usual.

He works in finance and recently returned from a prolonged business trip to Japan where he stayed in hotels in cities. He is a social smoker and has no pets.

On examination, he is flushed, sweaty and tachycardic (heart rate 110/min). He has reduced pin prick sensation in his hands and feet but power and reflexes are normal. He has a central visual field defect affecting both eyes and struggles to read fine print when shown. He has moderate sensorineural hearing loss in his right ear.

You are concerned about the possibility of toxicity.

Which of the following substances would be most likely to cause these findings?","[""Lead poisoning"", ""Ethylene glycol poisoning"", ""Mercury poisoning"", ""Carbon monoxide poisoning"", ""Ibuprofen overdose""]",Mercury poisoning,2,"Mercury poisoning can cause visual field defects, hearing loss and paraesthesia

Mercury poisoning can cause visual field defects, hearing loss and paraesthesia. The commonest cause of mercury poisoning is ingestion via foodstuffs- in particular fish and whale.

Lead poisoning would more typically present with abdominal pain, constipation and headaches.

Ethylene glycol poisoning would typically present with nausea and vomiting, headaches and intoxication before seizures.

Carbon monoxide poisoning typically presents with headache, dizziness, weakness, vomiting, chest pain and confusion.

Ibuprofen overdose might present with abdominal pain, nausea, vomiting, drowsiness, dizziness, headache, ear ringing and nystagmus."
293,"A 43-year-old man with a history of bipolar disorder is admitted with acute confusion. Whilst being transferred to hospital he had generalised seizure which terminated spontaneously after around 30 seconds. On arrival in the Emergency Department his GCS is 14/15 and he is noted to have a coarse tremor. A diagnosis of lithium toxicity is suspected. Intravenous access is obtained, bloods are taken and a saline infusion is started. Blood results reveal the following:


Lithium level	4.2 mmol/l
Na+	136 mmol/l
K+	4.6 mmol/l
Urea	8.1 mmol/l
Creatinine	99 µmol/l
Bicarbonate	18 mmol/l

What is the most appropriate management?","[""Arrange haemodialysis"", ""Intravenous magnesium"", ""Intravenous bicarbonate"", ""Intravenous hypertonic saline"", ""Arrange plasma exchange""]",Arrange haemodialysis,0,"Severe lithium toxicity is an indication for haemodialysis

The correct answer to this question is

Arrange haemodialysis

. This patient's symptoms and signs are consistent with severe lithium toxicity, which occurs when the lithium level is greater than 2.5 mmol/L. Symptoms include coarse tremor, confusion, and seizures. The patient's lithium level is significantly elevated at 4.2 mmol/l, indicating severe toxicity that requires immediate treatment.

Haemodialysis is the recommended treatment for severe lithium toxicity as per UK guidelines. It can rapidly reduce serum lithium levels and has been shown to be more effective than other methods of removal for patients with life-threatening symptoms or significant renal impairment.

The option

Intravenous magnesium

is incorrect because it does not directly address the issue of lithium toxicity. Magnesium supplementation may be needed in certain conditions like hypomagnesemia but it would not help in reducing the serum lithium levels.

Next,

Intravenous bicarbonate

might have been chosen because it can increase urinary excretion of lithium by alkalinising the urine. However, this method is much less efficient than haemodialysis at removing lithium from the body and would not be suitable for a patient with severe toxicity.

The option of

Intravenous hypertonic saline

could potentially be misleading because it can be used in cases where there is concurrent sodium depletion or dehydration which may have precipitated the lithium toxicity. But again, in cases of severe toxicity like in this scenario, haemodialysis remains the most appropriate management strategy.

Finally,

Arrange plasma exchange

would not be an effective treatment for lithium poisoning as plasma exchange does not efficiently remove small molecules like lithium from circulation."
294,Which one of the following statements regarding metformin is false?,"[""Does not cause hypoglycaemia"", ""Increases insulin sensitivity"", ""Decreases hepatic gluconeogenesis"", ""Increases endogenous insulin secretion"", ""Reduces GI absorption of carbohydrates""]",Increases endogenous insulin secretion,3,
295,Dobutamine is an example of:,"[""Alpha-1 agonist"", ""Alpha-2 agonist"", ""Beta-1 antagonist"", ""Beta-2 antagonist"", ""Beta-1 agonist""]",Beta-1 agonist,4,
296,"A 67-year-old man with a history of epilepsy presents to the Emergency Department with dysuria and fever. He is diagnosed with a urinary tract infection. His regular medications include sodium valproate 500mg twice daily. His seizures have been well-controlled for the past 5 years. Blood tests and urinalysis confirm a diagnosis of pyelonephritis. The urine culture grows E. coli sensitive to ciprofloxacin, co-amoxiclav, and gentamicin.

Which is the most appropriate antibiotic to prescribe?","[""Ciprofloxacin"", ""Co-amoxiclav"", ""Gentamicin"", ""Nitrofurantoin"", ""Trimethoprim""]",Co-amoxiclav,1,"Ciprofloxacin lowers the seizure threshold

Co-amoxiclav

is the most appropriate antibiotic for this patient with pyelonephritis and a history of epilepsy. The urine culture has confirmed E. coli that is sensitive to co-amoxiclav, making it an effective treatment option. Importantly, co-amoxiclav does not lower the seizure threshold, making it a safer choice for a patient with epilepsy. While the patient's seizures have been well-controlled for 5 years on sodium valproate, introducing a medication that lowers the seizure threshold could potentially disrupt this stability. Co-amoxiclav is a broad-spectrum antibiotic that combines amoxicillin with clavulanic acid (a beta-lactamase inhibitor) and is appropriate for treating complicated urinary tract infections including pyelonephritis.

Ciprofloxacin

would typically be an excellent choice for pyelonephritis as it achieves good tissue penetration and is effective against gram-negative organisms including E. coli. However, ciprofloxacin and other fluoroquinolones are known to lower the seizure threshold and can interact with anti-epileptic medications. This puts the patient at increased risk of seizures, even if their epilepsy has been well-controlled. The British National Formulary (BNF) advises caution when using ciprofloxacin in patients with a history of epilepsy or conditions that predispose to seizures.

Gentamicin

is an aminoglycoside antibiotic that would be effective against the cultured E. coli. However, it requires monitoring of drug levels due to its potential nephrotoxicity and ototoxicity. It is typically reserved for more severe infections or when other options are contraindicated. While it doesn't lower the seizure threshold, it's not the first-line choice for pyelonephritis in a patient who can take oral antibiotics, particularly when safer alternatives are available.

Nitrofurantoin

is not appropriate for pyelonephritis as it only achieves therapeutic concentrations in the lower urinary tract and does not adequately penetrate renal tissue. It is only indicated for lower urinary tract infections (cystitis) and would be ineffective for treating pyelonephritis, regardless of the sensitivity results.

Trimethoprim

can be used for urinary tract infections, but the culture results don't indicate sensitivity to this antibiotic. Prescribing an antibiotic without confirmed sensitivity could lead to treatment failure. Additionally, trimethoprim can interact with sodium valproate, potentially reducing its effectiveness in controlling seizures."
297,"A 62-year-old woman with a history of recurrent deep vein thrombosis secondary to antiphospholipid syndrome presents for review. She has taken warfarin for the past 7 years, with a target INR of 2.0 - 3.0. Her control is normally very good but her last reading was 1.2. Which one of the following would explain her current INR?","[""Starting fluoxetine for depression"", ""The formation of lupus anticoagulant autoantibodies"", ""Giving up smoking"", ""Recent rifampicin as she was a contact of a patient with meningococcal meningitis"", ""A course of ciprofloxacin for a urinary tract infection""]",Recent rifampicin as she was a contact of a patient with meningococcal meningitis,3,"Rifampicin is a P450 enzyme inductor

The correct answer in this case is

recent rifampicin as she was a contact of a patient with meningococcal meningitis

. Rifampicin is a potent inducer of the cytochrome P450 enzyme system, which is responsible for the metabolism of warfarin. This induction leads to an increased clearance of warfarin and thus, a decreased INR. In this scenario, the patient's INR has dropped below the therapeutic range due to her recent use of rifampicin.

Starting fluoxetine for depression

would not typically cause a decrease in INR. Fluoxetine is an SSRI antidepressant that can interact with warfarin, but it usually causes an increase in INR rather than a decrease because it inhibits the metabolism of warfarin through the cytochrome P450 enzyme system.

The formation of lupus anticoagulant autoantibodies

could lead to an elevated risk of thrombotic events but would not directly impact the INR value. Lupus anticoagulant autoantibodies interfere with phospholipid-dependent coagulation tests, such as activated partial thromboplastin time (aPTT), but they do not affect prothrombin time or INR.

Giving up smoking

may have some effect on drug metabolism through changes in hepatic enzymes; however, these effects are generally minor and would not be expected to cause such a significant drop in INR. The impact of smoking cessation on warfarin pharmacokinetics is variable and inconsistent.

Lastly,

a course of ciprofloxacin for a urinary tract infection

might have some interaction with warfarin, but it would more likely lead to an increase in INR rather than a decrease. Ciprofloxacin is a fluoroquinolone antibiotic that can inhibit the metabolism of warfarin, leading to increased levels of warfarin and a higher INR. This interaction is less potent compared to other fluoroquinolones like levofloxacin."
298,"A 27-year-old man had presented to accident and emergency 4 days ago following an intentional paracetamol overdose. He had taken fifteen 500mg tablets, all at once. He denies any alcohol intake. Bloods 4 hours after ingestion showed



Paracetamol	14 mg/l
INR	1
Liver enzymes	No abnormality detected
Bilirubin	Mild elevation

He was seen by the mental health team and discharged. You gave him the advice to attend his GP to have his bloods repeated to see if the hyperbilirubinaemia had settled. Today he has presented to the hospital from his GP with 'abnormal blood results.'


Bilirubin	No abnormality detected
Urea	21 mmol/l
Creatinine	300 µmol/l

What is the likely cause of these results?","[""Pre-renal AKI secondary to dehydration"", ""Spurious blood result"", ""Delayed paracetamol nephrotoxicity"", ""Minimal change nephropathy"", ""Berger's disease""]",Delayed paracetamol nephrotoxicity,2,
299,"A 25-year-old man visits a travel health clinic in preparation for a 6-month backpacking trip through South America.

After receiving the necessary vaccinations and guidance on malaria prophylaxis, the patient mentions that he will be taking numerous extended bus trips during the trip and that he often experiences motion sickness during long drives. He therefore inquires about potential treatment options to take with him.

The patient has no medical conditions and is not on any regular medications.

What drug is most effective in reducing symptoms in this patient's condition?","[""Cinnarizine"", ""Cyclizine"", ""Hyoscine"", ""Metoclopramide"", ""Promethazine""]",Hyoscine,2,"Motion sickness - hyoscine > cyclizine > promethazine

Motion sickness occurs due to a discrepancy between actual and expected motion, and therefore, its causes can be attributed to either real or perceived motion. This condition can be divided into three primary categories: motion sickness caused by motion that is felt but not seen (terrestrial motion sickness), motion that is seen but not felt (space motion sickness), or when both sensory systems detect motion but do not correspond, which can occur in either terrestrial or space motion sickness. Treatment options for motion sickness may involve behavioural measures or medications. Medication options, prescribed to alleviate motion sickness symptoms include antimuscarinics, H1 antihistamines, and in rare cases amphetamines (e.g. dextroamphetamine). Among these, the antimuscarinic medication

hyoscine

is considered the most effective treatment according to the British National Formulary (BNF), as it competitively antagonises the peripheral and central muscarinic acetylcholine receptors. However, its use is limited today due to its significant side effect profile with other medications generally trialled as first-line options.

Cinnarizine

is a non-sedating antihistamine used in the management of nausea and vomiting associated with motion sickness, vertigo, and Meniere's disease. It acts by interfering with the signal transmission between the vestibular apparatus of the inner ear and the vomiting centre of the hypothalamus, limiting the activity of the vestibular hair cells, which send signals about movement. Although antihistamines have a lower side effect profile and are generally used as a first-line treatment, they are less effective at reducing motion sickness symptoms when compared to antimuscarinic medications.

Cyclizine

is a piperazine derivative possessing both anticholinergic and antihistamine properties. It is commonly employed to manage general nausea and vomiting, including motion sickness. Due to its lower frequency of side effects, cyclizine is often a preferred choice for this condition. However, it is worth noting that it is generally less effective than antimuscarinic medications like hyoscine in alleviating symptoms of motion sickness.

Metoclopramide

is a dopamine antagonist used to manage motion sickness. By blocking dopamine receptors, it stimulates stomach contractions and reduces nausea. Despite its lower side effect profile compared to hyoscine, it is less effective at alleviating motion sickness symptoms due to its distinct mechanism of action.

Promethazine

is an antihistamine used to manage motion sickness. Its mechanism of action involves blocking histamine receptors, reducing the body's response to motion-induced nausea. While it offers a milder side effect profile compared to hyoscine, it is less potent in alleviating motion sickness symptoms."
300,"A 56-year-old man presents with confusion, dysuria, urinary frequency and urgency for the last 4 days. He has a background of type-2 diabetes mellitus, hypertension, G6PD deficiency and alcohol dependence syndrome.

He is found to be in tachycardia with a heart rate of 120 beats per minute, his temperature is recorded as 38.6ºC with a blood pressure of 94/50 mmHg. His venous blood gas showed a raised lactate.

Given the strong suspicion of sepsis from a urinary source, the patient was commenced on intravenous fluids and antibiotics. Initially, he received a stat dose of gentamicin and a urinary sample was sent off for microscopy, culture and sensitivity.

Which of the following antibiotics would most likely harm the patient if used?","[""Amikacin"", ""Ciprofloxacin"", ""Clarithromycin"", ""Doxycycline"", ""Tobramycin""]",Ciprofloxacin,1,"Ciprofloxacin is contraindicated in G6PD deficiency

Ciprofloxacin is contraindicated in G6PD deficiency as such patients could experience potentially fatal hemolytic anaemia.

Amikacin is an aminoglycoside antibiotic which can be used to treat sepsis and urinary tract infections. It is suitable for use in G6PD deficiency and could be utilised in this case.

Clarithromycin is a macrolide antibiotic which is not typically used to treat urinary tract infections and therefore would not be suitable in this case. However, its use is not likely to cause as much harm as ciprofloxacin would in G6PD deficiency.

Doxycycline is a tetracycline antibiotic which can be used to treat refractory urinary-tract infections. It would not be appropriate in this case.

Tobramycin is an aminoglycoside antibiotic that can be used to treat various types of bacterial infections, particularly gram-negative infections. It is suitable for use in G6PD deficiency and could be utilised in this case with minimal harm to the patient."
301,"A 68-year-old man is admitted to the medical admissions unit with sepsis and hypotension (BP 78/44 mmHg) despite adequate fluid resuscitation. He has a history of hypertension and benign prostatic hyperplasia. The ICU team recommend starting a vasopressor that will increase his blood pressure primarily by causing peripheral vasoconstriction, with minimal effect on heart rate or contractility. Which agent best fits this pharmacological profile?","[""Phenylephrine"", ""Dobutamine"", ""Clonidine"", ""Salbutamol"", ""Noradrenaline""]",Phenylephrine,0,"Phenylephrine is an alpha-1 agonist

Phenylephrine

is a selective alpha-1 adrenergic agonist. Its primary action is peripheral vasoconstriction via alpha-1 receptor stimulation, resulting in increased systemic vascular resistance and thus blood pressure, with minimal direct effects on heart rate or myocardial contractility. This makes phenylephrine useful in situations where increasing vascular tone without increasing cardiac workload is desired, such as in septic shock with tachyarrhythmias or when other agents are contraindicated.

Dobutamine

is a beta-1 adrenergic agonist with some beta-2 activity. It increases cardiac contractility and heart rate but has less effect on peripheral vascular resistance; it may even cause mild vasodilation due to beta-2 effects. Therefore, dobutamine would not be the best choice for raising blood pressure through peripheral vasoconstriction alone.

Clonidine

is an alpha-2 adrenergic agonist that acts centrally to reduce sympathetic outflow, leading to decreased blood pressure rather than an increase. It does not act peripherally as a vasopressor and would be inappropriate for acute management of hypotension.

Salbutamol

is a selective beta-2 agonist used mainly as a bronchodilator in asthma and COPD. Stimulation of beta-2 receptors causes smooth muscle relaxation and thus vasodilation, which could worsen hypotension rather than improve it.

Noradrenaline

, while commonly used as a first-line vasopressor in septic shock (per UK guidelines), stimulates both alpha-1 and some beta-1 receptors—raising both vascular tone and cardiac output. However, compared to phenylephrine, noradrenaline also increases heart rate and contractility more significantly; the question specifically asks for minimal effect on these parameters."
302,"A 55-year-old female is admitted following an overdose of amitriptyline. On examination she has dilated pupils and is tachycardic at 145 bpm, with a blood pressure of 102/56 mmHg. ECG reveals a broad complex tachycardia. Her GCS is 9/15 (M5, V2, E2). What is the most appropriate management?","[""IV amiodarone"", ""IV bicarbonate"", ""IV magnesium"", ""DC cardioversion"", ""Glucagon""]",IV bicarbonate,1,"Widened QRS or arrhythmia in tricyclic overdose - give IV bicarbonate

Arrhythmias following tricyclic overdose are difficult to treat as many commonly used anti-arrhythmics are contraindicated. The use of sodium bicarbonate has been shown to be effective, even in patients who are not acidotic"
303,"A 78-year-old woman with a history of recurrent ventricular tachycardia has routine blood tests 3 months after starting amiodarone therapy:


TSH	14.5 mu/l
Free T4	8.2 pmol/l

How should her thyroid dysfunction be managed?","[""Continue amiodarone and add folic acid"", ""Stop amiodarone and start thyroxine"", ""Stop amiodarone and add carbimazole and thyroxine"", ""Stop amiodarone and repeat bloods in 4 weeks"", ""Continue amiodarone and add thyroxine""]",Continue amiodarone and add thyroxine,4,
304,Which of the following is true regarding the pathophysiology of paracetamol overdose?,"[""Paracetamol is normally exclusively metabolised by the P450 system"", ""Paracetamol overdose leads to an excessive build up of mercapturic acid"", ""Conjugation of paracetamol becomes saturated in overdose"", ""Glutathione levels increase following paracetamol overdose leading to hepatocellular death"", ""N-acetyl cysteine acts by antagonising glutathione""]",Conjugation of paracetamol becomes saturated in overdose,2,
305,"A 50-year-old male diagnosed with advanced gastric cancer is admitted to the hospice for palliative care. Unfortunately, he presented late and has not received prior treatment for cancer. The multiple disciplinary team have decided on combination therapy including trastuzumab with other agents to improve his symptoms.

Which of the following receptors does the aforementioned drug act upon?","[""Human epidermal growth factor 1 (HER1)"", ""Human epidermal growth factor 2 (HER2)"", ""Human epidermal growth factor 3 (HER3)"", ""Vascular endothelial growth factor receptor (VEGFR)"", ""Platelet-derived growth factor receptor (PDGFR)""]",Human epidermal growth factor 2 (HER2),1,"Trastuzumab (Herceptin) - monoclonal antibody that acts on the HER2/neu receptor

All of the answers are tyrosine kinase receptors. Oncogenic activation of tyrosine kinases autophosphorylates the receptor resulting in cancer cell growth. There are numerous agents which target tyrosine kinase function.

Trastuzumab (also known as herceptin) is a monoclonal antibody that inhibits the HER2/neu receptors. This drug exerts anti-tumour effects by binding to HER2 receptor stopping the activation of tyrosine kinases. Two main cancers which overexpress HER2 include breast and gastric adenocarcinoma. Up to 30% of breast cancers and 20% of gastric cancers will overexpress HER2. NICE state trastuzumab in combination with cisplatin and capecitabine or 5-fluorouracil is a recommended option for HER2 positive metastatic adenocarcinoma of the stomach.

VEGFR is a receptor which stimulates angiogenesis. Bevacizumab is monoclonal antibody which inhibits this receptor.

Cetuximab is a monoclonal antibody which blocks activations of the HER1 receptor. Mutations in HER1 (also known as epidermal growth factor receptor - EGFR) are associated with colorectal and squamous cell cancers.

Imatinib and dasatinib are used in the treatment of leukaemias. They inhibit PDGFR along with other receptors.

Overexpression of HER3 is associated with many malignancies including ovarian, breast, colorectal, squamous cell carcinoma and more."
306,"A 45-year-old woman with bipolar disorder presents to the emergency department with confusion, nausea, and tremors. She has been on lithium therapy for several years. Her partner reports that she has been feeling unwell for the past two days and has had reduced oral intake due to a recent gastrointestinal illness. On examination, she is disoriented and has a coarse tremor in both hands.

Laboratory investigations reveal:

Serum lithium	2.0 mmol/L	(0.6 - 1.2 mmol/L)
Sodium	138 mmol/L	(135 - 145 mmol/L)
Creatinine	110 µmol/L	(60 - 110 µmol/L)

What is the most appropriate initial management step?","[""Initiate haemodialysis"", ""Administer intravenous saline"", ""Administer activated charcoal"", ""Start sodium bicarbonate infusion"", ""Discontinue lithium therapy immediately""]",Administer intravenous saline,1,"Lithium toxicity: IV saline is the first-line treatment

Administer intravenous saline

is the correct answer as it addresses potential dehydration due to her recent gastrointestinal illness, which can exacerbate lithium toxicity by reducing renal clearance of lithium. Intravenous saline helps to enhance renal elimination of lithium by improving kidney perfusion.

Initiate haemodialysis

would be considered if the patient had severe symptoms or very high levels of serum lithium (generally >4.0 mmol/L) or if there was renal failure present. In this scenario, although the level is elevated, it does not yet warrant immediate dialysis without trying more conservative measures first.

Administer activated charcoal

is not effective in cases of lithium toxicity because lithium is not absorbed well by charcoal due to its ionic nature and small molecular size. Thus, this treatment would not help in enhancing elimination of lithium from her system.

Start sodium bicarbonate infusion

could be considered in cases where urinary alkalinisation might aid elimination; however, this approach is more relevant for salicylate toxicity rather than for enhancing clearance of lithium.

Discontinue lithium therapy immediately

, while important as part of managing chronic toxicity, alone does not address the acute need to increase excretion of already absorbed lithium from the body through hydration."
307,"A 40-year-old woman is referred to the clinic having presented with several months of fatigue, constipation, weight gain and cold intolerance.

Thyroid function testing is performed, and the results are in keeping with overt hypothyroidism therefore levothyroxine, a synthetic long-acting form of thyroxine, is recommended. As the patient is not elderly and has no other comorbidities, a full replacement dose, adjusted to her weight, is started immediately.

What receptors does this medication act via?","[""G-protein coupled receptors"", ""Ligand-gated ion channel receptors"", ""Nuclear receptors"", ""Serine/threonine kinase receptors"", ""Tyrosine kinase receptors""]",Nuclear receptors,2,"Levothyroxine acts via nuclear receptors

Levothyroxine is the standard, first-line medication used in the treatment of hypothyroidism. It is a lipid-soluble hormone replacement medication that interacts with

nuclear receptors

found intercellularly, exerting its effect by the control of DNA transcription and protein synthesis.

G protein-coupled receptors

are activated by a wide range of extracellular signals such as peptide hormones, lipophilic hormones and biogenic amines (e.g. adrenaline). Levothyroxine targets intercellular receptors and therefore does not bind to these receptors. When activated, G protein-coupled receptors stimulate adenylate cyclase, inhibit adenylate cyclase or activated phospholipase C and in general mediate slow transmission and affect metabolic processes.

Ligand-gated ion channel receptors

are transmembrane proteins which open to allow ions (e.g. Na

+

, K

+

, Ca

2+

) to pass through in response to the binding of chemical messengers or ligand.  These ions movement results in processes such as depolarisation or hyperpolarisation within cells. Several medications can open these channels but levothyroxine is not one of them.

Serine/threonine kinase receptors

are a small group of kinase enzymes that are bound by the ligand transforming growth factor beta (TGF-β). This plays an important role in wound healing, immunoregulation and cancer. Levothyroxine does not interact with these receptors.

Tyrosine kinase receptors

are a type of enzyme receptor found on the cell membrane, which when activated, result in a signal transduction cascade within cells. Several drugs interact with these receptors including insulin and chemotherapies but again, levothyroxine does not interact with these receptors."
308,Which one of the following ECG changes is most consistent with a tricyclic overdose?,"[""QRS widening"", ""Bradycardia"", ""Shortening of QT interval"", ""First degree heart block"", ""ST elevation""]",QRS widening,0,
309,"A 52-year-old presents for a follow-up appointment. She has been on a combination of medications for multiple chronic conditions including warfarin for atrial fibrillation.

On her last anticoagulation review, her GP noted some changes in her laboratory results:


Platelets	150 x10⁹/L	(150-400)
Creatinine	80 µmol/L	(60-110)
ALT	22 U/L	(10-40)
AST	25 U/L	(15-40)
ALP	75 U/L	(45-125)
INR	1.8	(2.0-3.0)
Bilirubin	15 µmol/L	(5-25)

Which of her regular medications below has most likely caused the abnormal blood result?","[""Amiodarone"", ""Diphenhydramine"", ""Erythromycin"", ""Fluconazole"", ""Rifampicin""]",Rifampicin,4,"Rifampicin is a P450 enzyme inductor

Rifampicin

is the correct answer because it is a potent inducer of the cytochrome P450 enzyme system, specifically CYP3A4, CYP2C9 and CYP2C19. This leads to an increased metabolism of drugs metabolised by these enzymes, such as warfarin, reducing their efficacy. In this case, the patient's INR has dropped to 1.8, which is below the therapeutic range for warfarin (2.0-3.0), indicating that the anticoagulant effect is diminished. Rifampicin is commonly used to treat tuberculosis, which the patient may be receiving as part of their treatment for an active infection. Rifampicin's induction of hepatic enzymes accelerates warfarin metabolism, requiring an adjustment of the warfarin dose to maintain its anticoagulant effect. This is consistent with the changes in laboratory results and the clinical presentation.

Amiodarone

is a medication commonly used to manage atrial fibrillation, like in this patient’s case. However, amiodarone can interact with warfarin by inhibiting its metabolism, leading to an increased INR. This could cause a higher risk of bleeding, but the patient’s INR is 1.8, which is below the expected therapeutic range for someone on warfarin, making amiodarone less likely to be the cause of altered effectiveness in this case.

Diphenhydramine

is an antihistamine that can have sedative effects and is often used for allergic reactions or insomnia. While it is metabolised by the P450 system, it does not typically interact with warfarin to significantly alter INR levels. There is no direct evidence linking diphenhydramine to changes in warfarin effectiveness, and its role in altering bleeding tendencies is not significant in this case.

Erythromycin

is an antibiotic and P450 enzyme inhibitor, not an inducer. It would slow the metabolism of warfarin, potentially leading to an increased INR and a higher risk of bleeding. Since the patient has an INR below the therapeutic range (1.8), erythromycin is unlikely to be the cause.

Fluconazole

is an antifungal agent known to inhibit the P450 system. This could lead to increased levels of warfarin, elevating the INR and increasing the risk of bleeding. However,  the INR is mildly sub-therapeutic, making fluconazole less likely to be the cause."
310,"A 19-year-old male presents to the emergency department with a three day history of dizziness and headache. He has no significant past medical history and is on no medications. He is studying sound engineering at university and lives in poorly ventilated student accommodation with ten other people. He follows a vegan diet.

His observations are heart rate 111 beats per minute, respiratory rate 24/minute, oxygen saturation 97% on room air, blood pressure 96/64 mmHg and temperature 37.1ºC.

On examination, he has an ataxic gait. Neurological, cardiovascular, abdominal, ENT and respiratory examinations are otherwise normal.

Urinalysis is normal.

An ECG demonstrates sinus tachycardia.

A chest x-ray is unremarkable.

Blood gas:


pH	7.25	(7.35-7.45)
PaO2	10.1 kPa	(10-14)
PaCO2	5.3kPa	(4.5-6)
HCO3	15 mmol/L	(22-26)
SaO2	86%	(94-98%)
Hb	111g/L	(130-180)
Lactate	3.2 mmol/L	(<2)
BE	-3.6	(-2 - +2)
Glucose	5.2 mmol/L (4-6)
COHb	28%	(<2%)
MetHb	0.1%	(< 2%)

A CT head is normal.

Given the likely diagnosis, what is the explanation for the low oxygen saturation reading on the arterial blood gas?","[""Alveolar destruction"", ""Decreased partial pressure of environmental oxygen"", ""Left shift of oxygen dissociation curve"", ""Low haemoglobin"", ""Methaemaglobinaemia""]",Left shift of oxygen dissociation curve,2,"In carbon monoxide poisoning the oxygen saturation of haemoglobin decreases leading to an early plateau in the oxygen dissociation curve

Left shift of the oxygen dissociation curve is the correct answer. The patient has carbon monoxide poisoning as evidenced by the elevated carboxyhaemoglobin (COHb) level, the dissociation between saturations measured peripherally and on a blood gas, lactic acidosis, dizziness, headache and ataxia. Carbon monoxide has ~210 times the affinity for haemoglobin than oxygen. Carboxyhaemoglobin competes with oxygen for binding of haemoglobin. Therefore, an increase in COHb will impair oxygen delivery to the tissues, resulting in a leftward shift of the oxygen-haemoglobin dissociation curve and hypoxia. Arterial blood gases usually reveal a normal pO2, because the carbon monoxide concentration required to cause poisoning is low enough that it does not alter the amount of oxygen physically dissolved in the plasma.

The decreased partial pressure of environmental oxygen is incorrect. While this can cause hypoxia, he is not at altitude and we have no reason to believe there is insufficient environmental oxygen.

Alveolar destruction is incorrect. While this may cause hypoxia secondary to a decrease diffusion surface area for oxygen, he has no significant chronic lung disease to suggest this cause.

Low haemoglobin is incorrect. His haemoglobin is only mildly low and this is not a classic cause of hypoxia.

Methaemaglobinaemia is incorrect. His methemoglobin level is normal."
311,"A 32-year-old man is brought into the emergency department by his friends, appearing agitated and confused. They report having been out at a nightclub and witnessing him taking some pills, which he later stated were MDMA.

On examination, he appears visibly agitated, anxious and disoriented. He appears very sensitive to light and sound. His observations show a blood pressure of 146/95 mmHg, heart rate 112 bpm and respiratory rate 20 breaths/min. Blood tests are performed, the results of which are awaited.

What is most strongly associated with poisoning by this drug?","[""Hyperglycaemia"", ""Hypokalaemia"", ""Hyponatraemia"", ""Hypophosphatemia"", ""Hypothermia""]",Hyponatraemia,2,"MDMA (Ecstasy) poisoning is associated with hyponatraemia

Ecstasy, also known as MDMA, is an illegal substance in the United Kingdom that can have profound acute effects on its users. Patients with ecstasy poisoning typically present with agitation, anxiety, confusion and ataxia, as well as tachycardia and hypertension as seen here. It also results in numerous biochemical abnormalities - of the options listed here, the most strongly associated with ecstasy poisoning is

hyponatraemia

. This can result from syndrome of inappropriate ADH secretion directly from ecstasy poisoning, and/or from excessive water consumption while under the influence of ecstasy.

Hyperglycaemia

is incorrect. Ecstasy poisoning has been associated with hypoglycaemia, rather than hyperglycaemia. Monitoring of blood glucose levels is typically undertaken in patients who have presented with ecstasy poisoning.

Hypokalaemia

is incorrect. There is no clear link between ecstasy and low potassium. If rhabdomyolysis occurs as a result of ecstasy, this may lead to hyperkalaemia.

Hypophosphatemia

. Ecstasy may cause rhabdomyolysis, which would lead to raised, not low, phosphate levels.

Hypothermia

is incorrect. Patients typically present with hyperthermia, rather than hypothermia."
312,"A 26-years-old man is brought to the emergency department by his roommate after he saw him convulsing on the floor of the bathroom. On arrival, he is found unresponsive to sternal rub. His vitals are:


Temperature: 37.5°C
Pulse: 120/min
Blood pressure: 100/60 mmHg
Respiratory rate: 14/min
Oxygen saturation: 96% on room air

Physical examination reveals hot and dry skin. The patient's pupils are dilated and minimally responsive to light. ECG shows a QRS duration of 130ms. His past medical history is significant for depression, alcohol dependence, marijuana use, and occasional IV drug use.

Which of the following is the most appropriate treatment option for this patient?","[""Sodium bicarbonate"", ""Thiamine"", ""Flumazenil"", ""Naloxone"", ""Dialysis""]",Sodium bicarbonate,0,"Widened QRS or arrhythmia in tricyclic overdose - give IV bicarbonate

This patient presents with signs and symptoms suggestive of tricyclic antidepressant (TCA) overdose. Hallmark features include convulsions, altered mental status and QRS widening on ECG. TCAs inhibit the reuptake of serotonin/norepinephrine in addition to blocking muscarinic and alpha-adrenergic receptors. Dry hot skin and dilated pupils are due to muscarinic blockade by the TCA. Suspect TCA intoxication in the presence of QRS widening even if there is no history of depression or clear TCA exposure. The most appropriate treatment option is sodium bicarbonate which is cardioprotective. The effect of sodium bicarbonate in TCA overdose is most likely due to an increase in serum pH and extracellular sodium. Alkalinisation promotes the drug's neutral form, lowering the amount of active cyclic antidepressants.

Thiamine can be used to treat a thiamine deficiency in alcoholics. Thiamine deficiency is the recognised cause of Wernicke-Korsakoff syndrome (WKS), an alcohol-related neurological condition. It also plays a role in other types of alcohol-induced brain injury, such as different degrees of cognitive dysfunction, including the most serious, alcohol-induced persistent dementia (i.e., 'alcoholic dementia').

Flumazenil is used to reverse the effects of benzodiazepine overdose. Benzodiazepine overdose is characterized by hypotension, bradycardia, respiratory depression and coma.

Naloxone is used to treat opioid intoxication. Unusual sleepiness, pinpoint pupils, or breathing difficulties (ranging from slow/shallow breathing to no breathing) are serious opioid overdose signs.

Dialysis is ineffective in removing tricyclics. Since tricyclic antidepressants are highly protein-bound and have a large distribution volume, removing them from the blood through haemodialysis is unlikely to be beneficial."
