question_number,question_text,options_json,answer_text,answer_index,explanation_text
1,"An asylum-seeker is rescued from a boat and brought to the emergency department for medical attention. An accompanying friend confirms the patient has had very little intake over the past months, eating mainly maize. She reports the patient has been suffering from progressive weakness, diarrhoea and a deterioration in her memory.

On exam, she appears wasted with red, inflamed skin, especial of the sun-exposed areas and has a consistent cognitive deficit with poor memory, social interaction, and speech variation.

What vitamin deficiency is the most likely cause for this patients condition?","[""Vitamin A"", ""Vitamin B1"", ""Vitamin B12"", ""Vitamin B3"", ""Vitamin C""]",Vitamin B3,3,"Pellagra is caused by vitamin B3 (niacin) deficiency

This patient has presented with symptoms in keeping with the pellagra, a condition secondary to

vitamin B3

(niacin) deficiency. The classic triad of presentation is diarrhoea, dermatitis (especial in sun-exposed areas) and dementia. Pellagra can result from poor nutritional intake, particular in patients who mainly consume the staple food maize as this is very low in absorbable vitamin B3. The amino acid tryptophan is also required for the body to make use of vitamin B3 and therefore tryptophan deficiency can also cause pellagra. It can therefore be secondary to other conditions which alter protein metabolism and deplete tryptophan stores such as carcinoid syndrome.

Vitamin A

deficiency is normal due to poor dietary intake and is mainly associated with visual issues. Night blindness is the earliest feature of vitamin A deficiency which can progress to complete blindness without intervention. Vitamin A plays a major role in phototransduction, and its deficiency reduces the production of the photopigment rhodopsin, responsible for low light vision. Vitamin A deficiency can also cause a general reduction in immunity but is not normally associated with the non-ocular issues described in this case.

Vitamin B1

, also known as thiamine, deficiency is responsible for beriberi disease which can affect the cardiovascular and/or the nervous system. Thiamine is required for the metabolism and production of several molecules within the body.

Wet beriberi

is associated with cardiac failure whereas

dry beriberi

results in peripheral neuropathies and encephalopathies (Wernicke's encephalopathy and Korsakoff syndrome). Although thiamine deficiency can cause several signs and symptoms, diarrhoea and dermatitis are not normally associated with the condition and encephalopathy is more commonly seen instead of dementia.

Vitamin B12

deficiency can result from poor dietary intake or absorption dysfunction such as in the condition pernicious anaemia where patients lack intrinsic factor (required to absorb vitamin B12). It is most commonly associated with causing macrocytic anaemia, as vitamin B12 is required to synthesis new red blood cells. Again, skin issues and diarrhoea are not traditionally associated with vitamin B12 deficiency.

Finally,

vitamin C

deficiency result in the condition

scurvy

. Scurvy is classically associated with issues of the 4 Hs: haemorrhage (i.e. bleeding gums), hyperkeratosis (skin thickening), hypochondriasis (anxiety and other mental health illness), and haematologic abnormalities (i.e. anaemia & coagulopathies). Dermatitis, diarrhoea and dementia are not typically associated with the condition."
2,What is the site of action of antidiuretic hormone?,"[""Descending loop of Henle"", ""Distal convoluted tubule"", ""Ascending loop of Henle"", ""Proximal convoluted tubule"", ""Collecting ducts""]",Collecting ducts,4,"Antidiuretic hormone (ADH) - site of action = collecting ducts

Antidiuretic hormone (ADH) primarily acts on the

collecting ducts

of the kidney, which is the correct answer. ADH increases water permeability in the collecting ducts by triggering the insertion of aquaporin-2 water channels into the luminal membrane. This allows water reabsorption along the concentration gradient established by the countercurrent multiplier system, leading to concentrated urine production.

Descending loop of Henle

is incorrect as this segment is already freely permeable to water and does not require ADH for water reabsorption. Water moves out of this segment passively following the osmotic gradient.

Distal convoluted tubule

is incorrect as this segment is primarily involved in sodium reabsorption and potassium secretion under the influence of aldosterone, not ADH. While it has some water permeability, it is not the primary site of ADH action.

Ascending loop of Henle

is incorrect as this segment is completely impermeable to water, regardless of ADH levels. It is crucial for establishing the medullary concentration gradient through active sodium chloride transport.

Proximal convoluted tubule

is incorrect as this segment reabsorbs about 65% of filtered water isosmotically along with sodium, and this process occurs independently of ADH. The proximal tubule's water permeability is constitutive and not regulated by hormones."
3,"A 35-year-old woman presents to the medical assessment unit with a rapidly enlarging lump on her right thigh. She has a past medical history of early-onset breast cancer, treated surgically at 28. She is not on any regular medications and does not smoke or drink. Her mother was treated for Kaposi's sarcoma aged 38 and her grandmother died from breast cancer at aged 44.

On examination, there is a 6.5cm lump palpable on her right anterior thigh. There is no evidence of regional lymphadenopathy. It is mildly tender.

She undergoes a biopsy of the lesion and it demonstrates a liposarcoma.

Given the likely diagnosis, what is the affected gene?","[""PTEN"", ""BRCA1"", ""BRCA2"", ""MSH2"", ""P53""]",P53,4,"Li-Fraumeni syndrome (p53 mutation) is associated with early-onset breast cancer, sarcoma and leukaemia

P53 is the correct answer. The patient has Li-Fraumeni syndrome (LFS), which is caused by a p53 mutation. It is characterized by early-onset cancers including breast cancer, sarcoma and leukaemia. There are different classification criteria for Li-Fraumeni syndrome, which are used to select a population to undergo genetic testing to confirm a diagnosis. The classic LFS criteria are when a patient fulfils all three of the following:

A sarcoma diagnosed before age 45
A first-degree relative, meaning a parent, sibling or child, with any cancer before age 45
A first-degree relative or second-degree relative, meaning a grandparent, aunt/uncle, niece/nephew, or grandchild, with any cancer before age 45 or a sarcoma at any age.

PTEN (Phosphatase and tensin homolog) is incorrect. . Mutations in this gene are associated with Cowden syndrome, an inherited cancer syndrome that increases the risk of breast, thyroid and endometrial cancers.

BRCA1 (Breast cancer type 1 susceptibility protein) is incorrect. An inherited mutation in this gene is associated most commonly with the development of breast and ovarian cancer. Less commonly associated cancers are peritoneal cancer, pancreatic cancer, prostate cancer, male breast cancer and Fanconi's anaemia.

BRCA2 (Breast cancer type 2 susceptibility protein)  is incorrect. An inherited mutation in this gene is associated with the development of breast and ovarian cancer and less commonly peritoneal cancer, pancreatic cancer, prostate cancer, male breast cancer and Fanconi's anaemia. It is associated with similar cancers to BRCA1 (Breast cancer type 1 susceptibility protein) but in different proportions, at different age ranges and in some cases different histological subtypes.

MSH2 (DNA mismatch repair protein) is incorrect. A mutation in this gene is associated with the development of hereditary non-polyposis colorectal carcinoma (Lynch syndrome)."
4,"You are working in general medicine. You are on the ward round and see a 40-year-old patient who has been admitted with a very swollen and painful right knee. He was unable to walk on it so came into hospital. It is currently being treated as gout with non steroidal anti-inflammatory drugs. You notice he is of short stature, has shortened arms and legs and a flat nasal bridge. A mutation in which gene is responsible for this condition?","[""Fibroblast growth factor receptor"", ""Vascular endothelial growth factor receptor"", ""Mesodermal growth factor receptor"", ""Epidermal growth factor receptor"", ""Tyrosine kinase receptor""]",Fibroblast growth factor receptor,0,
5,"A 46-year-old man presents with diarrhoea and persistent abdominal cramps. This has not affected his appetite, which has increased without weight gain. Upon further questioning he reports that he went on a safari holiday in Kenya two months ago where he consumed undercooked pork. The patient has brought in a stool sample from which you can see a small white thread-like structure protruding.


WBC	10.1 * 109/L	(4.0 - 11.0)
Neuts	5.4 * 109/L	(2.0 - 7.0)
Lymphs	3.0 * 109/L	(1.0 - 3.5)
Mono	0.6 * 109/L	(0.2 - 0.8)
Eosin	1.1 * 109/L	(0.0 - 0.4)

What cell is responsible for producing the immunoglobulin implicated in this patient's presentation?","[""Basophils"", ""Cytotoxic T-cells"", ""Eosinophils"", ""Mast cells"", ""Plasma cells""]",Plasma cells,4,"IgE is synthesised by plasma cells

Plasma cells

is the correct answer. This patient has presented with an infection with the parasitic helminth

Taenia solium

, and consequent eosinophilia. Plasma cells are mature B lymphocyte cells that are activated by infection and produce the IgE responsible for activating eosinophils and stimulating them to attack his helminth infection.

Basophils

is an incorrect option as these cells do not produce immunoglobulins. Basophils are a subset of granulocytes that degranulate in response to inflammatory stimuli.

Cytotoxic T-cells

is an incorrect option as these cells do not produce immunoglobulin and do not play a significant role in the initial host immune response to parasitic infection. They have a more significant role in antiviral and anti-tumour immunity.

Eosinophils

is an incorrect option as these cells do not produce the IgE involved in the host response to parasitic infection, but instead are activated by it.

Mast cells

is an incorrect option as they also do not produce immunoglobulins. They perform an important part of the innate immune response to a range of antigenic stimuli."
6,"A 17-year-old girl with Turner's syndrome is reviewed in the cardiology clinic. Other than coarctation of the aorta, what is the most common cardiac abnormality found in patients with Turner's syndrome?","[""Ventricular septal defect"", ""Bicuspid aortic valve"", ""Aortic stenosis"", ""Pulmonary stenosis"", ""Partial anomalous venous drainage""]",Bicuspid aortic valve,1,"Turner's syndrome - most common cardiac defect is bicuspid aortic valve (more common than coarctation of the aorta)

Up to 15% of adults with Turner's syndrome have bicuspid aortic valves"
7,"A 47-year-old man presents to the emergency department with a several-day history of productive green cough and fever. Pneumonia is suspected and so a chest X-ray is performed, which demonstrates right lower zone consolidation.

In addition to this, however, multiple lesions suggestive of granulomas are noted on the X-ray. The patient explains that, many years ago, he contracted tuberculosis (TB) and that the granulomas are known.

Which cytokine is responsible for activating the cells that primarily form these structures?","[""Interferon-γ (IFN-γ)"", ""Tumour necrosis factor-α (TNF-α)"", ""Interleukin-6 (IL-6)"", ""Interleukin-8 (IL-8)"", ""Interleukin-10 (IL-10)""]",Interferon-γ (IFN-γ),0,"Interferon-γ is responsible for activating macrophages

The cells that are being referred to here are macrophages, which are the primary constituents of granulomatous structures in diseases such as tuberculosis. Classically, macrophages are activated by Interferon-γ and so this is the correct answer.

TNF-α is secreted by macrophages and plays a wide variety of roles in the immune system, including the induction of fever and, to a lesser extent, also activating further macrophages.

Interleukin-6 is incorrect - this is secreted by macrophages and Th2 cells but is not known to be a key player in the activation of macrophages. One of its main functions includes the stimulation of differentiation of B cells.

Interleukin-8 is incorrect - this is secreted by macrophages and is known to act as a chemotactic agent for neutrophils, attracting them to a site of inflammation/infection.

Interleukin-10 is  incorrect. This is secreted by Th2 cells and seems to act in a negative-feedback manner, inhibiting the expression of further cytokines and inhibiting the expression of co-stimulatory molecules on macrophages."
8,"A 69-year-old man is referred to the medical assessment unit by his general practitioner with a six-month history of diarrhoea and progressive cognitive impairment. He has a past medical history of alcohol excess.

On examination, his Abbreviated Mental Test Score (AMTS) is 1/10. Examination of his eye movements is unremarkable. There is no peripheral neuropathy or ataxia. There are scaly areas of dermatitis on the hands and feet and around the neck. The plantar response is normal.

From what vitamin deficiency is this patient likely to be suffering?","[""Vitamin B1"", ""Vitamin B12"", ""Vitamin B3"", ""Vitamin C"", ""Vitamin D""]",Vitamin B3,2,"Pellagra is caused by vitamin B3 (niacin) deficiency

Vitamin B3

is the correct answer. The patient has evidence of dementia, diarrhoea and dermatitis. This is typical of Pellagra caused by niacin deficiency. It may result in death. These patients often have a characteristic rash around their necks called a Casal necklace. Alcoholism is a risk factor for niacin deficiency as it results in poor ability to use ingested niacin.

Vitamin B1

is incorrect. Deficiency of thiamine (vitamin B1) is common in alcoholics and can cause Wernicke's encephalopathy. This is a cause of confusion but it is typically associated with ophthalmoplegia and ataxia, which are absent here. Additionally, it is not typically associated with dermatitis.

Vitamin B12

is incorrect. Vitamin B12 deficiency is associated with a host of symptoms but it is not typically associated with dermatitis in this characteristic distribution or diarrhoea. In severe B12 deficiency, we may expect peripheral neuropathy with extensor plantar responses and abnormal reflexes (i.e. subacute combined degeneration of the spinal cord), which are absent there.

Vitamin C

is incorrect. This deficiency is more common in alcoholics. However, it is typically associated with bleeding from mucus membranes and easy bruising, which are not mentioned here.

Vitamin D

is incorrect. Deficiency of this vitamin causes myalgia and proximal myopathy in severe cases. It is not associated with dementia, diarrhoea or dermatitis."
9,Which of the following is not a tumour suppressor gene?,"[""p53"", ""APC"", ""NF-1"", ""Rb"", ""myc""]",myc,4,
10,"A 52-year-old woman presents to the rheumatology clinic with a 6-month history of dry eyes, dry mouth, and joint pain. She reports difficulty swallowing dry foods and needs to sip water frequently. On examination, she has bilateral parotid gland enlargement. Anti-Ro and anti-La antibodies are positive. A lip biopsy shows focal lymphocytic sialadenitis.

Which HLA type is most strongly associated with this patient's condition?","[""HLA-B27"", ""HLA-DR2"", ""HLA-DR3"", ""HLA-DR4"", ""HLA-DQ2""]",HLA-DR3,2,"Sjogren's syndrome- HLA- DR3

HLA-DR3

is the correct answer. This patient has classic features of Sjögren's syndrome, including sicca symptoms (dry eyes and dry mouth), parotid gland enlargement, positive anti-Ro and anti-La antibodies, and histological evidence of focal lymphocytic sialadenitis on lip biopsy. Sjögren's syndrome is an autoimmune exocrinopathy that primarily affects the salivary and lacrimal glands. It has a strong genetic component, with HLA-DR3 being the most strongly associated HLA type in Caucasian populations. This association is thought to be related to the role of HLA-DR3 in presenting autoantigens to T cells, contributing to the autoimmune process. The relative risk for Sjögren's syndrome in individuals with HLA-DR3 is approximately 2-3 times higher than in the general population.

HLA-B27

is incorrect. While HLA-B27 is strongly associated with several autoimmune conditions, it is primarily linked to the spondyloarthropathies, including ankylosing spondylitis, reactive arthritis, psoriatic arthritis, and enteropathic arthritis. It is also associated with acute anterior uveitis. The clinical features described in this case are not consistent with these conditions.

HLA-DR2

is incorrect. HLA-DR2 is associated with narcolepsy and Goodpasture's syndrome. Narcolepsy presents with excessive daytime sleepiness, cataplexy, and sleep paralysis. Goodpasture's syndrome is characterised by pulmonary haemorrhage and rapidly progressive glomerulonephritis due to anti-glomerular basement membrane antibodies. Neither of these conditions matches the clinical picture presented.

HLA-DR4

is incorrect. HLA-DR4, particularly the DRB1*04:01 and DRB1*04:04 alleles, is strongly associated with rheumatoid arthritis and type 1 diabetes mellitus. While the patient does have joint pain, which could be a feature of rheumatoid arthritis, the predominant symptoms of dry eyes and mouth, along with the positive anti-Ro and anti-La antibodies, are more consistent with Sjögren's syndrome.

HLA-DQ2

is incorrect. HLA-DQ2 (along with HLA-DQ8) is strongly associated with coeliac disease, an autoimmune condition triggered by gluten ingestion that primarily affects the small intestine. The clinical features in this case do not suggest coeliac disease, which typically presents with gastrointestinal symptoms, malabsorption, and extra-intestinal manifestations such as dermatitis herpetiformis."
11,"A research team investigating on new medications for reducing the recurrence of Clostridium difficile have identified bezlotoxumab as a possible treatment for reducing reinfection when given alongside antibiotic therapy. The team hypothesised that bezlotoxumab would be superior to placebo treatment at reducing the recurrence of infection.

The initial null hypothesis stated: there is no difference between bezlotoxumab and placebo in reducing recurrence of Clostridium difficile infection.

The team find that bezlotoxumab reduced recurrent Clostridium difficile infections by 38%.

Following the collation of all the results. The team find the study to have a power of 0.95.

How should this power result be interpreted?","[""The null hypothesis cannot be accepted or rejected, more data is required"", ""There is a high probability that the null hypothesis can be correctly rejected as a false hypothesis"", ""There is a high probability that the observed difference could have occurred by random change"", ""There is a low probability that the null hypothesis can be correctly rejected as a false hypothesis"", ""There is a low probability that the observed difference could have occurred by random chance""]",There is a high probability that the null hypothesis can be correctly rejected as a false hypothesis,1,"Power - the probability of (correctly) rejecting the null hypothesis when it is false

Power is defined as the probability of correctly rejecting the null hypothesis when it is false. Power is calculated as 1 - (the probability a type II error). A type II error is where a false negative result occurs. Hence, a high power value (0.95 or 95% in this instance) means that there is a high probability that the null hypothesis can confidently be rejected.

P-value is the calculation of the likelihood of an observed result occurring due to chance. Commonly p-values are recorded to be less than 0.05 to be considered to be statistically significant. A p-value of <0.05 can be interpreted as: there is a  greater 95% chance that the observed difference has not occurred due to chance. Or inversely that there is a less than 5% chance that the observed result occurred due to chance. The p-value has not been mentioned in the above question and is not associated with power.

There is enough information here with the high power value to confidently reject the null hypothesis so the first answer is incorrect."
12,"During a newborn physical examination, a paediatrician notes cleft palate, low-set ears and a holo-systolic murmur along the left lower sternal border. Blood tests show hypocalcaemia and chest x-ray reveals an absent thymic shadow and a 'boot-shaped' heart. Further investigations confirm a ventricular septal defect, right ventricular hypertrophy and an overriding aorta.

Which of the following congenital heart diseases is most likely present in this newborn?","[""Total anomalous pulmonary venous return"", ""Transposition of great vessels"", ""Aortic coarctation"", ""Tetralogy of Fallot"", ""Tricuspid atresia""]",Tetralogy of Fallot,3,"Cardiac abnormalities of DiGeorge syndrome include truncus arteriosus and tetralogy of Fallot

This patient has a primary immunodeficiency disorder, DiGeorge syndrome, which is also known as 22q11.2 deletion syndrome. It is highly associated with Tetralogy of Fallot and truncus arteriosus.

'CATCH22' is a mnemonic used to describe some of the key features of this condition:

C - Cardiac abnormalities

A - Abnormal facies

T - Thymic aplasia

C - Cleft palate

H - Hypocalcaemia/ hypoparathyroidism

22 - Caused by chromosome 22 deletion"
13,"A 24-year-old woman with known allergies attends the emergency department with shortness of breath. This occurred whilst eating in a restaurant.

On arrival, she has an audible wheeze, swelling of her lips and tongue, and a widespread urticarial rash. You promptly administer intramuscular adrenaline and her condition rapidly improves.

Following a period of observation, she is discharged with two auto-injectors containing the same drug in case of future events, and a plan for outpatient follow-up in an allergy clinic.

What receptor does this drug act on?","[""G protein-coupled"", ""Guanylate cyclase"", ""Ligand-gated ion"", ""Serine/threonine kinase"", ""Tyrosine kinase""]",G protein-coupled,0,"Adrenaline acts via G protein-coupled receptors

Adrenaline is the main drug used in the management of anaphylaxis. It results in vasoconstriction which counteracts the vasodilation and increased vascular permeability associated with this condition. Adrenaline acts via

G protein-coupled

receptors.

Guanylate cyclase

receptors are transmembrane proteins that span the cell lipid bilayer. They contain intrinsic enzyme activity and include atrial natriuretic factor and brain natriuretic peptide. Nitric oxide acts via these receptors but adrenaline does not.

Ligand-gated ion channel

receptors are transmembrane proteins which open to allow ions (e.g. Na

+

, K

+

, Ca

2+

) to pass through in response to the binding of chemical messengers or ligand.  These ion movements result in processes such as depolarisation or hyperpolarisation within cells. Several ligands can open these channels but adrenaline is not one of them.

Serine/threonine kinase

receptors are a small group of kinase enzymes that are bound by the ligand transforming growth factor beta (TGF-β). This plays an important role in wound healing, immunoregulation and cancer. Adrenaline does not interact with these receptors.

Tyrosine kinase

, a type of enzyme receptor in the cell membrane, resulting in a signal transduction cascade within cells. Several drugs interact with these receptors including insulin and chemotherapies such as imatinib. Again, adrenaline does not interact with these receptors."
14,"A 61-year-old man is seen in clinic due to numbness and tingling in his left hand. On examination he has weakness of elbow extension, metacarpophalangeal joint flexion and extension and distal interphalangeal joint flexion with all other movements preserved, all reflexes are normal and sensation is normal apart from reduced pin-prick sensation over the medial aspect of the hand. An MRI scan of the cervical spine is performed as a nerve lesion is suspected.

Which of the following pathologies is most likely to be found on the scan based on the clinical findings?","[""Disc herniation between C5 and C6"", ""Disc herniation between C6 and C7"", ""Disc herniation between C7 and T1"", ""Facet joint hypertrophy between C6 and C7"", ""Facet joint hypertrophy between C7 and T1""]",Disc herniation between C7 and T1,2,"C8 is the ONLY cervical nerve root that comes out BELOW the vertebra

The scenario describes someone with a C8 radiculopathy evidenced by reduced sensation in the C8 dermatome (the medial side of the hand over the little finger) and weakness of the C8 myotome (flexion of the distal interphalangeal and metacarpophalangeal joints). The other options available correspond to the C6 or C7 roots and these are unaffected as evidenced by normal elbow flexion and thumb sensation (C6) and normal sensation over the middle finger (C7). Elbow extension is weak as it has roots from both C7 and C8 and so cannot be used alone to decide between the two levels clinically.

The C8 nerve root exits the spine below the C7 vertebra, being the only cervical nerve root which exits below a vertebra. The rest of the cervical nerve roots derive their name from the vertebra below them. The most common acute pathology causing a radiculopathy is a disc herniation and therefore this is the correct answer."
15,"Elderly individuals with Alzheimer's disease often receive antipsychotic medications to manage symptoms such as delusions, aggression, and agitation. Researchers aimed to investigate whether these medications elevate the risk of mortality in patients with dementia. They assessed both published and unpublished studies to conduct a study, concluding that antipsychotics may be linked to a marginally increased risk of death in elderly patients when compared to placebo.

What is the type of study described above?","[""Case control study"", ""Cohort study"", ""Cross sectional study"", ""Meta analysis"", ""Randomised controlled trial""]",Meta analysis,3,"Meta-analysis increases power and improves estimates of the size of the effect by combining individual studies that may be low-powered

A

meta-analysis

is a statistical approach that synthesises the results of multiple studies to enhance overall statistical power. This technique is particularly useful when individual studies lack sufficient size to draw reliable conclusions. In this context, researchers have included both published and unpublished studies in their analysis to refine the estimation of effect size, revealing that antipsychotic medication use in elderly individuals may be associated with a marginally increased risk of mortality compared to placebo.

A

case-control study

identifies individuals who have a specific condition and pairs them with control subjects without the condition. Unlike meta-analyses, case-control studies do not combine data from various sources to bolster statistical strength.

A

cohort study

involves selecting groups based on their exposure to a particular factor and monitoring these groups over time to observe outcomes. Cohort studies, like case-control studies, do not merge findings from different research projects to augment statistical power.

Cross-sectional studies

capture data at a single point in time, offering a 'snapshot' view. Their observational nature and time limitations mean they provide weaker evidence for causal relationships than other study designs. Cross-sectional studies also do not amalgamate results from separate investigations for enhanced power.

Although

randomised controlled trials

are regarded as the gold standard for assessing the efficacy of therapeutic or preventive interventions, they similarly do not compile data from multiple studies to increase statistical leverage."
16,"An 18-year-old man presents with increasing difficulty walking. On examination, there is bilateral pes cavus, ataxic gait, nystagmus, diffuse leg muscle wasting, absent lower limb reflexes and bilateral upgoing plantars. His walking difficulty has been getting progressively worse since he was 14 years old.

He states his cousin had similar difficulties walking, had heart failure and died in his 30s suddenly. The patient is currently seeing a cardiologist for an investigation into hypertrophic cardiomyopathy. Both his parents are fit-and-well.

How is the likely condition inherited?","[""Autosomal dominant"", ""Autosomal recessive"", ""Mitochondrial"", ""X-linked dominant"", ""X-linked recessive""]",Autosomal recessive,1,"Friedreich's ataxia is autosomal recessive

Autosomal recessive

is correct. The signs described above, with cerebellar signs, pes cavus (indicating long-term neurological deficit) and extensor plantars with absent knee reflexes indicative of conditions such as motor neurone disease, subacute combined degeneration of the spinal cord, taboparesis and Friedreich's ataxia. As there is a family history described with associated cardiomyopathy, it is most likely the congenital cause in the aforementioned list, being the frataxin gene associated with Friedreich's ataxia.

Autosomal dominant

is incorrect as both his parents are fit-and-well, and a cousin has a similar presentation, which means it seems more likely to be an autosomal recessive mode of inheritance. The spinocerebellar ataxias, which also present with progressive difficulty in walking and cerebellar signs, are predominantly autosomal dominant. However, in this case, there is clear cardiomyopathy in the family, which indicates Friedreich's ataxia.

Mitochondrial

is an incorrect answer, as there is the mother is not experiencing any of the symptoms. This case is describing an ataxic syndrome with cardiomyopathy which is most likely to be Friedreich's. However, there are neuromuscular disorders which are inherited from the maternal mitochondria, most notably Kearn-Sayre syndrome, which presents with complex ophthalmoplegias.

X-linked dominant

is incorrect. There are currently no known X-linked dominant inherited conditions which would appear to cause progressive ataxia and cardiomyopathy.

X-linked recessive

is an incorrect answer. Some of the rarer forms of spinocerebellar ataxias are inherited in an  X-linked recessive pattern, but this would not explain the cardiomyopathy."
17,You review a 29-year-old woman who is recovering from a fracture of the right olecranon. Since the fracture she has noticed that the little finger on her right hand is numb. Which nerve is likely to have been damaged?,"[""Ulnar nerve"", ""Radial nerve"", ""Axillary nerve"", ""Musculocutaneous nerve"", ""Median nerve""]",Ulnar nerve,0,
18,"You sample 100 patients' systolic blood pressure readings from your patient list and calculate the mean systolic blood pressure to be 130 mmHg. This baseline data will be used before enrolling these patients on a weight loss programme to measure the effect this has on blood pressure. The standard deviation of your data is 5. You wish to determine how accurate your estimate of the mean is likely to be.

What is the standard error of the mean?","[""0.05"", ""0.5"", ""1.3"", ""2"", ""13""]",0.5,1,"Standard error of the mean = standard deviation / square root (number of patients)

The standard error of the mean is a good measure to determine the accuracy of the mean value of a dataset. You divide the standard deviation by the square root of your sample size.

In this scenario, the standard deviation is 5 and the sample size is 100. Therefore 5 is divided by 10 which is 0.5."
19,"A 64-year-old man has just been started on dapagliflozin by his GP for better control of his established type 2 diabetes mellitus after a high HbA1c result.

Where is the primary site of the action of this drug?","[""Pancreatic acinar cells"", ""Pancreatic beta cells"", ""Renal cortical collecting duct"", ""Renal distal convoluted tubule"", ""Renal proximal convoluted tubule""]",Renal proximal convoluted tubule,4,"The majority of glucose reabsorption in the nephron occurs within the proximal convoluted tubule

Dapagliflozin is a reversible sodium-glucose co-transporter 2 (SGLT-2) inhibitor that acts on the

renal proximal convoluted tubule

to reduce glucose reabsorption. The proximal convoluted tubule is the primary site of glucose reabsorption and so inhibition here leads to significant glucose loss to urine (glycosuria). Glycosuria has benefits for glycaemic control and weight loss but does increase the risk of urinary tract infections. Other SGLT-2 inhibitors include canagliflozin and empagliflozin (note the

-flo-

in the middle of the drug names can be used as memory aid: think of flow of urine).

The

renal distal convoluted tubule

is important in the absorption of many ions include sodium, chloride, calcium and potassium. It has no significant role in glucose reabsorption.

The

renal cortical collecting duct

regulates the reabsorption of water. It again has no significant role in glucose reabsorption.

Pancreatic beta cells

are the main site of action for sulfonylureas, another class of drug in the management of diabetes.

Pancreatic acinar cells

have an important role in exocrine function but they are not the primary target of SGLT-2 inhibitors."
20,Which one of the following best describes the Hering-Bruer reflex?,"[""Lung distension causing slowing of the respiratory rate"", ""Raised hydrogen ion concentration in the ECF stimulating respiration"", ""Low pO2 stimulating the carotid and aortic bodies"", ""Lung distension causing increase of the respiratory rate"", ""Decreased hydrogen ion concentration in the ECF stimulating respiration""]",Lung distension causing slowing of the respiratory rate,0,
21,"A 57-year-old Afro-Caribbean female presents with a 4-week history of persistent hoarseness.

She denies any coryzal or flu-like illness prior to this, although she admits to losing around a stone of weight in the past two months and feeling generally exhausted recently.

In an attempt to feel less tired, she has been taking over-the-counter vitamin B12 supplements which have not made any difference.

She is a smoker with a 20-pack-year history and drinks socially.

Which of the following is the biggest risk factor for the likely underlying diagnosis?","[""Dark skin"", ""Female gender"", ""Human papillomavirus 6/11"", ""Human papillomavirus 16/18"", ""Excessive vitamin B12 supplementation""]",Human papillomavirus 16/18,3,"Human papillomavirus 16/18 is a risk factor for oropharyngeal cancer

Some types of human papillomavirus (HPV) are proven risk factors of neoplastic transformation in cervical, anal, oral or pharyngeal cancers. For genital cancers, the highest risk HPV types are 16, 18, 31, 45.

HPV-16 and HPV-18 carry the highest risk of oropharyngeal cancer and this is, therefore, the correct answer. Persistent unexplained hoarseness or pain in the throat, particularly in smokers with significant unexplained weight loss, should raise the suspicion of oropharyngeal cancer. NICE advice is to consider a 2-week-wait referral for any patient > 45 years old with persistent unexplained hoarseness or an unexplained lump in the neck.

HPV-6 and HPV-11 typically cause genital warts. HPV-6 can also cause oral and laryngeal papillomas but does not usually cause oropharyngeal cancers.

Excessive vitamin B12 supplementation is not known to cause oropharyngeal cancers. Low levels of B vitamins and folate have been associated with some cancers in some studies.

Male gender, and not female gender, is a risk factor for oropharyngeal cancer.

Fair skin, rather than dark skin, is a risk factor for oropharyngeal cancer."
22,"A study looks at whether golf actually increases the risk of medial epicondylitis. Sixty people who regularly play golf are matched to sixty people who do not play golf. Thirty of the golfers had developed medial epicondylitis at some point compared to ten of the non-golfers.

What is the odds ratio of developing medial epicondylitis for people who play golf?","[""0.3"", ""3"", ""5"", ""2.5"", ""3.33""]",5,2,
23,"A rapid finger-prick blood test to help diagnosis deep vein thrombosis is developed. Comparing the test to current standard techniques a study is done on 1,000 patients:


	DVT present	DVT absent
New test positive	200	100
New test negative	20	680

What is the specificity of the new test?","[""680/880"", ""200/220"", ""680/780"", ""680/700"", ""200/300""]",680/780,2,"Specificity = TN / (TN + FP)

The correct answer is 680/780 (87.2%). Specificity measures the proportion of true negatives that are correctly identified by a test. It is calculated by dividing the number of true negatives by the total number of people without the condition (true negatives + false positives). In this case, there are 680 true negatives and 100 false positives, making a total of 780 people without DVT. Therefore, the specificity is 680/780.

680/880

is incorrect because this uses the wrong denominator. 880 represents the sum of true negatives (680) and true positives (200), which is not the calculation for specificity.

200/220

is incorrect as this calculation (200 divided by [200+20]) actually represents sensitivity, not specificity. Sensitivity measures the proportion of true positives correctly identified by the test.

680/700

is incorrect as 700 represents the sum of true negatives (680) and an arbitrary 20, which has no meaningful interpretation in test characteristics calculations.

200/300

is incorrect as these numbers do not represent any meaningful calculation of test characteristics. 300 is the sum of true positives (200) and false positives (100), while specificity requires true negatives in its calculation.

Understanding test characteristics is crucial for clinicians to interpret diagnostic tests appropriately and make informed decisions about patient care. Specificity is particularly important when ruling in a condition, as a highly specific test will have few false positives."
24,Patients with deficiencies of which one of the following complement proteins are most predisposed to disseminated meningococcal infection?,"[""C1"", ""C2"", ""C3"", ""C4"", ""C5""]",C5,4,
25,"A 19-year-old man is referred to neurology with a 2-year history of progressive gait disturbance and clumsiness. He has no significant past medical history. His parents are unaffected, but his younger sister has similar symptoms. On examination, he has dysarthria, absent ankle reflexes, and extensor plantar responses. Echocardiogram shows concentric left ventricular hypertrophy. Genetic testing confirms a GAA trinucleotide repeat expansion.

What is the most likely inheritance pattern of this condition?","[""Autosomal dominant"", ""Autosomal recessive"", ""Mitochondrial"", ""X-linked dominant"", ""X-linked recessive""]",Autosomal recessive,1,"Friedreich's ataxia is autosomal recessive

Autosomal recessive

is the correct inheritance pattern for this patient with Friedreich's ataxia. The clinical presentation is classic: progressive ataxia beginning in adolescence, dysarthria, absent lower limb reflexes, and extensor plantar responses. The cardiac involvement (concentric LVH) is also typical. The genetic testing confirms a GAA trinucleotide repeat expansion in the frataxin gene on chromosome 9, which is pathognomonic for Friedreich's ataxia. This condition follows an autosomal recessive inheritance pattern, meaning both parents must be carriers (heterozygotes) for the child to be affected (homozygote). This explains why the parents are unaffected but two siblings have the condition. In autosomal recessive conditions, there is typically a 25% chance of each child being affected when both parents are carriers.

Autosomal dominant

inheritance is incorrect. In autosomal dominant conditions, only one copy of the mutated gene is needed to express the disease, and typically one parent would be affected. The fact that both parents are unaffected makes this pattern unlikely. Additionally, Friedreich's ataxia is definitively known to be autosomal recessive. Other spinocerebellar ataxias (SCAs) do follow autosomal dominant inheritance, but they have different clinical features and genetic mutations.

Mitochondrial

inheritance is incorrect. Mitochondrial disorders are transmitted exclusively through the maternal line, as mitochondrial DNA comes only from the mother. The pattern described in this case, with unaffected parents and affected siblings of both sexes, is not consistent with mitochondrial inheritance. Additionally, while mitochondrial disorders can cause neurological symptoms, the specific constellation of findings in this case is characteristic of Friedreich's ataxia.

X-linked dominant

inheritance is incorrect. In X-linked dominant conditions, females are typically more severely affected than males, and affected males would have an affected mother. The pattern described in this case does not fit X-linked dominant inheritance, and Friedreich's ataxia is known to affect chromosome 9, not the X chromosome.

X-linked recessive

inheritance is incorrect. In X-linked recessive conditions, males are predominantly affected while females are typically carriers. The fact that the patient's sister is also affected makes X-linked recessive inheritance unlikely, as females would need two copies of the mutated gene to express the disease. Furthermore, Friedreich's ataxia involves a mutation on chromosome 9, not the X chromosome."
26,Which one of the following is in direct anatomical contact with the right kidney?,"[""Gallbladder"", ""Liver"", ""Stomach"", ""Distal part of small intestine"", ""Duodenum""]",Duodenum,4,
27,"A 69-year-old man of African descent presented with an elevated prostate-specific antigen (PSA) level of 23 ng/ml and underwent a prostate biopsy. This demonstrated adenocarcinoma with a Gleason score of 7. Magnetic resonance imaging examination showed abnormal signals on both sides of the prostate. A bone scan showed two bone metastatic lesions. The clinical stage was evaluated as T2 N0 M1b. He underwent surgical and hormonal treatment. He has a strong family history of cancer and so genetic testing was performed.

What following mutation is he most likely to have?","[""APC mutation"", ""BRAF mutation"", ""BRCA mutation"", ""HOXB13 mutation"", ""Ret mutation""]",BRCA mutation,2,"Men with BRCA mutations have an increased risk of prostate cancer

BRCA mutation

is the correct answer as in men this boost your odds of developing hereditary prostate cancer, especially the BRCA2 gene with a more aggressive phenotype. BRCA1 and BRCA2 are tumour suppressor genes and both are inherited in an autosomal dominant fashion with incomplete penetrance.

APC mutation

is not largely involved in the development of clinical prostate cancer. Mutation of the APC gene is responsible for colorectal tumours in which ras and p53 mutations are also often involved.

BRAF mutation

are rare in early and late-stage prostate cancer and therefore the incorrect answer here. BRAF mutations are actually found in roughly half of the melanomas we see.

Ret mutation

means you have a condition called multiple endocrine neoplasia type 2 (MEN 2). MEN 2 increases your risk for certain types of cancers, including medullary thyroid cancer.

HOXB13 mutation

carrier rate is relatively common (0.34%) in European descendants and not African descents. This variant is associated with an increased risk of hereditary prostate cancer."
28,"An intercalating medical student conducts a case-control study for her dissertation, examining the life-long exposure to marijuana in groups of patients with and without COPD.

What form of bias is this study type most at risk of?","[""Detection bias"", ""Observer bias"", ""Publication bias"", ""Recall bias"", ""Response bias""]",Recall bias,3,"Recall bias is a particular problem in case-control studies

All doctors must practice evidence-based medicine, as outlined by the GMC. This means that it is crucial for all doctors to have an understanding of how to critically appraise a paper, which involves detecting potential sources of bias in the papers that you read. This is something that is commonly tested in medical school finals.

Case-control studies are particularly susceptible to recall bias, as those with COPD may relate their condition to their previous marijuana use and are therefore more likely to remember whether or not they have used marijuana in the past (and the extent of their previous use) than the patients in the control group who do not have COPD.

Detection bias: Outcomes are sought after more in one group than in another
Observer bias: There is observer subjectivity about the outcome
Publication bias: Studies that report negative findings are less likely to be published
Recall bias: Patients are more likely to recall exposures that they believe are related to the outcome
Response bias: Those who respond to a questionnaire / volunteer for a trial are not representative of the population"
29,In a normal distribution what percentage of values lie within 3 standard deviations of the mean?,"[""68.3%"", ""98.3%"", ""95.4%"", ""99.7%"", ""97.2%""]",99.7%,3,
30,Which one of the following techniques would be most suitable to detect and quantify a viral protein?,"[""Polymerase chain reaction"", ""Northern blotting"", ""Western blotting"", ""Southern blotting"", ""Eastern blotting""]",Western blotting,2,"Molecular biology techniques

The correct answer is

Western blotting

. Western blotting is a widely used analytical technique in molecular biology and medicine to detect specific proteins in a sample of tissue homogenate or extract. It uses gel electrophoresis to separate denatured proteins by the length of the polypeptide. The proteins are then transferred to a membrane, where they can be stained to show the pattern of protein expression. This makes it an excellent tool for detecting and quantifying viral proteins.

Polymerase chain reaction (PCR)

is incorrect as this technique is primarily used for amplification and detection of DNA and RNA sequences, not proteins. PCR can indirectly suggest the presence of a virus if the viral genome or transcripts are detected, but it does not directly quantify viral proteins.

Northern blotting

also would not be suitable for detecting viral proteins as it is a technique used in molecular biology research to study gene expression by the detection of RNA (or isolated mRNA) in a sample.

Southern blotting

is another technique that wouldn't be appropriate for this purpose. Southern blotting is used for detection of a specific DNA sequence in DNA samples. While it's useful in some aspects of virology such as determining virus integration into host DNA, it doesn't detect or quantify viral proteins.

Finally,

Eastern blotting

, while less commonly known than its counterparts, is also not suitable here. Eastern blotting refers to either one of two different methods (depending on who you ask), but neither involves the direct detection or quantification of viral proteins: one method involves analysis post-translational modifications of peptides and proteins such as lipids and phosphates; the other refers to transfer of already blotted (Western, Northern or Southern) biomolecules onto PVDF or nitrocellulose membranes for further analysis using other probes."
31,Which of the following correctly defines 'power' in medical statistics?,"[""Power = 1 - the probability of a type II error"", ""Power = 1 - the probability of a type I error"", ""Power = the probability of a type II error"", ""The power of a study is the probability that a statistically significant difference will not be detected"", ""Power is the probability of incorrectly rejecting the null hypothesis""]",Power = 1 - the probability of a type II error,0,"Power = 1 - the probability of a type II error

The power of a study is the probability of (correctly) rejecting the null hypothesis when it is false, i.e. the probability of detecting a statistically significant difference.

Therefore, power can also be defined as 1 - the probability of a type II error (defined as accepting the null hypothesis when it is false).

A type I error occurs where the null hypothesis is rejected when it is true i.e. a false positive."
32,"A 26-year-old man is reviewed in the Medical Admissions Unit due to a hot, swollen left leg, which he had first noticed the day before.

He was born in Kazakhstan and migrated to the UK two years ago. He is very short-sighted, and was diagnosed with learning difficulties at school, but denies any other medical problems. On inspection, he is tall and slim, with long fingers and a kyphotic spine. His cheeks appear flushed, though he is not peripherally vasodilated elsewhere. Examination of his abdomen, as well as cardiovascular, respiratory and neurological systems, are all normal.

His calf measurements and D-dimer blood test result are shown below:


Left calf	35cm
Right calf	41cm


D-dimer	3500ug/L	(<500)

What is the most likely underlying pathology?","[""Cystinuria"", ""BehÃ§et's disease"", ""Phenylketonuria"", ""Tay-Sachs disease"", ""Homocystinuria""]",Homocystinuria,4,"Tall, long fingered, downward lens dislocation, learning difficulties, DVT - homocystinuria

The unifying diagnosis in this patient is homocystinuria - an autosomal recessive condition caused by defects in methionine metabolism. Features consistent with homocystinuria in this patient include malar flush, tall stature, arachnodactyly, myopia, learning difficulties and unprovoked DVT at a young age. The significance of his immigration status is that babies born in the UK would usually be screened for homocystinuria via the newborn heel prick test, whereas this may have been missed in the given scenario.

Cystinuria is an autosomal recessive condition caused by inadequate reabsorption of cysteine in the proximal convoluted tubule, leading to recurrent nephrocalcinosis.

BehÃ§et's disease is a reasonable diagnosis to consider when dealing with a patient from Central Asia with an unprovoked DVT at a young age - however, nearly all patients with BehÃ§et's disease present with ulcerations, usually of the mouth. Other 'hallmark' symptoms of BehÃ§et's include uveitis or iritis; genital ulcers and skin lesions such as folliculitis, which are not seen here. BehÃ§et's does not provide an explanation for this patient's myopia, learning difficulties, or arachnodactyly.

Phenylketonuria is a different inborn error of metabolism that can lead to learning difficulties and is usually picked up on the heel prick test. However, the other common defining feature of phenylketonuria is seizure activity, rather than any of the signs and symptoms described in this patient.

Tay-Sachs disease is a rare lysosomal storage disorder, which is associated with progressive neurological deterioration and is usually fatal before adulthood."
33,"A 55-year-old woman complains of neck and right arm pain for the past two months. The pain is often triggered by flexing her neck. Her past medical history includes osteoarthritis of her knee, obesity and depression. On examination there is no obvious muscle atrophy or weakness of the right arm. There is however some sensory loss over the middle finger and palm of the hand. Which nerve root is most likely to be affected by the impingement?","[""C4"", ""C5"", ""C6"", ""C7"", ""C8""]",C7,3,
34,"A randomised controlled trial is performed to look at a new drug to prevent hip fractures in postmenopausal women. Group A consists of 1,000 women who take the new drug whilst group B contains 1,400 women taking a placebo. The hip fracture rate in group A is 2% and in group B is 4%. What is the number needed to treat to prevent one hip fracture?","[""10"", ""50"", ""6"", ""12"", ""2""]",50,1,"NNT = 1 / Absolute Risk Reduction

They key to answering this question is to ignore irrelevant data such as the number of patients in each group.

Control event rate = 4% = 0.04

Experimental event rate = 2% = 0.02

Absolute risk reduction = 0.04 - 0.02 = 0.02

Number needed to treat = 1 / 0.02 = 50"
35,"A 78-year-old male patient who was admitted with a middle cerebral artery infarct that was complicated by a haemorrhagic transformation had a cardiac arrest on the medical ward. The team arrived and began chest compressions. The defibrillator showed the presence of sinus rhythm; there was no pulse was detected. The patient was given 1mg of intravenous medication in accordance with the Resuscitation Council UK adult advanced life support (ALS) algorithm and chest compressions were continued.

What type of receptor does this drug act on?","[""Enzyme-linked receptors"", ""G protein-coupled receptors"", ""Internal receptors"", ""Ion channel-linked receptors"", ""Voltage-sensitive ion channel""]",G protein-coupled receptors,1,"Adrenaline acts via G protein-coupled receptors

The drug which has been administered in this circumstance is adrenaline. Adrenaline binds to G protein-coupled receptors. G protein-coupled receptors, also known as seven-transmembrane domain receptors, are located in the cell membrane and bind to extracellular molecules and transmit signals intracellularly. When a ligand binds to the G-protein coupled receptor, it causes a conformational change in the receptor. This then causes an associated G protein to become activated by exchanging GDP for GTP. The two principal signalling pathways involved in G protein-coupled receptors intracellularly are cyclic AMP (cAMP) pathway and the phosphatidylinositol pathway.

Internal receptors, or intracellular receptors, are in the cytoplasm of the cell and respond to hydrophobic ligand molecules that move across the plasma membrane. Examples include thyroid and steroid hormones.

Enzyme-linked receptors, or a catalytic receptor, is a transmembrane receptor, whereby the binding of an extracellular ligand results in enzymatic activity within the intracellular side. Examples include receptor tyrosine kinase.

Ion channel-linked receptors open in response to specific ligand molecules binding to the extracellular component of the receptor protein. An example of this type of receptor is acetylcholine receptors.

Voltage-sensitive ion channels are located in excitable tissues and are a potential target for drugs which block the channel or interfere with conductance in other ways. Example of ion channels which can be targeted include Na+ channels which are blocked by some local anaesthetics (e.g. lidocaine)."
36,"You have collected pulse-rate data of patients given a new drug being trialled as an option for supraventricular tachycardia. The data consists of the patient's initial pulse, and then a second measurement for each patient 5 minutes after being given the drug.

Initial analysis of the data-set reveals that the differences between the two measurements do not follow a normal distribution.

Which of the following statistical tests would be the most appropriate to use to determine whether there was a significant difference between the pulse rate before and after the provision of the new drug?","[""Paired sample t-test"", ""Mann-Whitney U test"", ""One-way analysis of variance (ANOVA)"", ""Wilcoxon signed-rank test"", ""Independent sample t-test""]",Wilcoxon signed-rank test,3,"Wilcoxon signed-rank test - compares two sets of observations on a single sample, e.g. a 'before' and 'after' test on the same population following an intervention

Wilcoxon signed-rank test is the most appropriate test to use in this situation. As the data is paired but not normally distributed, non-parametric measures should be used in the analysis process (exceptions can sometimes be made if the sample size is extremely and the distribution only slightly skewed).

Wilcoxon signed-rank test is the non-parametric test used when data is in the form of two paired measurements (eg, 2 pulse measurements for the same patient in this case). It does not assume a normal distribution but does assume that the data is symmetrical. The test ranks the differences between the values and then calculates whether the values are likely to come from the same population (ie, whether there is a true difference between the before and after measurements).

Paired sample t-test is incorrect; this is used for paired data as in this case, but one of the key assumptions for justifying the use of this test is that the data is normally distributed. This is not the case in this scenario.

Mann-Whitney U test is incorrect; whilst this is used for non-parametric data as in this scenario, it is not used for paired data.

One-way ANOVA is incorrect; this is used to compare the means of parametric data when there are more than 2 groups.

Independent sample t-test is incorrect; this is used for parametric, non-paired data."
37,"A recently published meta-analysis on the prevalence of interstitial lung disease in patients with a history of severe acute respiratory syndrome coronavirus 2 (SARS-CoV-2) is discussed at a respiratory journal club that you attend. The presenter proposes that there is a publication bias influencing the data.

What test, plot or analysis would be the most useful in investigating the presenter's theory?","[""Box and whisker plot"", ""Chi-square test"", ""Funnel plot"", ""Kruskal-Wallis test"", ""Per-protocol analysis""]",Funnel plot,2,"Funnel plots - show publication bias in meta-analyses

Funnel plot is the correct answer. A funnel plot can be used to evaluate meta-analyses for publication bias. Funnel plots are usually drawn with treatment effects on the horizontal axis and study size on the vertical axis. An asymmetrical funnel indicates either publication bias or a systematic difference between smaller and larger studies ('small study effects').

Box and whisker plot is an incorrect answer. A box and whisker plot is a graphical depiction of a datasets quartiles, median and variability outside the upper and lower quartiles. It is, therefore, a far less appropriate test for publication bias than a funnel plot in this case.

Chi-square test is an incorrect answer. A chi-square test is used to determine if two independent groups differ from each other. It evaluates binary outcomes. It is not an appropriate test to investigate for the presence of publication bias.

Kruskal-Wallis test is an incorrect answer. The Kruskal-Wallis test is a non-parametric test which compares the means of two or more independent groups. The funnel plot is much more appropriate to evaluate a meta-analysis for publication bias than the Kruskal-Wallis test.

Per-protocol analysis is an incorrect answer. Per-protocol analysis is usually used to attempt to determine if a treatment has a biological effect. It involves the removal of participants from the data in a study who do not meet all the requirements of the protocol criteria for the study. It can introduce bias to a study as patients who experience adverse events often do not follow the protocol criteria for the entire study. This form of analysis is not used to investigate for the presence of publication bias."
38,Patients with deficiencies of which one of the following complement proteins are predisposed to Leiner disease?,"[""C1"", ""C2"", ""C3"", ""C4"", ""C5""]",C5,4,
39,Which of the following statements is true regarding autosomal dominant inheritance?,"[""Individuals who are symptomatic of the disease always have parents who are symptomatic of the disease"", ""Only heterozygotes manifest disease"", ""50% of children will be carriers"", ""Responsible for the majority of enzyme deficiency disorders"", ""The risk remains the same for each successive pregnancy""]",The risk remains the same for each successive pregnancy,4,
40,"A 3-year-old boy has been brought into the GP surgery by his parents. He presents with pallor, lethargy and enlargement of the abdomen. The boy's parents said that they only noticed these symptoms for the past 2 weeks but it has been gradually worsening over the longer period. The boy was born in the UK by normal vaginal delivery following an uncomplicated pregnancy. There is no significant past medical history or recent travel history. The mother reports a family history of a form of metabolic disorder but couldn't remember the name. On examination, there is generalised pallor. There is enlargement of the abdomen with massive splenomegaly which is firm but not tender. Hepatomegaly is also noted. There is no jaundice or lymphadenopathy.

What is the most likely diagnosis?","[""Gaucher's disease"", ""Heart failure"", ""Chronic myeloid leukaemia"", ""Acute myeloid leukaemia"", ""Kala azar""]",Gaucher's disease,0,"Gaucher's disease is the most common lipid storage disorder and a cause of hepatosplenomegaly

Gaucher's disease is an autosomal recessive disease and it is the most common lipid storage disorder. It's a cause of hepatosplenomegaly. The family history in the history indicates Gaucher's disease as the most likely.

Heart failure is unusual in children and does not usually cause massive splenomegaly.

Chronic myeloid leukaemia can cause massive splenomegaly but it is unusual in children.

Acute myeloid leukaemia can cause splenomegaly but massive splenomegaly is rare. It is not usually inherited.

Kala azar, also known as visceral leishmaniasis, is a cause of massive splenomegaly but given the lack of travel history, it is unlikely."
41,Which of the following conditions is NOT inherited in a X-linked recessive fashion:,"[""Myotonic dystrophy"", ""G6PD deficiency"", ""Haemophilia B"", ""Colour blindness"", ""Fabry's disease""]",Myotonic dystrophy,0,"X-linked conditions: Duchenne/Becker, haemophilia, G6PD

The correct answer is

Myotonic dystrophy

. Myotonic dystrophy, a multisystemic disorder characterised by progressive muscle wasting and weakness, is not inherited in an X-linked recessive fashion. Instead, it follows an autosomal dominant pattern of inheritance. This means that the condition can be passed on from one affected parent to their offspring irrespective of gender.

G6PD deficiency

, on the other hand, is an X-linked recessive disorder. Glucose-6-phosphate dehydrogenase (G6PD) is an enzyme involved in the pentose phosphate pathway, which is important for red blood cell metabolism. Deficiency leads to episodes of haemolytic anaemia triggered by infection, certain medications or foods such as fava beans.

Similarly,

Haemophilia B

, also known as Christmas disease, results from a deficiency of factor IX due to a mutation on the X chromosome and thus follows an X-linked recessive pattern of inheritance. It predominantly affects males while females are typically carriers.

Colour blindness

, specifically red-green colour blindness, is another example of an X-linked recessive disorder. The genes responsible for this condition are located on the X chromosome with males being most commonly affected.

Lastly,

Fabry's disease

is also inherited in an X-linked recessive fashion. It involves a deficiency in alpha-galactosidase A enzyme leading to progressive lysosomal deposition of globotriaosylceramide (Gb3) in various tissues causing multi-organ dysfunction."
42,"A 52-year-old man presents with confusion and disorientation. He is known to have chronic excessive alcohol use and recurrent admissions. On this admission, his wife reports a loss of appetite over the past few days, along with the development of diarrhoea. She has also noticed a rash across his arms. He does not take any regular medications.

On examination, he appears visibly confused and disoriented. A symmetrical rash is noted bilaterally on the forearms, erythematous in nature.

What is the most likely deficiency causing these signs and symptoms?","[""Cobalamin"", ""Folate"", ""Niacin"", ""Pyridoxine"", ""Thiamine""]",Niacin,2,"Pellagra is caused by vitamin B3 (niacin) deficiency

The history above is highly suggestive of pellagra, caused by a deficiency of vitamin B3, also known as

niacin

. Excess alcohol use, along with poor intake generally, can lead to multiple vitamin deficiencies. The history of symmetrical dermatitis, along with diarrhoea and confusion, is typical of pellagra. Treatment involves the replacement of niacin.

Cobalamin

is also known as vitamin B12. This classically presents with macrocytic anaemia and peripheral neuropathy, and sometimes glossitis and angular cheilitis. The history of diarrhoea, confusion and dermatitis here is much more suggestive of pellagra.

Folate

is also known as vitamin B9. Deficiency, as with B12 deficiency, also presents with macrocytic anaemia and the two are often linked. B12 deficiency should be corrected before initiating folate replacement. Whilst folate deficiency may also cause diarrhoea, the combination of symptoms here is suggestive of pellagra.

Pyridoxine

is also known as vitamin B6. This may cause some similar symptoms to pellagra, but classically also peripheral neuropathy, which is absent here.

Thiamine

is also known as vitamin B1. This is commonly seen in chronic alcohol users and underlies Wernicke's encephalopathy - a triad of confusion, ataxia and ophthalmoplegia. This may progress to Korsakoff psychosis, which also includes confabulation, amnesia and behavioural changes."
43,"A 66-year-old man presents to the emergency department with chest pain. He describes this as crushing central chest pain which is associated with nausea and sweating.

Blood results are as follows:


Hb	148 g/L	Male: (135-180)
Female: (115 - 160)
Platelets	268 * 109/L	(150 - 400)
WBC	14.6 * 109/L	(4.0 - 11.0)
Na+	136 mmol/L	(135 - 145)
K+	4.7 mmol/L	(3.5 - 5.0)
Urea	6.2 mmol/L	(2.0 - 7.0)
Creatinine	95 µmol/L	(55 - 120)
Troponin	4058 ng/L	(< 14 ng/L)

An ECG is performed which demonstrates:


Current ECG	Sinus rhythm, QRS 168ms, dominant S wave in V1
Previous ECG 12 months ago	No abnormality

What part of the heart's conduction system is likely to be affected?","[""AV node"", ""Interatrial pathway"", ""Internodal pathway"", ""Purkinje fibres"", ""SA node""]",Purkinje fibres,3,"The fastest conduction velocities in the heart are in the Purkinje fibres

A prolonged QRS (>120ms) with a dominant S wave in V1 is suggestive of left bundle branch block (LBBB). In the context of chest pain, a raised troponin, and a previously normal ECG, then the patient should be managed as an acute STEMI. LBBB occurs due to damage of the left bundle branch and associated

Purkinje fibres

.

Infarction of the

SA node

and

AV node

can also occur due to myocardial infarction. However, they would present with bradycardia and heart block.

The

Interatrial pathway

and

Internodal pathway

are part of the atrial conduction system. Infarction of the atria would not cause LBBB."
44,"A researcher is conducting an early clinical study into a novel procedure to reduce pain in patients with pain refractory to medication. The procedure is trialled in a small pilot sample of 14 patients. Pain is rated by the patient before and after the procedure using an 11-point numeric rating scale tool from 0-10, where pain of 10 is the greatest. The researcher wants to assess if there is a statistically significant reduction in pain following the procedure.

The researcher gathers the following data:



Patient	Pain before procedure	Pain after procedure	Difference
1	6	2	-4
2	1	8	+7
3	7	3	-4
4	2	9	+7
5	3	5	+2
6	10	2	-8
7	7	0	-7
8	9	6	-3
9	10	1	-9
10	9	3	-6
11	10	3	-7
12	9	5	-4
13	8	3	-5
14	6	0	-6

Which would be the most appropriate statistical test to use?","[""Chi-Squared test"", ""Mann-Whitney U test"", ""Paired sample t-test"", ""Student's t-test"", ""Wilcoxon signed-rank test""]",Wilcoxon signed-rank test,4,"Wilcoxon signed-rank test - compares two sets of observations on a single sample, e.g. a 'before' and 'after' test on the same population following an intervention

These data are paired - the study compares pain for an individual patient before and after a procedure, so the values are intrinsically linked to one another.

The paired sample

t

-test relies on assumptions which are unlikely to be true in this data set. To use the paired sample

t

-test we must assume that the differences in pain before and after follow a normal distribution and there are no significant outliers. This is unlikely to be true for two reasons. Firstly, there is a small sample size, which makes it less likely for the data to conform to the normal distribution. Secondly, the differences are drawn from an ordinal scale, which is itself not normally distributed.

In practice, we can confirm it using a test of goodness-of-fit to the normal distribution, for example the Shapiro-Wilk test (this shows these data are not normally distributed).

If the distribution of differences between pairs is non-normally distributed then the most appropriate test is the Wilcoxon signed-rank test.

The other non-parametric test in the options is the Mann Whitney U test. This compares randomly selected values from two populations and assesses the probability of one value being greater than the other. This would be suitable for unpaired, non-parametric data, but the random selection of values to compare from each population makes it unsuitable for a paired study."
45,"A researcher is investigating the effectiveness of a new pain management protocol for patients with rheumatoid arthritis. They recruit 40 patients and randomly allocate them to either the new protocol or standard care. Pain is measured using a validated 0-10 scale at the end of the 8-week study period. The data shows that pain scores are not normally distributed in either group.

Which statistical test is most appropriate to compare the pain scores between the two groups?","[""Chi-squared test"", ""Paired t-test"", ""Mann-Whitney U test"", ""Pearson correlation coefficient"", ""Wilcoxon signed-rank test""]",Mann-Whitney U test,2,"Mann-Whitney U test - compares ordinal, interval, or ratio scales of unpaired data

Mann-Whitney U test

is the correct statistical test to use in this scenario. This is a non-parametric test specifically designed to compare two independent (unpaired) groups when the data is not normally distributed. In this case, we have two separate groups of patients (new protocol vs standard care) with pain scores that are explicitly stated to be not normally distributed. The pain scale (0-10) represents ordinal or interval data. The Mann-Whitney U test compares the ranks of values between the two groups rather than the actual values themselves, making it robust against non-normal distributions and outliers.

Chi-squared test

is inappropriate here because it is used for categorical data to compare proportions or percentages between groups. Pain scores measured on a 0-10 scale represent ordinal or interval data, not categorical data. A chi-squared test would be appropriate if the outcome was binary (e.g., improved vs not improved) or categorical (e.g., mild, moderate, severe pain categories).

Paired t-test

is incorrect for two reasons. First, it is a parametric test that requires normally distributed data, which we are told is not the case here. Second, it is used for paired observations (before and after measurements in the same subjects), whereas this study involves two independent groups of patients receiving different interventions.

Pearson correlation coefficient

is used to measure the strength and direction of a linear relationship between two continuous variables. It does not test for differences between groups, which is what we need in this scenario. Additionally, it is a parametric test that assumes normally distributed data.

Wilcoxon signed-rank test

is a non-parametric alternative to the paired t-test. While it is appropriate for non-normally distributed data, it is specifically designed for paired or matched samples (e.g., before and after measurements in the same subjects). In this study, we have independent groups receiving different interventions, making this test inappropriate."
46,"A 31-year-old man is brought into the emergency department with a 2-day history of a severe headache and fever. He feels nauseated and has vomited 3 times in the last 6 hours. He reports being unwell during his adolescent years and more prone to bacterial infections.

On examination, he has a temperature of 39.2ºC. His heart rate is 110bpm and regular with a blood pressure of 103/60mmHg. He has a capillary refill time of 4 seconds with mottled skin peripherally. Chest sounds are clear and heart sounds are normal. His abdomen is soft and non-tender with no palpable organomegaly. Kernig's sign is positive.

Which of the following complement deficiencies increases the likelihood of this patient's presentation?","[""C1 inhibitor deficiency"", ""C3 deficiency"", ""C4 deficiency"", ""C5 deficiency"", ""C5-9 deficiency""]",C5-9 deficiency,4,"C5-9 deficiency predisposes to

This patient has meningitis given the history of fever and headache and a positive Kernig's sign which suggests meningeal irritation. The most common causes of meningitis include

Streptococcus pneumoniae

and

Neisseria meningitidis

. The complement proteins C5, C6, C7, C8 and C9 together form the membrane attack complex which acts to cause cell lysis and death of pathogens. A deficiency in these proteins increases the susceptibility to infections, particularly

Neisseria meningitidis

infections.

A C1 inhibitor protein deficiency is the cause of hereditary angioedema. The disease presents as spontaneous angioedema likely secondary to uncontrolled release of bradykinin resulting in oedema of the soft tissues of the face.

The complement protein C3 is needed for opsonisation and a deficiency in this protein predisposes patients to overwhelming infections with encapsulated organisms. The significance of recurrent infections in C3 deficiency is more severe than that of C5-9 deficiency and tends to present at an earlier age with an increased risk of mortality.

C1, C2 and C4 are form part of the classical complement pathway. A deficiency in either of these complements makes patients susceptible to immune complex diseases including systemic lupus erythematosus.

A C5 deficiency predisposes to a condition known as Leiner disease. It is a paediatric condition that presents with chronic diarrhoea, wasting and seborrheic dermatitis. A deficiency in C3 and C4 can also cause the condition."
47,"A 17-year-old boy presents with a 12 hour history of seizures and acute confusion, with a chronic history of headaches. There is a strong family history of cancers occurring prior to the age of 45.

An MRI head displays a high-density space-occupying lesion. He undergoes craniotomy and resection. Histology later reveals a high-grade glioma.

A whole-body MRI reveals:


Small diaphyseal osteosarcoma of the distal tibia

What gene mutation is likely to be responsible for this presentation?","[""APC"", ""BRCA1"", ""MLH1"", ""NF1"", ""TP53""]",TP53,4,"p53 - plays a crucial role in the cell cycle, preventing entry into the S phase until DNA has been checked and repaired

This scenario is describing a case of Li Fraumeni syndrome, a rare autosomal dominant condition that is characterised by multiple early onset primary malignancies. It occurs due to germline mutations in TP53.

TP53 is a tumour suppressor gene that encodes tumour protein P53, which plays a key role in DNA repair and preventing DNA damage. It regulates the checkpoint following the G1 phase of the cell cycle, also known as the G1/S transition.

The G1 phase is where the cell grows and produces the protein and mRNA required for DNA synthesis. Prior to entering S phase, where DNA is replicated, the cell must progress through regulated checkpoints that prevent the synthesis of damaged DNA that has the potential to repress apoptosis and proliferate without regulation. p53 can regulate this by both arresting cell cycle progression as well as initiating DNA repair and inducing apoptosis. Mutations in p53 result in an inactive form of the protein, which can lead to deranged apoptosis and ultimately uncontrolled cell proliferation and cancer formation.

The typical features of Li Fraumeni syndrome include early-onset (<45 years) osteosarcomas, breast cancers,  brain cancers, soft tissue sarcomas and adrenal carcinomas, with a similar history in first degree relatives. Regular whole-body imaging and ultrasound/biochemical screening are advised.

All of the options are tumour suppressor genes, meaning they encode proteins that inhibit cell proliferation. Mutations in which they are

de-activated

can result in cell proliferation. Oncogenes, on the other hand, increase cell division when

activated

.

APC

is implicated in many cell functions, chiefly, cytoskeletal regulation and control of cell polarity. Mutations in APC are implicated in familial adenomatous polyposis, which is strongly associated with colorectal cancer. Patients would typically present with a change in bowel habit and a strong family of colorectal cancer, unlike what is described here.

BRCA1

is responsible for the repair of DNA double-strand breaks. Mutations in this gene result in error-prone DNA repair and can cause breast and ovarian cancers. BRCA1 mutations are responsible for ~35% of all hereditary breast cancers. Patients would not be pre-disposed to gliomas or osteosarcomas as described here.

MLH1

encodes a protein responsible for DNA mismatch repair. Mutations are associated with hereditary nonpolyposis colorectal cancer (HNPCC). HNPCC typically presents with early-onset colorectal and/or endometrial cancer. This is not described here.

NF1

encode a protein called neurofibromin, which negatively regulates the RAS pathway - a process that promotes cell division and survival. Mutations are associated with neurofibromatosis type 1, whereby patients can exhibit cafe au lait spots, neurofibromas, optic gliomas and Lisch nodules. This is not described here."
48,"A 4-year-old boy presents with progressive difficulty in walking, frequent falls, and trouble getting up from the floor. His parents report that he uses his hands to push himself up into a standing position, which they describe as a 'climbing motion'.

Examination reveals calf muscle hypertrophy, a waddling gait, and proximal muscle weakness.

Serum creatine kinase levels are shown below.


Creatine kinase	2500 U/L	(35 - 250U/L)

Genetic testing confirms the diagnosis, showing a mutation in the DMD gene resulting in a stop codon.

Which type of mutation is most likely responsible for this presentation?","[""Frameshift mutation"", ""Missense mutation"", ""Nonsense mutation"", ""Silent mutation"", ""Trinucleotide repeat expansion""]",Nonsense mutation,2,"Nonsense - a mutation that results in a stop codon

Nonsense mutation

is correct because it introduces a premature stop codon, such as UAA, UAG, or UGA, leading to the early termination of dystrophin protein synthesis. The absence of functional dystrophin, critical for maintaining muscle cell integrity, explains the clinical findings: progressive proximal muscle weakness, Gowers' sign, calf hypertrophy, and markedly elevated creatine kinase levels due to ongoing muscle degeneration. Duchenne muscular dystrophy is an X-linked recessive disorder, and nonsense mutations in the DMD gene are a common cause.

A frameshift mutation

is incorrect because it arises from insertions or deletions of nucleotides that disrupt the reading frame, often leading to premature stop codons and truncated proteins. While frameshift mutations can occur in the DMD gene, the specific finding in this patient—a mutation causing a stop codon—points to a nonsense mutation as the more direct mechanism. Frameshift mutations also often have broader consequences on downstream protein structure.

A missense mutation

is incorrect as it results in a single nucleotide substitution that changes an amino acid within the protein. While missense mutations can affect protein function depending on their location within the dystrophin gene, they typically do not cause the complete loss of dystrophin seen in Duchenne muscular dystrophy. The severe phenotype described, with significant proximal weakness and calf hypertrophy at age 4, is more consistent with the lack of dystrophin caused by a nonsense mutation.

Silent mutation

is incorrect as it involves a nucleotide change that does not alter the amino acid sequence due to the redundancy of the genetic code. These mutations typically do not affect protein function or result in disease. Given the severe presentation in this child and the confirmed premature stop codon, a silent mutation is not a plausible explanation.

Trinucleotide repeat expansion

is incorrect because this type of mutation involves the pathological amplification of repetitive nucleotide sequences, such as in Huntington’s disease or Fragile X syndrome. These conditions often have distinct clinical features, such as neurodegeneration or intellectual disability, and are not associated with dystrophin deficiency or the muscular symptoms described in this patient."
49,"A researcher is conducting a meta-analysis of randomised controlled trials into the use of an existing drug for the treatment of COVID-19. The studies compare the use of the drug and standard care against a placebo and standard care.

He has plotted the studies on an axis with the treatment effect (odds ratio of in-hospital mortality due to COVID-19) on the horizontal axis and the standard error of the effect estimate on the vertical axis.

Which type of plot has been drawn?","[""Box plot"", ""Forest plot"", ""Funnel plot"", ""Histogram"", ""Normal Q-Q plot""]",Funnel plot,2,"Funnel plots - show publication bias in meta-analyses

A funnel plot is a meta-analytic plot with effect size (e.g. odds ratio) on the horizontal axis and a measure of the studies' standard error on the vertical axis (which is linked to study size). A symmetrical funnel plot suggests a lack of publication bias. An asymmetric funnel plot may be due to effects including publication bias or study heterogeneity.

This BMJ paper describes how to interpret a funnel plot. Sterne J et al. Recommendations for examining and interpreting funnel plot asymmetry in meta-analyses of randomised controlled trials BMJ 2011; 343 :d4002.

A box plot is used to plot the median and quartiles of a data set. They are useful as they are non-parametric and make no assumptions about the underlying statistical distribution of the data.

A forest plot is the main meta-analytic plot use to display the results of multiple studies, usually stacked vertically with the odds ratio on the horizontal axis.

A histogram is used to represent the distribution of numerical data. Data are organised into bins containing a range of values. If the bins are equal size, the height of the chart on the vertical axis represents the frequency of observation.

A normal Q-Q plot is a type of scatter plot which graphs theoretical quantiles against observed quantiles. It can help assess if a data-set came from a theoretical distribution e.g. the Normal distribution, which is important to decide if we can use parametric statistical methods like the t-test."
50,"A 48-year-old man with a history of heavy alcohol consumption for 20 years presents to the emergency department with confusion, unsteady gait, and blurred vision that have developed over the past week. He also describes recent episodes of irritability and forgetfulness.

Clinical examination reveals horizontal nystagmus, bilateral ophthalmoplegia, and truncal ataxia. Neurological evaluation shows impaired short-term memory and disorientation in time.

What is the underlying mechanism responsible for his symptoms?","[""Accumulation of toxic branched-chain keto acids due to defective dehydrogenase activity"", ""Decreased activity of thiamine-dependent enzymes impairing glucose metabolism"", ""Demyelination of central nervous system axons due to chronic alcohol use"", ""Impaired vitamin B6-dependent neurotransmitter synthesis leading to neuronal dysfunction"", ""Neuronal oxidative stress secondary to alcohol-induced mitochondrial dysfunction""]",Decreased activity of thiamine-dependent enzymes impairing glucose metabolism,1,"Vitamin B1 (thiamine) deficiency may be caused by alcohol excess

Decreased activity of thiamine-dependent enzymes impairing glucose metabolism

is the correct answer. Thiamine, or vitamin B1, is an essential cofactor for key enzymes involved in energy metabolism, including pyruvate dehydrogenase, alpha-ketoglutarate dehydrogenase, and transketolase. A deficiency in thiamine leads to a reduction in the activity of these enzymes, which hinders glucose utilisation and results in an accumulation of lactic acid within the brain. Chronic alcohol consumption can further aggravate this deficiency by interfering with the absorption, transport, and storage of thiamine. The clinical presentation of confusion, ophthalmoplegia, and ataxia seen in this patient is characteristic of Wernicke’s encephalopathy—a condition that arises from an energy deficit in vulnerable areas of the brain, such as the mammillary bodies and thalamus.

Accumulation of toxic branched-chain keto acids due to defective dehydrogenase activity

is incorrect because it refers to maple syrup urine disease—a hereditary disorder marked by deficient activity of the branched-chain alpha-ketoacid dehydrogenase enzyme complex. This condition typically presents with neurological symptoms and metabolic acidosis during infancy rather than adulthood and has no link to alcohol intake. While both disorders involve enzyme deficiencies, the specific clinical features such as confusion, ophthalmoplegia, and ataxia observed in this adult patient are consistent with thiamine deficiency impacting glucose metabolism.

Demyelination of central nervous system axons due to chronic alcohol use

is incorrect since prolonged alcohol consumption may lead to demyelinating conditions like central pontine myelinolysis or peripheral neuropathy as a result of nutritional deficiencies. However, demyelination typically manifests with symptoms such as motor weakness, spasticity or dysarthria rather than the triad indicative of Wernicke’s encephalopathy. The acute presentation featuring confusion, ophthalmoplegia, and ataxia points towards a metabolic disturbance rather than structural damage—thus distinguishing thiamine deficiency from demyelinating pathologies.

Impaired vitamin B6 (pyridoxine)-dependent neurotransmitter synthesis leading to neuronal dysfunction

is incorrect because vitamin B6 is crucial for the production of neurotransmitters like serotonin, dopamine, and gamma-aminobutyric acid. Deficiency in vitamin B6 may cause mood disturbances, peripheral neuropathy and seizures but not typically ophthalmoplegia or ataxia—symptoms that are indicative of a thiamine deficit affecting neurons dependent on energy metabolism. Although excessive alcohol intake can result in the depletion of multiple vitamins, the neurological signs exhibited are more indicative of Wernicke’s encephalopathy.

Neuronal oxidative stress secondary to alcohol-induced mitochondrial dysfunction

is incorrect as although chronic alcohol use can impair mitochondrial function leading to oxidative stress that injures neurons, this tends to cause broad cognitive deficits and fatigue rather than focal neurological signs typical of Wernicke’s encephalopathy. Instead, the sudden onset of confusion along with ophthalmoplegia and ataxia experienced by this patient directly relates to disruptions in thiamine-dependent enzymatic processes—not oxidative stress-related neuronal injury."
51,A 23-year-old man is referred to the ophthalmologists with visual problems which are found to be caused by a downward dislocation of the len in his right eye. The ophthalmologist notices his marfarnoid habitus and history of learning disabilities. A diagnosis of homocystinuria is suspected. What is the pathophysiology of this condition?,"[""Deficiency of S-adenosyl-methionine"", ""Deficiency of homocysteine transsulfurase"", ""Excess of cystathionine beta synthase"", ""Deficiency of cystathionine beta synthase"", ""Excess of homocysteine transsulfurase""]",Deficiency of cystathionine beta synthase,3,"Homocystinuria is caused by a deficiency of cystathionine beta synthase

Interestingly, patients with Down's syndrome have an excess of cystathionine beta synthase."
52,"An academic clinician is conducting research into the 6-month effects of clozapine on neutrophil levels. As part of her data analysis, she wants to evaluate whether a significant difference is present between neutrophil levels at baseline and after 6-months of treatment with clozapine. However, the data are non-normally distributed.

What would be the best way to assess for a significant difference between the two groups?","[""Chi-squared test"", ""Forest plot"", ""Least squares regression"", ""Mann-Whitney U test"", ""Wilcoxon signed-rank test""]",Wilcoxon signed-rank test,4,"Wilcoxon signed-rank test - compares two sets of observations on a single sample, e.g. a 'before' and 'after' test on the same population following an intervention

The correct answer is Wilcoxon signed-rank test.

The Wilcoxon signed-rank test is a non-parametric test used to compare two sets of observations on a single sample, e.g. a 'before' and 'after' test on the same population following an intervention. Please note, this test can be used as an alternative to the paired Student's t-test when the distribution of data is not normally distributed.

Chi-squared test is incorrect as this is used to compare proportions or percentages e.g. compares the percentage of patients who improved following two different interventions.

Forest plot is incorrect, this plot is used in meta-analyses and it is used to show weight and confidence intervals of individual studies and all the studies combined.

Least squares regression is incorrect, this is used to assess for a relationship between two quantitative values, e.g. the relationship between blood flow and artery radius.

Mann-Whitney U test is incorrect as this compares ordinal, interval, or ratio scales of unpaired data."
53,"You are designing a retrospective case-control study to assess risk factors related to the development of acute myeloid leukaemia. You identify that previous chemotherapy exposure is a potential risk factor. A histogram of each variable verifies that the data are normally distributed.

What type of significance test should you perform?","[""Chi-squared test"", ""Mann-Whitney U test"", ""Pearson's coefficient"", ""Spearman's coefficient"", ""Wilcoxon signed-rank test""]",Pearson's coefficient,2,"Correlation

Pearson's coefficient

is correct.  The Pearson correlation coefficient (r) is the most common way of measuring a linear correlation. It is a number between -1 and 1 that measures the strength and direction of the relationship between two variables. In order to use this coefficient, all the variables must be normally distributed.

All the other options

are incorrect. These methods are used to determine correlation with non-parametric data (e.g. data that is not normally distributed)."
54,A patient presents with an inability to abduct his right shoulder. Which nerve supplies the deltoid muscle?,"[""Lateral cutaneous"", ""Suprascapular"", ""Musculocutaneous"", ""Axillary"", ""Median""]",Axillary,3,"Shoulder abduction - deltoid muscle - axillary nerve (C5,C6)

The correct answer is the

Axillary

nerve. The axillary nerve originates from the posterior cord of the brachial plexus and provides motor innervation to the deltoid muscle, which is responsible for shoulder abduction. Damage or injury to this nerve can lead to an inability to abduct the shoulder.

The

Lateral cutaneous

nerve, also known as the lateral cutaneous nerve of the forearm, is a branch of the musculocutaneous nerve and it supplies sensation to the lateral aspect of the forearm. It does not supply any muscles.

The

Suprascapular

nerve arises from the upper trunk of the brachial plexus and passes through the suprascapular notch under the transverse scapular ligament. It supplies two muscles - supraspinatus and infraspinatus. Supraspinatus helps in initial 15 degree abduction and infraspinatus does the external rotation of the shoulder joint. Neither of them is responsible for the main abduction movement which is performed by the deltoid muscle.

The

Musculocutaneous

nerve arises from the lateral cord of the brachial plexus and supplies three muscles in the anterior compartment of the arm - biceps brachii, coracobrachialis and part of brachialis. Biceps brachii does flexion at the elbow joint while coracobrachialis does flexion at the shoulder joint.

Lastly, the

Median

nerve originates from both medial and lateral cords of the brachial plexus, supplying most of the flexor muscles in the forearm and several muscles in the hand but it doesn't have any contribution towards movements at the shoulder joint."
55,"A 42-year-old man's prostate-specific antigen (PSA) level is 7.8 ng/mL. He asks you what the chances are that he really has prostate cancer.

Which of the following statistical parameters would you need to calculate to answer his question?","[""Negative predictive value"", ""Positive predictive value"", ""Likelihood ratio"", ""Sensitivity"", ""Specificity""]",Positive predictive value,1,"Positive predictive value - the chance that the patient has the condition if the diagnostic test is positive

The chance that a patient with a raised PSA level has prostate cancer is the positive predictive value (PPV) of this test. PPV is the probability that subjects with a positive screening test have the disease.

Positive predictive value = true positives/(true positives+false positives)

Negative predictive value (NPV) is the probability that subjects with a negative screening test don't have the disease. NPV is the likelihood that the patient does not have prostate cancer if his PSA levels are low.

The likelihood ratio assesses the value of performing a diagnostic test. It shows how much more likely the person is to get a positive test if he/she has the disease when compared with a person without the disease. If the patient was already diagnosed with prostate cancer, a positive likelihood ratio would have suggested that the probability of the PSA levels being high is higher in patients with prostate cancer than those without prostate cancer.

Sensitivity is the proportion of patients with the condition who have a positive test result.

Specificity is the proportion of patients without the condition who have a negative test result."
56,"A new cancer treatment was trialled in multiple randomised controlled trials across the UK. Meta-analysis was used to combine the data from these studies.

When considering meta-analysis, how will the statistical outcomes compare to those of the composite studies?","[""Meta-analysis decreases power and increases p value"", ""Meta-analysis decreases power and decreases p value"", ""Meta-analysis decreases power and no change in p value"", ""Meta-analysis increases power and decreases p value"", ""Meta-analysis increases power and increases p value""]",Meta-analysis increases power and decreases p value,3,"Meta-analysis increases power and improves estimates of the size of the effect by combining individual studies that may be low-powered

Power is the probability of rejecting the null hypothesis ('there is no difference') given the null is false (there

actually

is a difference) - you would want to reject the null if it was false. Meta-analysis combines multiple studies and

increases power

i.e. you are more likely to be correct in your rejection of the null.

The p-value is the probability that we reject the null hypothesis (we say there is a difference) while it is true (there

actually

is no difference) - i.e. the probability of incorrectly rejecting the null, so its good to have a small p-value. Meta-analysis combines multiple studies and improves the probability of correctly rejecting the null, thus

decreasing the p-value

."
57,"A female with severe renal failure undergoes a kidney transplant. After a few hours, the patient develops a fever and stops passing urine. It is suspected she has hyperacute organ rejection. Which cells are primarily responsible for this?","[""Helper T Cells"", ""Neutrophils"", ""Eosinophils"", ""Macrophages"", ""B Cells""]",B Cells,4,"B cells mediate hyperacute organ rejection

B Cells mediate hyperacute organ rejection. Helper T cells mediate both acute and chronic rejection. Macrophages and neutrophils may be seen due to local inflammation but are not chiefly responsible for mediating hyperacute organ rejection. Eosinophils do not play a role in transplant rejection"
58,"A 65-year-old woman presents with progressive generalised bone pain, muscle weakness, and difficulty walking for the past six months. The pain is especially pronounced in the hips, lower back, and legs. On examination, muscle strength is notably reduced, particularly in the proximal muscles.

Blood results are as follows:


Calcium	1.9 mmol/L	(2.1-2.6)
Phosphate	0.8 mmol/L	(0.8-1.4)
PTH	12.2 pmol/L	(1.6 - 6.9)
Vitamin D	4 nmol/L	(> 50)

The patient is commenced on appropriate supplementation.

What is the mechanism by which this treatment primarily increases serum calcium?","[""Absorption via the large intestine"", ""Absorption via the small intestine"", ""Increased bone resorption"", ""Increased production from the skin"", ""Reduced renal excretion""]",Absorption via the small intestine,1,"Vitamin D increases serum calcium primarily through raising its absorption via the small intestine

Based on the clinical presentation, and the laboratory results, the patient likely has osteomalacia secondary to severe vitamin D deficiency. Parathyroid hormone levels are elevated, consistent with secondary hyperparathyroidism. The patient should therefore be started on high-dose vitamin D supplementation.

Absorption via the small intestine

is correct. Vitamin D increases serum calcium primarily by raising its absorption via the small intestine.

Absorption via the large intestine

is incorrect. It is the small, rather than large, intestine that absorbs calcium.

Increased bone resorption

is incorrect. In osteomalacia, there is often increased bone resorption, where bone tissue is broken down and released into the bloodstream. Vitamin D helps to regulate bone turnover by reducing excessive bone resorption, which can contribute to bone loss.

Increased production from the skin

is incorrect. Vitamin D is produced from the skin; however, this has no direct effect on increasing calcium levels.

Reduced renal excretion

is incorrect. The kidneys play an essential role in activating vitamin D. Although the kidneys also increase calcium and phosphorus reabsorption in the tubules under the influence of activated vitamin D, it is absorption from the small bowel that has the dominant role."
59,"A 45-year-old man with a BMI of 41 kg/m² presents to the clinic complaining of persistent hunger and difficulty losing weight, despite making dietary changes and exercising regularly. He has no history of diabetes or thyroid disease.

What adipose tissue-derived hormone is this patient most likely resistant to, contributing to his condition?","[""Adiponectin"", ""Ghrelin"", ""Leptin"", ""Neuropeptide Y"", ""Peptide YY""]",Leptin,2,"Leptin is secreted by adipose tissue

Leptin

is correct because it is a hormone secreted by adipose tissue that regulates appetite and energy balance by acting on the hypothalamus to suppress hunger and increase energy expenditure. In individuals with normal leptin function, increased fat stores lead to higher leptin levels, which signal satiety and reduce food intake. However, in common obesity, leptin resistance develops, meaning the brain no longer responds effectively to leptin’s satiety signals. This results in persistent hunger and difficulty losing weight despite elevated leptin levels. Unlike congenital leptin deficiency, which leads to early-onset severe obesity and can be treated with leptin replacement, leptin resistance cannot be treated with exogenous leptin alone because the issue lies in impaired hypothalamic signalling rather than hormone deficiency.

Adiponectin

is incorrect because while it is also secreted by adipose tissue, its primary role is to enhance insulin sensitivity and regulate lipid metabolism rather than control appetite. Unlike leptin, adiponectin levels are reduced in obesity and metabolic syndrome.

Ghrelin

is incorrect because it is a hunger-stimulating hormone secreted by the stomach, not adipose tissue. Ghrelin increases appetite before meals and decreases after eating by acting on the hypothalamus. In obesity, ghrelin levels are often dysregulated but do not play a primary role in leptin resistance.

Neuropeptide Y

is incorrect because it is a hypothalamic neurotransmitter that strongly stimulates appetite but is not secreted by adipose tissue. Leptin inhibits neuropeptide Y to suppress hunger, meaning leptin resistance leads to unchecked neuropeptide Y activity, promoting food intake.

Peptide YY

is incorrect because it is secreted by intestinal L cells after food intake and helps reduce appetite by delaying gastric emptying. It is not directly affected by leptin resistance and does not originate from adipose tissue."
60,A 61-year-old man complains of a four month history of neck and arm pain. The pain is described as being like 'electric shocks' and is worse when he turns his head. There is no history of trauma and no other obvious trigger. He is otherwise fit and well and takes no other medication. On examination he has decreased sensation on the dorsal aspect of the thumb and index finger. What is the most likely underlying diagnosis?,"[""C4 radiculopathy"", ""C5 radiculopathy"", ""C6 radiculopathy"", ""C7 radiculopathy"", ""T1 radiculopathy""]",C6 radiculopathy,2,
61,"A 70-year-old long term smoker is admitted to the acute medical unit with worsening shortness of breath and a dry cough. A chest X-ray is reported as having diffuse reticulonodular shadowing with no other changes. Examination revealed bilateral fine inspiratory crackles most notable in the axilla.

Given the most likely diagnosis, which of the following examination findings are you most likely to elicit?","[""Barrelled chest"", ""Bilaterally reduced chest expansion"", ""Focal increased vocal resonance"", ""Icterus"", ""Pectus excavatum""]",Bilaterally reduced chest expansion,1,"Pulmonary fibrosis results in decreased lung compliance

Given the history and examination findings, this patient is most likely suffering from idiopathic pulmonary fibrosis (IPF). On examination you are most likely to elicit reduced chest expansion as a result of reduced lung compliance. Normal chest expansion is approximately 4 cm.

Lung compliance is a balance of opposing forces. Elastin in the connective tissue of the lungs and the surface tension of the fluid both reduce compliance, while surfactant within this fluid increases compliance. In IPF the elastin in the connective tissue is replaced by stiff, non-compliant fibrotic scar tissue which limits the degree of chest expansion.

A barrelled chest is normally seen in conditions such as emphysema, in which there is an increase in lung compliance.

Icterus is the yellow discolouration of the sclera which results from excess bilirubin. It is not commonly associated with IPF, but more commonly seen in hepatic failure and haemolytic anaemia for example.

Increased vocal resonance is an indicator of increased tissue density, for example in consolidation associated with pneumonia. It occurs due to the clearer transmission of upper airway sounds from the vocal cords through the dense tissue. Focal tissue such as this is not found in IPF.

Pectus excavatum is a congenital chest wall deformity that can cause hypercapnic respiratory failure. It is not associated with IPF."
62,"You are reviewing the results of a study on a new antidepressant that measures the participant's PHQ-9 questionnaire results before and 6 weeks after starting the medication. These results are compared to a placebo to determine which group had the most participants with an improved PHQ-9 score. There were 60 participants taking the new medication of which 20 had an improved PHQ-9 score. In the placebo group, there were 100 participants with 20 of this group going on to have an improved PHQ-9 score.

What is the odds ratio for this study?","[""0.5"", ""0.6"", ""1.66"", ""2"", ""4""]",2,3,"Odds -  remember a ratio of the number of people who incur a particular outcome to the number of people who do not incur the outcome

The odds ratio is the odds that an outcome will occur given a particular exposure, compared to the odds of the outcome occurring in the absence of that exposure. Odds is a ratio of those with an outcome and those without rather than those with an outcome out of the total group of participants.

In this instance, there were 20 participants with an improved PHQ-9 in the medication group and 40 who did not which is an odds of 0.5. In the placebo group, 20 participants had an improved score whereas 80 did not which is a odds of 0.25. The exposure odds are divided by the odds in the group without exposure so 0.5 is divided by 0.25 which is 2."
63,Which one of the following statements is true regarding the radial nerve?,"[""Damage at the axilla would lead to wrist drop"", ""Damage at the wrist leads to wasting of the thenar muscles"", ""It supplies the lateral 2 lumbricals"", ""It supplies sensation to the lateral one and a half fingers"", ""It is derived from C6-8 and T1""]",Damage at the axilla would lead to wrist drop,0,
64,Which type of secondary messenger system does nitric oxide stimulate?,"[""Cyclic GMP"", ""Cyclic AMP"", ""Phosphoinositide"", ""Protein kinase"", ""Calcium""]",Cyclic GMP,0,"Nitric oxide , second messenger = cGMP

The correct answer is

Cyclic GMP

. Nitric oxide (NO) is a gaseous signalling molecule that acts as a biological mediator in numerous physiological processes. When NO is produced, it diffuses across cell membranes and binds to the haem group of soluble guanylyl cyclase (sGC), activating this enzyme. Activated sGC then catalyses the conversion of guanosine triphosphate (GTP) to cyclic guanosine monophosphate (cGMP). This increase in intracellular cGMP concentration triggers a cascade of events, including activation of cGMP-dependent protein kinases, which mediate many of the physiological effects of NO. This pathway is particularly important in vascular smooth muscle relaxation, platelet inhibition, and certain forms of neuronal signalling. Pharmacologically, this pathway is targeted by medications such as sildenafil (Viagra), which inhibits phosphodiesterase type 5 (PDE5), the enzyme that degrades cGMP, thereby prolonging the effects of NO.

Cyclic AMP

is incorrect. While cyclic adenosine monophosphate (cAMP) is indeed an important second messenger, it is not directly stimulated by nitric oxide. cAMP is produced by adenylyl cyclase following activation of G-protein coupled receptors by hormones such as adrenaline, glucagon, and ACTH. The cAMP pathway typically involves activation of protein kinase A (PKA) and leads to different cellular responses than those mediated by the NO-cGMP pathway.

Phosphoinositide

is incorrect. The phosphoinositide signalling pathway involves the hydrolysis of phosphatidylinositol 4,5-bisphosphate (PIP2) by phospholipase C to generate two second messengers: inositol 1,4,5-trisphosphate (IP3) and diacylglycerol (DAG). This pathway is typically activated by G-protein coupled receptors or receptor tyrosine kinases, not by nitric oxide. IP3 triggers calcium release from intracellular stores, while DAG activates protein kinase C.

Protein kinase

is incorrect. Protein kinases are enzymes that modify other proteins by chemically adding phosphate groups (phosphorylation), but they are not themselves second messengers. Rather, they are downstream effectors in signalling pathways. Various protein kinases (such as protein kinase G) are activated as a result of second messenger systems, including the NO-cGMP pathway, but protein kinases themselves do not constitute a second messenger system.

Calcium

is incorrect. While calcium ions (Ca²⁺) are important second messengers in many cellular processes, nitric oxide does not directly stimulate calcium as its primary second messenger system. In fact, the NO-cGMP pathway often leads to decreased intracellular calcium levels in vascular smooth muscle cells, which contributes to vasodilation. Calcium signalling is typically initiated by IP3-mediated release from intracellular stores or through voltage-gated or ligand-gated calcium channels in the plasma membrane."
65,"In the UK, we have numerous screening programmes for important health issues such as breast cancer. A new screening test for breast cancer is being evaluated compared to the conventional use of mammography. There are concerns this test appears to lengthen survival as the breast cancer is picked up at an earlier stage but the overall outcome remains unchanged.

What type of bias is this?","[""Length time bias"", ""Lead time bias"", ""Self selection bias"", ""Procedure Bias"", ""Recall Bias""]",Lead time bias,1,"Lead-time bias - occurs when two tests for a disease are compared, the new test diagnoses the disease earlier, but there is no effect on the outcome of the disease

Length time bias occurs where a disease may progress at different rates therefore slower growing or less aggressive disease has more opportunity to be picked up via screening than aggressive/fast-developing disease.

Self-selection or volunteer bias is due to the fact that people who tend to engage in screening programmes are not representative of the population (if they take part in screening, they will usually be of a higher socio-economic stance and practice other lifestyle choices that will improve their health as well as screening).

Procedure bias is usually related to comparative studies. It is where patients are treated differently depending on their group allocation.

Recall bias is where the accuracy of data is affected by the retrospective collection. For example, if you were looking at past asbestos exposure, a patient may not be able to recall the exact years they may have been exposed."
66,"A 42-year-old woman with class III obesity is enrolled in a clinical trial evaluating two novel pharmacological agents. One drug is designed to modulate leptin activity, and the other to influence ghrelin secretion. Early results show that stimulating one of these hormones reduces appetite and leads to weight loss.

What is the most likely site of secretion of this hormone?","[""Adipose tissue"", ""Anterior pituitary"", ""Gastric fundus"", ""Hypothalamus"", ""Pancreatic islets""]",Adipose tissue,0,"Leptin is secreted by adipose tissue

Adipose tissue

is the correct answer. Leptin is a hormone secreted primarily by adipose tissue in proportion to fat mass. In the scenario, appetite suppression and weight loss were observed following stimulation of a hormone that naturally reduces appetite — this corresponds to leptin. Leptin acts on the hypothalamus to inhibit hunger and promote energy expenditure. The patient's obesity implies leptin resistance, a common feature in individuals with high adiposity, which the drug may be aiming to overcome by enhancing leptin signalling. Therefore, the hormone responsible for this effect is secreted by adipose tissue.

The

anterior pituitary

secretes several important hormones such as ACTH, TSH, GH, and prolactin, but it does not secrete either leptin or ghrelin. Its role in appetite regulation is indirect at best, primarily through modulation of metabolic hormones. In the context of the scenario, no drug targeting anterior pituitary hormones would account for the described effect on appetite. Including this option tests knowledge of neuroendocrine pathways, but it is not relevant to leptin or ghrelin secretion. Thus, this is an incorrect site in this clinical context.

The

gastric fundus

is the primary site of ghrelin secretion, which acts to stimulate appetite, not suppress it. In the scenario, the hormone that is being stimulated by the drug leads to reduced appetite, making ghrelin an unlikely candidate. This is a crucial detail, as it differentiates between the hormone effects being modulated. Thus, although ghrelin is relevant in obesity and acts on the hypothalamus like leptin, its role is opposite. Therefore, the gastric fundus is not the correct answer.

While the

hypothalamus

plays a central role in regulating appetite, it is not the site of leptin secretion. Rather, it serves as the target of leptin, where it modulates neuropeptides involved in hunger and satiety. In the clinical scenario, the hormone in question is being secreted, not received or processed, and thus, the hypothalamus is not the correct answer. Confusion may arise because ghrelin and leptin both act on the hypothalamus, but their sites of secretion are distinct. The hypothalamus, therefore, is not the source of the appetite-suppressing hormone.

The

pancreatic islets

secrete hormones such as insulin, glucagon, and somatostatin, all of which influence metabolism but are not directly responsible for appetite suppression in this scenario. Although insulin has a complex interaction with satiety, it is not the hormone being targeted by the described drug trial. The stem focuses on leptin and ghrelin, neither of which originates from the pancreas. Therefore, despite its metabolic importance, the pancreatic islets are not the correct source of the hormone described. This makes the option incorrect in this clinical context."
67,"A 22-year-old man comes to your clinic. He has recently been diagnosed with Marfan's syndrome following the development of a pneumothorax, which required a chest drain. He also has chronic joint pain and is hypermobile, especially in his fingers, which are very long and have been making him self-conscious for a number of years.

After researching his condition, he wonders why he developed such severe manifestations when others may suffer only much more mild forms.

What aspect of the genetics of a disease gives rise to this variation?","[""Anticipation"", ""Expressivity"", ""Inheritance"", ""Methylation"", ""Penetrance""]",Expressivity,1,"In genetics, expressivity describes the extent to which a genotype shows its phenotypic expression in an individual

Expressivity

refers to the extent to which a particular genotype is expressed in the phenotype of an individual. Marfan's disease has a very varied expressivity, meaning different people affected by it can be affected very differently.

Anticipation

is the phenomenon in which the age of onset of a condition lowers with each successive generation. Classically this is seen in trinucleotide repeat disorders such as Huntington's disease (CAG expansion), myotonic dystrophy (CTG), and fragile X-syndrome (CGG).

There are several different modes of

inheritance

, including autosomal recessive/dominant, and X-linked. While this can lead to various levels of severity of a disease (e.g. sickle cell trait vs sickle cell), it is not the correct answer here, as the variability of Marfan's disease comes from differing levels of expressivity.

Methylation

is a process by which genes can be silenced (i.e. not transcribed) by the addition of methyl groups. This is not a factor in the various presentations of Marfan's.

Penetrance

refers to the proportion of the population who have a particular mutation also having the associated disease. An example would be BRCA-1, a mutation of which causes breast cancer in 80% of those affected, giving it a penetrance of 80%."
68,"What is the correct formula to calculate the positive predictive value?

TP = true positive; FP = false positive; TN = true negative; FN = false negative","[""Sensitivity / (1 - specificity)"", ""TP / (TP + FP)"", ""TN / (TN + FP)"", ""TN / (TN + FN)"", ""TP / (TP + FN )""]",TP / (TP + FP),1,"Positive predictive value = TP / (TP + FP)

The correct formula to calculate the positive predictive value is

TP / (TP + FP)

. The positive predictive value (PPV) or precision is a measure of a test's performance and it indicates the probability that subjects with a positive screening test truly have the disease. It is calculated by dividing the number of true positives (TP), which are cases correctly identified as having the condition, by the sum of true positives and false positives (FP), which are cases incorrectly identified as having the condition.

The first option,

Sensitivity / (1 - specificity)

, does not represent PPV. Sensitivity refers to a test's ability to correctly detect patients who do have the condition, while specificity refers to a test's ability to correctly exclude patients who do not have the condition. Neither sensitivity nor specificity directly relate to PPV.

The third option,

TN / (TN + FP)

, represents negative predictive value (NPV), not PPV. NPV is the proportion of negative results in statistics and diagnostic tests that are true negative results. It is calculated by dividing the number of true negatives by the total number of individuals who actually do not have the disease.

Similarly,

TN / (TN + FN)

, also represents NPV but with an incorrect formula. As mentioned earlier, NPV is calculated by dividing TN by the sum of TN and FN. This formula includes FN instead of FP in the denominator which makes it incorrect for calculating NPV.

Lastly,

TP / (TP + FN )

calculates sensitivity or recall, not PPV. Sensitivity measures how often a test correctly generates a positive result for people who have what is being tested for i.e., how good the test is at catching positives."
69,"In the kidney, the loop of Henle is the portion of a nephron that leads from the proximal convoluted tubule to the distal convoluted tubule. By means of a countercurrent multiplier system, which uses electrolyte pumps, the loop of Henle creates an area of high urea concentration deep in the medulla. This results in the reabsorption of water and concentration of urine for excretion.

The thin ascending limb of the loop of Henle is impermeable to what substance?","[""Chloride ions"", ""Magnesium ions"", ""Potassium ions"", ""Sodium ions"", ""Water""]",Water,4,"The thin ascending limb of the loop of Henle is impermeable to water

Water

is correct.  The thin ascending limb is impermeable to water, but highly permeable to sodium and chloride ions.

Chloride ions

is incorrect.   The thick ascending limb is highly permeable to the reabsorption of sodium and chloride ions which occurs by both facilitated and passive diffusion pathways.

Magnesium ions

is incorrect. The loop of Henle is the site of the majority of magnesium absorption from the kidneys. Approximately 60% to 70% of filtered magnesium is reabsorbed in the cortical thick ascending limb of the loop of Henle.

Potassium ions

is incorrect.  The medullary ascending limb is permeable to potassium ions.

Sodium ions

is incorrect. The medullary ascending limb is permeable to sodium ions."
70,"A 58-year-old woman is seen in a respiratory clinic. She has progressive breathlessness and recent pulmonary vascular testing has confirmed pulmonary hypertension. Due to the deterioration of symptoms, it is decided to start her on bosentan.

What is the best description of its action?","[""Endothelin agonist"", ""Endothelin antagonist"", ""Guanylate cyclase stimulator"", ""Phosphodiesterase inhibitor"", ""Prostaglandin agonist""]",Endothelin antagonist,1,"Endothelin causes pulmonary vasoconstriction (hence why antagonists are used in primary pulmonary hypertension)

Bosentan is a non-selective

endothelin antagonist

. Endothelin causes pulmonary vasoconstriction and therefore antagonists can be used to treat pulmonary hypertension. It can be associated with abnormalities in liver function tests (LFTs) and so regular LFTs are needed during treatment.

Endothelin agonists

would enhance the action of endothelin and hence cause increased pulmonary vasoconstriction, this would not be suitable to treat pulmonary hypertension.

Guanylate cyclase stimulators

such as riociguat works in synergy with nitric oxide to have vasodilatory properties which can be used to treat pulmonary hypertension.

Sildenafil is a

phosphodiesterase inhibitor

that works to treat pulmonary hypertension by selectively reducing pulmonary vascular tone.

Prostaglandin agonists

cause vasodilation, prevent platelet aggregation and inhibit vascular proliferation and can be used to treat pulmonary hypertension."
71,Which one of the following best describes the Haldane effect?,"[""Increase in pO2 means CO2 binds less well to Hb"", ""Increasing acidity (or pCO2) means oxygen binds less well to Hb"", ""Decreasing acidity (or pCO2) means oxygen binds less well to Hb"", ""Raised 2,3-DPG enhances oxygen delivery to the tissues"", ""Decrease in pO2 means CO2 binds less well to Hb""]",Increase in pO2 means CO2 binds less well to Hb,0,
72,"A 25-year-old woman presents to her GP with an 8-month history of fatigue and diarrhoea and a recent onset of an itchy, vesicular rash on both elbows and buttocks. She denies passing any blood per rectum and has had no recent exposure to chickenpox or shingles.

Blood tests show the following:


Hb	9.6 g/L	Male: (135-180)
Female: (115 - 160)
MCV	78fL	(80 - 100)
MCH	26pg	(28-33)
RDW	14%	(11-15)
Platelets	221 * 109/L	(150 - 400)
WBC	6.7 * 109/L	(4.0 - 11.0)

In addition to auto-antibodies, HLA typing is sent and further investigations including skin biopsy of the affected areas are arranged.

What human leucocyte antigen (HLA) subtypes is this patient's skin condition most commonly associated with?","[""HLA-B27"", ""HLA-B51"", ""HLA-DQ8"", ""HLA-DR3"", ""HLA-DR4""]",HLA-DR3,3,"Dermatitis herpetiformis is associated with HLA-DR3

Dermatitis herpetiformis is associated with the

HLA-DR3

subtype. It is a skin condition that is regarded as a cutaneous manifestation of coeliac disease. This patient has presented with a long history of fatigue and diarrhoea with a probable iron deficiency anaemia, which is consistent with a diagnosis of coeliac disease. Dermatitis herpetiformis commonly affects the forearms, legs and buttocks and is typically an itchy vesicular rash that resembles herpes virus infection. HLA is another name for major histocompatibility complex (MHC) proteins found in humans. Class 1 MHC proteins include HLA subtypes A, B, and C while class 2 MHC proteins include HLA subtypes DM, DO, DP, DQ, and DR.

HLA-B27

is associated with a range of diseases including ankylosing spondylitis, reactive arthritis, and ulcerative colitis. It is not, however, typically associated with dermatitis herpetiformis.

Behcet's disease is most commonly associated with

HLA-B51

.

While coeliac disease is associated with

HLA-DQ2 and DQ8

, it is the HLA-DR3 subtype that is most commonly associated with dermatitis herpetiformis.

Type 1 diabetes mellitus is typically associated with

HLA-DR4

. It may also be associated with HLA-DR3."
73,"A 30-year-old man is reviewed in the congenital cardiology clinic. He has cardiomyopathy secondary to an inherited lysosomal storage disorder which was diagnosed in childhood with genetic testing. He initially presented with acute pain crisis of his hands and feet, reduced sweating, corneal opacities and angiokeratomas. He now takes enzyme replacement therapy.

What is the inheritance pattern of the underlying condition?","[""Autosomal dominant"", ""Autosomal recessive"", ""Mitochondrial"", ""X-lined dominant"", ""X-lined recessive""]",X-lined recessive,4,"Fabry disease: X-linked recessive

Fabry disease is a disorder of lysosomal storage and deficiency of alpha-galactosidase A. Common features of Fabry disease include acute pain episodes in the peripheries, angiokeratomas, hypohidrosis and corneal opacity. Organ involvement is also common and results in cardiovascular disease, myocardial infarction, strokes and progressive kidney disease. Fabry disease is inherited in an X-linked recessive fashion.

Fabry disease is inherited via the X chromosome, rather than in an autosomal manner.

Mitochondrial disorders are inherited down the maternal line, therefore, males with mitochondrial disease are not considered to be at risk for transmitting the disorder. Fabry disease is not a mitochondrial disorder. One example of a mitochondrial disorder is Leber hereditary optic neuropathy which causes bilateral visual loss. Fabry disease has X-linked rather than mitochondrial inheritance.

An example of an X-linked dominant condition is Alport's syndrome. This condition is caused by a defect in the gene which codes for type IV collagen resulting in an abnormal glomerular-basement membrane. The disease is more severe in males with females rarely developing renal failure. Fabry disease is X-linked recessive rather than X-linked dominant."
74,"You have been asked to prepare a presentation for the hospital journal club on a novel drug in the treatment of heart failure.

You find a relevant recent systematic review and meta-analysis which combines data from multiple randomised controlled trials investigating the effectiveness of the novel drug on five-year survival in patients with heart failure.

A figure in the meta-analysis shows each study as a dot on a plot where the x-axis represents the odds ratio for each study and the y-axis is the standard error of the odds ratio for each study.

What is the name of figure?","[""Box plot"", ""Forest plot"", ""Funnel plot"", ""Kaplan-Meir curve"", ""Manhattan plot""]",Funnel plot,2,"Funnel plots - show publication bias in meta-analyses

The plot described is a

funnel plot

which is used to visually assess for publication bias in meta-analysis. Publication bias can result from differences in the chances of a study being published based on the findings of that study; typically, it stems from the relative under-representation in the literature of studies with non-significant results.

A funnel plot is a scatter-plot where each study is plotted as a point. The x-axis is some measure of effect size (in this case odds ratio) and the y-axis is some measure of precision (in this case standard error of the odds ratio). The idea is that if there is no publication bias, larger studies with more precise results will cluster around the top of the plot, with smaller studies spreading out symmetrically below them (to create a sort of triangle shape/upside down funnel shape). The key is the symmetry of the plot: you expect as many smaller studies with results less extreme than the larger studies as smaller studies with results more extreme.

A

forest plot

is another commonly used plot in meta-analysis and is a way to visualise results from multiple studies. Like funnel plots, forest plots also use effect size (e.g. odds ratio) on the x-axis. However, there is no formal y-axis. In place of a y-axis, there is a vertical line which represents the line of no effect. Each study is plotted as a box on a horizontal line above the x-axis; the position of the box along the x-axis is the estimated effect size for that study and the line spans the 95% confidence intervals for the estimate. A diamond is typically plotted at the bottom of the forest plot which shows the average effect size from all studies.

A

Kaplan-Meir curve

is a visual display of a survival function, which shows the probability of an event at a given time. It therefore has some measure of probability (usually survival) on the y-axis and a measure of time on the x-axis.

A

Manhattan plot

is used to display data from genome-wide association studies. It has the chromosomal position of a genetic locus on the x-axis, and the significance of the association of that locus with the disease on the y-axis.

A

box plot

is a commonly used plot to visually display the distribution and skew of data from a single study or experiment. It is not typically used in meta-analysis."
75,"The average weight loss of a patient following a new type of bariatric surgery is 18 kg. The standard deviation of weight loss is 3kg. Assuming the weight loss is normally distributed, what percentage of patients will loss between 9 and 27 kg?","[""97.4%"", ""95%"", ""95.4%"", ""68.3%"", ""99.7%""]",99.7%,4,
76,"A 66-year-old woman is referred to rheumatology with a history of bilateral wrist and hand pain which is worse in the mornings. The rheumatologist makes a diagnosis of rheumatoid arthritis. Following unsuccessful treatment with a number of different medications, she is commenced on a trial of anakinra.

Which cell type is the main source of the cytokine that this drug blocks?","[""B cells"", ""Macrophages"", ""Natural killer cells"", ""T helper cells"", ""T killer cells""]",Macrophages,1,"The main source of IL-1 is macrophages

The correct answer is macrophages.

Anakinra is an interleukin-1 (IL-1) receptor antagonist. Interleukin-1 refers to a 'superfamily' of 11 cytokines that are responsible for acute inflammation and inducing fever. Blocking IL-1 with anakinra is beneficial in pro-inflammatory conditions such as rheumatoid arthritis. Il-1 is predominantly secreted by macrophages.

B cells are also a source of IL-1, but to a much lesser degree than macrophages. B cells ultimately differentiate into plasma cells and primarily secrete antibodies.

Natural killer cells also secrete IL-1, but to a lesser extent than macrophages.

T helper cells secrete a variety of cytokines, including IL-4, which stimulates the proliferation of B cells, and IL-5, which stimulates the production of eosinophils.

T killer cells primarily secrete perforin and granzymes, proteins that act to destroy pathogens, alongside antibodies released by plasma cells. They are not thought to be significant sources of IL-1."
77,Which one of the following features is not associated with Turner's syndrome?,"[""Short stature"", ""High-arched palate"", ""Coarctation of the aorta"", ""Webbed neck"", ""Secondary amenorrhoea""]",Secondary amenorrhoea,4,
78,"A 35-year-old man attends the genetics clinic as he has started planning for a family with his partner and is concerned about the risk of 'passing on an inherited disease' which runs in his family. His partner is fit and well. He has a background of retinitis pigmentosa, and has a pacemaker in situ. On examination you note bilateral ptosis with reduced eye movements in all directions. The patient tells you that his mother and sister also have similar signs.

What will you advise the patient about the risk of his offspring inheriting this condition?","[""All of his children will inherit the condition"", ""All of his female offspring will be carriers of the condition"", ""None of his children will inherit the condition"", ""25% of his offspring will inherit the condition"", ""50% of his children will inherit the condition""]",None of his children will inherit the condition,2,"For a man with mitochondrial disease, none of his children will inherit the condition

This patient has Kearns-Sayer syndrome, which is a mitochondrial disease. It is characterised by ptosis, external ophthalmoplegia occurring in the first or second decades of life, retinitis pigmentosa and cardiac conduction defects (atrioventricular nodal block, often requiring cardiac pacing).

A proximal myopathy may also be evident, and elevation of serum lactate and pyruvate is frequently seen, as is the case with many mitochondrial conditions.

Diagnosis is confirmed by muscle biopsy which is characteristic with 'ragged red fibres' - this is often supplemented by polymerase chain reaction analysis of mitochondrial DNA for mutation detection.

Mitochondrial diseases are encoded by defects in DNA present in the mitochondria. As the sperm contributes no cytoplasm to the zygote, inheritance of these diseases can only occur via the maternal line.

Therefore, none of the children of an affected male will inherit the disease, as in this case. However, all of the children of an affected female will inherit the condition.

Other examples of mitochondrial diseases include:

Myoclonic epilepsy with ragged red fibres (MERRF): cognitive impairment developing after a period of normal development, seizures, myoclonic jerks, Wolff-Parkinson-White syndrome and worsening vision (consistent with optic atrophy).
MELAS (mitochondrial encephalopathy with lactic acidosis and stroke): characterised by short stature, recurrent migraines, vomiting, muscle weakness, seizures and then development of multiple strokes at an early age (normally before 40 for diagnosis to be considered) along with progressive dementia.
Maternally inherited diabetes and deafness (MIDD): diabetes, sensorineural hearing loss, end stage renal failure."
79,T-Helper cells of the Th2 subset typically secrete:,"[""IL-4, IL-5, IL-6, IL-10, IL-13"", ""IFN-gamma, IL-2, IL-3"", ""IL-1, IL-6, TNF-alpha"", ""IFN-beta, IL-4, IL-8"", ""IL-1""]","IL-4, IL-5, IL-6, IL-10, IL-13",0,
80,"A 32-year-old man presents to the emergency department. He sustained a head injury several days ago and, at the time, attended the emergency department - and was sent home after investigations. Today, his symptoms are increased thirst and increased frequency of urination.

On examination, he appears dehydrated. After initial blood tests, he is admitted to a medical ward. Urine osmolality is measured as follows:


Urine osmolality post-water deprivation	250 mosmol/kg	(low)
Urine osmolality post-desmopressin administration	655 mosmol/kg	(high)

Given the likely diagnosis, where does the deficient substance normally act?","[""Collecting duct"", ""Hypothalamus"", ""Loop of Henle"", ""Posterior pituitary gland"", ""Proximal convoluted tubule""]",Collecting duct,0,"Antidiuretic hormone (ADH) - site of action = collecting ducts

The diagnosis here is that of cranial diabetes insipidus, which can occur following head trauma. The urine osmolalities in this scenario confirm the diagnosis. The 'deficient substance' in question is therefore antidiuretic hormone (ADH), which is not adequately produced in cranial diabetes insipidus. ADH acts on the collecting ducts of the kidneys to promote water reabsorption.

The hypothalamus is incorrect - this is where ADH is synthesised (in the supraoptic nuclei), not where it ultimately acts.

The Loop of Henle is incorrect - whilst this is part of the nephron structure in the kidneys, this is not the primary site of action of ADH.

The posterior pituitary gland is incorrect - ADH is released from the posterior pituitary (after being synthesised by the hypothalamus); its action is in the collecting ducts.

The proximal convoluted tubule is another part of the structure of the nephron - it is not the site of action of ADH."
81,"A 60-year-old man has been invited to the bowel cancer screening programme. He has no past medical history and reports he is in excellent health. He is unsure whether he wants to have the screening test and is here to discuss this further with you. He wants to know what the probability of testing positive on the bowel screening test and actually having colorectal cancer.

What screening measure is the patient enquiring about?","[""Negative predictive value"", ""Specificity"", ""Accuracy"", ""Sensitivity"", ""Positive predictive value""]",Positive predictive value,4,"Positive predictive value - the chance that the patient has the condition if the diagnostic test is positive

The positive predictive value, in this case, is the proportion of patients who test positive on screening and do have colorectal cancer.

The negative predictive value is the proportion of patients who test negative on screening, and do not have colorectal cancer.

Specificity is the proportion of patients who do not have colorectal cancer and test negative on the screening test.

Accuracy is the test's ability to measure the true value.

Sensitivity is the proportion of patients who have colorectal cancer and test positive on the screening test."
82,What is the main action of atrial natriuretic peptide?,"[""Promotes renin excretion"", ""Reduces excretion of sodium and water"", ""Vasodilation"", ""Promotes aldosterone excretion"", ""Vasoconstriction""]",Vasodilation,2,"Atrial natriuretic peptide - powerful vasodilator

The correct answer is

Vasodilation

. Atrial natriuretic peptide (ANP) is a hormone secreted from the atrial cells of the heart in response to atrial stretching and an increase in circulating blood volume. ANP has been shown to promote vasodilation, which aids in reducing preload and ultimately decreasing blood pressure.

The option

Promotes renin excretion

is incorrect. ANP actually inhibits the renin-angiotensin-aldosterone system (RAAS), leading to a decrease in renin release rather than promoting its excretion.

Reduces excretion of sodium and water

is also incorrect. In fact, one of the primary actions of ANP is opposite to this; it increases renal sodium and water excretion, contributing to its diuretic effect which helps reduce blood volume and hence lower blood pressure.

Promotes aldosterone excretion

is not accurate either. While ANP does inhibit aldosterone secretion via its inhibition of RAAS, it doesn't directly promote aldosterone excretion.

Lastly,

Vasoconstriction

is incorrect as this action would increase peripheral resistance and raise blood pressure, which contradicts the main function of ANP - lowering blood pressure through vasodilation and diuresis."
83,"A 61-year-old man presents to his general practitioner with several months of persistent sore throat. He also reports 12kg of unintentional weight loss. He has no significant past medical history but has a 40-pack-year smoking history.

On examination, there is a right-sided tonsillar mass. He is urgently referred for further investigations, including a biopsy that confirms a diagnosis of oropharyngeal cancer. A decision is made to undergo surgery and then radiotherapy.

What virus is most strongly associated with this condition?","[""Epstein-Barr virus (EBV)"", ""Hepatitis B virus (HBV)"", ""Human T-lymphotrophic virus (HTLV) 1"", ""Human herpesvirus (HHV) 8"", ""Human papillomavirus (HPV) 16""]",Human papillomavirus (HPV) 16,4,"Human papillomavirus 16/18 is a risk factor for oropharyngeal cancer

Of the options listed,

HPV 16

is the correct answer. This virus is strongly linked to oropharyngeal cancer, as is HPV 18. These two subtypes are also linked to the majority of other HPV-associated cancers, including cervical anal, penile and vulval cancers. In contrast to this, HPV 6 and 11 are associated with sexually-transmitted genital warts.

EBV

is incorrect. This virus is associated with nasopharyngeal, not oropharyngeal, cancer. It is classically also associated with Hodgkin's lymphoma and Burkitt's lymphoma.

HBV

is incorrect. This is associated with hepatocellular carcinoma, as is the hepatitis C virus. These are not linked with oropharyngeal cancer.

HTLV-1

is incorrect. This is associated with adult T-cell leukaemia, not oropharyngeal cancer.

HHV-8

is incorrect. This virus is associated with Kaposi's sarcoma, not oropharyngeal cancer, particularly in HIV-positive patients."
84,"A 24-year-old woman presents to the Emergency Department with a nosebleed that has been ongoing for 2 hours despite applying pressure. She reports having had three similar episodes in the past 6 months. She also mentions easy bruising and prolonged bleeding after dental extraction last month. She takes no regular medications and has no significant past medical history. On examination, she has multiple ecchymoses on her limbs of varying ages. Her vital signs are stable. Blood tests are performed.


Haemoglobin	118 g/L	(115-160)
Platelets	245 × 10^9/L	(150-400)
White cell count	7.2 × 10^9/L	(4.0-11.0)
Prothrombin time (PT)	19.2 seconds	(11.5-15.5)
Activated partial thromboplastin time (aPTT)	32 seconds	(30-40)
Thrombin time (TT)	14 seconds	(14-16)
Fibrinogen	2.8 g/L	(2.0-4.0)

What is the most likely bleeding disorder?","[""Factor VII deficiency"", ""von Willebrand disease"", ""Factor VIII deficiency"", ""Factor IX deficiency"", ""Vitamin K deficiency""]",Factor VII deficiency,0,"Isolated prolongation of PT with normal aPTT→ ?Factor VII deficiency

Factor VII deficiency

is the most likely diagnosis in this case. The patient has a prolonged prothrombin time (PT) with normal activated partial thromboplastin time (aPTT) and thrombin time (TT). Factor VII is a crucial component of the extrinsic coagulation pathway, which is measured by the PT. When Factor VII is deficient, the PT is prolonged while the aPTT, which measures the intrinsic and common pathways, remains normal. This isolated prolongation of PT with normal aPTT is characteristic of Factor VII deficiency. Factor VII deficiency is a rare autosomal recessive bleeding disorder with an estimated prevalence of 1 in 500,000. The clinical presentation typically includes mucocutaneous bleeding such as epistaxis (nosebleeds), easy bruising, and menorrhagia in women, which aligns with this patient's presentation. The severity of bleeding can vary widely, from mild to severe, depending on the degree of factor deficiency.

Von Willebrand disease

is incorrect in this scenario. While it is the most common inherited bleeding disorder and can present with mucocutaneous bleeding similar to our patient, the laboratory findings would be different. Von Willebrand disease typically presents with a normal or slightly prolonged PT, potentially prolonged aPTT (especially in type 2N and 3), and reduced von Willebrand factor antigen and activity levels. The isolated prolongation of PT with normal aPTT seen in this patient is not consistent with von Willebrand disease.

Factor VIII deficiency

(Haemophilia A) is not the correct diagnosis here. Haemophilia A is an X-linked recessive disorder that primarily affects males, though female carriers can occasionally be symptomatic. More importantly, Factor VIII is part of the intrinsic pathway, so its deficiency would lead to a prolonged aPTT with a normal PT. Our patient has the opposite pattern with a prolonged PT and normal aPTT, ruling out Factor VIII deficiency.

Factor IX deficiency

(Haemophilia B) is also incorrect. Like Haemophilia A, it is an X-linked recessive disorder affecting the intrinsic pathway. A deficiency in Factor IX would result in a prolonged aPTT with a normal PT, which does not match our patient's coagulation profile showing a prolonged PT with normal aPTT.

Vitamin K deficiency

is not the most likely diagnosis in this case. While vitamin K deficiency can cause a prolonged PT due to reduced synthesis of vitamin K-dependent factors (II, VII, IX, X), it typically affects multiple coagulation factors simultaneously. This usually results in prolongation of both PT and aPTT, especially in more severe deficiency states. Additionally, our patient has no risk factors mentioned for vitamin K deficiency such as malnutrition, malabsorption, antibiotic use, or liver disease. The isolated PT prolongation with completely normal aPTT is more suggestive of an isolated Factor VII deficiency rather than vitamin K deficiency."
85,"Of the following scenarios, which one would indicate it was inappropriate for the patient to take an airline flight?","[""A 54-year-old woman who had a laparoscopic cholecystectomy 5 days ago"", ""A 17-year-old flying back to the UK who broke his leg whilst skiing in Canada. Had a plaster cast applied 24 hours ago"", ""A 59-year-old man who had a colonoscopy 2 days ago"", ""A 62-year-old man who had an uncomplicated myocardial infarction 3 weeks ago"", ""A woman who is 27-weeks pregnant with twins""]",A 17-year-old flying back to the UK who broke his leg whilst skiing in Canada. Had a plaster cast applied 24 hours ago,1,
86,Which foramen does the maxillary nerve go through?,"[""Jugular foramen"", ""Foramen ovale"", ""Superior orbital fissure"", ""Optic canal"", ""Foramen rotundum""]",Foramen rotundum,4,
87,"A study is designed to evaluate the difference between two anticoagulants in deep vein thrombosis. The primary outcome will be a significant bleed requiring the drug to be discontinued. The null hypothesis is that there is no difference between the two treatments. The researcher will aim to calculate the probability of detecting a statistically significant difference.

Which term correctly describes this?","[""Negative predictive value"", ""Confidence interval"", ""Power"", ""Positive predictive value"", ""Type 2 error""]",Power,2,"Power - the probability of detecting a statistically significant difference

The power of a study is the probability of rejecting the null hypothesis when it is false. This is statistically determined and increases with sample size.

Negative predictive value is defined as the number of true negative divided by the number of people who test negative.

A confidence interval is constructed from the data defining two numbers in between which the true value lies.

Positive predictive value is the probability of the result being a true positive. It describes the performance of a diagnostic test.

Type 2 error occurs when the null hypothesis is not rejected when it is false, i.e. false negative."
88,"Haematuria is suspected by the presence of red or brown urine. It may be visible macroscopically (gross haematuria) or detectable in the urine sediment by microscopy. It is often a symptom of an underlying disease, most of them treatable, so that is extremely important to do a clinical approach in order to identify its cause. Which of the following data enhances the possibility that haematuria is of glomerular origin?","[""Initial haematuria"", ""Dysmorphic red blood cells found on urine microscopy"", ""Haematuria plus pyuria"", ""Mono-symptomatic haematuria"", ""Fresh blood in urine with presence of clots""]",Dysmorphic red blood cells found on urine microscopy,1,"Dysmorphic red blood cells if found in urine sediment indicates a glomerular origin of hematuria

Abnormalities in the shape of red cells in the urine (dysmorphism) indicates a glomerular origin of hematuria.

Initial haematuria and presence of fresh blood usually indicates lower urinary bleeding, such as urethral bleeding.

Pyuria indicates infection or inflammatory disease but not necessary of a glomerular origin.

If a mono-symptomatic haematuria is noted in a middle age patient, in the absence of infection, a bladder tumour should be ruled out."
89,Which one of the following statements regarding vitamin D-resistant rickets is false?,"[""Management includes the use of high-dose vitamin D supplements"", ""Is a X-linked dominant condition"", ""X-ray changes include cupped metaphyses"", ""Failure to thrive may be seen"", ""Decreased urinary phosphate is characteristic""]",Decreased urinary phosphate is characteristic,4,
90,Which one of the following is associated with increased lung compliance?,"[""Kyphosis"", ""Pulmonary oedema"", ""Emphysema"", ""Pulmonary fibrosis"", ""Pneumonectomy""]",Emphysema,2,
91,In the Gell and Coombs classification of hypersensitivity reactions scabies is an example of a:,"[""Type I reaction"", ""Type II reaction"", ""Type III reaction"", ""Type IV reaction"", ""Type V reaction""]",Type IV reaction,3,"Type IV hypersensitivity reaction - scabies

Scabies produces a delayed type IV hypersensitivity reaction approximately one month after infestation. This produces the characteristic intense itching"
92,"A 12-year-old boy is referred to paediatrics with the recent development of intellectual disability, seizures, visual problems and deafness. He has no other past medical history. His mother developed a flu-like illness during a pregnancy that was otherwise unremarkable.

Examination reveals sensorineural hearing loss and chorioretinitis.

A CT head is organized, which demonstrates scattered cerebral calcification bilaterally and hydrocephalus.

What is the most likely diagnosis?","[""Cogenital CMV"", ""Congenital herpes simplex virus"", ""Congenital rubella"", ""Congenital syphillis"", ""Congenital toxoplasmosis""]",Congenital toxoplasmosis,4,"Congenital toxoplasmosis

Congenital toxoplasmosis is the correct answer. Some children have a fulminant early course resulting in early death. However, occasionally neurologic manifestations present themselves years later, as in this case. The only symptoms during pregnancy may be similar to a flu-like illness. Congenital toxoplasmosis is the classic triad of cerebral calcification, chorioretinitis and hydrocephalus.

Congenital syphilis is incorrect. While late-onset congenital syphilis (> 2 years) can cause sensorineural hearing loss, it is typically associated with frontal bossing interstitial keratitis and Hutchinson's teeth, which are absent in this case.

Congenital rubella is incorrect. This typically presents at birth and is characterized by cataracts, cardiovascular defects and a 'blueberry muffin' rash i.e. petechiae and purpura.

Congenital CMV is incorrect. This can cause SNHL and chorioretinitis. However, this is typically characterized by microcephaly rather than hydrocephalus. Furthermore, calcification tends to be periventricular rather than scattered. Additionally, 'blueberry muffin' skin tends to be a feature of CMV but not congenital toxoplasmosis.

Congenital herpes simplex virus is incorrect. This is typically characterized by vesicular skin involvement and keratoconjunctivitis and localized CNS involvement i.e. meningo-encephalitis."
93,"An 8-year-old girl has been seen in the paediatric clinic with primary nocturnal enuresis. Her parents report that she has never been dry at night despite trying a variety of non-pharmacological measures such as reward charts and enuresis alarms. After a discussion of the benefits and risks, it is felt that she would benefit from a trial of daily medication to manage this condition.

What is the main site of action of the drug that she has likely been commenced on?","[""Collecting ducts in the kidney"", ""Distal convoluted tubule of the kidney"", ""Hypothalamus"", ""Posterior pituitary gland"", ""Proximal convoluted tubule of the kidney""]",Collecting ducts in the kidney,0,"Antidiuretic hormone (ADH) - site of action = collecting ducts

This child has most likely been started on desmopressin (synthetic vasopressin or anti-diuretic hormone - ADH) to manage her bedwetting symptoms. This hormone primarily works in the collecting ducts of the kidney by binding to V2 receptors, thereby promoting the insertion of aquaporin-2 water channels, which allows more water to be reabsorbed back into the circulation.

Although there is some action on the distal convoluted tubule, the collecting duct is the main site of action of ADH.

ADH is synthesised in the hypothalamus but does not act on this site. The action of ADH in maintaining plasma osmolality is monitored by osmoreceptors in the hypothalamus.

ADH is released from the posterior pituitary gland after synthesis in the hypothalamus. The hormone itself does not act on the pituitary gland.

ADH does not act on the proximal convoluted tubules. Water reabsorption in the proximal tubules occurs passively along the osmotic gradient created by the active transport of sodium via the Na/K/ATPase pump."
94,"A 27-year-old man presents to the Emergency Department with polyuria and polydipsia. He mentions that, several days prior, he attended the Emergency Department for a head injury.

On examination, he appears clinically dehydrated. Urine osmolality testing is conducted:


Urine osmolality post-water deprivation	260 mOsm/kg	(low)
Urine osmolality post-desmopressin administration	720 mOsm/kg	(high)

Given the likely diagnosis, where does the deficient substance normally act most?","[""Collecting duct"", ""Distal convoluted tubule"", ""Loop of Henle"", ""Posterior pituitary gland"", ""Proximal convoluted tubule""]",Collecting duct,0,"Antidiuretic hormone (ADH) - site of action = collecting ducts

The 'deficient substance' being alluded to here is antidiuretic hormone (ADH); the patient has a diagnosis of cranial diabetes insipidus following head trauma, as evidenced by the urine osmolality results. ADH acts in the collecting ducts of the kidneys - it binds to vasopressin receptors and ultimately leads to upregulation of aquaporin-2 channels, responsible for water reabsorption.

ADH has some small action at the distal convoluted tubules. However, by the far the greatest action takes place at the collecting ducts, via the mechanism described above.

ADH does not act in the loop of Henle. Several medications exert their effect here, including the aptly-named loop diuretics.

The posterior pituitary gland is the site of release of ADH. After synthesis in the hypothalamus, ADH migrates to the posterior pituitary gland.

Proximal convoluted tubules are the site of action of several drugs, including diuretics, but not of ADH."
95,"A small study is designed to look at the link between drinking alcohol and liver cirrhosis. One hundred patients with liver cirrhosis were questioned and it was found that 80 of them drank excessive alcohol. As a control, one hundred patients without liver cirrhosis were questioned and only 20 of these patients drank excessively. What is the odds ratio of developing liver cirrhosis for people who drink excessively compared to those who do not?","[""2"", ""4"", ""0.25"", ""16"", ""3""]",16,3,"Odds -  remember a ratio of the number of people who incur a particular outcome to the number of people who do not incur the outcome

The odds of a patient with liver cirrhosis having a history of excessive drinking is 80/20 = 4.

The odds of a patient without liver cirrhosis having a history of excessive drinking is 20/80 = 0.25.

Therefore the odds ratio = 4 / 0.25 = 16"
96,"A study is conducted to assess the mean serum creatinine level in patients with chronic kidney disease. The researchers find a mean serum creatinine of 250 μmol/L with a standard deviation of 60 μmol/L in a sample of 36 patients. The researchers want to calculate the 95% confidence interval for the mean.

What is the standard error of the mean for this study?","[""10 μmol/L"", ""6 μmol/L"", ""12 μmol/L"", ""5 μmol/L"", ""15 μmol/L""]",10 μmol/L,0,"Standard error of the mean = standard deviation / square root (number of patients)

The standard error of the mean (SEM) is calculated using the formula: SEM = standard deviation / square root(sample size).

In this case, the standard deviation is 60 μmol/L and the sample size is 36 patients.

SEM = 60 / √36 = 60 / 6 = 10 μmol/L

10 μmol/L

is the correct answer. The standard error of the mean tells us how precisely we have estimated the population mean from our sample. A smaller SEM indicates a more precise estimate. The SEM is used to calculate confidence intervals, which provide a range of values within which the true population mean is likely to lie. For a 95% confidence interval, we would multiply the SEM by 1.96 (for large samples) and add/subtract this from the mean. In this case, the 95% CI would be 250 ± (1.96 × 10) μmol/L, or approximately 230.4 to 269.6 μmol/L.

6 μmol/L

is incorrect. This value appears to be the square root of the sample size (√36 = 6) without completing the full calculation. The SEM requires dividing the standard deviation by this value.

12 μmol/L

is incorrect. This value does not correspond to the correct calculation of the SEM using the given information. It's important to apply the formula accurately: standard deviation divided by the square root of the sample size.

5 μmol/L

is incorrect. This value is too small and does not reflect the correct calculation of the SEM. When working with statistical measures in clinical studies, precision in calculations is essential for accurate interpretation of results.

15 μmol/L

is incorrect. This value is too large and might result from an error in calculation. The SEM is an important measure that affects the width of confidence intervals, which in turn influences how we interpret study findings and their clinical significance."
97,"A 22-year-old man presents to the emergency department with a recurrent fever. He has a past medical history of Adult-onset Still's disease.

During the course of the admission, the patient becomes more unwell, with high-grade fevers and tachycardia.

Blood results are as follows:


Hb	110 g/L	Male: (135-180)
Female: (115 - 160)
Platelets	82 * 109/L	(150 - 400)
WBC	2.1 * 109/L	(4.0 - 11.0)
CRP	74 mg/L	(< 5)
Ferritin	22,180 mg/mL	(30-400)
Triglycerides	4.8 mmol/L	(<1.7)


Fibrinogen	0.9 g/L	(2 - 4)

Given the likely diagnosis, what cytokine plays a key role in the pathophysiology?","[""IL-2"", ""IL-3"", ""IL-4"", ""IL-5"", ""Interferon-γ""]",Interferon-γ,4,"Interferon-γ is responsible for activating macrophages

The patient has a diagnosis of Adult-onset Still's disease. In addition, the extremely high ferritin, cytopaenias, hypertriglyceridemia, and hypofibrinogenaemia are suggestive of macrophage activation syndrome which is a severe, potentially life-threatening, complication of several chronic rheumatological diseases.

Interferon-γ

is responsible for activating macrophages and plays a key role in the pathogenesis of macrophage activation syndrome.

IL-2

acts on Th1 cells to stimulate the growth and differentiation of T cell response.

IL-3

acts on activated T helper cells to stimulate differentiation and proliferation of myeloid progenitor cells.

IL-4

acts on Th2 cells to stimulate proliferation and differentiation of B cells.

IL-5

acts on Th2 cells to stimulate production of eosinophils."
98,Patients with deficiencies of which one of the following complement protein(s) are predisposed to immune complex diseases?,"[""C1-INH"", ""C1q, C1rs, C2, C4"", ""C5-9"", ""C3"", ""C3bBb""]","C1q, C1rs, C2, C4",1,
99,"A 30-year-old woman is referred to the rheumatologist with a one-week history of persistent right knee pain, sore eyes, and swelling as well as lower back stiffness.

She feels otherwise generally well and is on the seventh day of a course of ciprofloxacin for a suspected UTI. Four weeks ago, she was treated at the sexual health clinic for Chlamydia and gonococcus co-infection.

Blood tests show:


Hb	132 g/L	(115 - 160)
WBC	10.4 * 109/L	(4.0 - 11.0)
CRP	55 mg/L	(< 5)

On examination, her right knee and right ankle are noted to be swollen and tender.

Given the likely diagnosis, what HLA serotype is this condition associated with?","[""HLA-B27"", ""HLA-B51"", ""HLA-DQ2"", ""HLA-DR3"", ""HLA-DR4""]",HLA-B27,0,"Reactive arthritis - HLA-B27

Reactive arthritis would best fit this presentation. Associated with

HLA-B27

, this typically presents with arthritis, urethritis, and conjunctivitis.  This woman clearly has acute onset arthritis and is being treated for a 'suspected UTI' which has not resolved after the usual three days of treatment that would be used to treat women and which should raise suspicion of urethritis. She describes the probable trigger for her reactive arthritis-

Chlamydia

infection.

HLA-B51

is associated with Behcet's disease, which usually presents with ulcers of the genitals and oral mucosa, skin lesions, and inflammation of parts of the eye.

HLA-DQ2

is associated with Coeliac disease, which would present with symptoms of malabsorption.

HLA-DR3

is associated with Addison's disease, systemic lupus erythematosus, type 1 diabetes mellitus, Grave's disease, and myasthenia gravis. None of these would give the presentation above.

HLA-DR4

is associated with type 1 diabetes mellitus and rheumatoid arthritis."
100,"A 44-year-old man is awaiting his test results for a recent HIV test. He is told that the test has a specificity of 99.6%.

Which of following is true regarding the test?","[""0.4% of patients without HIV are tested negative"", ""99.6% of patients with HIV are tested negative"", ""99.6% of patients with HIV are tested positive"", ""99.6% of patients without HIV are tested negative"", ""99.6% of patients without HIV are tested positive""]",99.6% of patients without HIV are tested negative,3,"Specificity - proportion of patients without the condition who have a negative test result

Specificity is the proportion of patients without the condition who have a negative test result. Specificity of 99.6% of the HIV test implies that 99.6% of patients without HIV are tested negative.

'99.6% of patients with HIV are tested positive' suggests sensitivity of 99.6% of the test. Sensitivity is the proportion of patients with the condition who have a positive test result."
101,"A 32-year-old woman is referred to the haematology clinic with persistent fatigue, night sweats, and weight loss for 3 months. Examination reveals cervical lymphadenopathy. A lymph node biopsy is performed, and the pathologist requests fluorescence in situ hybridization (FISH) to identify a specific chromosomal translocation.

What is the most accurate description of this technique?","[""It detects RNA transcripts using gel electrophoresis and radioactive probes"", ""It uses fluorescent DNA probes to bind to specific gene sequences for direct visualisation"", ""It identifies protein products of oncogenes using enzyme-linked antibodies"", ""It amplifies small segments of DNA through repeated cycles of denaturation and replication"", ""It measures gene expression levels through quantification of mRNA""]",It uses fluorescent DNA probes to bind to specific gene sequences for direct visualisation,1,"Fluorescence in situ hybridization uses fluorescent DNA or RNA probe to bind to specific gene site of interest for direct visualisation of chromosomal anomalies

It uses fluorescent DNA probes to bind to specific gene sequences for direct visualisation

is the correct description of fluorescence in situ hybridization (FISH). In this patient's case, FISH would be particularly useful for identifying chromosomal translocations associated with lymphomas, such as t(14;18) in follicular lymphoma or t(11;14) in mantle cell lymphoma. FISH works by using fluorescently labelled DNA probes that are complementary to specific DNA sequences of interest. These probes hybridize (bind) to their target sequences in the patient's chromosomes, allowing direct visualisation of chromosomal abnormalities under a fluorescence microscope. This technique is valuable in haematological malignancies where specific genetic aberrations have diagnostic, prognostic, and therapeutic implications. FISH can detect translocations, deletions, amplifications, and other chromosomal rearrangements with high sensitivity.

It detects RNA transcripts using gel electrophoresis and radioactive probes

describes Northern blotting, not FISH. Northern blotting is used to detect specific RNA molecules in a sample. The RNA is separated by size using gel electrophoresis, transferred to a membrane, and then hybridized with labelled probes. While both techniques involve hybridization, Northern blotting detects RNA rather than DNA and typically uses a blotting process rather than in situ detection.

It identifies protein products of oncogenes using enzyme-linked antibodies

describes techniques such as immunohistochemistry or Western blotting, not FISH. These protein detection methods use antibodies rather than nucleic acid probes. In the context of lymphoma diagnosis, immunohistochemistry would be used to identify cell surface markers or abnormal protein expression, but would not directly detect chromosomal abnormalities.

It amplifies small segments of DNA through repeated cycles of denaturation and replication

describes polymerase chain reaction (PCR), not FISH. PCR is an amplification technique that creates multiple copies of a specific DNA segment, whereas FISH is a hybridization technique that visualizes DNA sequences in their chromosomal context without amplification.

It measures gene expression levels through quantification of mRNA

describes techniques such as real-time PCR or RNA sequencing, not FISH. These techniques quantify the amount of specific mRNA molecules to determine gene expression levels, whereas FISH localizes and visualizes specific DNA sequences within chromosomes."
102,You are discussing conception with two parents who both have achondroplasia. They ask you what the chances are that a child of theirs would be of normal height. What is the correct response?,"[""0%"", ""25%"", ""50% independent of gender"", ""50% if male"", ""75%""]",25%,1,
103,"A 26-year-old gentleman has been recently diagnosed with an intracranial neoplasm. His family history includes that of multiple carcinomas. These include breast, bone and colon cancer. A diagnosis of Li-Fraumeni is suspected.

What is the likely gene defect causing this condition?","[""APC"", ""NF1"", ""p53"", ""WT1"", ""BRCA1""]",p53,2,
104,"A novel drug is being investigated for its ability to increase myocardial contractility without elevating intracellular calcium levels or myocardial oxygen consumption. It acts by enhancing the interaction between calcium ions and a regulatory protein involved in cardiac excitation–contraction coupling.

What among the following interactions is most likely targeted by this drug?","[""Calcium ions binding to calmodulin"", ""Calcium ions binding to ryanodine receptors"", ""Calcium ions binding to troponin C"", ""Calcium ions binding to troponin I"", ""Calcium ions binding to troponin T""]",Calcium ions binding to troponin C,2,"Troponin C binds to calcium ions

Calcium ions binding to troponin C

is the correct answer. Troponin C is the regulatory protein within the cardiac thin filament that directly binds calcium ions during systole, triggering a conformational change that permits actin-myosin cross-bridge cycling and muscle contraction. Enhancing this interaction increases contractile force without raising intracellular calcium levels, explaining the improved myocardial contractility without increased oxygen demand or arrhythmias observed in the clinical scenario. This mechanism is consistent with calcium sensitiser drugs that improve cardiac output in heart failure.

Calmodulin

is a ubiquitous calcium-binding messenger protein involved in numerous signalling pathways, including activation of certain kinases. Although calmodulin influences cardiac cell signalling, it does not directly regulate the contractile machinery in cardiac myocytes. Thus, enhancing calcium binding to calmodulin would not directly increase myocardial contractility without changing calcium dynamics, making this unlikely in the given scenario.

Ryanodine receptors

are calcium release channels on the sarcoplasmic reticulum, mediating calcium-induced calcium release during systole. Enhancing calcium binding to these receptors would increase intracellular calcium concentration, potentially raising myocardial oxygen demand and arrhythmia risk. This contradicts the clinical trial findings, where contractility improves without increased intracellular calcium or adverse effects.

Calcium ions binding to troponin I

is incorrect because troponin I does not bind calcium ions; instead, it functions as the inhibitory subunit of the troponin complex, preventing actin-myosin interaction during diastole. Calcium binding to troponin C induces a conformational change that releases this inhibition by troponin I. Therefore, increasing calcium binding to troponin I is not a recognised mechanism and would not explain the enhanced contractility seen without elevated calcium levels.

Calcium ions binding to troponin T

is incorrect because troponin T anchors the troponin complex to tropomyosin but does not bind calcium ions itself. While it plays a structural role in the regulation of contraction, enhancing calcium binding to it would not influence contractility. The drug described increases the sensitivity of the contractile machinery to calcium, a function specifically mediated by troponin C, not troponin T. Therefore, this interaction is inconsistent with the mechanism outlined in the stem."
105,"A 32-year-old man presents to the sexual health clinic with a painful ulcer on his penis. On further questioning, he also admits to having experiencing recurrent ulcers in the mouth and joint pains in his elbows and knee. On examination, there is a small ulcer, about 2 cm in diameter, on the glans of penis.

Which HLA antigen is associated with this presentation?","[""HLA B51"", ""HLA DR3"", ""HLA DR4"", ""HLA A3"", ""HLA DQ8""]",HLA B51,0,"Behcet's disease is associated with HLA-B51

The patient presents with features (oral, genital ulcers and arthritis) which are suggestive of Behcet's disease. Another feature of Behcet's disease is eye inflammation such as anterior uveitis. Behcet's disease is associated with HLA-B51.

HLA DR3 is associated with Sjogren's syndrome and primary biliary cirrhosis.

HLA DR4 is associated with rheumatoid arthritis and type 1 diabetes mellitus.

HLA A3 is associated with haemochromatosis.

HLA DQ8 is associated with coeliac disease."
106,"A 68-year-old man is referred to the cardiology clinic with a 3-month history of chest pain on exertion. He describes the pain as a central tightness that radiates to his left arm and is relieved by rest within 5 minutes. His past medical history includes hypertension and type 2 diabetes mellitus. He is a non-smoker. On examination, his blood pressure is 148/92 mmHg and heart rate is 78 beats per minute. His ECG shows normal sinus rhythm with no acute ischaemic changes. He is diagnosed with stable angina and prescribed glyceryl trinitrate spray to use as needed.

What is the primary mechanism by which this medication relieves his symptoms?","[""Decreases myocardial oxygen demand by reducing preload"", ""Increases coronary blood flow by inhibiting platelet aggregation"", ""Releases nitric oxide causing vascular smooth muscle relaxation"", ""Reduces heart rate by blocking beta-adrenergic receptors"", ""Stimulates angiogenesis in ischaemic myocardium""]",Releases nitric oxide causing vascular smooth muscle relaxation,2,"Nitric oxide -  vasodilation + inhibits platelet aggregation

Releases nitric oxide causing vascular smooth muscle relaxation

is the correct mechanism by which glyceryl trinitrate (GTN) relieves anginal symptoms. GTN is an organic nitrate that acts as a prodrug, being converted to nitric oxide (NO) in the body. NO activates guanylate cyclase, which increases intracellular cyclic guanosine monophosphate (cGMP) levels. This leads to decreased intracellular calcium concentration, resulting in relaxation of vascular smooth muscle. The vasodilatory effects primarily affect the venous system (venodilation), reducing preload and cardiac work, but also cause coronary artery dilation. By reducing myocardial oxygen demand and improving coronary blood flow, GTN helps restore the balance between oxygen supply and demand in the ischaemic myocardium, thereby relieving anginal symptoms. This mechanism makes GTN particularly effective for rapid relief of acute anginal episodes, as described in this patient's case.

Decreases myocardial oxygen demand by reducing preload

is partially correct but incomplete. While GTN does decrease preload through venodilation, which contributes to reduced myocardial oxygen demand, this is a downstream effect of the primary mechanism - NO-mediated vascular smooth muscle relaxation. The reduction in preload is a consequence of the vasodilation caused by NO, not the primary mechanism itself. Therefore, this option does not fully capture the fundamental pharmacological action of GTN.

Increases coronary blood flow by inhibiting platelet aggregation

is incorrect as the primary mechanism. While NO does inhibit platelet aggregation, which may provide some benefit in coronary artery disease, this is not the main mechanism by which GTN provides rapid symptom relief in angina. The immediate relief of anginal symptoms is primarily due to vasodilation rather than antiplatelet effects, which would take longer to manifest clinically.

Reduces heart rate by blocking beta-adrenergic receptors

is incorrect. GTN does not have beta-blocking properties. Beta-blockers (such as atenolol or bisoprolol) reduce heart rate and contractility by blocking beta-adrenergic receptors, thereby decreasing myocardial oxygen demand. These are different classes of anti-anginal medications with distinct mechanisms of action. In fact, GTN may cause a reflex tachycardia due to its vasodilatory effects, although this is usually minimal with sublingual administration.

Stimulates angiogenesis in ischaemic myocardium

is incorrect. GTN does not promote the growth of new blood vessels (angiogenesis) in the heart. Angiogenesis is a complex process that occurs over days to weeks and involves growth factors such as vascular endothelial growth factor (VEGF). While therapeutic angiogenesis is being researched as a potential treatment for ischaemic heart disease, it is not a mechanism by which GTN or other currently available anti-anginal medications work."
107,"A 70-year-old man is brought to the emergency department because of sudden onset chest pain. He says that the chest pain started 2 hours back when and is radiating to his left shoulder. It feels like a heavy pressure over his sternum. He has smoked one pack of cigarettes per day for 40 years and was diagnosed with hyperlipidaemia 20 years ago. An initial ECG is performed.


ECG	ST elevation in V3 and V4

Despite resuscitative measures the patient dies. At autopsy, an haematoxylin and eosin stained section of the left anterior descending artery shows atheroma formation.

Which of the following best describes the last step involved in the pathogenesis of his autopsy finding?","[""Thickening of the tunica intima"", ""Development of fatty streaks"", ""Infiltration by macrophages & T-lymphocytes"", ""Appearance of foam cells in the intima"", ""Smooth muscle migration from tunica media""]",Smooth muscle migration from tunica media,4,"Smooth muscle proliferation and migration from the tunica media into the intima is the last step in the formation of an atheroma

We have an elderly patient coming with typical anginal pain. The most common cause of ischaemic heart disease is atherosclerosis, and this patient has risk factors for the same, namely smoking and hyperlipidaemia.

The pathological process involved in atherosclerosis begins with thickening of the tunica intima. Histologically, this is mainly composed of proteoglycan rich extracellular matrix and acellular lipid pools.

Fatty streaks are minimal lipid depositions on the luminal surface which are not necessarily a part of the atheroma. They can be seen in normal individuals also and begin as early as in the twenties.

As the pathological process evolves, we start seeing the early stages of fibroatheroma which is characterized primarily by infiltration of macrophages & T-lymphocytes, with the formation of a well-demarcated lipid-rich necrotic core.

The appearance of foam cells occur relatively early in the disease process and play a major role in the pathogenesis of atheroma formation.

Further progression leads to a thin cap fibroatheroma, wherein the necrotic core becomes bigger and fibrous cap thins out. Throughout the process, there is a progressive increase in the number of inflammatory cells. Finally, smooth muscle cells from the tunica media start to proliferative and migrate into the tunica intima."
108,A 72-year-old woman who is diagnosed with osteoporosis after suffering a Colles' fracture is prescribed vitamin D supplementation. Which one of the following benefits will vitamin D result in?,"[""Increased calcium absorption in the gut"", ""Promoting renal phosphate excretion"", ""Decreased osteoclastic activity"", ""Inhibition of the proliferation and differentiation of osteoblasts"", ""Decreases osteocalcin release""]",Increased calcium absorption in the gut,0,
109,Which one of the following statements regarding growth hormone is incorrect?,"[""Doesn't act directly on chondrocytes or osteoblasts"", ""Is an anabolic hormone"", ""Is responsible for changes in protein, lipid, and carbohydrate metabolism"", ""Is secreted by the somatotroph cells"", ""Acts on a transmembrane receptor""]",Doesn't act directly on chondrocytes or osteoblasts,0,
110,"A 34-year-old man presents with painful, cracked lesions at the corners of his mouth that have persisted for several weeks. He states that he eats a limited intake of dairy products and green leafy vegetables.

On examination, you note bilateral erythematous fissures at the angles of the mouth. There is no evidence of oral thrush or bacterial infection. No other cutaneous or systemic abnormalities are noted.

Blood results are as follows:


Hb	144 g/L	Male: (135-180)
Female: (115 - 160)
Platelets	282 * 10 9/L	(150 - 400)
WBC	8.2 * 10 9/L	(4.0 - 11.0)
MCV	85 fl	(80 - 100)

What is the patient most likely to be deficient in?","[""Ascorbic acid"", ""Cyanocobalamin"", ""Folate"", ""Riboflavin"", ""Zinc""]",Riboflavin,3,"Riboflavin deficiency causes angular cheilitis

Riboflavin

is correct. The patient's presentation of painful, cracked lesions at the corners of his mouth (angular cheilitis) and limited intake of dairy products and green leafy vegetables, which are rich in riboflavin, suggest a deficiency in this vitamin. Riboflavin (vitamin B2) is needed for many cellular processes and its deficiency can cause angular cheilitis. Other symptoms can include a sore throat, dry and scaly skin, and anaemia. However, these symptoms are not present in this patient.

Ascorbic acid

is incorrect. Ascorbic acid deficiency primarily causes symptoms related to impaired collagen synthesis such as scurvy, which includes gingival changes, hyperkeratosis, and corkscrew hairs. The absence of these features in this case makes ascorbic acid deficiency a less likely diagnosis.

Cyanocobalamin

is incorrect. Although angular cheilitis is associated with vitamin cyanocobalamin deficiency, the normal full blood count (FBC) and mean corpuscular volume (MCV) make this an unlikely cause. Cyanocobalamin deficiency presents with macrocytosis and in severe cases anaemia, thrombocytopenia, and leukopenia.

Folate

is incorrect. Although angular cheilitis is associated with folate deficiency, the normal FBC and MCV make this a less likely cause.

Zinc

is incorrect. The clinical manifestations in severe cases of zinc deficiency include bullous-pustular dermatitis, alopecia, diarrhoea, weight loss, and hypogonadism in males. The absence of these clinical features makes zinc deficiency a less likely diagnosis."
111,"A rapid urine screening test is developed to detect Chlamydia. A trial involving 200 men and women is performed comparing the new test to the existing NAAT techniques:


	Chlamydia present	Chlamydia absent
New test positive	20	3
New test negative	5	172

What is the negative predictive value of the new test?","[""172/177"", ""20/23"", ""172/192"", ""172/175"", ""20/25""]",172/177,0,"Negative predictive value = TN / (TN + FN)

Negative predictive value = TN / (TN + FN)

= 172 / (172 + 5)"
112,"A 50-year-old chronic smoker is seen in the cardiology clinic having been referred with progressively increasing chest pain on exertion.

Initial investigations were normal and therefore an outpatient coronary angiography was performed revealing severe stenosis/atheroma of several vessels. The patient is informed that the condition is a result of multiple factors such as his smoking triggering this vessel pathology.

What is the final step in the formation of this patient's condition?","[""Collagen disruption and break down of the tunica externa"", ""Endothelial dysfunction"", ""Fatty infiltration of the subendothelial space by low-density lipoprotein (LDL) particles"", ""Macrophages phagocytose oxidised LDL"", ""Smooth muscle proliferation and migration from the tunica media into the intima""]",Smooth muscle proliferation and migration from the tunica media into the intima,4,"Smooth muscle proliferation and migration from the tunica media into the intima is the last step in the formation of an atheroma

This patient angiography is in keeping with atherosclerosis in which the walls of the arteries develop narrowing lesions or plagues with build-up over several years. The formation of the atheromatous plaques is a complex process in which the final step is

smooth muscle proliferation and migration from the tunica media into the intima

. This results in the formation of a fibrous capsule covering the fatty plaque and solidification of the narrowing. These plaques are at risk of rupturing, triggering a cascade of events, clot enlargement and possible complete obstruction of blood flow resulting in myocardial infarction.

Collagen disruption and breakdown of the tunica externa

is not a stage in the formation of atherosclerosis. Being on the outer layer of the artery vessels the tunica externa is not directly involved in the formation of the inner endothelial plaque formation. Disruption of the tunica externa can occur in rare conditions such as vitamin C deficiency (i.e. scurvy) leading to rupture.

Endothelial dysfunction

is the initial step in the formation of atherosclerotic plaques triggered by a number of factors and medical conditions including smoking, hypertension, hyperglycaemia etc.

Fatty infiltration of the subendothelial space by low-density lipoprotein (LDL) particles

occurs following the initial disruption of the endothelium as a result of pro-inflammatory, pro-oxidant, proliferative and reduced nitric oxide bioavailability.

Following this LDL infiltration monocytes migrate from the blood and differentiate into macrophages that then

phagocytose oxidised LDL

, slowly turning into large 'foam cells'. As these macrophages die the result can further propagate the inflammatory process. This is towards the end of the process but is not the final step."
113,You are reviewing a new study on the benefit of omega-3 fish oils in patients with established ischaemic heart disease. What does the power of the study equate to?,"[""= 1 / p value"", ""= standard deviation / square root of sample size"", ""= 1 - probability of making a type II error"", ""= 1 - probability of making a type I error"", ""= 1 / probability of making a type I error""]",= 1 - probability of making a type II error,2,"Power = 1 - the probability of a type II error

The correct answer is

= 1 - probability of making a type II error

. In statistical terms, the power of a study equates to 1 minus the probability of making a Type II error (β). This represents the study's ability to correctly reject a false null hypothesis, i.e., it measures the study's capacity to detect an effect or difference when one truly exists. Therefore, a high-powered study has a decreased likelihood of committing a Type II error.

Discussing the other options:

= 1 / p value

is incorrect. The p-value in a study indicates the probability that the observed results occurred by chance if the null hypothesis is true. It does not directly relate to power; however, it can indirectly affect power as smaller p-values suggest stronger evidence against the null hypothesis.

= standard deviation / square root of sample size

is also incorrect. This formula actually describes how to calculate standard error in statistics, which is used for constructing confidence intervals and testing hypotheses but does not define power.

= 1 - probability of making a type I error

is incorrect as well. This equation gives us 'specificity', not 'power'. A Type I error (α) occurs when we reject a true null hypothesis or indicate an effect where none exists. The specificity refers to correctly identifying those without disease in diagnostic tests rather than relating to statistical power.

Lastly,

= 1 / probability of making a type I error

is also incorrect. There's no established relationship between this ratio and power in statistics. As mentioned earlier, Type I errors are about falsely rejecting the null hypothesis and do not directly relate to statistical power."
114,Which layer of the epidermis are melanocytes found in?,"[""Stratum lucidum"", ""Stratum germinativum"", ""Stratum spinosum"", ""Stratum corneum"", ""Stratum granulosum""]",Stratum germinativum,1,"Epidermis - 5 layers - bottom layer = stratum germinativum which gives rise to keratinocytes and contains melanocytes

The correct answer is

stratum germinativum

(also known as stratum basale), which is the deepest layer of the epidermis where melanocytes are located. Melanocytes are the cells responsible for producing melanin, the pigment that gives skin its colour. These cells are found interspersed between the keratinocytes in the basal layer and extend their dendritic processes upward into the more superficial layers to transfer melanin to surrounding keratinocytes.

Stratum lucidum

is a thin, clear layer of dead skin cells found only in thick skin (palms and soles). It contains eleidin, which is derived from keratohyalin, and does not contain melanocytes.

Stratum spinosum

is located above the stratum germinativum and consists of keratinocytes connected by desmosomes, giving them a spiny appearance. While melanin may be present here (transferred from melanocytes), the melanocytes themselves are not found in this layer.

Stratum corneum

is the outermost layer of the epidermis, consisting of multiple layers of flattened, dead keratinocytes that are filled with keratin. This layer provides the main barrier function of the skin and does not contain living cells, including melanocytes.

Stratum granulosum

contains keratinocytes that are becoming increasingly flattened and contain keratohyalin granules. This layer is involved in the keratinisation process but does not contain melanocytes."
115,"A researcher has introduced a new test to detect breast cancer. He performs the test in 800 patients.


	Patients with breast cancer	Patients without breast cancer
Test positive	405	45
Test negative	95	255

What is the specificity of the new test?","[""55%"", ""70%"", ""81%"", ""85%"", ""90%""]",85%,3,"Specificity = TN / (TN + FP)

A test's specificity is the proportion of people without the disease who will have a negative result.

Specificity = True Negatives / (True Negatives + False Positives)

For the given test, specificity = 255/(255+45) = 255/300= 0.85 -> 85%.

Specificity increases if the ratio of false-positive decreases and vice versa. The mnemonic for specificity is SPIN; specificity rules-in'the specificity helps with ruling in the disease."
116,"A 45-year-old man with a history of ischemic heart disease presents to the clinic complaining of frequent episodes of chest discomfort, particularly during physical activity. He describes the discomfort as a tightness in the chest that is relieved by rest. The GP starts an as-required medication to be taken to relieve the chest pain and refers the patient to a rapid-access cardiology clinic.

Which of the following best explains the dual action of this as required medication?","[""Decreases myocardial contractility and decreases heart rate"", ""Decreases systemic vascular resistance and inhibits leukocyte activation"", ""Increases coronary blood flow and stimulates fibrinolysis"", ""Relaxes vascular smooth muscle and inhibits platelet aggregation"", ""Relieves coronary vasospasm and promotes endothelial repair""]",Relaxes vascular smooth muscle and inhibits platelet aggregation,3,"Nitric oxide -  vasodilation + inhibits platelet aggregation

Relaxes vascular smooth muscle and inhibits platelet aggregation

is correct. The medication described is GTN, a prodrug of nitric oxide (NO), a potent vasodilator and antithrombotic agent. NO activates guanylyl cyclase in vascular smooth muscle cells, increasing cyclic guanosine monophosphate (cGMP) levels. This reduces intracellular calcium, leading to the relaxation of vascular smooth muscle and subsequent vasodilation. In addition, NO inhibits platelet activation and aggregation via cGMP-dependent pathways.

Decreases myocardial contractility and reduces heart rate

is incorrect. NO does not directly affect myocardial contractility or heart rate. These effects are mediated by beta-blockers or calcium channel blockers, not NO. NO primarily acts on vascular smooth muscle and platelets.

Decreases systemic vascular resistance and inhibits leukocyte activation

is incorrect. While NO reduces systemic vascular resistance through vasodilation, it does not primarily affect leukocyte activation. NO’s anti-inflammatory properties are minor compared to its vasodilatory and antiplatelet effects.

Increases coronary blood flow and stimulates fibrinolysis

is incorrect. NO increases coronary blood flow via vasodilation, but it does not directly stimulate fibrinolysis. Fibrinolysis involves plasmin activation and fibrin degradation, which are not directly mediated by NO.

Relieves coronary vasospasm and promotes endothelial repair

is incorrect. While NO helps relieve coronary vasospasm by relaxing smooth muscle, it does not actively promote endothelial repair. Endothelial repair is mediated by growth factors and cellular regeneration, independent of NO."
117,"A 29-year-old man is admitted with night sweats, weight loss and painless cervical lymphadenopathy. Excisional lymph node biopsy reveals large binucleate cells on histology. Immunohistochemistry is positive for CD30 and another cell surface marker. Which additional marker is most likely to be present on these abnormal cells?","[""CD15"", ""CD20"", ""CD56"", ""CD5"", ""CD14""]",CD15,0,"CD15 is found on Reed-Sternberg cells

CD15

is the correct answer. Reed-Sternberg cells are characteristic of classical Hodgkin lymphoma and typically express both CD30 and CD15 on immunohistochemistry. The scenario describes a young adult with B symptoms (night sweats, weight loss) and painless lymphadenopathy, classic features of Hodgkin lymphoma. The identification of large binucleate cells (Reed-Sternberg cells) further supports this diagnosis. Understanding the immunophenotype of these cells—specifically co-expression of CD15 and CD30—is important for diagnosis according to UK haematology guidelines.

CD20

is a pan-B cell marker expressed in most mature B-cell neoplasms such as diffuse large B-cell lymphoma or follicular lymphoma, but it is usually absent or only weakly expressed in classical Reed-Sternberg cells. Although some non-classical variants may show CD20 positivity, the typical immunoprofile described here fits better with CD15.

CD56

is a neural cell adhesion molecule found predominantly on natural killer (NK) cells and some T-cell neoplasms, not in Reed-Sternberg cells or Hodgkin lymphoma.

CD5

is found on T-cells and also on mantle cell lymphomas but not typically seen in Reed-Sternberg cells or classical Hodgkin lymphoma.

CD14

serves as a marker for monocytes/macrophages but has no association with Reed-Sternberg cells or their diagnostic profile."
118,"Each one of the following features is seen in phenylketonuria, except:","[""Learning difficulties"", ""Seizures"", ""Eczema"", ""Recurrent infections"", ""'Musty' urine""]",Recurrent infections,3,
119,Whilst reviewing a patient's drug card you notice that you prescribed the wrong dose of atenolol when the patient was initially clerked. Instead of 25mg atenolol od you prescribed 50mg atenolol od. She has received the incorrect dose on two occasions. On examining Mrs Smith you note her blood pressure and pulse are normal. Mrs Smith has a past history of anxiety and describes herself as a 'worrier'. What is the most appropriate action?,"[""Complete an entry in your e-portfolio"", ""Apologise to the patient + complete a clinical incident form"", ""Complete a clinical incident form + avoid telling patient to prevent unnecessary anxiety"", ""Fill out a 'yellow card'"", ""Keep her on the higher dose as she is suffering no ill effects""]",Apologise to the patient + complete a clinical incident form,1,
120,"A 48-year-old woman is admitted following presentation to the emergency department with a 5 day history of severe vomiting and diarrhoea following a recent trip to Africa. She feels weak and lethargic, and has been struggling to keep down food and drink.

On initial assessment, she has dry mucous membranes, reduced skin turgor, cool extremities and a non-visible jugular venous pressure. She is producing dark brown urine and is clinically oliguric over 24 hour measurement.

Her initial blood tests reveal:

Urea	33 mmol/L	(2.0 - 7.0)
Creatinine	320 µmol/L	(55 - 120)

She is given fluid therapy and antibiotic treatment for her gastroenteritis. Three days later she appears clinically rehydrated, and is apyrexial, but still oliguric, however her blood tests reveal:

Urea	39 mmol/L	(2.0 - 7.0)
Creatinine	510 µmol/L	(55 - 120)

Urinalysis and microscopy reveals muddy brown granular casts.

What is the cause of her deteriorating urea and creatinine?","[""Obstructive uropathy"", ""Ongoing pre-renal AKI"", ""Acute tubular necrosis"", ""Glomerulonephritis"", ""Acute interstitial nephritis""]",Acute tubular necrosis,2,"Acute tubular necrosis is associated with granular, muddy-brown urinary casts

This patient has experienced a prolonged period of dehydration and pre-renal acute kidney injury (AKI) secondary to bacterial gastroenteritis. Hypovolaemia reduces glomerular perfusion and filtration rates, which over time causes renal cell hypoxia and necrosis of the renal tubular epithelium. This is the mechanism of renal injury in this case, but acute tubular necrosis (ATN) can arise from other means e.g. sepsis or nephrotoxic agents.

Option 1: incorrect - given that this patient is still passing urine, but is only oliguric, suggests it is unlikely to be a bilateral obstruction. While it is possible that there is a unilateral obstruction, the history points more towards acute tubular necrosis as the predominant cause of renal injury.

Option 2: incorrect - this patient has definitely had a pre-renal AKI contributing to deranged initial renal function results. However, the failure to respond to fluids is a hallmark that hypovolaemia is no longer the direct cause of renal injury, and that the dysfunction is now intrinsic to the renal parenchyma itself.

Option 3: correct - this patient has signs that suggest ATN as the aetiology of unresolving renal dysfunction despite fluid therapy. These include: granular renal cell casts, which are collections of dead renal tubular cells sloughing in the tubular lumen, and a normal urea:creatinine ratio with both raised above baseline. This would not be seen in pre-renal AKI, which features a raised urea:creatinine ratio due to enhanced passive proximal reabsorption of urea that accompanies sodium in a hypovolaemic state.

Option 4: incorrect - while glomerulonephritis is a cause of intrinsic renal dysfunction, it is typically slower in onset and does not usually occur on the background of ongoing pre-renal AKI, rather on the background of secondary disease or in the presence of toxic drugs. While the syndrome is indeed vast, it is typically associated with proteinuria, haematuria or both, neither of which are displayed here.

Option 5: incorrect - while it is an excellent thought that both the gastrointestinal bacterial infection as well as the antibiotic therapy could cause acute interstitial nephritis, the classic triad of rash, fever and eosinophilia are all not present. Moreover, the urine sediment, if present, is more likely to be white cell (and/or red cell) casts/pyuria."
121,"When establishing a screening programme, which one of the following is not a key criteria as defined by Wilson and Junger?","[""There should be a recognised latent or early symptomatic stage"", ""The condition should be an important public health problem"", ""The test or examination should be acceptable to the population"", ""There should be agreed policy on whom to treat as patients"", ""The condition should be potentially curable""]",The condition should be potentially curable,4,
122,"A cohort study is designed to look at the association between working long hours and blood pressure.

The following results are obtained after 10 years of follow-up:


	Number of patients with normal blood pressure after 10 years	Number of patients diagnosed with hypertension after 10 years	Total
Working < 40 hours/ week	1000	50	1,050
Working > 40 hours/ week	600	60	660

What is the odds ratio of developing hypertension if you work more than 40 hours/week compared to people who work less than 40 hours/week?","[""60/600"", ""0.5"", ""2"", ""50/60"", ""60/50""]",2,2,
123,Which one of the following is in direct anatomical contact with the left kidney?,"[""Stomach"", ""Distal part of small intestine"", ""Spleen"", ""Pancreas"", ""Duodenum""]",Pancreas,3,
124,"You are designing a case-control study to look for risk factors for acute myeloid leukaemia. A 16-page questionnaire was used to obtain information on the following: demographics, medical history, family history, lifestyle risk factors, employment history, residential history, and environmental and occupational exposures. The control group has been demonstrated to be an accurate representation of the general public through advanced analysis.

What form of bias is this type of study particularly susceptible to?","[""Expectation bias"", ""Procedure bias"", ""Publication bias"", ""Recall bias"", ""Selection bias""]",Recall bias,3,"Recall bias is a particular problem in case-control studies

A case-control study is a relatively quick and simple design. They frequently use existing patient data, and the experimenters form the groups after the outcomes are known. Researchers do not conduct an experiment. Instead, they look for differences between the case and control groups that are potential risk factors for the condition.

Case-control studies are perfect for evaluating outbreaks and rare conditions. Researchers simply need to let a sufficient number of known cases accumulate in an established database. The alternative would be to select a large random sample and hope that the condition afflicts it eventually.

Recall bias

is correct.  This form of bias is due to the difference in the accuracy of the recollections retrieved by study participants, possibly due to whether they have a disorder or not. For example, a patient with acute myeloid leukaemia may search their memories more thoroughly for a history of radiation exposure than someone in the control group. This is a particular problem in case-control studies.

Expectation bias

is incorrect. Expectation bias occurs when an individual's expectations about an outcome influence perceptions of one's own or others' behaviour. This is only a problem in non-blinded prospective trials.

Procedure bias

is incorrect. This occurs when subjects in different groups receive different treatments.

Publication bias

is incorrect. Publication bias is defined as the failure to publish the results of a study on the basis of the direction or strength of the study findings and is a particular problem in systematic reviews and meta-analysis studies.

Selection bias

is incorrect.  A particular problem inherent in case-control studies is the selection of a comparable control group. Controls are used to estimate the prevalence of exposure in the population which gave rise to the cases. Therefore, the ideal control group would comprise a random sample from the general population that gave rise to the cases. However, this is not always possible in practice. Although this is a problem in case-control studies, advanced analysis, in this case, has demonstrated the control group to be a good reflection of the general population."
125,Which of the following conditions is inherited in an autosomal dominant fashion?,"[""Noonan syndrome"", ""Homocystinuria"", ""Cystinuria"", ""Congenital adrenal hyperplasia"", ""Fanconi anaemia""]",Noonan syndrome,0,"Autosomal recessive conditions are 'metabolic'  - exceptions: inherited ataxias

The correct answer is

Noonan syndrome

, which is a genetic condition inherited in an autosomal dominant pattern. This means that only one copy of the altered gene is needed to cause the condition, and an affected parent has a 50% chance of passing the condition to their offspring. Noonan syndrome is caused by mutations in several genes, most commonly PTPN11, and is characterised by distinctive facial features, short stature, congenital heart defects (particularly pulmonary stenosis), and various other developmental issues.

Homocystinuria

is incorrect as it is inherited in an autosomal recessive pattern. This metabolic disorder requires two copies of the defective gene (one from each parent) to manifest. It affects methionine metabolism due to cystathionine beta-synthase deficiency, leading to elevated homocysteine levels, lens dislocation, skeletal abnormalities, and thrombotic events.

Cystinuria

is also inherited in an autosomal recessive pattern. This condition involves defective transport of dibasic amino acids in the proximal renal tubule and gastrointestinal tract, leading to recurrent kidney stones composed of cystine.

Congenital adrenal hyperplasia

is incorrect as it follows an autosomal recessive inheritance pattern. The most common form is 21-hydroxylase deficiency, which affects cortisol production and can lead to various presentations depending on the severity of enzyme deficiency.

Fanconi anaemia

is also inherited in an autosomal recessive pattern. This rare genetic condition affects DNA repair mechanisms, leading to bone marrow failure, congenital abnormalities, and increased cancer risk, particularly acute myeloid leukaemia."
126,Which of the following statements is true regarding the p53 gene?,"[""It is an oncogene"", ""Mutation results in a gain of function"", ""50% of families with a strong history of breast cancer have a p53 mutation"", ""Li-Fraumeni syndrome predisposes to the development of sarcomas"", ""It is located on chromosome 13""]",Li-Fraumeni syndrome predisposes to the development of sarcomas,3,
127,"A 20-year-old woman presents to the ophthalmology department, with blurred vision in her right eye. She is noted to have a marfanoid body type and a degree of learning difficulties. Her past medical history includes epilepsy and a previous deep vein thrombosis (DVT).

On slit lamp examination, the upper edge of an inferiorly displaced subluxated lens can be seen.

What is the underlying diagnosis?","[""Alkaptonuria"", ""Cystinuria"", ""Homocystinuria"", ""Marfan's syndrome"", ""Phenylketonuria""]",Homocystinuria,2,"Tall, long fingered, downward lens dislocation, learning difficulties, DVT - homocystinuria

The correct diagnosis is

homocystinuria.

This is suggested by the patient's past medical history and examination findings on slit lamp examination which describe downward dislocation of the lens. Homocystinuria is an autosomal recessive condition caused by a deficiency of cystathionine beta-synthase. Classical features include a marfanoid body habitus, learning difficulties, seizures, downwards dislocation of the lens and increased risk of venous thromboembolism.

Alkaptonuria

is incorrect. Alkaptonuria is an autosomal recessive condition caused by a disorder in tyrosine and phenylalanine metabolism. It may cause pigmentation of the sclera and corneal deposits but is not associated with downward dislocation of the lens. Other classical features include urine which darkens on standing, renal stones and intervertebral disc calcification.

Cystinuria

is incorrect.  It is an autosomal recessive disorder characterised by the formation of recurrent renal stones. It is not directly associated with any ophthalmic problems.

Marfan's syndrome

is incorrect. Marfan's syndrome is an autosomal dominant connective tissue disorder.  Whilst it is associated with lens dislocation, this is typically upwards. Other ophthalmic problems include blue sclera and myopia.

Phenylketonuria

is incorrect. Phenylketonuria is an autosomal recessive condition, caused by a disorder of phenylalanine metabolism. It is diagnosed via the Guthrie test and has onset in childhood. Features include developmental delay, seizures, learning difficulties and eczema. It does not typically present with ophthalmic problems."
128,"A new antibody test is being researched to aid the early diagnosis of rheumatoid arthritis. It is found to have a specificity of 97%.

Which one of the following statements is correct?","[""97% of patients with the condition will have a positive test"", ""97% of patients without the condition will have a negative test"", ""97% of patients who have a positive result will have rheumatoid arthritis"", ""3% of patients who have a negative results will have rheumatoid arthritis"", ""The odds of rheumatoid arthritis decrease by 97% if the test is negative""]",97% of patients without the condition will have a negative test,1,"Specificity - proportion of patients without the condition who have a negative test result

97% of patients with the condition will have a positive test

this is the sensitivity

97% of patients without the condition will have a negative test

correct, this is the specificity

97% of patients who have a positive result will have rheumatoid arthritis

this is the positive predictive value

3% of patients who have a negative results will have rheumatoid arthritis

this is the negative predictive value

The odds of rheumatoid arthritis decrease by 97% if the test is negative

this is the likelihood ratio for a negative test result"
129,"A cardiologist designs a non-invasive test to diagnose coronary artery disease in those patients presenting with chest pain.

450 patients take the test. There are 180 true positives, 20 false positives, 200 true negatives and 50 false negatives.

What equation will determine the specificity of the test?","[""180 / (180 + 20)"", ""180 / (180 + 50)"", ""180/(180+20) / 1 - (200/(200+20))"", ""200 / (200 + 20)"", ""200 / (200 + 50)""]",200 / (200 + 20),3,"Specificity = TN / (TN + FP)

200 / (200 + 20)

is correct. This corresponds to a formula of true negatives / (true negatives + false positives). This is the equation that defines the specificity of a test. If a test is perfectly specific (i.e. 100%), there will be no false positives.

180 / (180 + 20)

is incorrect. This corresponds to a formula of true positives / true positives + false positives. This is the equation that governs the positive predictive value. This is the chance that the patient has the condition if the diagnostic test is positive

180 / (180 + 50)

is incorrect. This corresponds to a formula of true positives / true positives + false negatives. This is the sensitivity of the test i.e. the proportion of patients with the disease that are correctly identified as having the disease.

180/(180+20) / 1 - (200/(200+20))

is incorrect. This is the formula for the likelihood ratio for a positive result i.e. (sensitivity / 1 - specificity). This is how much the odds of the disease increase when a test is positive.

200 / (200 + 50)

is incorrect. This corresponds to true negatives / (true negatives + false negatives). This is the formula for the negative predictive value. This is the chance that the patient does not have the condition if the diagnostic test is negative."
130,"An internal medical trainee is examining a research study. The study details information about whether historical exposure to ionizing radiation is associated with thyroid cancer.

There were 1008 people found to have been exposed to ionizing radiation. Out of these people, 8 develop cancer. In total, 5641 people did not have exposure to ionising radiation. Of the non-exposed population, 6 developed thyroid cancer.

What formula describes the odds of developing thyroid cancer in those patients that are exposed to ionising radiation?","[""(8/1000)/(6/5635)"", ""6/5635"", ""6/5641"", ""8/1000"", ""8/1008""]",8/1000,3,"Odds -  remember a ratio of the number of people who incur a particular outcome to the number of people who do not incur the outcome

8/1000

is the correct answer. The odds of a particular event (in this case developing thyroid cancer when exposed to ionizing ratio) is a ratio of the number of people who incur a particular outcome to the number of people who do not incur a particular outcome. When exposed to ionizing radiation, 8 people develop thyroid cancer and 1000 do not therefore the ratio is 8/1000.

(8/1000)/(6/5635)

is incorrect. This formula describes the odds ratio, which is a way to present the strength of association between exposures and outcomes.

6/5635

is incorrect. This is the odds of developing thyroid cancer in the population not exposed to ionising radiation.

6/5641

is incorrect. This is the incidence of thyroid cancer in non-exposed individuals rather than the odds i.e. the total number of cases as a proportion of the total non-exposed population.

8/1008

is incorrect. This is the incidence of thyroid cancer in the total exposed population."
131,"A 32-year-old woman is referred to the oncology clinic after being diagnosed with breast cancer. Her mother died of breast cancer at age 35, and her brother was diagnosed with osteosarcoma at age 18. Her maternal aunt had leukaemia at age 28. Genetic testing reveals a germline mutation in the TP53 gene.

What is the primary cellular function affected by this mutation?","[""DNA damage repair"", ""Cell cycle checkpoint regulation"", ""Mitochondrial energy production"", ""Protein synthesis inhibition"", ""Cellular membrane integrity""]",Cell cycle checkpoint regulation,1,"p53 - plays a crucial role in the cell cycle, preventing entry into the S phase until DNA has been checked and repaired

Cell cycle checkpoint regulation

is the primary cellular function affected by the TP53 gene mutation in this patient with Li-Fraumeni syndrome. p53 (the protein encoded by TP53) acts as a crucial checkpoint regulator that prevents cells with damaged DNA from progressing through the cell cycle. Specifically, p53 can halt progression at the G1/S checkpoint, allowing time for DNA repair before DNA replication occurs in S phase. When DNA damage is detected, p53 is activated and initiates transcription of genes involved in cell cycle arrest, DNA repair, or apoptosis if the damage is irreparable. In Li-Fraumeni syndrome, germline mutations in TP53 compromise this checkpoint function, allowing cells with damaged DNA to replicate, which significantly increases cancer risk across multiple tissue types. The family history in this case is classic for Li-Fraumeni syndrome, with early-onset breast cancer, osteosarcoma, and leukaemia across multiple family members.

DNA damage repair

is closely related to p53 function but is not its primary role. While p53 can upregulate genes involved in DNA repair pathways in response to damage, it does not directly repair DNA itself. Rather, it coordinates the cellular response to DNA damage by activating repair mechanisms, arresting the cell cycle, or triggering apoptosis. The primary function of p53 is as a transcription factor that regulates these processes, with cell cycle checkpoint control being its most critical function.

Mitochondrial energy production

is not a primary function of p53. Although p53 has been shown to influence mitochondrial metabolism and can translocate to mitochondria during apoptosis, its main role is not related to energy production. The cancer predisposition in Li-Fraumeni syndrome results from defective cell cycle control rather than metabolic dysfunction.

Protein synthesis inhibition

is not a primary function of p53. While p53 can affect protein synthesis indirectly through its transcriptional activity, it does not directly inhibit protein synthesis machinery. p53 primarily functions as a transcription factor that regulates the expression of target genes involved in cell cycle arrest, DNA repair, and apoptosis.

Cellular membrane integrity

is not a primary function of p53. p53 does not play a significant role in maintaining membrane structure or function. The increased cancer susceptibility in Li-Fraumeni syndrome is due to defective cell cycle regulation and inability to eliminate cells with DNA damage, not membrane abnormalities."
132,Which one of the following best describes the function of the p53 gene?,"[""Inhibits angiogenesis"", ""Oncogene"", ""Encodes proteins which regulate the cell cycle"", ""Encodes proteins which activate of natural killer cells"", ""Encodes proteins which directly repair damaged DNA""]",Encodes proteins which regulate the cell cycle,2,"p53 - plays a crucial role in the cell cycle, preventing entry into the S phase until DNA has been checked and repaired

Whilst p53 can trigger cell cycle arrest to allow DNA to be repaired the encoded proteins do not directly repair DNA."
133,"An 18-year-old woman presents to the endocrine clinic after being referred by her GP due to primary amenorrhoea. Her history indicates that she was born at term without complications and had normal prenatal testing. On physical examination, she is noted to be short in stature with low-set ears and a webbed neck. No cardiac murmurs are detected on auscultation. Laboratory results are as follows:


Free T3	4.2	(3.5-7.8 pmol/L)
Free T4	14.7	(9.0-25.0 pmol/L)
TSH	2.1	(0.4-4.0 mU/L)

What is the most serious long-term complication associated with her underlying condition?","[""Aortic dilatation"", ""Atrial septal defect"", ""Mitral valve prolapse"", ""Pulmonary valve stenosis"", ""Ventricular septal defect""]",Aortic dilatation,0,"An increased risk of aortic dilatation and dissection are the most serious long-term health problems for women with Turner's syndrome

A female patient presenting with primary amenorrhoea, short stature, low-set ears, and a webbed neck suggests a diagnosis of Turner syndrome and would warrant referral for karyotyping to confirm.

Aortic dilatation

is the most serious long-term complication of Turner syndrome, with an increased risk of progression to aortic dissection or aneurysm. Consequently, adults with this condition undergo regular surveillance to allow early detection and treatment. Additional cardiac complications commonly associated with Turner syndrome include bicuspid aortic valve and coarctation of the aorta.

Atrial septal defects

(ASD) and other septal defects are not typically seen in Turner syndrome. ASD is more frequently encountered in Down syndrome, with as many as half being affected by a septal defect as well as being at risk of other valvular and structural abnormalities. Turner syndrome is more often associated with aortic dilatation and subsequent dissection, other more frequent abnormalities include a bicuspid aortic valve and other great vessel abnormalities such as coarctation of the aorta.

Mitral valve prolapse

, while not strongly connected to Turner syndrome, can present with a range of symptoms, from light-headedness and palpitations to syncope or even sudden death. It should be considered in patients displaying marfanoid habitus who present with syncope or have a family history of premature sudden cardiac death, as it may be inherited, particularly in Marfan syndrome. Aortic dilatation and risk of dissection are the most serious risks associated with Turner syndrome.

Pulmonary valve stenosis

has no significant association with Turner syndrome but should be considered in individuals exhibiting features such as short stature, ptosis, and hypertelorism suggestive of Noonan syndrome, along with symptoms like fatigue and breathlessness. Additionally, the absence of a murmur does not rule out valvular disease but its presence would increase suspicion; however, it seems unlikely in this case due to the lack of reported symptoms.

A

ventricular septal defect

is unlikely here as she is asymptomatic and this commonly presents in infancy with failure to thrive if the defect is small or symptoms of heart failure if larger. A small VSD can persist to adulthood, leading to the development of Eisenmenger syndrome due to the reversal of the left-right shunt. VSDs are also not typically associated with Turner syndrome but can be seen more frequently in Down syndrome and DiGeorge syndrome. The most serious complication of Turner syndrome is the increased risk of aortic dilatation and dissection."
134,"You are a junior doctor on the infectious diseases ward. The next patient on the ward round is a 43-year-old man who was admitted with a two-month history of shortness of breath, haemoptysis, weight loss and cough. He has lost 5kg in weight.

He has recently returned from India where he has worked for 18 months.

Blood tests are unremarkable. Chest x-ray showed left upper zone consolidation surrounding a round, mass lesion.

High-resolution CT (HRCT) of the chest was performed for further evaluation.


HRCT thorax	Left upper lobe consolidation surrounding a 1.7cm, smooth rimmed lesion with degree of calcification. No evidence of cavitation.
No other acute lung pathology.

A diagnosis of primary tuberculosis has been made along with evidence of tuberculoma formation.

Which of the following cytokines plays an integral part in the development of this man's CT findings?","[""Interferon-alpha"", ""Interferon-beta"", ""Interferon-gamma"", ""Interleukin-12"", ""Tumour necrosis factor alpha""]",Interferon-gamma,2,"Interferon-gamma is produced primarily by natural killer cells and T helper cells

Interferon-alpha is produced by leucocytes along with dendritic cells and has strong antiviral action. Along with interferon-beta is activates natural killer cells to form an antiviral and anti-tumour response. It is also important in the inflammatory response mechanism causing pyrexia via prostaglandin release.

Interferon-beta is produced primarily by fibroblasts. It has strong antiviral action. As with interferon-alpha it is important in the formation of antiviral and anti-tumour responses.

Interferon-gamma is the correct answer. It is of key importance in macrophage activation which, in turn, lead to the formation of granulomas. It is released by natural kill cells and T helper cells (in particular Th1 cells). Interferon-gamma has also been shown to prevent tuberculosis inhibiting intracellular phagolysosomal maturation which, in turn, allows for destruction of infected cells. Interferon-gamma's strong involvement with tuberculosis is the reason for it's use in testing and diagnosis of it through quantiFERON.

Interleukin-12 is important in tuberculosis infection but through activation of T helper cell differentiation and natural killer cell activation. It also aids in interferon-gamma release to further macrophage activation. Interleukin-12 itself does not lead to granuloma formation and therefore this answer is not correct.

Tumour necrosis factor alpha is important in causing signs of inflammation such as swelling, erythema and pyrexia. It is produced by activated macrophages along with many other cell types. It is not directly involved in granuloma formation."
135,"A 30-year-old man presents to clinic. He has fine, fair hair and long arms. He has visible kyphosis and mild learning difficulties. He has had seizures in the past. He has previously been reviewed by ophthalmology due to downward dislocation of his lens and severe myopia. He has also been reviewed in haematology clinic with recurrent deep vein thrombosis.

What is the most likely diagnosis?","[""Charcot-Marie-Tooth disease"", ""Ehlers-Danlos syndrome"", ""Fragile-X syndrome"", ""Homocystinuria"", ""Marfan's syndrome""]",Homocystinuria,3,"Tall, long fingered, downward lens dislocation, learning difficulties, DVT - homocystinuria

Homocystinuria is a rare autosomal recessive disease caused by a deficiency of cystathionine beta-synthase. This results in severe elevations in plasma and urine homocysteine concentrations. This patient presents with many of the classical features of homocystinuria including fine, fair hair, arachnodactyly, kyphosis, learning difficulty and seizures. He has also had downwards dislocation of his lens and recurrent deep vein thrombosis. Treatment is with vitamin B6 (pyridoxine) supplements.

Charcot-Marie-Tooth disease, also known as hereditary motor and sensory neuropathy is an inherited condition which affects the peripheral nerves. Typical symptoms include muscle weakness, abnormal gait, high arched or flat feet and numbness. Features present in this vignette such as lens dislocation, cardiac abnormalities and recurrent thrombosis are not typical of this condition.

Ehlers-Danlos syndrome is a rare inherited connected tissue disorder. Typical features include joint hypermobility and stretchy and fragile skin. Features present in this vignette such as lens dislocation and recurrent thrombosis are not typical of this condition.

Fragile-X syndrome is an inherited neurodevelopmental condition caused by a mutation to the fragile X mental retardation 1 gene. Affected individuals typically have mild to moderate learning difficulties and typical physical features include a narrow face, large ears, flexible fingers, and large testicles.  Features present in this vignette such as lens dislocation and recurrent thrombosis are not typical of this condition.

Marfan's syndrome and homocystinuria can be difficult to differentiate clinically. However, Marfan's syndrome is typically associated with upwards lens dislocation, unlike the downwards dislocation of the lens in this vignette. The heart is rarely affected in homocystinuria, whereas aortic regurgitation is common in Marfan's. The recurrent thrombosis noted in this case is also more typical of homocystinuria. Marfan's syndrome is inherited in an autosomal dominant fashion where homocystinuria is inherited in an autosomal recessive fashion."
136,Which one of the following is the most important stimulator of the central chemoreceptors?,"[""Decrease in pO2"", ""Decrease in pH"", ""Decrease in pCO2"", ""Increase in nitric oxide"", ""Increase in K+""]",Decrease in pH,1,
137,"A 43-year-old homeless lady has been referred to gastroenterology as the GP was concerned of possible malabsorption syndrome. She complains of weakness and longstanding diarrhoea. On examination, you note enlarged and bleeding gums. She takes no medications.

Which of the following deficiency syndromes can lead to gum disease?","[""Pellagra"", ""Beri-Beri"", ""Menkes Disease"", ""Scurvy"", ""Osteomalacia""]",Scurvy,3,"Scurvy causes gum disease

The answer is scurvy - caused by vitamin C deficiency. Patients classically can present with gingivitis, non-healing ulcers, myalgia and even convulsions.

Other important causes of gingivitis include pregnancy, acute promyelocytic leukaemia and drugs such as phenytoin, ciclosporin and nifedipine.

Pellagra is niacin (B3) deficiency, classically causing dermatitis, diarrhoea and dementia. Beri-Beri is caused by thiamine deficiency (B1) and is further categorised into wet (predominantly high output heart failure) and dry (predominantly neuropathic). Menkes Disease is a rare congenital disorder of copper metabolism leading to copper deficiency and osteomalacia is vitamin D deficiency."
138,What is the main constituent of pulmonary surfactant?,"[""Apolipoprotein SP-B"", ""Phosphatidylglycerol"", ""Pulmonary elastase"", ""Apolipoprotein SP-A"", ""Dipalmitoyl phosphatidylcholine""]",Dipalmitoyl phosphatidylcholine,4,"Pulmonary surfactant - main constituent is

The correct answer is

Dipalmitoyl phosphatidylcholine

(DPPC), which comprises approximately 40-50% of pulmonary surfactant by weight. DPPC is a phospholipid that forms a surface-active monolayer at the air-liquid interface of the alveoli, reducing surface tension and preventing alveolar collapse during expiration. Its unique molecular structure, with two saturated palmitic acid chains, allows for optimal surface tension-lowering properties at body temperature.

Apolipoprotein SP-B

is incorrect. While SP-B is an essential surfactant protein that facilitates the spreading and stability of the surfactant film, it only comprises about 2% of surfactant by weight. SP-B is crucial for surfactant function, but it is not the main constituent.

Phosphatidylglycerol

is incorrect. Although phosphatidylglycerol is an important phospholipid component of pulmonary surfactant, it only makes up approximately 7-10% of surfactant by weight. It plays a role in surfactant spreading and interaction with surfactant proteins.

Pulmonary elastase

is incorrect. This is an enzyme produced by neutrophils and is not a component of pulmonary surfactant at all. Instead, it is involved in the breakdown of elastin and can contribute to emphysema when present in excess.

Apolipoprotein SP-A

is incorrect. While SP-A is the most abundant surfactant protein and has important functions in host defence and surfactant homeostasis, it only comprises about 5-6% of surfactant by weight. It is not the main constituent of pulmonary surfactant."
139,"A newborn girl presents with cyanosis - pregnancy and delivery were unremarkable. She is found to have congenital heart disease. Soon after, she has a seizure and is found to have low parathyroid hormone (PTH) levels and low calcium.

On examination, she is noted to have a cleft palate. She is referred for genetic testing which reveals abnormalities in chromosome 22.

Given the likely diagnosis, which of the following is primarily deficient?","[""B- and T-cells"", ""B-cells"", ""Monocytes"", ""Neutrophils"", ""T-cells""]",T-cells,4,"DiGeorge syndrome - a T-cell disorder

The diagnosis here is that of DiGeorge syndrome, and T-cells are deficient. It has a wide variety of presentations, but its features can be remembered with the mnemonic 'CATCH22' - cardiac abnormalities, abnormal facies, thymic aplasia, cleft palate, hypocalcaemia/hypoparathyroidism and chromosome 22 deletion.

A deficiency of both B-cells and T-cells would be seen with severe combined immunodeficiency. This would present differently, usually with a failure to thrive and recurrent infections, rather than the features found in the mnemonic for DiGeorge syndrome.

A deficiency in B-cells, rather than T-cells, may lead to common variable immunodeficiency. presenting with recurrent infections and low immunoglobulin levels - not the features seen here.

Monocytopaenia may happen for a number of reasons, including in acute infection, stress and some rare genetic conditions. It is not, however, associated with the distinct features found in DiGeorge syndrome.

Similarly, neutropaenia may be discovered for a number of reasons, associated with certain drugs, nutrient deficiencies and conditions, but not with the features seen in DiGeorge syndrome."
140,"In 2015 The New England Journal of Medicine reported that that the sodium-glucose co-transporter 2 inhibitor, empagliflozin, resulted in a reduction in cardiovascular deaths, non- fatal myocardial infarction and non-fatal stroke when added to standard care in patients with type 2 diabetes at high risk of cardiovascular events. They expressed the result per 1000 patient years, with empagliflozin having an event rate of 37.3/1000 patient years and placebo an event rate of 43.9/1000 patient years. Using this information, approximately how many patients at high risk of adverse cardiovascular outcome need to be treated with empagliflozin to prevent one cardiovascular death, non-fatal myocardial infarction or non-fatal stroke?","[""1000"", ""150"", ""200"", ""50"", ""100""]",150,1,
141,"A 34-year-old man is reviewed in the nephrology clinic. He has a past medical history of type 2 diabetes and was discharged from hospital two months ago after a successful renal transplant. He was previously dialysis-dependent having spent three years on the transplant waiting list. He is on metformin, sitagliptin, prednisolone, mycophenolate mofetil, tacrolimus and insulin. He does not smoke or drink alcohol.

His consultant reviews his blood tests results.

Blood tests on discharge:



Hb	131 g/L	Male: (135-180)
Female: (115 - 160)
Platelets	411 * 109/L	(150 - 400)
WBC	8.2 * 109/L	(4.0 - 11.0)
Na+	134 mmol/L	(135 - 145)
K+	4.2 mmol/L	(3.5 - 5.0)
Urea	4.3 mmol/L	(2.0 - 7.0)
Creatinine	88 µmol/L	(55 - 120)
CRP	4 mg/L	(< 5)

Blood tests at clinic review:



Hb	126 g/L	Male: (135-180)
Female: (115 - 160)
Platelets	189 * 109/L	(150 - 400)
WBC	12.1 * 109/L	(4.0 - 11.0)
Na+	136 mmol/L	(135 - 145)
K+	4.2 mmol/L	(3.5 - 5.0)
Urea	9.9 mmol/L	(2.0 - 7.0)
Creatinine	167 µmol/L	(55 - 120)
CRP	4 mg/L	(< 5)

The patient undergoes a renal biopsy, which demonstrates interstitial inflammation in unscarred cortex and tubulitis.

The multidisciplinary team feel that the patient's presentation is caused by a mismatch of cell surface proteins between the patient and the donor's kidney.

On what chromosome are the genes located that encode these proteins?","[""Chromosome 5"", ""Chromosome 6"", ""Chromosome 7"", ""Chromosome 8"", ""Chromosome 9""]",Chromosome 6,1,"HLA antigens are encoded for by genes on chromosome 6

Chromosome 6 is the correct answer. The patient has acute cellular rejection as evidenced by graft dysfunction and histopathological findings of interstitial inflammation and tubulitis. The rejection episode is likely caused by HLA mismatch. HLA antigens are encoded for by genes on chromosome 6.  The human leukocyte antigen (HLA) system is a group of proteins that are encoded by the major histocompatibility complex (MHC) gene complex. These cell-surface proteins are responsible for the regulation of the immune system. HLA A, B and C are class I antigens whilst DP, DQ, DR are class II antigens. MHC class 1 present peptides from inside to outside the cell while MHC class 2 present antigens from outside the cell to T lymphocytes, which in turn stimulate T helper cells and B cells. HLA matching is preferable for organ transplantation due to subsequent better graft function, fewer episodes of rejection and longer graft survival. However, finding a well-matched donor may not be possible for all patients and there is a balance struck between waiting for the perfect donor and the risks of a less well-matched organ. This patient has spent a considerable amount of time on the transplant waiting list and the eventual transplanted kidney may have had a higher frequency of mismatches.

Chromosome 5 is incorrect. Diseases associated with genes on this chromosome include homocystinuria and Ehlers-Danlos syndrome.

Chromosome 7 is incorrect. Diseases associated with genes located on this chromosome include Romano-Ward syndrome and Maple syrup urine disease.

Chromosome 8 is incorrect. Diseases associated with genes located on this chromosome include Fahr's syndrome and Burkitt's lymphoma.

Chromosome 9 is incorrect. Diseases associated with genes located on this chromosome include Tangier's disease and Friedrich's ataxia."
142,Which one of the following statements regarding the standard error of the mean is correct?,"[""Is the square root of standard deviation"", ""It is independent of sample size"", ""Is a measure of correlation between two variables"", ""Confidence intervals cannot be applied to the standard error of the mean"", ""Gets smaller as the sample size increases""]",Gets smaller as the sample size increases,4,
143,"You are working on a research project which is investigating a new diagnostic test for psoriatic arthritis. Having collected the data, you analyse it to work out screening test statistics such as the positive predictive value.

A total of 100 patients are involved in the trial. 50 people test positive; of these, 40 are shown to have the disease whereas 10 patients do not have the disease.

The total number of patients that have a negative test is 50. Of those 50 patients, a total of 45 don't have psoriatic arthritis whereas 5 patients are found to have the disease present.

What is the calculated positive predictive value?","[""80%"", ""82%"", ""89%"", ""90%"", ""400%""]",80%,0,"Positive predictive value - the chance that the patient has the condition if the diagnostic test is positive

The positive predictive value (PPV) is calculated by taking the number of true positives (those that test positive and have the disease) which is 40 and dividing this number by the total of the true positive and the false positives (the number who test positive but don't have the disease). This gives the calculation of 40/(40+10) which is 0.8. Therefore the PPV is 80%.

89% is the sensitivity of the test.

82% would be the calculated specificity of the test.

The negative predictive value would be 90%.

400% is the value given if you divide 40/10 and convert it to a percentage. It is meaningless in this context."
144,"A 30-year-old male attends the neurology outpatient clinic for the first time after moving to live with his new wife. The referral letter from his previous neurologist details that he presented in adolescence with a myoclonic seizure with associated muscle weakness. His mother had similar issues as a teenager and his father has no medical issues. He is an only child. He was diagnosed with myoclonic epilepsy with ragged red fibres (MERRF) after a confirmatory muscle biopsy and is on treatment for this. He tells you he now wishes to have children. His wife has no current medical issues.

What is the likelihood of his children inheriting his disease?","[""All of his children would be affected"", ""His children would be carriers of the disease, but be asymptomatic"", ""His daughter would inherit the disease"", ""His son would inherit the disease"", ""None of his children will inherit the disease""]",None of his children will inherit the disease,4,"For a man with mitochondrial disease, none of his children will inherit the condition

This is a case of patterns of inheritance of mitochondrial diseases.

Myoclonic epilepsy with ragged red fibres (MERRF syndrome) is a mitochondrial disease which predominantly affects the nervous system and muscles. The predominant phenotypic features include myopathy and seizures (mainly generalised myoclonic seizures, but case reports have described many types of both focal and generalised seizures).

As detailed below, mitochondrial diseases are inherited from maternal mitochondrial DNA. This means that all children of an affected mother will inherit the disease. Given mitochondrial diseases can't be passed on via paternal sperm, Martin will not pass this onto his children and this should be the advice given.

Now to look at the other options.

All his children being affected - this would be applicable if a female with a mitochondrial disease were to have children.  All of the mitochondrial DNA would then come from the mother.

His children would be carriers of the disease, but be asymptomatic - this scenario can occur in autosomal recessive conditions.

His daughter would inherit the disease - this could occur in several scenarios. Further reading on autosomal dominant and autosomal recessive inheritance would help further knowledge on this topic. Father to daughter inheritance would not fit the MERRF diagnosis.

His son would inherit the disease - in cases of males inheriting a disorder from their mother, one could think of X-linked inheritance. Usually, only males are affected and, although affected males may occur in consecutive generations, transmission is always through females. Females, on the other hand, would tend to be asymptomatic carriers as they have a second X chromosome which will often compensate for the problem in the other X chromosome."
145,"A 24-year-old man has episodic palpitations, dizziness, and occasional dyspnoea. His symptoms occur suddenly and resolve spontaneously within minutes to hours. He has no chest pain or syncope. He has no past medical or family history.

During an asymptomatic period, his pulse is 80 bpm and his blood pressure is 125/74 mmHg. A cardiorespiratory examination is normal. An ECG shows an R wave with a slurred upstroke.

Which ion movement is occurring most in this patient's ECG findings?","[""Calcium ion efflux"", ""Potassium ion efflux"", ""Potassium ion influx"", ""Sodium ion efflux"", ""Sodium ion influx""]",Sodium ion influx,4,"Rapid sodium influx causes rapid depolarisation (phase 0)

Sodium ion influx

is correct. The presence of an R wave with a slurred upstroke on ECG suggests a delta wave, characteristic of Wolff-Parkinson-White (WPW) syndrome. This occurs due to an accessory pathway that conducts impulses faster than the normal conduction system through the atrioventricular (AV) node. This leads to impulses bypassing the AV node, leading to early ventricular depolarisation, resulting in a slurred upstroke in the R wave. The primary ion movement responsible for this early depolarisation is sodium ion influx through fast sodium channels during phase 0 of the action potential.

Calcium ion efflux

is incorrect as this occurs during the repolarisation phase of the cardiac action potential. After depolarisation, calcium ions are released from the cardiomyocyte sarcoplasmic reticulum, entering the cytoplasm, contributing to contraction. During repolarisation, calcium ions leave cells, allowing them to return to their resting membrane potential. Calcium efflux could be considered in scenarios where there is disruption in normal cardiac repolarisation or in specific arrhythmias that involve prolonged action potentials, such as long QT syndrome. In these cases, abnormal calcium handling can lead to delayed repolarisation and increased risk of arrhythmias.

Potassium ion efflux

is incorrect. Potassium efflux occurs during repolarisation, not during the early ventricular depolarisation seen in WPW. The delta wave results from sodium influx through an accessory pathway, not potassium dynamics. Potassium efflux is significant in conditions like hyperkalaemia, which causes peaked T waves and QRS widening, or hypokalaemia, which leads to U waves and increased arrhythmia risk.

Potassium ion influx

is incorrect. Potassium influx is negligible in depolarisation. Instead, potassium efflux is essential for repolarisation and maintaining normal cardiac rhythm. Potassium influx occurs during funny currents (If) in pacemaker cells. This involves sodium and potassium ion influx for diastolic depolarisation, which controls the spontaneous electrical activity of sinoatrial myocytes and the heart rate. Conditions where potassium influx is relevant include certain cardiac channelopathies, where abnormal potassium handling affects excitability, but these typically present with different ECG findings.

Sodium ion efflux

is incorrect. The delta wave results from depolarisation, characterised by sodium entering, not leaving, the cell. Sodium efflux occurs during later repolarisation phases, not during early ventricular depolarisation. Sodium efflux plays a role in conditions like myocardial ischaemia, where altered sodium handling can lead to arrhythmias or cellular injury, but this does not apply to WPW."
146,"You are performing a piece of research as a public health doctor to assess the impact of an advertising campaign on attitudes towards the COVID-19 vaccine. The study follows a randomly selected group of individuals and assesses their attitude towards the COVID-19 vaccine using a quantitative score from a questionnaire before and after exposure to the campaign.

Which of the following would be most suitable for examining the data from this study?","[""Fisher's exact test"", ""Pearson correlation coefficient"", ""Regression analysis"", ""Weighted correlation coefficient"", ""Wilcoxon signed-rank test""]",Wilcoxon signed-rank test,4,"Wilcoxon signed-rank test - compares two sets of observations on a single sample, e.g. a 'before' and 'after' test on the same population following an intervention

The Wilcoxon signed-rank test is used to assess a change in a particular measure in a single sample before and after an intervention. It can be used as an alternative to the student's t-test.

Fisher's exact test is a type of test used to assess whether there is a statistically significant difference between two frequencies. It is used in preference to the Chi-squared test when the sample size of the data is very small. The conclusion from the test leads to an acceptance or rejection of a null hypothesis.

Pearson correlation coefficient is used to assess whether there is a correlation between two sets of continuous data. It is expressed as a value between -1 and 1, where a result below zero indicates a negative correlation and above zero indicates a positive correlation.

Regression analysis is a type of statistical modelling used for understanding whether there is a relationship between a dependant variable and one or more independent variables. The most common form of regression analysis is linear regression.

The weighted correlation coefficient is a variant of the Pearson where certain observations are adjusted for varying degrees of importance."
147,"You are a ST1 doctor in medicine. A 67-year-old man has been investigated for anaemia and weight loss. Endoscopy shows a gastric tumour which is confirmed as an adenocarcinoma on biopsy. On discussing the diagnosis the patient states that he has had 'a good life' and doesn't want any treatment. Clinical examination is unremarkable. He is able to retain and understand the information you give to him, including the likely curative nature of surgery. What is the most appropriate action?","[""Respect his wishes and book a follow-up appointment for four weeks"", ""Arrange a CT head and check bloods to exclude cerebral metastases and hypercalcaemia"", ""Arrange an appointment with a psychiatrist"", ""Detain him under the Mental Health Act"", ""Ask to speak to his wife alone to find out why he is refusing surgery""]",Respect his wishes and book a follow-up appointment for four weeks,0,
148,"A 16-year-old girl is referred to the cardiology clinic for assessment. She has a history of primary amenorrhoea, short stature, and a webbed neck. She has no cardiac symptoms. On examination, she has widely spaced nipples and a systolic murmur. An echocardiogram is performed.

What is the most likely cardiac abnormality?","[""Atrial septal defect"", ""Bicuspid aortic valve"", ""Coarctation of the aorta"", ""Mitral valve prolapse"", ""Ventricular septal defect""]",Bicuspid aortic valve,1,"Turner's syndrome - most common cardiac defect is bicuspid aortic valve (more common than coarctation of the aorta)

Bicuspid aortic valve

is the correct answer. The patient's clinical features (primary amenorrhoea, short stature, webbed neck, and widely spaced nipples) are consistent with Turner syndrome, which is a chromosomal disorder characterised by complete or partial absence of one X chromosome (45,X). Bicuspid aortic valve is the most common cardiac abnormality in Turner syndrome, affecting approximately 15-30% of patients. This congenital anomaly involves the aortic valve having two leaflets instead of the normal three, which can cause a systolic murmur as heard in this patient. Regular cardiac monitoring is essential in Turner syndrome patients due to the increased risk of aortic dilatation and dissection associated with bicuspid aortic valve.

Coarctation of the aorta

is also associated with Turner syndrome but is less common than bicuspid aortic valve, occurring in approximately 5-10% of patients. Coarctation typically presents with upper limb hypertension, weak femoral pulses, and a systolic murmur best heard in the back. While this remains a possibility in this patient, bicuspid aortic valve is statistically more likely based on the information provided.

Atrial septal defect

is not particularly associated with Turner syndrome. It typically presents with a fixed splitting of the second heart sound and a pulmonary flow murmur. The clinical features described in this case are more consistent with the cardiac abnormalities commonly seen in Turner syndrome.

Mitral valve prolapse

is not specifically associated with Turner syndrome. It typically presents with a mid-systolic click followed by a late systolic murmur. While mitral valve prolapse can occur in the general population, it is not a characteristic cardiac finding in Turner syndrome.

Ventricular septal defect

is not particularly associated with Turner syndrome. It typically presents with a pansystolic murmur best heard at the left sternal edge. The clinical features described in this case point more towards the cardiac abnormalities commonly associated with Turner syndrome, particularly bicuspid aortic valve."
149,"A 15-year-old girl presents with an urticarial rash, angioedema and wheezing. Her mother states that she has just come from her younger sister's party where she had been helping to blow up balloons. What is the most likely diagnosis?","[""C1-esterase deficiency (hereditary angioedema)"", ""Allergic contact dermatitis"", ""Peanut allergy"", ""Latex allergy"", ""Irritant contact dermatitis""]",Latex allergy,3,"Type I hypersensitivity reaction - anaphylaxis

The correct answer is

latex allergy

. This patient's presentation is highly suggestive of a type I hypersensitivity reaction to latex exposure from handling balloons. The combination of urticaria, angioedema, and bronchospasm (wheezing) represents a classic allergic response mediated by IgE antibodies. Latex allergy is particularly common in healthcare workers and individuals with frequent exposure to latex products, and latex balloons are a well-known trigger.

C1-esterase deficiency

(hereditary angioedema) typically presents with recurrent episodes of non-pruritic angioedema without urticaria. Unlike this case, it is not triggered by latex exposure and is not associated with wheezing. It is an inherited condition caused by deficiency or dysfunction of C1 inhibitor protein.

Allergic contact dermatitis

is a type IV delayed hypersensitivity reaction that typically develops 24-48 hours after exposure to an allergen. It presents with erythema, vesicles, and pruritus but does not cause immediate angioedema or respiratory symptoms. Common triggers include nickel, fragrances, and topical medications.

Peanut allergy

, while capable of causing similar symptoms through a type I hypersensitivity reaction, is not relevant in this scenario as there is no history of peanut exposure. The temporal relationship with balloon inflation strongly points towards latex as the allergen.

Irritant contact dermatitis

is a non-immunological reaction caused by direct damage to the skin from exposure to irritants. It does not cause systemic symptoms such as angioedema or wheezing, and symptoms are typically confined to the area of contact. It presents with burning, stinging, and erythema rather than urticaria."
150,Vitamin D causes which one of the following:,"[""Increased plasma phosphate"", ""Decreased plasma calcium"", ""Decreased osteoclastic activity"", ""Decreased gut absorption of calcium"", ""Decreased renal tubular absorption of calcium""]",Increased plasma phosphate,0,
151,"A 40-year-old man is admitted with an MI and transferred for an urgent PCI. On closer questioning, he has been complaining of a severe burning sensation of his hands and feet. On examination, you notice multiple angiokeratomas in a bathing-suit distribution. A urine dip reveals protein +++. A diagnosis of Fabry disease is suspected. What is the most likely pathophysiology of the condition?","[""Deficiency of HGPRT"", ""Deficiency of TPMT"", ""Deficiency of glucocerebrosidase"", ""Deficiency of alpha-galactosidase A"", ""Deficiency of hexosaminidase A""]",Deficiency of alpha-galactosidase A,3,
152,"A 60-year-old man presents with left foot drop and gradual weakness. He describes associated muscle twitching and cramping of the legs. On examination, there is marked weakness and hyperreflexia bilaterally. Left lower limb sensation is intact.

He is ultimately referred to a specialist team, who diagnose amyotrophic lateral sclerosis (ALS). The patient asks about whether or not the condition is hereditary, as he has children. It is explained that ALS is familial in 5-10% of cases, but the rest are considered sporadic. After genetic testing, his condition is put down to a sporadic mutation affecting RNA splicing.

Where does this cellular process occur?","[""Cytoplasm"", ""Mitochondria"", ""Nucleus"", ""Rough endoplasmic reticulum"", ""Smooth endoplasmic reticulum""]",Nucleus,2,"RNA splicing takes place within the nucleus

RNA splicing takes place in the nucleus of the cell. It is the process of removing introns (non-coding, intervening sequences of genes) from pre-mRNA, and joining the exons (protein-coding sequences) together to form mRNA.

The cytoplasm is therefore incorrect. This is the site of protein synthesis, at ribosomes within the cytoplasm.

Mitochondria are incorrect. Aerobic respiration takes place here, not RNA splicing.

The rough endoplasmic reticulum is incorrect - this is the location of a high density of ribosomes, and thus contributes to the translation and folding of new proteins.

The smooth endoplasmic reticulum is also incorrect. This is the site of steroid and lipid synthesis, not of RNA splicing."
153,Which one of the following conditions is usually inherited in a X-linked dominant fashion?,"[""Albinism"", ""Hurler's syndrome"", ""Ataxia telangiectasia"", ""Homocystinuria"", ""Alport's syndrome""]",Alport's syndrome,4,
154,"A 35-year-old woman presents with fatigue and pallor. Blood tests reveal the following:


Hb	85 g/L	Male: (135 - 180)
Female: (115 - 160)
LDH	420 U/L	(120 - 250)
Indirect bilirubin	37 µmol/L	(0 - 17)

On examination, heart sounds are normal.

A stained peripheral blood smear shows erythrocytes containing a fine, mesh-like network.

What does this finding indicate?","[""Abnormal haemoglobin aggregation in mature red cells"", ""Artifact from staining procedure"", ""Fragmented red cells from mechanical hemolysis"", ""Membrane defects causing spherocytes"", ""Premature release of immature red cells with residual RNA""]",Premature release of immature red cells with residual RNA,4,"Reticul

Premature release of immature red cells with residual RNA

is the correct answer. The mesh-like network seen represents residual ribosomal RNA present in reticulocytes. In a patient with anaemia, raised LDH and indirect hyperbilirubinaemia, there is likely haemolysis. An elevated reticulocyte count reflects a compensatory bone marrow response to this.

Abnormal haemoglobin aggregation in mature red cells

is incorrect. Haemoglobin aggregation (e.g., in sickle cell disease) causes changes in red cell shape and deformability but does not produce the mesh-like RNA network visible on supravital staining. Mature erythrocytes lack RNA and would not show this pattern.

Artifact from staining procedure

is incorrect. While staining artefacts can occur, the consistent presence of mesh-like reticular structures in the context of hemolysis and anaemia is a true reflection of reticulocytes containing residual RNA, not an artefact.

Fragmented red cells from mechanical hemolysis

is incorrect. Schistocytes or fragmented red cells result from mechanical destruction and appear as irregular, jagged cells on a smear, but do not contain residual RNA. They lack the characteristic reticular staining seen in reticulocytes.

Membrane defects causing spherocytes

is incorrect. Spherocytes are spherical red cells due to membrane loss, as seen in hereditary spherocytosis or autoimmune hemolytic anaemia. They do not contain residual RNA or show the mesh-like network on supravital stain."
155,"A 55-year-old male with a history of type 2 diabetes and hypertension is participating in a randomized controlled trial (RCT) comparing two antihypertensive drugs. After three months, he decides to withdraw from the study due to personal reasons. The trial's primary outcome is the reduction in systolic blood pressure at six months. When analysing the results, how should this patient be included?","[""Include him in the analysis"", ""Exclude him from the analysis since he withdrew early"", ""Include him only if he completed at least half of the study duration"", ""Analyse his data separately as part of a per-protocol analysis"", ""Use his baseline data for endpoint estimation""]",Include him in the analysis,0,"Intention to treat analysis - include patients who dropped out of trial

Include him in the analysis

: In an intention-to-treat (ITT) analysis, all participants originally allocated to each treatment arm are included in the final analysis, regardless of whether they completed or adhered to the protocol. This approach maintains randomization benefits and provides an unbiased estimate of treatment effect by reflecting real-world scenarios where not all patients adhere to treatment.

Exclude him from the analysis since he withdrew early

: Excluding participants who withdraw can introduce bias and compromise randomization integrity, potentially skewing results towards those more compliant with treatment or those who had less severe disease. ITT avoids these biases by including all initially randomized patients.

Include him only if he completed at least half of the study duration

: This method would also introduce bias, as it selectively includes participants based on adherence or other factors that may correlate with outcomes, thus distorting true treatment effects.

Analyse his data separately as part of a per-protocol analysis

: A per-protocol analysis includes only those participants who completed the study according to its protocol. While it can provide insights into efficacy under ideal conditions, it lacks generalizability and does not reflect typical clinical practice where non-adherence occurs.

Use his baseline data for endpoint estimation

: Using baseline data alone does not account for changes over time or interventions' potential effects; hence it fails to capture true outcomes influenced by treatments within trials."
156,"A 16-year-old girl is seen in clinic with absent menstruation and short stature. Her history includes hypothyroidism and a horseshoe kidney identified two years prior.

On examination, she has a low hairline, brachydactyly, and a high-arched palate.

Investigations:


Thyroid stimulating hormone (TSH)	8.5 mIU/L	(0.5-5.5)
Free thyroxine (T4)	6 pmol/L	(9.0 - 18)


Luteinising hormone (LH)	15 IU/L	(0.2 - 12)
Follicle-stimulating hormone (FSH)	18 IU/L	(2 - 10)

A geneticist discusses the long-term implications of her diagnosis.

Which option is most likely to increase the risk of a life-threatening complication occurring?","[""Aortic dilatation"", ""Coarctation of the aorta"", ""Horseshoe kidney"", ""Renal artery stenosis"", ""Ventricular septal defect (VSD)""]",Aortic dilatation,0,"An increased risk of aortic dilatation and dissection are the most serious long-term health problems for women with Turner's syndrome

Aortic dilatation

is correct. Short stature, amenorrhoea (absent menstruation), horseshoe kidney, low hairline, brachydactyly, and high-arched palate suggest Turner syndrome. Hypothyroidism is also more common in Turner syndrome. The laboratory results showing elevated LH and FSH indicate gonadal dysgenesis, consistent with this diagnosis. Turner syndrome is associated with congenital cardiovascular abnormalities, particularly involving the aorta. Structural defects in the aortic wall lead to progressive dilatation of the ascending aorta, significantly increasing the risk of life-threatening complications such as aortic dissection. This makes aortic dilatation the most serious cardiovascular complication in Turner syndrome.

Coarctation of the aorta

(CoA) is incorrect. While coarctation is a common cardiovascular anomaly in Turner syndrome, it is not the most serious acute complication in this patient. CoA typically causes upper limb hypertension and lower limb hypotension with diminished femoral pulses and claudication. It is less acutely life-threatening than aortic dilatation, which carries a higher risk of dissection and rupture.

Horseshoe kidney

is incorrect. While this is the most common renal abnormality in Turner syndrome, it does not usually cause acute, life-threatening complications. Instead, it tends to cause issues like urinary tract infections and hydronephrosis rather than catastrophic cardiovascular events like aortic dissection.

Renal artery stenosis

(RAS) is incorrect. While renal anomalies such as horseshoe kidney are common in Turner syndrome, renal artery stenosis is not typically associated with this condition. Instead, the main serious cardiovascular concern is aortic dilatation, which can cause dissection and be fatal. RAS could be relevant if the patient had fibromuscular dysplasia or atherosclerotic disease causing renovascular hypertension, which would present with resistant hypertension, abdominal bruits, or deteriorating renal function. These features are not seen in this scenario.

VSD

is incorrect. While VSD is a common congenital cardiac lesion, it is not typically associated with Turner syndrome nor is it a major cause of life-threatening complications in these patients. The primary cardiovascular risks in Turner syndrome relate to aortic abnormalities such as dilatation and coarctation, which predispose to catastrophic events like aortic dissection. VSDs tend to present earlier in life with signs of cardiac volume overload or failure, and are less likely to cause acute life-threatening events in adolescence. Given this patient's presentation and diagnosis, VSD does not represent the greatest risk for life-threatening complications."
157,"A 44-year-old woman presents with a history of vivid, violent dreams accompanied by physical movements during her sleep for the past 12 months. Her husband reports being unintentionally struck and kicked during these episodes, which are becoming more frequent and intense.

A full neurological examination during wakefulness is unremarkable. There are no signs of cognitive impairment or psychiatric symptoms.

What stage of sleep is likely to be disordered?","[""Non-rapid eye movement sleep stage 1"", ""Non-rapid eye movement sleep stage 2"", ""Non-rapid eye movement sleep stage 3"", ""Non-rapid eye movement sleep stage 4"", ""Rapid eye movement sleep""]",Rapid eye movement sleep,4,"REM sleep is associated with dreaming and loss of muscle tone

Rapid eye movement (REM) sleep

is correct. This case represents a REM sleep behaviour disorder where patients have abnormal dream-enacting behaviours during sleep. REM sleep should usually be associated with loss of muscle tone to prevent individuals from physically acting out dreams.

Non-rapid eye movement sleep stage 1

is incorrect. This stage of sleep is light sleep which is associated with hypnic jerks. There is no evidence of hypnic jerks present in this clinical case.

Non-rapid eye movement sleep stage 2

is incorrect. This stage is deeper relative to stage 1.

Non-rapid eye movement sleep stage 3

is incorrect. This stage is deeper than stage 2. Disorders of this stage are associated with parasomnias and sleepwalking, neither of which are present in this clinical case.

Non-rapid eye movement sleep stage 4

is incorrect. This stage of sleep does not exist."
158,"A new diagnostic blood test for ovarian cancer is being trialled in a group of 1,100 women between 40-60 years of age referred with red flag symptoms.

The blood test identifies 100 positive cases and 1,000 negative cases. Patients were further investigated using CT scan and biopsy.

Of 100 positive cases on the blood test, 95 patients were found to have ovarian cancer on either CT or biopsy, whilst 5 were cancer-free.

Of the 1,000 negative cases on blood test, 2 patients were found to have cancer on either CT or biopsy whilst 998 were cancer-free.

What is the negative predictive value of this diagnostic blood test?","[""0.002"", ""0.95"", ""0.979"", ""0.995"", ""0.998""]",0.998,4,"Negative predictive value = TN / (TN + FN)

The negative predictive value is the chance that the patient does not have the condition if the diagnostic test is negative. It is calculated by dividing the number of true negative cases by the total number of negative cases detected by the test (true and false negatives added together).  The formula simplified is: negative predictive value = TN / (TN + FN). In this case 998 true negative cases divided by total of 1000 negative cases give the answer,

0.998

.

The answer

0.002

does not reflect any statistical measure and would be calculated by dividing the number of false-negative cases by total negative cases. See the paragraph above for correct calculation for negative predictive value.

The

positive predictive value

is the chance that the patient has the condition if the diagnostic test is positive The formula simplified is: positive predictive value = TP / (TP + FP). In this case 95 true positive cases divided by total of 100 positive cases give the answer,

0.95

.

The

sensitivity

is the proportion of patients with the condition who have a positive test result. The formula simplified is: sensitivity = TP / (TP + FN ). In this case 95 true positive cases divided by (95 true positive cases + 2 false-negative cases) give the answer

0.979

.

The

specificity

is the proportion of patients without the condition who have a negative test result. The formula simplified is specificity= TN / (TN + FP). In this case 998 true negative cases divided by (998 true negative cases + 5 false-positive cases) give the answer

0.995

."
159,Which one of the following statements best describes a type II statistical error?,"[""The p value fails to reach statistical significance"", ""A study fails to reach an appropriate power"", ""The null hypothesis is rejected when it is true"", ""The null hypothesis is accepted when it is false"", ""The alternative hypothesis is rejected when it is false""]",The null hypothesis is accepted when it is false,3,"Type II error - the null hypothesis is accepted when it is false

The correct answer is

The null hypothesis is accepted when it is false

. A type II error occurs when we fail to reject the null hypothesis (effectively accepting it) when it is actually false. This means that the study fails to detect a true effect or difference that exists in reality. Type II errors are often represented by β (beta), and the power of a study (1-β) represents the probability of correctly rejecting a false null hypothesis, thereby avoiding a type II error.

The p value fails to reach statistical significance

is incorrect. While a p value that fails to reach statistical significance (typically p > 0.05) may lead to accepting the null hypothesis, this statement merely describes a result rather than defining a type II error. A non-significant p value could occur in situations where either the null hypothesis is truly correct (no error) or where it is false but we've failed to detect the effect (type II error).

A study fails to reach an appropriate power

is incorrect. Power is the probability of correctly rejecting a false null hypothesis (1-β). Low power increases the risk of a type II error but doesn't define what a type II error is. Power is a characteristic of the study design determined before conducting the research, whereas a type II error is a potential outcome of statistical analysis.

The null hypothesis is rejected when it is true

is incorrect. This actually describes a type I error, not a type II error. A type I error (represented by α, alpha) occurs when we incorrectly reject a true null hypothesis, essentially finding a false positive result. The conventional significance level of 0.05 represents the acceptable probability of making a type I error.

The alternative hypothesis is rejected when it is false

is incorrect. This statement describes correctly accepting the null hypothesis when the alternative hypothesis is false, which is not an error at all but rather a correct statistical conclusion.

Understanding the difference between type I and type II errors is crucial in medical research, as they have different implications. Type I errors may lead to implementing ineffective treatments or unnecessary interventions, while type II errors might result in missing potentially beneficial treatments. The balance between these errors is often considered in study design, with sample size calculations aiming to provide adequate power while maintaining an acceptable risk of type I error."
160,"You are trying to assess the risk of hepatic dysfunction associated with a new drug for the treatment of cardiac failure. In total there have been 5 phase 3 studies and a cardiac outcome study has been published.

Which of the following is the optimal way to assess the risk of hepatic dysfunction?","[""Case control study"", ""Cohort study"", ""Mechanistic study in patients with hepatic dysfunction"", ""Meta-analysis of published randomised controlled trials"", ""New prospective randomised controlled trial""]",Meta-analysis of published randomised controlled trials,3,
161,"A 7-year-old girl with sensorineural deafness and retinitis pigmentosa is reviewed in a paediatric genetics clinic.

Genetic sequencing reveals a pathological variant of the MYO7A gene. This single-nucleotide substitution is associated with Usher syndrome, producing a truncated and nonfunctioning myosin VIIa protein. Further analysis shows that the substitution mutation creates a premature stop codon.

What type of mutation is likely present?","[""Base deletion"", ""Frameshift mutation"", ""In-frame base insertion"", ""Nonsense mutation"", ""Silent mutation""]",Nonsense mutation,3,"Nonsense - a mutation that results in a stop codon

Nonsense mutation

is the correct answer. Nonsense mutations are a type of substitution mutation in which a single base change creates a premature stop codon (UAA, UAG, or UGA). Proteins expressed are truncated and often nonfunctional, leading to disease states.

Base deletion

is incorrect. Although base deletions may lead to a frameshift and produce truncated proteins, the stem specifies that the pathological gene variant has a substitution mutation. Base deletions cannot be substitution mutations.

In-frame base insertion

is incorrect. The mutation in question is a substitution, rather than an insertion/deletion. Base insertions may be considered 'in frame' if downstream triplet code is not disrupted (e.g. three bases are inserted together).

Frameshift mutation

is incorrect. Frameshift mutations, arising from base insertion or deletion, disrupt subsequent triplet code and lead to the translation of nonfunctioning proteins. Substitution mutations, as in this stem, do not cause frameshift.

Silent mutation

is incorrect. Silent mutations are single-base substitutions that do not lead to a change in the amino acid sequence due to the degenerate nature of the triplet code. These mutations are not associated with disease states."
162,Which one of the following statements regarding epidemiological measures is correct?,"[""Cross-sectional surveys can be used to estimate the prevalence of a condition in the population"", ""In chronic diseases the incidence is much greater than the prevalence"", ""Incidence = prevalence * duration of condition"", ""The prevalence is the number of new cases per population in a given time period"", ""Pre-test probability = 1 / incidence""]",Cross-sectional surveys can be used to estimate the prevalence of a condition in the population,0,
163,"A 79-year-old man presents with shortness of breath. He has a past medical history of rheumatoid arthritis for which he takes methotrexate. On examination, you note fine bibasal crepitations.

What feature on pulmonary function tests would be expected?","[""Decreased lung compliance"", ""Increased lung compliance"", ""Increased total lung capacity"", ""Normal FVC"", ""Reduced FEV1/FVC""]",Decreased lung compliance,0,"Pulmonary fibrosis results in decreased lung compliance

The clinical features favour a diagnosis of methotrexate-induced pulmonary fibrosis (PF). This should be confirmed by high-resolution CT. Pulmonary fibrosis is a type of 'restrictive' lung disorder. Other causes of restrictive lung disorders include neuromuscular diseases, scoliosis and marked obesity. Obstructive lung disorders include asthma, COPD and bronchiectasis.

Pulmonary fibrosis results in

decreased lung compliance

.

Pulmonary fibrosis is associated with a reduced total lung capacity.

Increased total lung capacity

is associated with obstructive disorders.

A

normal FVC

is associated with obstructive conditions, whereas restrictive conditions such as PF would result in a reduced FVC.

Reduced FEV1/FVC

is a characteristic of obstructive disorders. PF would result in a preserved ratio."
164,Which of the following conditions is inherited in an autosomal recessive fashion?,"[""Familial adenomatous polyposis"", ""Noonan syndrome"", ""Malignant hyperthermia"", ""Antithrombin III deficiency"", ""Congenital adrenal hyperplasia""]",Congenital adrenal hyperplasia,4,"Autosomal recessive conditions are 'metabolic' - exceptions: inherited ataxias

The correct answer is

Congenital adrenal hyperplasia

. This condition is inherited in an autosomal recessive fashion, meaning that both parents must carry a copy of the mutated gene and each child has a 25% chance of inheriting the condition. Congenital adrenal hyperplasia refers to a group of genetic conditions that affect the adrenal glands' ability to produce certain hormones.

Now, let's discuss why the other options are incorrect:

Familial adenomatous polyposis

is not inherited in an autosomal recessive manner but rather in an autosomal dominant pattern. This means only one copy of the altered gene in each cell is sufficient to cause the disorder. Familial adenomatous polyposis is characterized by the development of hundreds or thousands of polyps in the rectum and colon during adolescence or adulthood.

Similarly,

Noonan syndrome

follows an autosomal dominant inheritance pattern. Individuals with this syndrome typically have distinctive facial features, short stature, heart defects present at birth, bleeding problems and skeletal malformations.

Malignant hyperthermia

also follows an autosomal dominant pattern of inheritance. It's a severe reaction to certain drugs used during general anaesthesia for surgery. If one parent carries a gene associated with malignant hyperthermia, each child has a 50% chance of inheriting that gene.

Finally,

Antithrombin III deficiency

is inherited as an autosomal dominant trait as well. Individuals with this deficiency have a higher risk of developing abnormal blood clots."
165,Which one of the following types of immunoglobulins are responsible for haemolytic blood transfusion reactions?,"[""IgD"", ""IgE"", ""IgM"", ""IgA"", ""IgG""]",IgM,2,"Anti-A, B blood antibodies - IgM

The correct answer is

IgM

. IgM antibodies are primarily responsible for haemolytic transfusion reactions. They are the first immunoglobulin to be produced in response to an antigen and are especially effective at agglutination, which makes them crucial in the immune response against blood group antigens. Haemolytic transfusion reactions occur when donor blood is not compatible with the recipient's blood type. This triggers an immune response where IgM antibodies bind to the foreign antigens on the transfused red blood cells, leading to their destruction (haemolysis).

The other options, while important components of the immune system, do not play a primary role in haemolytic transfusion reactions.

IgD

is mainly found on the surface of B cells as an antigen receptor. It plays a key role in B cell activation but does not participate directly in haemolytic reactions.

IgE

is associated with allergic responses and parasitic infections. It binds to allergens and triggers histamine release from mast cells and basophils, leading to inflammation. However, it does not mediate haemolysis in transfusion reactions.

IgA

is predominantly found in mucosal areas such as the gut, respiratory tract, and urogenital tract. It provides protection against pathogens at these sites but is not involved in haemolytic transfusion reactions.

Lastly,

IgG

, although it can cross-react with Rhesus D antigens causing haemolytic disease of the newborn (HDN), it is generally less efficient at triggering complement activation compared to IgM and hence less likely to cause acute haemolytic transfusion reactions."
166,The nicotinic acetylcholine receptor is an example of a:,"[""Ligand-gated ion channel"", ""Tyrosine kinase receptor"", ""Guanylate cyclase receptor"", ""G protein-coupled receptor"", ""Intracellular receptor""]",Ligand-gated ion channel,0,"Nicotinic acetylcholine - ligand-gated ion channel receptor

The correct answer is

Ligand-gated ion channel

. The nicotinic acetylcholine receptor (nAChR) is a pentameric transmembrane protein that forms an ion channel. When acetylcholine binds to the receptor, it causes a conformational change that opens the channel, allowing sodium and calcium ions to flow into the cell and potassium ions to flow out. This rapid ion flux leads to depolarisation of the cell membrane, making it a classic example of fast synaptic transmission.

Tyrosine kinase receptors

are incorrect as these are single transmembrane proteins that dimerise upon ligand binding and possess intrinsic enzymatic activity, phosphorylating tyrosine residues. Examples include receptors for insulin and various growth factors. They operate via second messenger systems rather than direct ion flux.

Guanylate cyclase receptors

are incorrect as these receptors function by catalysing the conversion of GTP to cyclic GMP when activated. They are important in various physiological processes including smooth muscle relaxation and visual transduction, but do not form ion channels.

G protein-coupled receptors

are incorrect as these are seven-transmembrane domain receptors that activate G proteins upon ligand binding, leading to various intracellular signalling cascades. While muscarinic acetylcholine receptors are GPCRs, nicotinic receptors operate via a different mechanism.

Intracellular receptors

are incorrect as these are found within the cell rather than in the membrane and typically bind lipophilic molecules that can cross the cell membrane. They usually act by modulating gene transcription, as seen with steroid hormone receptors, and do not form ion channels."
167,"A 35-year-old woman attends her GP with the results of some blood tests she ordered online. The results include that she carries the BRCA1 gene variant.

The GP performs a breast examination and arranges further breast imaging.

What screening blood test could be used for the next most common malignancy associated with this gene variant?","[""Alpha-feto protein (AFP)"", ""Cancer antigen 125 (CA 125)"", ""Cancer antigen 15-3 (CA 15-3)"", ""Cancer antigen 19-9 (CA 19-9)"", ""Carcinoembryonic antigen (CEA)""]",Cancer antigen 125 (CA 125),1,"A family history of breast and ovarian cancer suggests a mutation in the BRCA genes

The BRCA1 variant is associated with both breast cancer (~60% develop breast cancer by 80 years) and ovarian cancer (~50% will develop ovarian cancer by 80 years).

CA 125

is sometimes used as an annual screening test for ovarian cancer for patients who are known to carry the BRCA gene. Regular transvaginal ultrasound may also be used. Although routine genetic screening is not recommended in the UK it is possible to have these tests privately. NICE recommend that screening should only be offered to at-risk individuals (based on a validated risk score) in a specialist genetic clinic.

AFP

is a tumour antigen used to detect or monitor hepatocellular carcinoma and teratoma. Neither of these cancers are associated with the BRCA gene.

CA 15-3

is a marker used for breast cancer therapy monitoring. Patients known to have an increased risk of breast cancer may have more regular breast screening (mammography) or start screening earlier or have an MRI rather than mammography. CA 15-3 is not generally used to diagnose breast cancer, but rather for monitoring response to therapy.

CA 19-9

is a tumour marker used in patients with pancreatic cancer. There is an increased risk of pancreatic cancer in patients with the BRCA gene but the increase is low.

CEA

is associated primarily with colorectal cancer. There is no established association between colorectal cancer and the BRCA gene."
168,A study looks at adding a new antiplatelet drug in addition to aspirin to patients who've had a stroke. One hundred and seventy patients are enrolled for the study with 120 receiving the new drug in addition to aspirin and the remainder receiving just aspirin. After 5 years 18 people who received the new drug had a further stroke compared to 10 people who just received aspirin. What is the number needed to treat?,"[""8"", ""15"", ""1.8"", ""20"", ""10""]",20,3,"NNT = 1 / Absolute Risk Reduction

Control event rate = 10 / 50 = 0.2

Experimental event rate = 18 / 120 = 0.15

Absolute risk reduction = 0.2 - 0.15 = 0.05

Number needed to treat = 1 / 0.05 = 20"
169,A study compares the sensitivity of two tests for colorectal cancer. The first test has a sensitivity of 85% whilst the second test has a sensitivity of 91%. What type of significance test should be used for comparing the two results?,"[""Wilcoxon matched-pairs"", ""Mann-Whitney test"", ""Student's t-test"", ""Chi-squared test"", ""Pearson's test""]",Chi-squared test,3,
170,"An internal medical trainee has designed a research project that they are hoping to publish in a high impact factor journal.

Two groups of patients with gastro-oesophageal reflux disease are randomly allocated to receive treatment with peppermint oil or omeprazole for a four week period.

At the end of the four week trial period, each participant is asked to rate the effectiveness of their specific treatment on relieving their symptoms. The rating scale is from 1-5, where 1 indicates 'very ineffective' and 5 indicates 'very effective'.

Given the data is not normally distributed, what statistical test should be used to determine if there is a statistically significant difference between the two treatments?","[""Chi-squared test"", ""Mann-Whitney U test"", ""Student's t-test (paired)"", ""Student's t-test (unpaired)"", ""Wilcoxon signed-rank test""]",Mann-Whitney U test,1,"Mann-Whitney U test - compares ordinal, interval, or ratio scales of unpaired data

Mann-Whitney U test is the correct answer. This statistical test is used to measure ordinal, interval or ratio scales of unpaired data. An example of an ordinal variable is Likert items e.g. a 5 point scale in this case.  As the data are ratings (1-5), we need a non-parametric statistical test rather than a student's t-test, which deals with normally distributed data. The data is unpaired. Paired data involves two sets of observations on the same population group e.g. before and after an intervention. In this case, we are comparing the effect of two different types of intervention on two different groups, so it is unpaired.

Chi-squared test is incorrect. This is a statistical test used to compare percentages i.e. the proportion of patients that improved after a specific intervention.

Student's t-test (paired) is incorrect. The student's t-test must be used with data that are normally distributed. This is not the case in this question. Additionally, a paired student's t-test involves two sets of observations from the same sample e.g. before and after measurements for a particular group of people.

Student's t-test (unpaired) is incorrect. The data is not normally distributed and therefore a non-parametric test is appropriate.

Wilcoxon signed-rank test is incorrect. This is the non-parametric equivalent of the paired t-test. It measures before and after results from the same test population. Therefore it is not indicated in this case."
171,Which one of the following is the best definition of the p value?,"[""The probability of obtaining a similar result, assuming that the null hypothesis is false"", ""The probability that a replicating experiment would not yield the same conclusion"", ""The probability of obtaining a result at least as extreme, assuming that the null hypothesis is true"", ""The probability that the null hypothesis is true"", ""The probability of obtaining a result at least as extreme, assuming that the null hypothesis is false""]","The probability of obtaining a result at least as extreme, assuming that the null hypothesis is true",2,"P value - is the probability of obtaining a result by chance at least as extreme as the one that was actually observed, assuming that the null hypothesis is true

The correct answer is that the p value is

the probability of obtaining a result at least as extreme, assuming that the null hypothesis is true

. This is the precise statistical definition of the p value. It represents the probability of observing data as extreme as, or more extreme than, what was actually observed, under the assumption that the null hypothesis is correct. This is fundamental to statistical hypothesis testing and helps researchers determine whether their results are statistically significant.

The probability of obtaining a similar result, assuming that the null hypothesis is false

is incorrect because it fundamentally misunderstands the premise of p values. P values are calculated under the assumption that the null hypothesis is true, not false. Additionally, p values consider results 'at least as extreme' rather than 'similar' results.

The probability that a replicating experiment would not yield the same conclusion

is incorrect. This is actually describing the concept of reproducibility or reliability, which is different from a p value. P values do not directly indicate whether results are reproducible.

The probability that the null hypothesis is true

is a common misconception. The p value does not tell us the probability that the null hypothesis is true. Rather, it tells us how likely our observed results would be if the null hypothesis were true. This is a crucial distinction in statistical inference.

The probability of obtaining a result at least as extreme, assuming that the null hypothesis is false

is incorrect because it states the wrong assumption. P values are always calculated under the assumption that the null hypothesis is true, not false. This is a fundamental aspect of null hypothesis significance testing."
172,What level of evidence does a randomised control trial offer?,"[""Ia"", ""Ib"", ""IIa"", ""IIb"", ""IV""]",Ib,1,
173,Which one of the following diseases is most strongly associated with HLA antigen DR2?,"[""Behcet's disease"", ""Type 1 diabetes mellitus"", ""Coeliac disease"", ""Haemochromatosis"", ""Narcolepsy""]",Narcolepsy,4,"Narcolepsy - HLA-DR2

The correct answer is

Narcolepsy

. Narcolepsy is a neurological disorder that affects the control of sleep and wakefulness. People with narcolepsy experience excessive daytime sleepiness and intermittent, uncontrollable episodes of falling asleep during the daytime. The HLA-DR2 antigen has been found to be strongly associated with narcolepsy, with up to 98% of patients with narcolepsy having this antigen.

Now let's discuss each of the incorrect answers:

Behcet's disease

is a rare immune-mediated small-vessel systemic vasculitis that often presents with mucous membrane ulceration and ocular problems. While it does have an association with HLA antigens, specifically HLA-B51, it does not have a strong association with HLA-DR2.

Type 1 diabetes mellitus

is a form of diabetes in which very little or no insulin is produced by the pancreas. The main genetic predisposition for type 1 diabetes lies in the human leukocyte antigen (HLA) region on chromosome 6p21, specifically HLA-DQ and HLA-DR alleles (like DR3/DR4), not DR2.

Coeliac disease

is a long-term autoimmune disorder that primarily affects the small intestine. It occurs in people who are genetically predisposed. Again, while there is an association between coeliac disease and certain HLA antigens (HLA-DQ2 or DQ8), there isn't a strong link to HLA-DR2.

Finally,

Haemochromatosis

is a genetic disorder characterized by excessive intestinal absorption of dietary iron resulting in a pathological increase in total body iron stores. This condition has been associated with mutations in several genes including those involved in HFE protein production but not directly associated with any specific HLA antigen like DR2."
174,"Each one of the following promotes the release of endothelin, except:","[""Prostacyclin"", ""ADH"", ""Angiotensin II"", ""Hypoxia"", ""Mechanical shearing force""]",Prostacyclin,0,
175,"The serum potassium is measured in 1,000 patients taking an ACE inhibitor. The mean potassium is 4.6 mmol/l with a standard deviation of 0.3 mmol/l. Which one of the following statements is correct?","[""95% of values lie between 4.5 and 4.75 mmol/l"", ""95.4% of values lie between 4.3 and 4.9 mmol/l"", ""99.7% of values lie between 4.0 and 5.2 mmol/l"", ""68.3% of values lie between 4.5 and 4.75 mmol/l"", ""68.3% of values lie between 4.3 and 4.9 mmol/l""]",68.3% of values lie between 4.3 and 4.9 mmol/l,4,
176,Northern blotting is used to:,"[""Detect and quantify proteins"", ""Amplify DNA"", ""Detect RNA"", ""Detect DNA"", ""Amplify RNA""]",Detect RNA,2,"Molecular biology techniques

The correct answer is

Northern blotting

is used to detect RNA. Northern blotting is a laboratory technique specifically designed to detect and analyze RNA molecules in a sample. The technique involves separating RNA fragments by size using gel electrophoresis, transferring them to a membrane, and then using labeled probes to detect specific RNA sequences. This makes it particularly useful for studying gene expression levels and identifying specific RNA transcripts.

Detect and quantify proteins

is incorrect as this is actually the function of Western blotting. Western blotting uses antibodies to detect specific proteins after they have been separated by gel electrophoresis and transferred to a membrane.

Amplify DNA

is incorrect as this is the function of Polymerase Chain Reaction (PCR). PCR is a technique that creates multiple copies of a specific DNA sequence through repeated cycles of heating and cooling.

Detect DNA

is incorrect as this is the function of Southern blotting. Southern blotting is similar to Northern blotting but is specifically used to detect DNA fragments rather than RNA.

Amplify RNA

is incorrect as this would be achieved through techniques like reverse transcription PCR (RT-PCR) where RNA is first converted to complementary DNA (cDNA) before amplification. Northern blotting does not amplify RNA, it only detects existing RNA molecules."
177,Which one of the following immunological changes is seen in progressive HIV infection?,"[""Increase in IL-2 production"", ""Increase in B2-microglobulin levels"", ""Increased type IV hypersensitivity responses"", ""Increased natural killer (NK) cell function"", ""A rise in the CD4/CD8 ratio""]",Increase in B2-microglobulin levels,1,
178,"A 16-year-old female student presents with amenorrhoea. The mother explains how her growth has lagged behind her peers. In addition to this, she describes how her daughter is being bullied due to her appearance. The pregnancy was not complicated but the child was born with a cardiac abnormality which was corrected.

On inspection, the patient has clear dysmorphic facial features and brown macules on her lower limbs.

Which of the following features will most likely be present in the patient?","[""Right sided cardiac abnormalities"", ""Anosmia"", ""White spots"", ""Blue sclera"", ""Normal intelligence""]",Normal intelligence,4,"Short stature + primary amenorrhoea ?Turner's syndrome

Turner's syndrome is a common chromosomal abnormality with a prevalence of 1 in 2000-4000 females. There is either a total or partial absence of one of the X chromosomes. Many features are associated with Turner's syndrome which includes short stature, ovarian agenesis, melanocytic naevi, left-sided cardiac abnormalities, webbed neck and multiple other structural abnormalities.

The majority of women with Turner's have normal intelligence.

Blue sclera can be present in Turner's however it is rare.

Kallmann syndrome is characterised by hypogonadotropic hypogonadism and anosmia."
179,"In terms of the cell cycle, mitosis takes place in:","[""M"", ""M0"", ""G1"", ""S"", ""G2""]",M,0,
180,"A 32-year-old man presents with a focal-onset impaired awareness seizure. Prior to the seizure he experienced a headache and felt nauseated. He has had no fever, neck stiffness or photophobia and there is no history of head injury. He has a history of focal-onset seizures which are normally well-controlled on anti-epileptics.

On examination, there is spasticity and weakness of the right upper limb and bilateral clonus. He has expressive and receptive dysphasia and a right-sided visual field defect. His observations are all normal and he is apyrexial.



Hb	160 g/L	Male: (135-180)
Platelets	300 * 109/L	(150 - 400)
WBC	12.0 * 109/L	(4.0 - 11.0)
Na+	140 mmol/L	(135 - 145)
K+	4.1 mmol/L	(3.5 - 5.0)
Urea	6.3 mmol/L	(2.0 - 7.0)
Creatinine	100 µmol/L	(55 - 120)
CRP	15 mg/L	(< 5)
Lactate	4.5mmol/L	(< 2)

A lumbar puncture is also performed.


	Result	Normal range
Appearance	Clear	
Glucose	4.1 mmol/L	(2.8 - 4.2)
White cell count	Normal	
Protein	Normal	
Cerebrospinal fluid lactate	4.1 mmol/L	(1.1 - 2.4)
Gram stain	No organisms seen	

An urgent CT head demonstrates a hypodense area in the left hemisphere. MRI confirms an area of ischaemia involving the left temporal, occipital, and parietal lobes.

Due to the unusual presentation, further investigations are planned to investigate for an inherited condition. His partner is pregnant with their daughter.

What is the probability of his daughter being affected by the condition?","[""0%"", ""25%"", ""50%"", ""75%"", ""100%""]",0%,0,"For a man with mitochondrial disease, none of his children will inherit the condition

The correct answer is 0%, as he is unable to pass this condition on to his daughter.

This man has features suggestive of mitochondrial myopathy, encephalopathy, lactic acidosis, and stroke-like episodes (MELAS). This is supported by his history of seizures, clinical presentation, neuroimaging and elevated lactate.

MELAS is a progressive disorder due to a mitochondrial DNA (mtDNA) mutation. mtDNA mutations are maternally transmitted. MELAS is one of the most common mitochondrial disorders, which are inherited maternally.

MELAS can manifest with different degrees of severity due to heteroplasmy - a mixture of normal and mutated mtDNA. The proportion of affected mtDNA influences the severity of symptoms. Patients usually have normal early development then develop features of MELAS before the age of 40.

Patients may present with stroke-like neurological deficits, often associated with headaches and seizures. Diffusion-weighted MRI shows multi-focal, hyperintense cortical lesions. Patients have increased lactate levels in serum and cerebrospinal fluid. Muscle biopsy showing the presence of ragged red fibres is pathognomonic of a mitochondrial myopathy.

Atypical stroke-like episodes with lesions that cross vascular territories, especially in young people, should raise the suspicion of MELAS.

The other answers would be correct for different patterns of inheritance.

25% - e.g. two carriers of an autosomal recessive disorder.

50% - e.g. autosomal dominant pattern in one parent.

75% - e.g.  autosomal dominant pattern in both parents.

100% - e.g. mitochondrial inheritance through the maternal line, although heteroplasmy has an effect on the observed haplotypes and subsequent phenotype."
181,Where are G protein-coupled receptors located?,"[""Nucleus"", ""Golgi apparatus"", ""Ribosome"", ""Cell membrane"", ""Mitochondria""]",Cell membrane,3,
182,"A 44-year-old woman was referred to the rheumatology clinic with a 4-month history of persistent lethargy, breathlessness, and pain in her shoulders, hands, and feet. On examination, there is a rash over her nose and cheeks. Urine is positive for both blood and protein. The rheumatology consultant decides to order some blood tests including complement levels.

Given the most likely diagnosis, which complement is likely to be deficient?","[""C1-INH"", ""C1q, C1rs, C2 and C4"", ""C3"", ""C5"", ""C5-9""]","C1q, C1rs, C2 and C4",1,"Deficiency in C1q, C1rs, C2 and C4 predisposes to immune complex disease such as SLE

The features listed here (lethargy, rash, and arthralgia) are suggestive of systemic lupus erythematosus (SLE), as is the presence of renal vasculitis. Full blood count may reveal anaemia of chronic disease, neutropenia, and thrombocytopenia. Complement deficiencies within the classical pathway of activation (C1q, C1rs, C2 and C4) predispose patients to autoimmune diseases, including SLE.

C1-INH

deficiency is associated with hereditary angioedema. SLE is more strongly associated with C1q, C1rs, C2 and C4 deficiencies.

C3

deficiency predisposes patients to recurrent bacterial infections. It is also seen in subacute bacterial endocarditis.

C5

deficiency is seen in Leiner disease. It is not associated with SLE.

C5-9

deficiency affects the formation of membrane attack complex (MAC), which is associated with recurrent Neisseria infections."
183,"A 32-year-old woman is seen in the dermatology clinic with a several week history of an itchy rash. She was diagnosed with coeliac disease 2 years ago and admits to poor compliance with the advised dietary changes. The patient is otherwise well and is not on any regular medications.

On examination, she has a papulovesicular blistering-like rash distributed symmetrically, mainly on the extensor surfaces, with the small blisters filled with clear fluid.

What proteins is the patient most likely to test positive for?","[""Anti-cyclic citrullinated peptides (anti-CCP)"", ""HLA-B27"", ""HLA-DR3"", ""HLA-DR4"", ""Rheumatoid factor""]",HLA-DR3,2,"Dermatitis herpetiformis is associated with HLA-DR3

This patient has presented with the cutaneous manifestation of coeliac disease dermatitis herpetiformis. Patients commonly report an intensely itchy, papulovesicular, blistering rash, similar to that seen in herpes infection (hence the name). Human leukocyte antigens (HLA) are genes that code for proteins that assist differentiate between self and non-self. Several conditions have been associated with specific HLA antigens including dermatitis herpetiformis which is associated with the

HLA antigen DR3

(HLA-DR3).

Anti-cyclic citrullinated peptides

(anti-CCP) are strongly associated with rheumatoid arthritis, being present in 70% of patients and linked to a poorer disease prognosis. This patient has no clear features of rheumatoid arthritis (RA) and anti-CCP is not associated with dermatitis herpetiformis or coeliac disease.

HLA-B27

is found in 90% of reactive arthritis patients as well as being associated with conditions including ankylosing spondylitis and acute anterior uveitis, however again it is not associated with coeliac or dermatitis herpetiformis.

HLA-DR4

is associated with type 1 diabetes mellitus and RA, and not with coeliac or dermatitis herpetiformis.

Rheumatoid factor

(RF) is the autoantibody first found in RA. Although is associated with several connective tissue disorders other than RA (including systemic lupus erythematosus (SLE), juvenile idiopathic arthritis and Sjogren syndrome) as well as non-connective tissue disorders (such as hepatitis, sarcoidosis, and tuberculosis) it is not linked to coeliac or dermatitis herpetiformis."
184,"A small study is carried out to investigate the effects of a new nicotine replacement therapy (NRT) on the frequency of cigarette smoking cravings. Patients cravings were recorded 1 week before and 1 week after the introduction of the new NRT agent. A 5-point severity score was used to record cravings.

What statistical test is the best to compare the before and after intervention results in this study?","[""Chi-square test"", ""Mann-Whitney test"", ""Student's t test (paired)"", ""Student's t test (unpaired)"", ""Wilcoxon signed-rank test""]",Wilcoxon signed-rank test,4,"Wilcoxon signed-rank test - compares two sets of observations on a single sample, e.g. a 'before' and 'after' test on the same population following an intervention

Wilcoxon signed-rank test is the correct answer. The Wilcoxon signed-rank test is used to analyse non-parametric data to compare two paired groups. It can be used to assess for a change in a population group by analysing data from before and after a treatment has been administered to the group. It would be appropriate to use the Wilcoxon signed-rank test to assess the change in a group of patient's cravings from before and after the introduction of an NRT.

Chi-square test is an incorrect answer. The chi-square test is used for non-parametric data. It can compare proportions or percentages of unpaired groups. It would be an unsuitable test for this study as the groups are paired. The McNemar's test is an alternative to the chi-square test that can also analyse non-parametric data and it can be used to compare proportions or percentages of paired groups, however, it isn't an option in this question.

Mann-Whitney U-test is an incorrect answer. The Mann-Whitney U-test is used to compare ordinal non-parametric data from two independent groups. The two groups in this study are paired and the Mann-Whitney U-test is thus an inappropriate test. A study comparing a new treatment and a placebo in independent/unpaired groups would be appropriate for the Mann-Whitney U-test.

The Student's t-tests (paired and unpaired) are incorrect answers. The Student's t-tests require parametric data, which is not the case in this scenario. The results from this small study would certainly not follow a normal distribution."
185,Which one of the following significance tests is used to analyse data which is measured and follows a normal distribution?,"[""Chi-squared test"", ""Spearman's rank correlation coefficient"", ""Wilcoxon matched-pairs"", ""Mann-Whitney test"", ""Student's t-test""]",Student's t-test,4,
186,"A university hospital is recruiting for a large-scale clinical trial testing a new drug in the management of the genetic disorder chronic granulomatous disease.

The drug is thought to increase patients' production of interferon-gamma and therefore is being trialled to see if it will reduce the number of hospital admissions due to infection when compared to a placebo.

What cells are primarily responsible for producing this cytokine?","[""Fibroblasts"", ""Leucocytes"", ""Mast cells"", ""Monocytes"", ""Natural killer cells""]",Natural killer cells,4,"Interferon-gamma is produced primarily by natural killer cells and T helper cells

The correct answer is

natural killer cells

, as interferon-gamma is produced primarily by these cells as well as T helper cells. Interferon-gamma plays a crucial role in innate and adaptive immunity against infection from viruses, bacteria and protozoans.

Interferon-beta is produced by

fibroblasts

and has been approved for the treatment of relapsing-remitting multiple sclerosis and secondary progressive multiple sclerosis. Interferon-beta works by blocking the action of gamma interferon and helps to reduce inflammation and the body's immune reaction.

Interferon-alpha is produced by

leucocytes

and is the major cytokine produced by cells in response to viral infection. Interferon-alpha also seems to play a significant role in systemic lupus erythematosus, as elevated levels have been found to correlate with disease severity.

Mast cells

are immune cells of the myeloid lineage and are present in connective tissues throughout the body. IL-4 is a cytokine that functions as a potent regulator for immunity and is secreted primarily by mast cells, Th2 cells, eosinophils and basophils.

Monocytes

are white blood cells that give rise to macrophages and dendritic cells in the immune system. They produce cytokines such as IL-6 in response to infections and tissue injuries."
187,In the Gell and Coombs classification of hypersensitivity reactions idiopathic thrombocytopenic purpura is an example of a:,"[""Type I reaction"", ""Type II reaction"", ""Type III reaction"", ""Type IV reaction"", ""Type V reaction""]",Type II reaction,1,"Type II hypersensitivity reaction - ITP

The correct answer is

Type II reaction

. Idiopathic Thrombocytopenic Purpura (ITP) is an example of a Type II hypersensitivity reaction, also known as cytotoxic hypersensitivity. In this type of reaction, the immune system produces IgG antibodies that bind to self-antigens on cell surfaces, in the case of ITP, these are platelet antigens. This leads to the destruction of the cells by phagocytosis or complement activation which results in thrombocytopenia and purpura.

Type I reaction

refers to immediate hypersensitivity reactions mediated by IgE antibodies. These reactions occur rapidly after exposure to an antigen and typically involve mast cells and basophils. Examples include allergic rhinitis, asthma and anaphylaxis. Thus, ITP does not fall under this category.

Type III reaction

involves immune complex-mediated hypersensitivity. Here, soluble antigens combine with antibodies to form complexes that deposit in tissues leading to inflammation and damage. Conditions such as systemic lupus erythematosus and serum sickness are examples of type III reactions but not ITP.

A

Type IV reaction

is a delayed-type hypersensitivity reaction mediated by T cells rather than antibodies. This occurs several days after exposure to an antigen and includes conditions like contact dermatitis and tuberculin skin test reactivity.

Lastly,

Type V reaction

, although not included in the original Gell-Coombs classification, often refers to stimulatory immune responses where autoantibodies bind receptors and mimic the action of the natural ligand leading to overstimulation. Graves' disease is a classic example where autoantibodies bind the thyroid-stimulating hormone receptor causing hyperthyroidism."
188,"A 32-year-old man presents to his general practitioner with burning pain in his hands and feet. His past medical history is significant for subcapsular cataracts, which he had surgically repaired two years ago. Systems review reveals frothy urine, and his family history is significant for a maternal grandfather who died from a heart attack in his 40s.

On examination, there are multiple angiokeratomas on the chest and back. There are no focal neurological deficits and crude touch is intact.

Urinalysis shows protein +++ and is negative for leucocytes and blood.

What enzyme is most likely deficient?","[""Alpha-galactosidase A"", ""Glucocerebrosidase"", ""Glucose-6-phosphate dehydrogenase"", ""Homogentisate oxidase"", ""Porphobilinogen deaminase""]",Alpha-galactosidase A,0,"Fabry disease is caused by a deficiency of alpha-galactosidase A

Alpha-galactosidase A

is the correct answer. This young male patient's glove and stocking neuropathy, cataracts, angiokeratomas, and proteinuria are very suggestive of Fabry disease. The condition is x-linked recessive, thus early death from cardiovascular disease in a maternal grandfather would also support Fabry disease.

Fabry disease is a lysosomal storage disorder secondary to deficient or dysfunctional alpha-galactosidase A. The enzyme is responsible for the breakdown of glycosphingolipids.

Glucocerebrosidase

is incorrect. Glucocerebrosidase may be defective in patients with Gaucher's disease, a lysosomal storage disorder that presents in childhood. It is characterised by hepatosplenomegaly and bone pain.

Glucose-6-phosphate dehydrogenase

is incorrect. Patients with glucose-6-phosphate dehydrogenase may develop haemolytic anaemia drugs/toxins/disease states that induce oxidative stress.

Homogentisate oxidase

is incorrect. This enzyme is defective in alkaptonuria, also known as black urine disease. The condition is characterised by arthritis, urine that turns brown/black when exposed to air, and soft tissue hyperpigmentation.

Porphobilinogen deaminase

is incorrect. This enzyme is defective in patients with acute intermittent porphyria. The condition is characterised by intermittent abdominal pain, peripheral neuropathies, psychiatric symptoms, and urine that turns dark red on standing."
189,"A new screening tool for lower gastrointestinal malignancies has been developed known as the Faecal Immunochemical Test (FIT). The researchers would like to identify how effective the test is at picking up colorectal cancer.

The researchers design a study where all participants have a FIT and are then followed up with the gold standard test, colonoscopy.

The researchers found 100 participants positive on the initial FIT, 80 of whom are confirmed to have colorectal cancer on colonoscopy.

900 participants in the initial FIT were negative. 20 of these were later found to have colorectal cancer on colonoscopy.

What is the sensitivity of the test?","[""8.8%"", ""20%"", ""50%"", ""80%"", ""97.7%""]",80%,3,"Sensitivity = TP / (TP + FN )

Sensitivity aims to identify how effective a test is at picking up the disease where it is present i.e. a high rate of true positives. This is calculated as TP/(TP+FN)

Here the number of true positives is 80, whilst the number of false negatives is 20.

This makes the calculation: 80/(20+80) = 0.8 = 80%"
190,"Mrs Aciman attends for the result of her pelvic ultrasound, which you had performed for pelvic bloating and intermittent pain. It has shown a complex ovarian cyst, and the reporting radiologist has advised urgent referral to a gynaecologist.

You break the news to Mrs Aciman that there is a possibility this is could be ovarian cancer. She mentions that she already had a blood test done for ovarian cancer, prior to the ultrasound, and she had been told the result was normal. You explain to her that the Ca-125 blood test is unfortunately not perfect. It correctly picks up about 80% of ovarian cancers, which means that 20% are missed.

What statistical term describes the 80% in this example?","[""Absolute risk ratio"", ""False-negative rate"", ""False-positive rate"", ""Sensitivity"", ""Specificity""]",Sensitivity,3,"Sensitivity - proportion of patients with the condition who have a positive test result

Absolute risk ratio.  Incorrect answer; this is the rate of two different outcomes compared to each other.

False-negative rate.  Incorrect answer, the false-negative rate would be the 20% of patients with ovarian cancer that are not picked up by Ca-125 testing.

False-positive rate.  Incorrect, the false-positive rate (proportion of patients with a positive test who do not have the condition being tested for) cannot be calculated from the information in this example.

Sensitivity.  Correct answer, sensitivity is the proportion of patients with a condition who can be identified by the test.

Specificity.  Incorrect answer, the specificity (proportion of patients who do do not have the condition being tested for who have a negative test result) cannot be calculated from the information in this example."
191,Which one of the following statements regarding leukotrienes is not true?,"[""Secreted by leukocytes"", ""Formed from arachidonic acid"", ""Attract leukocytes"", ""Cause bronchodilation"", ""Increase vascular permeability""]",Cause bronchodilation,3,
192,"A 34-year-old female is referred to see a clinical geneticist after losing her mother and sister to breast cancer. She would like to discuss genetic testing for BRCA1 and BRCA2 gene mutations.

As part of the process of explaining and gaining consent for the genetic test, the clinical geneticist explains that not all people who test positive for BRCA1 or BRCA2 gene mutations go on to develop breast cancer.

Which of the following best explains this phenomenon?","[""Dominance"", ""Expressivity"", ""Heteroplasmy"", ""Penetrance"", ""Pleiotropy""]",Penetrance,3,"In genetics, penetrance describes the proportion of a population of individuals who carry a disease-causing allele who express the related disease phenotype

Penetrance describes the proportion of a population of individuals who carry a disease-causing allele who express the related disease phenotype.

Dominance refers to the phenomenon when one allele is expressed in preference of another (which is recessive). The consequent phenotype reflects the dominant allele.

Expressivity refers to the degree of variation in expression of a non-binary phenotype. For example there is a high degree of variability in the phenotype of Marfan syndrome, from mild to severe forms, or a high degree of expressivity.

Heteroplasmy is the state that exists in mitochondrial disease when only some of the mitochondria in each cell are affected, others are healthy and unaffected.

Pleiotropy is the phenomena when one gene influences multiple traits. For example the same deletion in the 22q11.2 region of chromosome 22 is involved in autism and schizophrenia."
193,You are working in oncology in the breast cancer division. A 30-year-old lady has been referred to you by her GP with a mass in her left breast. She underwent treatment for a sarcoma of the left deltoid muscle one year previously. She has a family history of cancer. Her mother died of a brain tumour in her mid 40's and her brother died of an osteosarcoma in his early teens. A mutation in which gene is accountable for this syndrome?,"[""RET"", ""CMYC"", ""RAS"", ""P53"", ""VHL""]",P53,3,
194,You are a ST1 doctor in general medicine. A 19-year-old female who has type 1 diabetes mellitus is admitted with her fourth episode of diabetic ketoacidosis in the past two months. You suspect she runs her sugars high to keep her weight down. She is generally non-compliant and often self-discharges after 24 hours. What is the most appropriate response?,"[""Take her on a tour of the ward showing her patients with amputated legs or those on dialysis as an incentive to get better control"", ""Have a chat after the ward round about why she thinks her control is so bad"", ""Write a letter to her GP advising him/her of your concerns"", ""Take no action as it is her decision whether she takes her medication or complies with treatment"", ""Tell her she is wasting NHS resources and you do not want to see her turn up at your hospital again""]",Have a chat after the ward round about why she thinks her control is so bad,1,
195,"A new drug is being developed for use in heart conduction disorders. As part of the experimental research, a laboratory scientist records the conduction velocities in different parts of a bovine heart using two electrodes. Following a series of velocity measurements, the scientist marks the part of the heart with two red hat pins where he has measured the highest velocity in the heart at around 4 m/s.

What is the most likely location of the red hat pins?","[""AV node"", ""Bachmann's bundle"", ""Bundle of His"", ""Myocardium"", ""Purkinje fibres""]",Purkinje fibres,4,"The fastest conduction velocities in the heart are in the Purkinje fibres

Purkinje fibres

is the correct answer. Purkinje fibres are of large diameter and achieve velocities of 2-4 m/s, the fastest conduction in the heart. This rapid conduction allows coordinated ventricular contraction.

AV node

has the slowest conduction velocity in the heart (0.05 m/s). This conduction delay between the atria and the ventricles facilitates the completion of the ventricular filling from the atrial kick before the ventricular contraction begins.

Bachmann's bundle

is a branch of the anterior inter-nodal tract that conducts electrical impulses from the SA node to the left atrium and thus facilitates coordinated atrial contraction.

Bundle of His

is a group of fast-conducting muscle fibres that serves to transmit electrical impulses from the AV node to the Purkinje fibres at velocities up to 2 m/s. The right and left bundle branches conduct the impulses to the right and left ventricles, respectively.

Myocardium

conducts electrical impulses at a slower velocity (0.5 m/s). Premature ventricular complexes originating in the myocardium have widened QRS duration owing to the slow conduction of action potentials from myocyte to myocyte."
196,"A case-control study is carried out to look at the effectiveness of Ibuprofen in improving confirmed gout pain compared to placebo. A marker of 50% or more improvement in a patients symptoms measured on a numbers scale is deemed significant. The table below shows the outcome of the study:


	Total number of patients	Achieved 50% improvement
Ibuprofen	180	90
Placebo	200	40

What is the relative risk of ibuprofen achieving 50% improvement in symptoms for this study?","[""0.2"", ""0.25"", ""0.5"", ""1"", ""2.5""]",2.5,4,"Relative risk  = EER / CER

The

relative risk (RR)

is the ratio of an event in the experiment group, known as the

experience event rate (EER)

, to the event in the control group known as the

control event rate (CER)

.

RR = EER/CER

For this study, the EER is the number of patients who take ibuprofen and achieve significant symptom relief divided by the total number of patients who take ibuprofen.

I.e. EER = 90 / 180 = 0.5

The CER on the other hand is the number of patients who take the placebo and achieve significant symptom relief divided by the total number of patients who take the placebo.

I.e CER = 40/200 = 0.2

So the

relative risk (RR)

is calculated via:

RR = EER/CER

RR = 0.5/0.2

RR =

2.5

The

odds

of something happening is a ratio of the number of patients who experience a specific outcome to the number of people who do not experience the outcome.   Therefore the odds of a patient achieving significant improvement when taking the placebo:

40/200 - 40
40 /160 = 0.25

Finally, the

odds

of a patient achieving significant improvement when taking ibuprofen:

90/180-90
90/90 = 1"
197,"A 36-year-old woman presents with progressive diplopia and limb fatigability over several months. Her symptoms are worse in the evening and improve with rest.

Neurological examination reveals bilateral ptosis, weakness of extraocular muscles, and reduced strength in proximal limb muscles. Deep tendon reflexes are preserved, and there are no sensory deficits.

She joins a trial for a new drug that enhances skeletal muscle contraction by selectively targeting a receptor.

What receptor is the most appropriate pharmacological target for this drug?","[""L-type calcium channel receptor"", ""Muscarinic acetylcholine receptor"", ""Nicotinic acetylcholine receptor"", ""P/Q-type calcium channel receptor"", ""Voltage-gated potassium channel receptor""]",Nicotinic acetylcholine receptor,2,"Skeletal muscle contraction is dependent on acetylcholine which activates nicotinic acetylcholine receptors

Nicotinic acetylcholine receptor

is the correct answer. The patient presents with diplopia, bilateral ptosis, and proximal limb fatigability that worsens in the evening — a classic constellation of symptoms seen in myasthenia gravis, a disorder caused by autoimmune disruption of neuromuscular transmission. The underlying pathology involves antibodies directed against nicotinic acetylcholine receptors at the motor endplate of skeletal muscles, reducing the efficacy of acetylcholine binding and leading to progressive failure of muscle contraction during sustained activity. A drug that selectively targets and activates nicotinic acetylcholine receptors would directly compensate for this receptor loss or dysfunction, thereby enhancing synaptic transmission and improving the patient's symptoms, particularly ocular and limb muscle weakness. This approach would specifically address the fluctuating weakness by improving signal propagation at fatigued neuromuscular junctions.

L-type calcium channel receptors

are voltage-gated channels predominantly located in cardiac and smooth muscle, and are crucial in excitation-contraction coupling in those tissues. While they play a role in skeletal muscle, their activation is downstream of the initial nicotinic receptor-mediated depolarisation. In the clinical scenario of fatigable weakness and diplopia, the problem lies at the level of neuromuscular transmission, not calcium-mediated contraction. Targeting L-type channels would not address the underlying receptor defect and is thus not a rational therapeutic approach here.

Muscarinic acetylcholine receptors

are G-protein-coupled receptors found primarily in parasympathetic target organs, such as the heart, smooth muscle, and glands, not at the skeletal neuromuscular junction. Targeting these receptors would not enhance skeletal muscle contraction and may cause unwanted systemic parasympathetic effects (e.g., bradycardia, bronchoconstriction). In the scenario described, the muscle weakness arises from impaired signal transmission at the neuromuscular junction, where muscarinic receptors are not involved. Therefore, this receptor is not a suitable target for the intended therapeutic action.

P/Q-type calcium channel receptor

is located on presynaptic motor nerve terminals and is involved in the release of acetylcholine into the synaptic cleft. These channels are targeted in Lambert-Eaton myasthenic syndrome, a different condition causing muscle weakness, typically with autonomic symptoms and hyporeflexia. In the current scenario, reflexes are preserved, and the clinical pattern is more in keeping with postsynaptic receptor dysfunction rather than impaired neurotransmitter release. Therefore, this receptor is not the most appropriate target in this context.

Voltage-gated potassium channels

regulate membrane repolarisation and are involved in action potential termination in various excitable cells, including neurons. While antibodies against these channels may be implicated in some paraneoplastic or autoimmune encephalitides, they are not involved in the transmission of signals at the skeletal neuromuscular junction. In this case, the woman’s fatigable muscle weakness reflects a disorder of acetylcholine receptor function, not potassium channel dysfunction. Thus, targeting potassium channels would not improve skeletal muscle contraction in this scenario."
198,"A 9-year-old boy presented a history of febrile episodes, burning pain with peripheral neuropathy of his hands and feet, angiokeratomas, crampy abdominal pain, hearing loss and renal failure.

Given the likely diagnosis, what the mode of inheritance of this disease?","[""Autosomal dominant"", ""Autosomal recessive"", ""Mitochondrial"", ""Sporadic genetic mutation"", ""X-linked recessive""]",X-linked recessive,4,"Fabry disease: X-linked recessive

Fabry disease is a rare genetic disorder that prevents the body from making an enzyme called alpha-galactosidase A. Alpha-galactosidase A normally breaks down a fatty substance called globotriaosylceramide. As a result, this fatty substance builds up in the cells of your body particularly cells lining blood vessels in the skin and cells in the kidneys, heart, and nervous system.

Characteristic features of Fabry disease include episodes of pain in the hands and feet (acroparesthesia); clusters of small, dark red spots on the skin called angiokeratomas; a decreased ability to sweat (hypohidrosis); cloudiness or streaks in the front part of the eye (corneal opacity or corneal verticillata); problems with the gastrointestinal system; ringing in the ears (tinnitus) and hearing loss.

Autosomal dominant condition examples include Huntington's disease, Ehlers-danlos syndrome, gilbert's disease, hereditary haemorrhagic telangiectasia and hereditary spherocytosis.

Autosomal recessive condition examples include cystic fibrosis and sickle cell anaemia.

Inherited mitochondrial disorder examples include diabetes mellitus and deafness; Leber's hereditary optic neuropathy and MELAS syndrome.

X-linked recessive condition examples include haemophilia and Duchenne muscular dystrophy.

Sporadic genetic disease is not inherited from parents but arises via a mutation. An example is Amyotrophic Lateral Sclerosis (ALS) where more than 90% of cases are considered sporadic."
199,"A research lab is investigating a new therapy for beta thalassaemia that involves modulating the RNA splicing process within the cells of affected individuals.

In which organelle does this process primarily occur?","[""Nucleus"", ""Proteasome"", ""Ribosome"", ""Rough endoplasmic reticulum"", ""Smooth endoplasmic reticulum""]",Nucleus,0,"RNA splicing takes place within the nucleus

The

nucleus

is the primary site where RNA splicing occurs. RNA splicing is the action by which non-coding introns are removed from pre-mRNA and coding exons are joined together to form mRNA. These exons may also be joined together in a variety of different configurations in a process known as alternative splicing. Through this mechanism, a single gene can code for a variety of different protein.

Proteasomes

are organelles responsible for the breakdown of large proteins in eukaryotic cells.

Ribosomes

carry out the translation of mRNA into peptide structures.

The

rough endoplasmic reticulum

is the site where proteins are folded into the appropriate shape.

The

smooth endoplasmic reticulum

is responsible for steroid and lipid synthesis."
200,"A 25-year-old man presents with a painful left ankle and right knee. The symptoms have developed over 2 months. He reports significant stiffness in both of these joints in the mornings, lasting for an hour. He is systemically well in himself, although reports a flare-up of his psoriasis, which he has suffered with since the age of 19.

On examination, erythematous, scaly plaques are noted over the extensor surfaces of the elbows and knees. Both affected joints are swollen, and movement is restricted by pain.

What has the strongest association with the underlying diagnosis?","[""HLA-B27"", ""HLA-B51"", ""HLA-DR2"", ""HLA-DR3"", ""HLA-DR4""]",HLA-B27,0,"Psoriatic arthritis is associated with HLA B27

This patient's presentation is highly suggestive of psoriatic arthritis. This is supported by known underlying psoriasis and the asymmetric oligoarthritic presentation seen here. Of the numerous human leukocyte antigens (HLA) listed,

HLA-B27

has the strongest association with psoriatic arthritis, being found in 10-25% of patients with the condition. It is important to note, however, that HLA-B27 is associated even more strongly with other diseases - of note, ankylosing spondylitis; it is found in 85-90% of patients with this condition.

HLA-B51

is incorrect. This is associated with BehÃ§et's disease, an inflammatory disorder characterised by oral and genital ulcers, arthritis, thromboembolic events and uveitis. The history here instead fits with psoriatic arthritis.

HLA-DR2

is incorrect. This is associated with narcolepsy and Goodpasture's syndrome, not psoriatic arthritis.

HLA-DR3

is incorrect. This is associated with numerous diseases, including dermatitis herpetiformis. It is not strongly associated with psoriatic arthritis.

HLA-DR4

is incorrect. This is associated with type 1 diabetes mellitus and rheumatoid arthritis, not psoriatic arthritis."
201,"A 70-year-old female attends the GP surgery with increased shortness of breath on exertion and bilateral ankle swelling. The GP arranges for an outpatient echocardiogram. The echocardiogram shows an end-diastolic volume of 100ml and an end-systolic volume of 60ml. The heart rate was 70 bpm and blood pressure 134/85mmHg at the time of the examination.

What is this patient's left ventricular ejection fraction (LVEF)?","[""25%"", ""30%"", ""40%"", ""60%"", ""80%""]",40%,2,"Left ventricular ejection fraction = (stroke volume / end diastolic LV volume ) * 100%

The LVEF is the amount of blood which is ejected from the heart from the initial volume at the end of diastole (when the heart contains the highest volume of blood). This value is usually given as a percentage and to calculate this you need to know the stroke volume and end-diastolic volume.

The stroke volume is calculated as the difference between the end-diastolic volume and the end-systolic volume. In this case, the stroke volume is 40ml (100-60 = 40).

This makes the LVEF = (40/100) x 100 = 40%."
202,The commonest chromosomal defect in Down's syndrome is:,"[""Trinucleotide repeat disorder"", ""Autosomal dominant"", ""Translocation"", ""Mosaicism"", ""Nondisjunction""]",Nondisjunction,4,"Nondisjunction is the commonest cause of Down's syndrome

The correct answer is

Nondisjunction

. Nondisjunction is indeed the most common chromosomal defect in Down's syndrome, accounting for approximately 95% of all cases. Nondisjunction occurs during meiosis (typically maternal meiosis I) when homologous chromosomes fail to separate properly, resulting in an egg cell with 24 chromosomes instead of 23. When this egg is fertilised by a normal sperm with 23 chromosomes, the resulting zygote has 47 chromosomes, including three copies of chromosome 21 (trisomy 21). This is why Down's syndrome is also known as trisomy 21. The risk of nondisjunction increases with maternal age, which explains the higher incidence of Down's syndrome in children born to older mothers.

Trinucleotide repeat disorder

is incorrect. Trinucleotide repeat disorders are caused by an expansion of a sequence of three nucleotides within a gene. Examples include Huntington's disease, fragile X syndrome, and myotonic dystrophy. These disorders involve a dynamic mutation where the number of repeats can increase in successive generations, often leading to anticipation (earlier onset and increased severity in subsequent generations). Down's syndrome is not caused by a trinucleotide repeat expansion but by the presence of an extra chromosome 21.

Autosomal dominant

is incorrect. This refers to a pattern of inheritance rather than a chromosomal defect. In autosomal dominant conditions, a mutation in one copy of a gene is sufficient to cause the disorder. Examples include Huntington's disease and neurofibromatosis type 1. Down's syndrome is not inherited in an autosomal dominant pattern but results from a chromosomal abnormality (usually trisomy 21) that typically occurs sporadically rather than being inherited from a parent.

Translocation

is incorrect as the most common cause, although it is responsible for approximately 4% of Down's syndrome cases. Translocation Down's syndrome occurs when part of chromosome 21 breaks off and attaches to another chromosome, typically chromosome 14. This is known as a Robertsonian translocation. Unlike nondisjunction, translocation Down's syndrome can be inherited from a parent who is a balanced carrier (has the correct amount of genetic material but arranged differently). This form of Down's syndrome is not related to maternal age.

Mosaicism

is incorrect as the most common cause, accounting for only about 1% of Down's syndrome cases. Mosaic Down's syndrome occurs when nondisjunction happens after fertilisation, during early cell division of the embryo. This results in some cells having the normal 46 chromosomes and others having 47 chromosomes with an extra chromosome 21. Individuals with mosaic Down's syndrome often have fewer characteristics of the syndrome and may have less severe intellectual disability compared to those with complete trisomy 21, depending on the proportion of cells affected."
203,"A small study looks at the weight of patients diagnosed with type 2 diabetes mellitus. Overall 64 patients were reviewed. The average weight was 81 kg, with a standard deviation of 12 kg. What is the standard error of the mean?","[""Square root (64 / 12)"", ""Square root (81 / 12)"", ""12 / 9"", ""9 / 12"", ""1.5""]",1.5,4,"Standard error of the mean = standard deviation / square root (number of patients)

The standard error of the mean is calculated by the standard deviation / square root (number of patients)

= 12 / square root (64) = 12 / 8 = 1.5"
204,Where is the majority of iron found in the body?,"[""Bone"", ""Haemoglobin"", ""Ferritin and haemosiderin"", ""Myoglobin"", ""Plasma iron""]",Haemoglobin,1,
205,"A study is designed to see whether the degree of chest pain is linked to the troponin I value for patients admitted following a myocardial infarction. The pain is assessed using a scale of 1-10, with 10 representing the worst pain that the patient has ever experienced. Which one of the following significance tests is it most appropriate to use to investigate this link?","[""Student's t-test"", ""Chi-squared test"", ""Spearman's rank correlation coefficient"", ""Pearson's product-moment coefficient"", ""Mann-Whitney test""]",Spearman's rank correlation coefficient,2,
206,"A new blood test identifies pulmonary embolisms (PEs) in patients with covid-19 infection. A study compares it with the current gold standard for diagnosis, CT pulmonary angiogram (CTPA) scanning.

In total, 3800 patients with covid-19 undergo CTPA scanning. Amongst those, 800 patients are identified as having PEs on CTPA scans and are subsequently tested using the new blood test. Of these, 600 have a positive test, and 200 have a negative test. Of the 3000 covid-19 patients who did not have a PE demonstrated on CTPA scanning, 2400 have a negative blood test, and 600 have a positive blood test.

Given the above results, what is the sensitivity of the new test?","[""0.33"", ""0.5"", ""0.75"", ""0.8"", ""0.92""]",0.75,2,"Sensitivity - proportion of patients with the condition who have a positive test result

CTPA positive	CTPA negative
Blood test positive	600	600
Blood test negative	200	2400

The correct answer is 0.75. Sensitivity is the proportion of patients with a condition who have a positive test result. In this scenario, 800 patients are identified as having PEs with the gold standard test. Of these, 600 have a positive blood test, and so 600/800 = 0.75.

0.33 is not a meaningful figure for this scenario.

0.5 refers to the positive predictive value - the chance that the patient has the condition if the new test is positive. In total, 1200 patients had positive blood tests, of which 600 actually had PE demonstrated on CTPA.

0.8 refers to the specificity - the proportion of patients without the condition who have a negative test result. 3000 patients were found to not have PEs on the CTPA, of which 2400 had a negative blood result. 2400/3000 = 0.8.

0.92 is the negative predictive value - the chance that the patient does not have the condition if the new test is negative. In total, 2600 had a negative blood test, of which 2400 did not have the condition. 2400/2600 is 0.92."
207,"A 17-year-old girl presents to the clinic with visual changes. Her vision has been blurry over the past 7 days and this was accompanied by floaters. Ocular pain and erythema were not associated with her blurry vision. Her visual acuity remains unaffected.

The patient was well during her childhood. Her eyesight has been normal throughout her life. She does not recall her vaccination history. Her mother informs you that she failed to attend her prenatal appointments when she was pregnant but her pregnancy was uneventful. She gave birth to the patient at 38 weeks with normal birth weight. Her mother worked at a pet shelter throughout her pregnancy.

Fundoscopy shows a moderately exudative, whitish lesion with ill-defined borders located at the superior temporal fundus adjacent to a pigmented scar. Two atrophic scars were also visualized on her right fundus. A CT head was performed due to her fundoscopy findings. This revealed multiple calcifications within the basal ganglia and periventricular regions.

Which organism is likely responsible for her symptoms?","[""Cytomegalovirus"", ""Herpes simplex"", ""Rubella"", ""Toxoplasma gondii"", ""Treponema palladium""]",Toxoplasma gondii,3,"Congenital toxoplasmosis

Congenital toxoplasmosis occurs when a pregnant woman is exposed to the parasite

Toxoplasma gondii

and the developing foetus is infected via vertical transmission across the placental barrier. The mother's occupation at the pet shelter increases her risk of exposure to the parasite. The mother did not attend her usual antenatal clinics, decreasing the chance that an asymptomatic infection was detected during her pregnancy.

Up to 70% of infected and untreated children will remain clinically well at birth and will exhibit signs of the infection later in life. Chorioretinitis remains the most common presentation of congenital toxoplasmosis. It is seen as a white focal lesion with surrounding exudate located adjacent to an old scar. Small pigmented/atrophic scars can also be seen.

Congenital cytomegalovirus infection typically results in microcephaly, hepatosplenomegaly and sensorineural hearing loss. Infected infants will typically be born premature or have a low birth weight, making it less likely in this case.

Congenital rubella infection will classically present with a triad of sensorineural deafness, microphthalmia and congenital heart disease. The lesion seen on fundoscopy is not associated with rubella infection.

Neonates affected with congenital herpes simplex can present with diffuse cutaneous vesicles. These patients can also present with a localized central nervous system infection. It is not associated with the ocular lesion seen in this case.

Congenital syphilis is another infection that can be transmitted transplacentally and presents with symptoms years after birth. It can be associated with chorioretinitis but would not usually be associated with cerebral calcification. It is also usually associated with other findings including facial deformities and keratitis."
208,"You review a study measuring a patient's BMI against their systolic blood pressure. The data is normally distributed and you wish to determine the degree of correlation between these two factors.

What is the most appropriate significance test for this study?","[""Chi-squared test"", ""Mann-Whitney U test"", ""Pearson's product-moment coefficient"", ""Spearman's coefficient"", ""Wilcoxon signed-rank test""]",Pearson's product-moment coefficient,2,"Correlation

As this data is normally distributed a parametric test is most appropriate. The only parametric test listed is Pearson's product-moment coefficient which measures correlation. Pearson's coefficient measures the linear correlation between two sets of data such as BMI and systolic blood pressure in this case. It is a normalised measurement of the covariance so has a value between ˆ’1 and 1.

The chi-squared test as with all the remaining options is a non-parametric test that is more appropriate for data that is not normally distributed. The chi-squared test is used to compare categorical data to evaluate how likely it is that any observed difference between the sets arose by chance.

Mann-Whitney U test is another non-parametric test that compares ordinal, interval, or ratio scales of unpaired data. This test is used to determine the probability one variable is greater than another.

Spearman's rank-order correlation is the nonparametric version of the Pearson product-moment correlation and measures the strength and direction of association between two ranked variables. Spearman's correlation determines the strength and direction of data that is not normally distributed rather than a linear relationship between two variables.

Wilcoxon signed-rank test is the final non-parametric test listed which compares two sets of observations on a single sample. It is typically used to measure the difference before and after an intervention on the same population."
209,"A 67-year-old man with type 2 diabetes mellitus is receiving his annual diabetic check. He is feeling more fatigued than usual. He has not attended his previous three annual check-ups. His blood glucose control has been poor and he has not been compliant with his medications. Blood pressure is 170/90 mmHg. Urinalysis shows microalbuminuria. A blood test reveals his glomerular filtration rate (GFR) is 27mL/min per 1.73m².

If a renal biopsy was to be performed in this patient, what would be the expected findings?","[""Nodular glomerulosclerosis and hyaline arteriosclerosis"", ""Apple-green birefringence under polarised light"", ""Enlarged and hypercellular glomeruli"", ""Crescent moon shaped glomeruli"", ""Wirelooping of capillaries in the glomeruli""]",Nodular glomerulosclerosis and hyaline arteriosclerosis,0,"Diabetic nephropathy histological findings- Kimmelstiel-Wilson lesions, nodular glomerulosclerosis

This patient has a poorly controlled T2DM with an underlying diabetic nephropathy. The histological findings are Kimmelstiel-Wilson lesions (nodular glomerulosclerosis) and hyaline arteriosclerosis. This is due to nonenzymatic glycosylation.

Apple-green birefringence under polarised light is seen in amyloidosis.

Enlarged and hypercellular glomeruli is seen in acute post-streptococcal glomerulonephritis.

Crescent moon shaped glomeruli is seen in rapidly progressive (crescentic) glomerulonephritis.

Wire looping of capillaries in the glomeruli is seen in diffuse proliferative glomerulonephritis (often due to SLE)."
210,"A new blood test has been developed to assist in diagnosing Crohn's disease. Following the completion of an initial trial, a research team analyses the results to evaluate the suitability of introducing the test. Several measurements are calculated, including sensitivity (the true negative rate) and specificity (the true positive rate). The team also aims to calculate the statistical term that describes how much the odds of the disease decrease when the test is negative.

What statistical term describes this measurement?","[""Likelihood ratio for a negative test result"", ""Likelihood ratio for a positive test result"", ""Negative predictive value"", ""Positive predictive value"", ""Precision""]",Likelihood ratio for a negative test result,0,"Likelihood ratio for a negative test result - how much the odds of the disease decrease when a test is negative

The

likelihood ratio for a negative test result

(LR-) is the statistical measure that tells us how much the odds of having a disease decrease when a diagnostic test returns a negative result. In simple terms, it quantifies how reassuring a negative test result is in terms of ruling out a particular condition. A lower LR- value suggests that a negative test result is more reassuring in excluding the disease. It is calculated using the following formula:  LR- = (1 - sensitivity) / specificity.  When the LR- is less than 1, it indicates that a negative test result significantly reduces the odds of having the disease. When the LR- is equal to 1, a negative test result doesn't change the odds of having or not having the disease. It means the test doesn't provide any useful information in ruling out the condition. Although it's rare for LR- to be greater than 1, if it is, it suggests that a negative test result increases the odds of having the disease. This is counterintuitive for a diagnostic test and indicates a problem with the test's performance.

The

likelihood ratio for a positive test result

(LR+) quantifies how much the odds of having a disease increase when a diagnostic test yields a positive result. It measures the strength of the association between a positive test and the presence of the condition. A higher LR+ suggests a greater increase in the odds of having the disease. It is calculated by dividing the probability of a positive test result in individuals with the condition by the probability of a positive test result in those without the condition i.e. LR+ = sensitivity / (1 - specificity)

Negative predictive value

(NPV) represents the probability that a patient truly does not have the condition when a diagnostic test yields a negative result. It assesses the test's ability to correctly identify true negatives. NPV is calculated as the number of true negatives (TN) divided by the total number of negative test results (TN + false negatives), expressed as a percentage i.e. NPV = TN / (TN + FN)

Positive predictive value

(PPV) is the likelihood that a patient truly has the condition when a diagnostic test yields a positive result. It quantifies the test's ability to correctly identify true positives (TP). PPV is calculated as the number of TP divided by the total number of positive test results (TP + false positives), expressed as a percentage i.e. PPV = TP / (TP + FP)

Precision

in diagnostics refers to a test's ability to produce consistent and reproducible measurements when the same sample is tested repeatedly. It quantifies the level of agreement or consistency between multiple test results. A highly precise test will yield very similar measurements on repeated testing, with minimal variation."
211,"A 28-year-old woman presents with a 3-day history of dysuria and increased urinary frequency. She denies any vaginal discharge or menorrhagia. Urine dipstick is positive for leukocytes and nitrites. Urine culture grows a urease-bacteria that is identified as Proteus mirabilis. She is treated with antibiotics.

Chronic and recurrent infections with this bacteria predispose patients to which of the following types of renal stones?","[""Calcium oxalate"", ""Calcium phosphate"", ""Ammonium magnesium phosphate (struvite)"", ""Uric acid"", ""Cystine""]",Ammonium magnesium phosphate (struvite),2,"Recurrent urease-positive bacteria (eg. proteus mirabilis) infections predispose individuals to struvite renal stones

Struvite accounts for 15% of stones. It is caused by infections with urease-positive bacteria (e.g.

Proteus mirabilis

) that hydrolyze urea to ammonia and alkalize the urine. They commonly form staghorn calculi.

Calcium-based renal stones account for 80% of all stones. They are mostly idiopathic but may result from antifreeze ingestion, vitamin C abuse, hypocitraturia and malabsorption (e.g. Crohn disease).

Uric acid renal stones account for about 5% of all stones. Risk factors include reduced urine volume, arid climates, acidic pH. It is strongly associated with hyperuricaemia (e.g. gout) and is often seen in diseases with high cell turnover (e.g. leukaemia)

Cystine renal stones result from a hereditary condition in which cystine-reabsorbing PCT transporter loses function, causing cystinuria. Cystine is poorly soluble, thus stones form in the urine. They can also form staghorn calculi."
212,"A research facility is trying to develop a new test to screen for breast cancer compared to current standards which include mammography. From preliminary data, the new screening test appears to be better at picking up early cancers. When comparing both these tests, however, there appears to be no obvious difference between survival rates.

What is this an example of?","[""Late-look bias"", ""Lead-time bias"", ""Publication bias"", ""Recall bias"", ""Work-up bias""]",Lead-time bias,1,"Lead-time bias - occurs when two tests for a disease are compared, the new test diagnoses the disease earlier, but there is no effect on the outcome of the disease

This is an example of lead-time bias. When two tests are compared, one test may diagnose the disease earlier but doesn't alter the outcome.  This may result in survival times looking more promising for the new test.

Late-look bias is a type of selection bias where gathering of information occurs at an inappropriate time. For example, studying a fatal disease many years after patients suffering from it have died.

Publication bias occurs as a when negative or uninteresting results from valid studies are not published.

Recall bias is particularly relevant for case-control studies. This is when there is a difference in the accuracy of the memories retrieved by participants.

Work-up bias occurs in studies which compare new diagnostic tests with gold standard tests.  Some patients are given the 'gold standard' test, while others are not (mostly because many gold standard tests are expensive or invasive). This can alter values such as specificity and sensitivity."
213,"A study is carried out to assess the potential of hip protectors to reduce femoral neck fractures in elderly nursing home patients. The average age of the patients was 82 years. Over a two-year period 800 patients were recruited and assigned randomly either to the hip protector group or standard care group.

The results:

Hip protector group: 400 patients - 10 of whom had a femoral neck fracture over the two year period

Control group: 400 patients - 20 of whom had a femoral neck fracture over the two year period

What is the absolute risk reduction?","[""0.025"", ""0.05"", ""2"", ""10"", ""0.5""]",0.025,0,"Absolute risk reduction = (Control event rate) - (Experimental event rate)

The absolute risk reduction = CER-EER, where:

Control event rate (CER) = (Number who had particular outcome with the control/ (Total number who had the control)

Experimental event rate (EER) = (Number who had particular outcome with the intervention) / (Total number who had the intervention)

CER = 20 / 400 = 1 / 20 = 0.05

EER = 10 / 400 = 1 / 40 = 0.025

ARR = CER - EER = 0.05 - 0.025 = 0.025"
214,"A 17-year-old male presents to the neurology clinic with progressive bilateral ptosis and difficulty moving his eyes. His mother reports that he has been experiencing night blindness for the past year. Fundoscopy reveals pigmentary changes in the retina. ECG shows first-degree heart block. The patient's maternal uncle had similar symptoms in his teens.

What is the most likely diagnosis?","[""Chronic progressive external ophthalmoplegia"", ""Kearns-Sayre syndrome"", ""Leber's hereditary optic neuropathy"", ""Myasthenia gravis"", ""Oculopharyngeal muscular dystrophy""]",Kearns-Sayre syndrome,1,"Kearns-Sayre syndrome

Kearns-Sayre syndrome

is the most likely diagnosis in this case. This is a mitochondrial disorder characterised by the triad of onset before age 20, progressive external ophthalmoplegia, and pigmentary retinopathy. The patient presents with all three cardinal features: he is 17 years old, has ptosis and difficulty moving his eyes (external ophthalmoplegia), and has retinal pigmentary changes with night blindness (retinitis pigmentosa). Additionally, cardiac conduction abnormalities, such as the first-degree heart block seen in this patient, are common in Kearns-Sayre syndrome. The family history is also consistent with mitochondrial inheritance, as the condition was present in the maternal uncle. Mitochondrial disorders are maternally inherited because mitochondrial DNA is passed exclusively from mother to offspring. The combination of these clinical features and inheritance pattern strongly supports Kearns-Sayre syndrome as the diagnosis.

Chronic progressive external ophthalmoplegia (CPEO)

is also a mitochondrial disorder characterised by slowly progressive weakness of the extraocular muscles and ptosis. However, CPEO typically does not include retinitis pigmentosa or cardiac conduction defects, which are present in this case. CPEO can be considered a milder form or a component of Kearns-Sayre syndrome, but the presence of retinitis pigmentosa and cardiac involvement makes Kearns-Sayre syndrome the more specific diagnosis.

Leber's hereditary optic neuropathy

is another mitochondrial disorder, but it primarily affects the optic nerve, causing acute or subacute central vision loss. It typically presents around age 30 and does not cause external ophthalmoplegia or retinitis pigmentosa. The pattern of visual loss in Leber's is characterised by central scotomas and loss of colour vision, rather than the night blindness described in this case.

Myasthenia gravis

can present with ptosis and ophthalmoplegia, but these symptoms typically fluctuate throughout the day and worsen with fatigue, rather than being progressive. Myasthenia gravis would not explain the retinitis pigmentosa, cardiac conduction abnormalities, or the family history consistent with maternal inheritance. Additionally, myasthenia gravis is an autoimmune condition, not a mitochondrial disorder.

Oculopharyngeal muscular dystrophy

is an autosomal dominant disorder that causes ptosis and dysphagia, but it typically presents after age 40, much later than in this case. It does not cause retinitis pigmentosa or cardiac conduction abnormalities. The inheritance pattern would also be different, with affected individuals in every generation, rather than the maternal inheritance pattern suggested in this case."
215,"An 18-year-old university student goes to see her GP due to a sore throat. She also has a marked fever and says she has been feeling tired for the past three weeks. On examination, she has swollen cervical lymph nodes. An antibody test confirms infectious mononucleosis. Which cell surface protein does the Ebstein-Barr virus bind to?","[""CD3"", ""CD4"", ""CD14"", ""CD15"", ""CD21""]",CD21,4,"CD21 is the receptor for the Ebstein-Barr virus

Infectious mononucleosis is caused by the Epstein-Barr virus (EBV) - CD21 is the receptor for EBV.

CD3 is a cell surface marker found on all T cells. CD4 is a cell surface marker found on T helper cells. CD14 is a cell surface marker found on macrophages. CD15 is a cell surface marker found on Reed-Sternberg cells."
216,Which of the following is responsible for the rapid depolarisation phase of the myocardial action potential?,"[""Rapid sodium influx"", ""Slow sodium efflux"", ""Slow efflux of calcium"", ""Efflux of potassium"", ""Rapid calcium influx""]",Rapid sodium influx,0,"Rapid sodium influx causes rapid depolarisation (phase 0)

The correct answer is

Rapid sodium influx

. During the rapid depolarisation phase of the myocardial action potential, there is a sudden increase in membrane permeability to sodium ions. This allows a rapid influx of sodium ions into the cell, resulting in a positive shift in the membrane potential and thus depolarisation. The voltage-gated sodium channels responsible for this process are activated by the initial change in membrane potential during the pacemaker potential (or prepotential) phase.

Slow sodium efflux

is an incorrect option. Sodium efflux (outflow) from cardiac cells does not occur significantly during any phase of the action potential. Instead, sodium ions are primarily removed from the cell by active transport via the sodium-potassium ATPase, which helps to restore and maintain the resting membrane potential following repolarisation.

The option

Slow efflux of calcium

is also incorrect. While calcium ions do play a crucial role in cardiac action potentials, it is their influx (not efflux) during the plateau phase that contributes to prolongation of the action potential and allows for complete ventricular contraction before repolarisation occurs. Calcium efflux happens during repolarisation but it's not responsible for rapid depolarisation.

Efflux of potassium

is another incorrect choice. Potassium ion efflux actually characterises the repolarisation phase of the myocardial action potential, not depolarisation. During repolarisation, increased potassium permeability allows these ions to flow out of the cell, returning the membrane potential towards its negative resting value.

Finally,

Rapid calcium influx

does play an important role in cardiac action potentials but it's not responsible for rapid depolarization. Instead, it occurs after rapid depolarization and initiates contraction by interacting with contractile elements within cardiac cells. Moreover, this slow inward current contributes to maintaining a prolonged depolarised state known as plateau phase which distinguishes cardiac muscle action potentials from those found in nerves or skeletal muscles."
217,"A study evaluates the long-term survival of patients with early-stage breast cancer treated with either chemotherapy alone or chemotherapy combined with targeted radiotherapy. The primary endpoint was overall mortality.

The hazard ratio for mortality in the combined therapy group compared to chemotherapy alone is reported as 0.70 (95% CI: 0.55–0.85).

Which conclusion can be drawn from this study?","[""Combined therapy increases mortality by 30% compared to chemotherapy alone"", ""Combined therapy lowers mortality risk by 30% compared to chemotherapy alone"", ""Combined therapy reduces mortality by 70% compared to chemotherapy alone"", ""Combined therapy reduces mortality by 70% in all patients"", ""Mortality risk is the same in both groups""]",Combined therapy lowers mortality risk by 30% compared to chemotherapy alone,1,"The hazard ratio is typically used when analysing survival over time

Combined therapy lowers mortality risk by 30% compared to chemotherapy alone

is correct. The hazard ratio (HR) of 0.70 indicates that patients receiving combined therapy have a 30% lower risk of mortality compared to those on chemotherapy alone. The HR represents the relative risk, meaning the mortality risk in the combined therapy group is 70% of that in the chemotherapy-only group, translating to a 30% reduction in risk (calculated as 1 - 0.70 = 0.30). The 95% confidence interval (CI: 0.55–0.85) does not include 1, confirming statistical significance and ruling out the possibility of no effect. These findings suggest that combined therapy significantly improves survival, which is essential for treatment planning in early-stage breast cancer.

Combined therapy increases mortality by 30% compared to chemotherapy alone

is incorrect. An HR of 0.70 indicates a decrease, not an increase, in mortality risk. A 30% increase in mortality would correspond to an HR greater than 1 (e.g., HR = 1.30). Since the HR is below 1, it signifies a protective effect of combined therapy. If the HR had been above 1, it would indicate a higher mortality risk, which is not the case in this study.

Combined therapy reduces mortality by 70% compared to chemotherapy alone

is incorrect. An HR of 0.70 corresponds to a 30% reduction in mortality risk, not 70%. A 70% reduction would require an HR of 0.30 (since 1 - 0.30 = 0.70). Misinterpreting the HR in this way would overstate the survival benefit of combined therapy. The correct interpretation is that combined therapy lowers mortality risk by 30%, as confirmed by the study data.

Combined therapy reduces mortality by 70% in all patients

is incorrect. The HR of 0.70 reflects a 30% reduction in relative risk, not a 70% reduction in all patients. The HR represents an average effect within the study population, but individual patient responses may vary. Additionally, the confidence interval (0.55–0.85) suggests variability in the actual effect. While combined therapy improves survival, the degree of benefit can differ based on factors such as age, tumour biology, and comorbidities.

Mortality risk is the same in both groups

is incorrect. If mortality risk were the same, the HR would be 1.00, indicating no difference between groups. Since the HR is 0.70, it confirms that combined therapy reduces mortality risk compared to chemotherapy alone. The 95% CI (0.55–0.85) does not include 1, meaning this difference is statistically significant. If the HR had been close to 1 with a wide confidence interval, it might indicate no meaningful difference, but that is not the case here."
218,You review a 30-year-old man shortly after he is discharged from the Intensive Care Unit after being admitted with pneumococcal pneumonia. This is his second admission in 18 months with a severe pneumonia. During his first admission Haemophilus influenzae was grown from his sputum. He also describes having frequent episodes of sinusitis and recurrent skin abscesses. Which one of the following complement deficiencies is he most likely to be suffering from?,"[""C1"", ""C2"", ""C3"", ""C4"", ""C5""]",C3,2,
219,"A 43-year-old woman presents with lethargy, bony pain, and proximal muscle weakness. She has no underlying co-morbidities. Blood tests are consistent with osteomalacia and you prescribe vitamin D supplementation.

What is the primary mechanism by which this treatment increases serum calcium?","[""Increased absorption of calcium via the small intestine"", ""Increased osteoclastic activity"", ""Increased renal phosphate reabsorption"", ""Increased renal tubular reabsorption of calcium"", ""Increased serum parathyroid hormone""]",Increased absorption of calcium via the small intestine,0,"Vitamin D increases serum calcium primarily through raising its absorption via the small intestine

The primary function of vitamin D in calcium homeostasis is to

increase absorption of calcium via the small intestine

, therefore this is the correct answer. The duodenum is the main site of calcium absorption, and absorption is regulated by vitamin D dependent calcium transport proteins.

Increased osteoclastic activity

is incorrect as, whilst it is true that vitamin D does increase osteoclastic activity, the primary mechanism by which vitamin D supplementation increases serum calcium is through enhancing the absorption of dietary calcium in the small intestine.

Increased renal phosphate reabsorption

and

increased renal tubular reabsorption of calcium

are incorrect options, as similarly - whilst vitamin D does increase renal tubular reabsorption of calcium and phosphate, the primary mechanism by which vitamin D supplementation increases serum calcium is through enhancing the absorption of dietary calcium in the small intestine.

Increased serum parathyroid hormone

is incorrect, as in a patient with osteomalacia, PTH would be elevated. Vitamin D treatment would increase serum calcium, and this in turn causes a reduction in serum PTH through negative feedback."
220,"A scientist is studying the role of regulatory proteins in intracellular trafficking. He has isolated and identified various intracellular proteins tagged with extensive ubiquitination.

These proteins are destined to which of the following organelles?","[""Smooth endoplasmic reticulum"", ""Rough endoplasmic reticulum"", ""Golgi apparatus"", ""Proteasome"", ""Peroxisome""]",Proteasome,3,"Ubiquitin tagging destines proteins to proteasome for degradation

The correct answer is the

Proteasome

. Ubiquitination is a post-translational modification process that tags proteins for degradation. The ubiquitin-proteasome system (UPS) is the main machinery for protein catabolism in the cytosol and nucleus. Proteins tagged with ubiquitin are recognised and degraded by the proteasome, an organelle that disassembles unneeded or damaged proteins into smaller peptides.

The first option,

Smooth Endoplasmic Reticulum

, is incorrect because this organelle primarily functions in lipid metabolism, detoxification processes, and calcium storage. Although it does play a role in protein synthesis, it does not directly interact with ubiquitinated proteins for degradation.

The second option,

Rough Endoplasmic Reticulum

, is also incorrect. While it is involved in protein synthesis due to its ribosomes on its surface, it doesn't deal with the degradation of ubiquitinated proteins. It's primary role is to ensure proper folding of newly synthesised proteins and their transport to the Golgi apparatus.

The third option,

Golgi Apparatus

, is not the correct answer either. The Golgi apparatus modifies, sorts and packages proteins received from the endoplasmic reticulum but it isn't directly involved in breaking down ubiquitinated proteins.

Lastly,

Peroxisomes

are also not involved in degrading ubiquitinated proteins. Peroxisomes contain enzymes to detoxify harmful substances and carry out oxidative reactions; however, they do not have any known function related to protein degradation via ubiquitination."
221,"A 24-year-old woman is reviewed in the endocrine clinic with a history of short stature, primary amenorrhoea, and mild hearing loss. She is on oestrogen replacement therapy and has no significant past medical history.

Examination reveals a high-arched palate, low hairline, and a broad chest with widely spaced nipples. Her BMI is 22 kg/m². She is otherwise well and lives independently.

What is the most serious long-term health risk in this patient?","[""Aortic dilatation"", ""Aortic stenosis"", ""Coronary artery disease"", ""Ischaemic stroke"", ""Left ventricular aneurysm""]",Aortic dilatation,0,"An increased risk of aortic dilatation and dissection are the most serious long-term health problems for women with Turner's syndrome

Aortic dilatation

is correct because the patient has clinical features consistent with Turner’s syndrome, including short stature, primary amenorrhoea, and characteristic physical findings such as a high-arched palate, low hairline, and widely spaced nipples. Turner’s syndrome is associated with a range of cardiovascular anomalies, the most serious of which is progressive aortic dilatation, which can lead to dissection or rupture. This risk is increased even in the absence of hypertension or aortic valve abnormalities, and cardiovascular disease remains the leading cause of mortality in affected individuals. Lifelong cardiac monitoring is essential.

Aortic stenosis

is incorrect because although it can occur in patients with Turner syndrome due to bicuspid aortic valve, it is not the most serious long-term risk. The more significant concern is progressive aortic root dilatation, which can lead to dissection or rupture—major causes of premature mortality in this population. Aortic stenosis typically presents later and progresses gradually, and while it may require monitoring, it is less immediately life-threatening than aortic dissection.

Coronary artery disease

is incorrect because although individuals with Turner’s syndrome may develop features of metabolic syndrome, including dyslipidaemia and hypertension, the risk of coronary events tends to occur later in life. With appropriate management, including aspirin and statins when indicated, the condition is generally modifiable and not the most immediate life-threatening concern.

Ischaemic stroke

is incorrect because although Turner syndrome may be associated with vascular risk factors such as hypertension or congenital cardiovascular anomalies, ischaemic stroke is not considered a typical or leading complication. The most serious long-term risk is aortic dilatation, which can lead to dissection and sudden death. This risk often develops silently and requires active surveillance. While stroke is a serious condition, it is not as strongly linked to Turner syndrome nor as life-threatening in this context as aortic dissection.

Left ventricular aneurysm

is incorrect because it is a rare complication that usually arises after myocardial infarction, which is not a recognised feature of Turner syndrome. There is no indication of ischaemic heart disease in this young woman, and her history and presentation do not support a prior cardiac event. While serious, this diagnosis would not be relevant in the absence of prior infarction or significant structural heart disease."
222,"A 23-year-old man has come to the neurology clinic. He presented 2 years ago with left-sided ptosis which progressed to bilateral ptosis. On examination, he was found to tilt his head back in order to not obscure his vision. Over the last year, he is having to turn his head more to scan his visual fields and feels it is more difficult to move his eyes than before. His 16-year-old brother and male maternal cousin have similar symptoms.

A biopsy of the right lateral rectus was performed showing evidence of 'ragged red fibers'. A diagnosis of Kearns-Sayre syndrome was made. His girlfriend is pregnant and he is concerned that his child could have his condition.

What is the percentage chance that his child will inherit this condition?","[""0%"", ""25%"", ""50%"", ""75%"", ""100%""]",0%,0,"For a man with mitochondrial disease, none of his children will inherit the condition

Kearns-Sayre syndrome is an inherited mitochondrial myopathy.

His brother and male, maternal cousin appear to have the same condition alluding to a mitochondrial mode of inheritance.

Mitochondria are inherited from mothers only. If a mother has the genetic trait, the chance of inheriting the condition is 100%. For a male with the genetic trait, the chance is 0% of inheritance. Therefore, the correct answer is 0% chance."
223,You are a ST1 doctor on a gastroenterology ward. The F2 doctor has asked you to supervise him putting in an ascitic drain for a patient with liver cirrhosis. He is keen to get it signed off for his portfolio. He has never seen one put in before but has read around the subject. What is the most appropriate action?,"[""You do the procedure but sign him off as you know he will do many more over the next 3 months"", ""Get the F2 doctor to insert the drain under your careful guidance, avoid telling the patient to prevent unnecessary anxiety"", ""Suggest it would be better if he watches you insert the drain before attempting one himself"", ""If he is confident ask him to do it so you can spend your time more efficiently on other ward jobs and sign him off"", ""Ask the patient if he minds the F2 doctor doing the procedure and get the F2 doctor to insert the drain under your careful guidance""]",Suggest it would be better if he watches you insert the drain before attempting one himself,2,
224,A new blood test is developed to screen for prostate cancer. Trials have shown it has a sensitivity for detecting clinically significant prostate cancer of 80% but a specificity of 60%. What is the likelihood ratio for a positive test result?,"[""Cannot be calculated"", ""2"", ""4"", ""0.8"", ""0.2""]",2,1,"Likelihood ratio for a positive test result = sensitivity / (1 - specificity)

Likelihood ratio for a positive test result = sensitivity / (1 - specificity)

= 0.8 / (1 - 0.6) = 2"
225,Which one of the following statements regarding nitric oxide is incorrect?,"[""Promotes platelet aggregation"", ""Raises intracellular cGMP levels"", ""An inducible form of NOS is present in macrophages"", ""In sepsis increased levels of NO contribute to septic shock"", ""Causes venodilation""]",Promotes platelet aggregation,0,"Nitric oxide -  vasodilation + inhibits platelet aggregation

Nitric oxide inhibits, rather than promotes, platelet aggregation"
226,"A 24-year-old man presents with a 1-week history of haemoptysis, shortness of breath, and fatigue. Over the same period he has noticed that his urine has become “tea-coloured”.

On examination, his oxygen saturation is 93% on air, respiratory rate is 22/min, and blood pressure is 150/90 mmHg.

Urinalysis reveals haematuria and proteinuria. A chest X-ray demonstrates bilateral pulmonary infiltrates.

Which autoantibody is most likely responsible for this condition?","[""Anti-cyclic citrullinated peptide (anti-CCP)"", ""Anti-double-stranded DNA (anti-dsDNA)"", ""Anti-glomerular basement membrane (anti-GBM)"", ""Anti-myeloperoxidase p-ANCA (anti-MPO)"", ""Cytoplasmic antineutrophil cytoplasmic antibody (c-ANCA)""]",Anti-glomerular basement membrane (anti-GBM),2,"Goodpasture's syndrome is caused by autoantibodies against collagen type IV

Anti-glomerular basement membrane (anti-GBM)

is correct, as this patient’s haemoptysis, bilateral pulmonary infiltrates, haematuria, proteinuria, hypertension, and acute onset strongly suggest Goodpasture’s syndrome. The anti-GBM antibodies attack type IV collagen in the glomerular and alveolar basement membranes, leading to the simultaneous lung and kidney damage. The young male demographic (24 years old) and acute onset of pulmonary haemorrhage (bilateral infiltrates on chest X-ray) and glomerulonephritis (haematuria, proteinuria, elevated creatinine) strongly fits the picture of Goodpasture's syndrome.

Anti-double-stranded DNA (anti-dsDNA)

is incorrect, as anti-dsDNA is characteristic of systemic lupus erythematosus (SLE), which can cause pulmonary haemorrhage, though rarely. However, SLE typically presents with additional features such as malar rash, joint pain, or cytopenias, absent in this patient.

Anti-cyclic citrullinated peptide (anti-CCP)

is incorrect, as while anti-CCP is specific for rheumatoid arthritis, this patient lacks joint pain, synovitis, or erosive arthritis. Rheumatoid arthritis does not cause pulmonary-renal syndrome.

Anti-myeloperoxidase p-ANCA (anti-MPO)

is incorrect, as p-ANCA is most commonly associated with microscopic polyangiitis, which can also cause a pulmonary–renal syndrome. However, microscopic polyangiitis usually evolves over several weeks, with constitutional upset, arthralgia or a small-vessel vasculitic rash; none of these features is evident here. In contrast, anti-GBM disease presents far more abruptly and tends to be more severe in young men.

Cytoplasmic antineutrophil cytoplasmic antibody (c-ANCA)

is incorrect, as c-ANCA is associated with granulomatosis with polyangiitis (GPA), another cause of pulmonary-renal syndrome. Although GPA typically involves upper respiratory tract symptoms (sinusitis, nasal involvement) and granulomatous inflammation, these features may occasionally be absent. However, given the clinical scenario, age, and acute presentation without other GPA-related features, anti-GBM remains the more likely diagnosis."
227,"A 20-year-old man presents with worsening right sided visual loss.

He has no significant past medical history.

On examination, visual acuity is reduced to 6/60 in the right eye. Fundoscopy demonstrates peripapillary telangiectasia.

His mother and all her siblings (three brothers) are affected by the same condition. His maternal grandmother is also affected.

What is the most likely mode of inheritance of this condition?","[""Autosomal dominant"", ""Autosomal recessive"", ""Mitochondrial"", ""X-linked dominant"", ""X-linked recessive""]",Mitochondrial,2,"Leber's Hereditary Optic Neuropathy: mitochondrial inheritance pattern

Leber's Hereditary Optic Neuropathy is characterised by rapid onset visual loss. It affects males more than females for unknown reasons and it demonstrates a mitochondrial pattern of inheritance. In mitochondrial diseases, since the sperm contributes negligible amounts of mitochondrial DNA to the zygote, a mother passes the disease to all of her children. Both sexes may therefore be affected.

Autosomal dominant inheritance is plausible, however, the clear pattern of maternal transmission and typical signs for the disease point to mitochondrial inheritance.

Similarly, you would expect 50% of the grandmother's children to be unaffected if the inheritance pattern were X-linked dominant and it is therefore less likely than mitochondrial.

Autosomal recessive inheritance is unlikely as all three generations are affected by the disease.

In the case of an X-linked recessive disease, you would expect transmission via unaffected carrier females. In this case, the mother is affected."
228,A 14-year-old girl is admitted to hospital following a ruptured ectopic pregnancy. She comes from a family of Jehovah's Witnesses. Her haemoglobin on admission is 6.9 g/dl. She consents to a blood transfusion but her mother refuses. What is the most appropriate course of action?,"[""Advise the parents she will have to get a High Court injunction in order to stop the transfusion"", ""Give the blood transfusion"", ""Transfer the patient to a hospital run by Jehovah's Witnesses"", ""Respect parental wishes and withhold the blood transfusion"", ""Ask the hospital lawyer to come in and decide upon the correct course of action""]",Give the blood transfusion,1,
229,"A 4-year-old boy is brought by his mother to the pediatrician. The child has had a diagnosis of cerebral palsy in the past and the mother is aware of this. However, the mother now complains that the child has been hitting himself and biting his fingers over the past few weeks. This behavior has persisted despite the mother giving more attention to the child.

The mother also mentions that her son's stool has been feeling like orange-colored sand. After a blood test revealed a high level of uric acid, the pediatrician explains to the mother that her son most likely suffers from a genetically inherited condition causing a high level of uric acid in the blood. The boy is prescribed allopurinol.

Which of the following best describes the inheritance pattern of this patient's condition?","[""Autosomal recessive"", ""X-linked recessive"", ""Mitochondrial"", ""Autosomal dominant"", ""X-linked dominant""]",X-linked recessive,1,"Lesch-Nyhan syndrome causing hyperuricemia is genetically inherited in an X-linked recessive pattern

This patient presented with the signs and symptoms typical of Lesch-Nyhan syndrome. This disease, also known as juvenile gout, is characterized by hyperuricemia. It is a genetic condition with an X-linked pattern of inheritance. It is caused by a defect in the purine salvage pathway due to the absence of the hypoxanthine-guanine phosphoribosyltransferase (HGPRT) enzyme which catalyzes the conversion of hypoxanthine to inosine monophosphate (IMP) and guanine to guanosine monophosphate (GMP). The consequence is an accumulation of uric acid. The typical findings supporting this diagnosis in this patient is the aggressive behavior, self-mutilation, intellectual impairment as well as laboratory finding of hyperuricemia. Other conditions with an X-linked recessive pattern of inheritance are Becker muscular dystrophy, Fabry's disease and G6PD deficiency amongst others.

(First Aid 2017, p34&55-57).

1: Autosomal recessive pattern of inheritance is common for conditions featuring enzyme, carrier channels and other biomolecular deficiencies such as glycogen storage diseases, phenylketonuria and Wilson disease. For an autosomal recessive condition to be passed on to an offspring, both the father and mother must be carriers and the child has a 25 percent chance of developing the condition by inheriting two copies of the defective gene.

3: Mitochondrial inheritance depicts conditions transmitted by defective mitochondria. Since mitochondria are passed on from mother to offspring, these conditions are always inherited maternally. Examples are the mitochondrial myopathies such as the mitochondrial encephalopathy, lactic acidosis, and stroke-like episodes (MELAS) syndrome.

4: Autosomal dominant pattern of inheritance is common for conditions featuring defect in structural genes. Examples are conditions such as Marfan syndrome, Li Fraumeni syndrome and Von Hippel-Lindau disease. For autosomal dominant conditions, the passing of only one copy of the defective gene from either the mother or the father is sufficient for expression of the disease.

5: X-linked dominant pattern of inheritance is usually passed on from both mothers and fathers to their offspring. Since mothers have two copies of the X chromosome, they can pass it to 50 percent of their daughters and sons. However, fathers who have only one copy of the X chromosome will pass it to all their daughters and not to their sons. Examples of the conditions with this pattern of inheritance are fragile X syndrome and hypophosphatemic rickets."
230,"A 25-year-old man attends with a 3-month history of numbness in his right hand. On examination, you note the loss of sensation to the palmar and dorsal aspect of the 5th digit. Sensation of the forearm is preserved.

What is the most likely diagnosis?","[""Axillary nerve neuropathy"", ""C8/T1 radiculopathy"", ""Carpal tunnel syndrome"", ""Cubital tunnel syndrome"", ""Radial nerve neuropathy""]",Cubital tunnel syndrome,3,"Ulnar nerve supplies sensory innervation to the palmar and dorsal aspects of 1 and 1/2 fingers medially

Cubital tunnel syndrome

is correct. This is a classical description of ulnar nerve neuropathy. The ulnar nerve supplies sensory innervation to the palmar and dorsal aspects of 1.5 fingers medially. It has a motor component which can result in wasting and paralysis of intrinsic hand muscles (except lateral two lumbricals) and the hypothenar muscles. Froment's test can be used to test the function of the adductor pollicis muscle which is often weak in ulnar neuropathy.

Axillary nerve neuropathy

is incorrect. The axillary nerve has both a motor and a sensory distribution of innervation. It has motor fibres that innervate the deltoid muscle, acting as an abductor, flexor and extensor at the shoulder joint, as well as the teres minor muscle, allowing lateral rotation of the glenohumeral joint.  Its sensory function is from the superior lateral cutaneous nerve of arm, which sweeps around the posterior border of the deltoid and supplies the skin over the lower two-thirds of the posterior part of this muscle, as well as that covering the long head of the triceps brachii.

C8/T1 radiculopathy

is incorrect. C8/T1 radiculopathy can mimic ulnar nerve neuropathy. In this case, the preserved sensation of the forearm favours a diagnosis of cubital tunnel syndrome. The ulnar nerve does not provide sensation to the medial forearm, which is innervated by the medial antebrachial cutaneous nerve (C8 and T1).

Carpal tunnel syndrome

is incorrect. Median nerve dysfunction results in carpal tunnel syndrome characterised by sensory loss over the lateral 3.5 digits, and loss of motor function to the flexor muscles of the forearm and hand as well as those muscles responsible for flexion, abduction, opposition, and extension of the thumb.

Radial nerve neuropathy

is incorrect. The radial nerve innervates the muscles located in the posterior arm and posterior forearm. Dysfunction, therefore, results in loss of elbow and wrist extension. It also supplies sensation to the postero-lateral aspect of the hand."
231,Which one of the following statements is true regarding interferon?,"[""Interferon-beta is produced by leucocytes"", ""Interferon-alpha and interferon-beta bind to the same type of receptor"", ""Interferon-gamma has stronger antiviral action than interferon-alpha"", ""Interferon-alpha has been shown to reduce the frequency of exacerbations in patients with relapsing-remitting multiple sclerosis"", ""Interferon-gamma has a role in chronic hepatitis C""]",Interferon-alpha and interferon-beta bind to the same type of receptor,1,
232,"A 56-year-old man with a history of chronic alcohol misuse and poor dietary intake presents to the neurology outpatient clinic with progressive numbness and weakness in his lower limbs over several months. On examination, he has reduced ankle reflexes and diminished vibration sense in both feet. There are no signs of heart failure or cognitive impairment. Which of the following nutritional deficiencies is most likely responsible for his neurological symptoms?","[""Thiamine"", ""Vitamin B12"", ""Niacin"", ""Folate"", ""Vitamin E""]",Thiamine,0,"Dry beriberi is caused by thiamine deficiency and causes peripheral neuropathy

Thiamine

deficiency is the correct answer. Chronic alcohol misuse and malnutrition are classic risk factors for thiamine deficiency, which leads to dry beriberi—a peripheral neuropathy characterised by symmetrical sensory and motor deficits, particularly affecting the lower limbs. The absence of cardiac or cognitive features makes Wernicke's encephalopathy (which also involves thiamine) less likely here, further supporting dry beriberi as the diagnosis. Thiamine is crucial for carbohydrate metabolism; its deficiency impairs neuronal energy supply, resulting in neuropathy.

Vitamin B12

deficiency can cause peripheral neuropathy but typically presents with additional features such as subacute combined degeneration (posterior column involvement leading to proprioceptive loss and ataxia), megaloblastic anaemia, or neuropsychiatric changes. While plausible in this context, vitamin B12 deficiency is more likely to cause upper motor neuron signs alongside sensory loss rather than isolated lower limb peripheral neuropathy.

Niacin

(vitamin B3) deficiency causes pellagra, which classically presents with dermatitis, diarrhoea, and dementia—the 'three Ds.' Neuropathy may occur but is not a predominant feature nor does it fit the described clinical scenario as closely as thiamine deficiency.

Folate

deficiency can lead to megaloblastic anaemia and rarely neuropsychiatric changes but does not typically cause an isolated peripheral neuropathy without haematological manifestations. It may be deficient in those with poor nutrition but would not explain these specific neurological findings alone.

Vitamin E

deficiency can result in a progressive sensorimotor neuropathy similar to that seen in thiamine deficiency; however, it is rare outside fat malabsorption syndromes or genetic conditions. Additionally, vitamin E deficiency often causes cerebellar ataxia and retinopathy—features absent from this case."
233,"A researcher calculates various statistical values for a randomized controlled trial of a new drug vs an old drug that treats heart failure. She finds that the probability of type 1 error is 31%, the probability of type 2 error is 26%, the p-value is 0.04 and the confidence interval of 95%.


Which of the following options represents the power of this study?","[""0.04"", ""0.69"", ""0.74"", ""0.95"", ""0.96""]",0.74,2,"Power = 1 - the probability of a type II error

Reality	H1	H0
Study rejects H0	Power (1-Beta)	Alpha (Type I error)
Study does not reject H0	Beta (Type II error)	-

Power means correctly identifying the result regardless of whether the hypothesis is accepted or rejected. A study with high power can accurately identify an effect or difference when one exists or vice versa.

Power = 1 - the probability of a type II error.

Power = 1 - 0.26 = 0.74

When the probability of type II error of a study decreases, the power increases."
234,Which one of the following statements regarding interleukin 1 (IL-1) is true?,"[""It is released mainly by macrophages/monocytes"", ""It causes vasoconstriction"", ""It reduces expression of selectin molecules on the endothelium"", ""IL-1 antagonists are currently licensed for use in colorectal cancer"", ""It inhibits the release of nitric oxide by the endothelium""]",It is released mainly by macrophages/monocytes,0,
235,"A 70-year-old woman has a wide local excision for ductal carcinoma. She attends the oncology clinic and is considered for treatment based on the genetic profile of the tumour - detection of a mutated oncogene is needed.

Which technique will most likely be used for this purpose?","[""Fluorescence in situ hybridisation"", ""Western blot"", ""Enzyme linked immunosorbent assay (ELISA)"", ""High performance liquid chromatography"", ""Polymerase chain reaction""]",Polymerase chain reaction,4,"Polymerase chain reactions are used to detect mutated oncogenes

The answer is polymerase chain reaction (PCR) which is used to selectively amplify and detect short genomic sequences. This technique is the most cost effective when considering other possible answers given.

Fluorescence in situ hybridisation uses a labelled probe to detect a genomic sequence on a chromosome and is less sensitive than PCR, and not the choice of test here.

An Enzyme linked immunosorbent assay (ELISA) is used to measure proteins. It has no role here.

High performance liquid chromatography is used to detect molecules like toxin and drugs. Most assays use ELISA rather this technology now.

Western blot is used to detect a specific protein whereas the question asks about detecting the mutated oncogene."
236,Which of the following conditions is inherited in an autosomal recessive fashion?,"[""Hypokalaemic periodic paralysis"", ""Adult polycystic disease"", ""Huntington's disease"", ""Friedreich's ataxia"", ""Ehlers-Danlos syndrome""]",Friedreich's ataxia,3,"Autosomal recessive conditions are 'metabolic'  - exceptions: inherited ataxias

The correct answer is

Friedreich's ataxia

, which is a neurodegenerative disorder inherited in an autosomal recessive pattern. It is caused by mutations in the FXN gene, which codes for the protein frataxin. Both copies of the gene must be mutated for the condition to manifest, which is characteristic of autosomal recessive inheritance. The condition typically presents in childhood or adolescence with progressive ataxia, loss of proprioception, and cardiomyopathy.

Hypokalaemic periodic paralysis

is actually inherited in an autosomal dominant pattern. It results from mutations in genes coding for calcium or sodium ion channels, most commonly the CACNA1S gene. Only one copy of the mutated gene is needed for the condition to manifest.

Adult polycystic kidney disease

is inherited in an autosomal dominant pattern. It is caused by mutations in either the PKD1 or PKD2 genes. The condition leads to the formation of multiple cysts in the kidneys and can present with hypertension, haematuria, and progressive renal failure.

Huntington's disease

is a classic example of autosomal dominant inheritance. It is caused by a trinucleotide repeat expansion in the HTT gene. The condition shows complete penetrance, meaning that everyone who inherits the mutated gene will develop the disease if they live long enough.

Ehlers-Danlos syndrome

typically shows autosomal dominant inheritance, although some rare subtypes can be autosomal recessive or X-linked. The most common form, hypermobile EDS, is inherited in an autosomal dominant pattern. The condition affects collagen synthesis and results in joint hypermobility, skin hyperextensibility, and tissue fragility."
237,"A 52-year-old known alcoholic dependent male is seen in the emergency department after being found intoxicated in the street. On sobering up in the department he reports a long-standing history of pain and itching at both sides of his mouth.

On examination, the corners of his mouth are red with evidence of skin breakdown and crusting. The patient confirms he has a poor dietary intake, often only drinking alcohol and not eating for days at a time.

Which vitamin deficiency is most commonly associated with this patient's mouth condition?","[""Vitamin A"", ""Vitamin B1"", ""Vitamin B2"", ""Vitamin B3"", ""Vitamin B12""]",Vitamin B2,2,"Riboflavin deficiency causes angular cheilitis

This patient has presented with angular cheilitis which, as a form of cheilitis, is inflammation of the lips. As described angular cheilitis is inflammation of the corners of the mouth causing redness, skin breakdown with crusting and pain. Angular cheilitis can be caused by several conditions including infection, irritation contact (e.g. increased salvia contact) or, as in this case, vitamin deficiency. Although there are a few vitamin deficiencies associated with angular cheilitis the most common is vitamin B2 or riboflavin. Riboflavin plays an important role in energy metabolism and can be found in food sources including eggs, green vegetables and milk.

Vitamin A is required by the retina of the eye to produces rhodopsin, a light-absorbing molecule used for low light and colour vision. Vitamin A deficiency is therefore associated with visual deficiency and is a common cause of blindness in developing countries due to poor dietary intake and malnutrition. Vitamin A deficiency is not associated with angular cheilitis.

Thiamine or vitamin B1 is involved in the citric acid cycle which is central in the metabolism of carbohydrates, lipids and amino acids into energy. Vitamin B1 deficiency if chronic can result in a condition known as beriberi which has two main forms; wet beriberi, affecting the cardiovascular system (causing cardiac failure) or dry beriberi affecting the nervous system (causing neuropathies and sensory impairments). Although vitamin B1 deficiency can cause glossitis (inflammation of the tongue) it is not commonly associated with angular cheilitis.

Vitamin B3 is involved in several dehydrogenases pathways and plays a role in the metabolic cycles which breaks down carbohydrates and fats. Vitamin B3 deficiency causes a disease called pellagra which is associated with dermatitis and sun sensitivity of the skin, diarrhoea, ataxia, confusion and eventually dementia. Again, although associated with glossitis, pellagra is not commonly associated with angular cheilitis.

Vitamin B12 plays an important role in both the synthesis of myelin and the maturation of red blood cells in the bone marrow. As a result vitamin B12 deficiency, which can be due to poor dietary intake or reduced absorption (e.g. in pernicious anaemia), can result in macrocytic anaemia and neurological disorders. Although vitamin B12 is sometimes associated with angular cheilitis it is much rarer when compared to vitamin B2 deficiency."
238,A scientist is developing a new test for Bovine spongiform encephalopathy that uses gel electrophoresis to separate native proteins by 3-D structure. This is an example of:,"[""A microarray"", ""Polymerase chain reaction"", ""Northern blotting"", ""Southern blotting"", ""Western blotting""]",Western blotting,4,"Molecular biology techniques

The correct answer is

Western blotting

. Western blotting is a technique used to separate proteins based on their molecular weight and confirm their presence by using specific antibodies. In the context of Bovine spongiform encephalopathy (BSE), it can be used to identify and characterise the abnormal prion protein that causes the disease. The process involves separating the proteins through gel electrophoresis, transferring them onto a membrane, and then using an antibody that binds specifically to the prion protein. This binding can then be detected and visualised.

A microarray

is incorrect as this is a technology used to measure gene expression levels. It involves attaching DNA probes to a solid surface and hybridising them with a sample containing DNA or RNA. The level of binding between the probe and sample indicates the amount of gene expression. While it's an important tool in genomics, it does not involve protein separation or characterisation.

Polymerase chain reaction (PCR)

is also incorrect as this technique amplifies specific regions of DNA, allowing for detection and sequencing. It's incredibly useful in both diagnostic medicine and research but doesn't involve protein separation or analysis.

Northern blotting

, much like a microarray, focuses on RNA rather than proteins. It's used to study gene expression by detecting specific RNA molecules within a sample. Again, while it's valuable in its field, it doesn't align with the scenario described in the question.

Finally,

Southern blotting

is another nucleic acid-based technique which identifies specific sequences within DNA samples - not proteins. Thus, it wouldn't be applicable for developing a test for BSE based on native protein separation by 3-D structure."
239,"A 35-year-old gentleman has attended his GP due to joint pains and reported skin changes.

On examination, you note a brownish/bluish pigment to his ears. On closer inspection, you also note a similar discolouration of his sclera bilaterally. His past history includes a prior knee joint replacement. A specialist urine sample is sent away, which ultimately shows elevated levels of homogentisic acid. What is the most likely unifying diagnosis?","[""Osteogenesis imperfecta"", ""Alkaptonuria"", ""Porphyria cutanea tarda"", ""Wilson disease"", ""Phenylketonuria""]",Alkaptonuria,1,
240,"A 14-year-old girl presents to the emergency department with fevers. Her past medical history includes juvenile idiopathic arthritis (JIA). She is on methotrexate. She attends school normally and lives with her parents.

Her observations are as follows: heart rate 121 beats per minute, blood pressure 95/65 mmHg, respiratory rate 21/minute, oxygen saturation 97% on room air and temperature 39.8ºC.

On examination, she appears unwell. She is diaphoretic. There is clinical evidence of hepatomegaly and splenomegaly. Chest auscultation is unremarkable. Her Glasgow coma scale is 15/15.

Blood tests:


Hb	101 g/L	Male: (135-180)
Female: (115 - 160)
Platelets	89 * 109/L	(150 - 400)
WBC	5.2 * 109/L	(4.0 - 11.0)
Na+	136 mmol/L	(135 - 145)
K+	4.9 mmol/L	(3.5 - 5.0)
Urea	8.9 mmol/L	(2.0 - 7.0)
Creatinine	141 µmol/L	(55 - 120)
CRP	101 mg/L	(< 5)
Ferritin	6400 ng/ml	(10 - 300)
Bilirubin	24 µmol/L	(3 - 17)
ALP	89 u/L	(30 - 100)
ALT	101 u/L	(3 - 40)
Î³GT	144 u/L	(8 - 60)
AST	122 U/L	(1 - 45)
Albumin	31 g/L	(35 - 50)

Based on the likely diagnosis, which cytokine is most likely to be activated from the list below?","[""Interferon-gamma"", ""IL-3"", ""IL-4"", ""IL-5"", ""IL-10""]",Interferon-gamma,0,"Interferon-γ is responsible for activating macrophages

Interferon-gamma is the correct answer. The patient has macrophage activation syndrome, which is an uncontrolled hyper-inflammatory state associated with many systemic autoimmune diseases but in particular JIA. ACR/EULAR classification criteria for macrophage activation syndrome (MAS) state that in a patient with JIA who presents with a fever, a diagnosis of MAS can be made if the ferritin level is > 684 ng/ml and any two of the following are present (platelets < 181 * 10

9

/L, AST > 48 U/L, triglycerides > 156 mg/dl, fibrinogen < 360 mg/dl). Refractory fever and hepatosplenomegaly are typical clinical features.  Interferon-gamma is responsible for the activation of macrophages and is heavily implicated in the pathogenesis of this condition.

IL-3 is incorrect. This is not heavily implicated in the pathogenesis of MAS. It is associated with conditions such as mastocytosis and various leukaemias. It stimulates differentiation and proliferation of myeloid progenitor cells.

IL-4 is incorrect. The main source of this cytokine is Th2 cells and it stimulates differentiation of B cells.

IL-10 is incorrect. This is an 'anti-inflammatory cytokine' and is therefore not implicated in macrophage activation syndrome.

IL-5 is incorrect. This stimulates the production of eosinophils."
241,"A 28-year-old female with a background of Crohn's disease presents to her general practitioner complaining of general fatigue and shortness of breath on exertion.

She was recently discharged from hospital after a flare of her inflammatory bowel disease, but symptoms are now controlled after being commenced on azathioprine.

Routine bloods are arranged and results show :



Hb	106 g/L	Male: (135-180)
Female: (115 - 160)
Platelets	184 * 109/L	(150 - 400)
WBC	5.6 * 109/L	(4.0 - 11.0)


ESR	5 mm/hr	Men: < (age / 2)
Women: < ((age + 10) / 2)
Prothrombin time (PT)	11.6 secs	(10-14 secs)
Activated partial thromboplastin time (APTT)	29 secs	(25-35 secs)
Fibrinogen	3.2 g/L	(2 - 4)
D-Dimer	20 ng/mL	(< 400)
Ferritin	8 ng/mL	(20 - 230)
Vitamin B12	461 ng/L	(200 - 900)
Folate	6.4 nmol/L	(> 3.0)
Reticulocytes	0.9 %	(0.5 - 1.5)

Given her blood results, she is commenced on appropriate replacement therapy.

Which of the following supplements would improve her response to treatment?","[""Thiamine"", ""Cholecalciferol"", ""Riboflavin"", ""Ascorbic acid"", ""Niacin""]",Ascorbic acid,3,"Vitamin C (ascorbic acid) supplementation can aid iron absorption from the gut by conversion of Fe3+ to Fe2+

This patient is suffering from iron deficiency anaemia as a result of her Crohn's disease.  This is evident from her blood tests with a reduced haemoglobin and ferritin level. Note her other haematinic blood tests (Vitamin B12 and Folate) are within normal limits.

In order to replenish her iron stores and increased her haemoglobin, appropriate treatment would be to commence oral ferrous fumarate. Iron is best absorbed in the small intestine in the ferrous form (Fe2+).  Ferric iron (Fe3+), however, is more difficult for the intestinal mucosa to absorb. By the addition of Ascorbic acid (vitamin C) to oral iron therapy, there is increased conversion of Fe3+ to Fe2+ in the gastrointestinal tract.  This increases the proportion of Fe2+ iron, which is more readily absorbed, thus improving the response to treatment.

Thiamine (vitamin B1) deficiency is implicated in the development of Wernicke's encephalopathy and Korsakoff's syndrome (typically seen in alcohol dependence where there is usually concomitant poor nutritional intake). It plays no role in the absorption of iron from the gut.

Cholecalciferol (vitamin D) plays a central role in the maintenance of normal calcium and phosphorus levels in conjunction with parathyroid hormone. Vitamin D supplementation improves intestinal absorption of calcium, but has no effect on iron absorption.

Riboflavin (vitamin B2) is a vitamin which works as a co-factor for a number of enzymes involved in energy release from carbohydrates and fats. Riboflavin supplementation has no impact on iron absorption from the GI tract.

Niacin (vitamin B3/nicotinic acid) is important for assisting in DNA replication and repair as well as acting as a co-enzyme for the metabolism of carbohydrates and fats. Deficiency is known as pellagra (a triad of dermatitis, diarrhoea and dementia). Supplementation of niacin does not contribute to iron absorption."
242,A hospital team is evaluating the effect of a new antihypertensive drug. Twenty patients have their systolic blood pressure measured before and after 8 weeks of treatment. The data are not normally distributed. Which statistical test is most appropriate to compare the pre- and post-treatment blood pressures in this group?,"[""Student's paired t-test"", ""Wilcoxon signed-rank test"", ""Mann-Whitney U test"", ""Chi-squared test"", ""Spearman's rank correlation""]",Wilcoxon signed-rank test,1,"Wilcoxon signed-rank test - compares two sets of observations on a single sample, e.g. a 'before' and 'after' test on the same population following an intervention

Wilcoxon signed-rank test

is correct because it is specifically designed for comparing two related samples or repeated measurements on a single sample, especially when the data are non-parametric (not normally distributed). In this scenario, each patient acts as their own control, with measurements taken before and after an intervention. The Wilcoxon signed-rank test evaluates whether there is a statistically significant difference between these paired observations, making it the best choice according to UK guidelines for non-parametric paired data.

Student's paired t-test

would be suitable if the differences between pre- and post-treatment measurements were normally distributed (parametric data). However, since the question specifies that the data are not normally distributed, using this parametric test would violate its assumptions and could lead to erroneous conclusions.

Mann-Whitney U test

compares differences between two independent (unpaired) groups when data are non-parametric. It cannot account for pairing within subjects; thus, it is inappropriate here where each subject has both pre- and post-intervention measurements.

Chi-squared test

is used to compare proportions or frequencies between groups rather than continuous or ordinal variables like blood pressure readings. It does not analyse changes in continuous values within individuals over time.

Spearman's rank correlation

assesses the strength and direction of association between two ranked variables but does not compare means or medians of paired samples. It would not answer whether there was a significant change in blood pressure following intervention."
243,"A systematic review on the use of apixaban for left ventricular thrombus has shown a significant reduction in hospitalisation and mortality. Twenty randomised and non-randomised studies were included in the meta-analysis. The authors were concerned about the potential impact of studies with significant results being published more frequently than studies with negative findings and decided to investigate for publication bias.

What is the most appropriate method of assessing for publication bias in this study?","[""Forest plot"", ""Funnel plot"", ""GRADE analysis"", ""Meta-regression analysis"", ""Sensitivity analysis""]",Funnel plot,1,"Funnel plots - show publication bias in meta-analyses

Funnel plot

is the correct answer. A funnel plot is a type of scatter plot used in meta-analyses to detect publication bias visually. Across the x-axis are the results for each study (e.g. odds ratio). Across the y-axis is the precision for each study and reflects the standard error of the study results. Each dot represents a separate study. The solid vertical line represents the overall effect from the meta-analysis, and the outer lines represent the 95% confidence interval for the overall effect. Ideally, studies would be scattered symmetrically on either side of the overall effect line. If there is an asymmetry to either side, this would suggest publication bias. This can then be confirmed statistically using Egger's test.

Forest plot

is not correct. A forest plot is a graphical presentation of a meta-analysis. Each included study is shown alongside the effect measure, confidence interval, and the number of events in each treatment arm. The forest plot provides statistics on the heterogeneity or uniformity of the pooled studies, reported and quantified using Chi² and I² statistics. The pooled estimates for all included studies are reported, alongside a p-value indicating the level of statistical significance. A forest plot cannot display potential publication bias.

GRADE analysis

is not correct. This refers to an approach to assessing the certainty of evidence and the strength of recommendations made from a systematic review and meta-analysis. Whilst it considers the risk of bias in downgrading or upgrading recommendations, it is not an explicit method for the assessment of publication bias.

Meta-regression analysis

is not correct. Meta-regression is an extension of subgroup meta-analysis that allows the effects of continuous and/or categorical characteristics to be investigated. For example, say variable

x

represents a specific characteristic of studies, such as the year of publication. Meta-regression can be used to predict

y

, the effect size, based on variable

x

. This statistical approach is not a method for assessing publication bias.

Sensitivity analysis

is not correct. A sensitivity analysis is a repeat of the primary meta-analysis to determine how sensitive the results are to uncertain decisions in the inclusion criteria or assumptions made about data from the included studies. It essentially answers the question: 'are the findings robust to the decisions made in the process of obtaining them'."
244,Aldosterone is secreted by the:,"[""Juxtaglomerular apparatus"", ""Zona glomerulosa"", ""Posterior pituitary"", ""Zona reticularis"", ""Zona fasciculata""]",Zona glomerulosa,1,Adrenal cortex mnemonic: GFR - ACD
245,Which one of the following best describes the main action of the polymerase chain reaction?,"[""DNA identification using RNA"", ""DNA amplification"", ""RNA translation to protein"", ""RNA amplification"", ""DNA to RNA conversion""]",DNA amplification,1,
246,"A 74-year-old man is brought to the emergency department after a fall onto an outstretched arm. He has a past medical history of osteoporosis and his medications include calcium and vitamin D and alendronic acid.

On examination, he is tender at the proximal humerus and is unable to abduct his shoulder. Examination of the elbow, wrist and hand is unremarkable.

Plain radiography demonstrates a fracture of the proximal humerus.

What nerve has been injured?","[""Axillary nerve"", ""Long thoracic nerve"", ""Musculocutaneous nerve"", ""Radial nerve"", ""Ulnar nerve""]",Axillary nerve,0,"Shoulder abduction - deltoid muscle - axillary nerve (C5,C6)

The axillary nerve is the correct answer. This elderly man with osteoporosis has sustained a fall onto an outstretched hand resulting in a proximal humerus fracture. Fractures of this type are associated with axillary nerve injury, Injury to this nerve results in loss of the ability to abduct the shoulder due to denervation of the deltoid muscle.

The long thoracic nerve is incorrect. Injury to this nerve is typically caused by injuries to the ribs. It causes 'winging' of the scapula. The term 'winged scapula'  is used when the muscles of the scapula are weak or paralysed, resulting in limited ability to stabilise the scapula. As a result, the medial border of the scapula protrudes, like wings.  This is not an abnormality in this case. Additionally, the mechanism of injury and examination findings suggest a humeral fracture rather than a rib injury.

The musculocutaneous nerve is incorrect. Injury to this nerve causes an inability to flex the elbow. It is rarely an isolated injury and more commonly is caused by injury to the brachial plexus. Given the examination finding is an inability to abduct the shoulder rather than flex the elbow, this is less likely.

The radial nerve is incorrect. Injury to this nerve is often caused by a midshaft fracture of the humerus. It will result in a 'wrist drop', which is an inability to dorsiflex the wrist. This is therefore not the likely nerve that has been injured.

The ulnar nerve is incorrect. A possible mechanism of injury to this nerve is a fracture of the medial epicondyle. The resulting deformity will be a 'claw hand', which is when the fourth and fifth digits are flexed and the patient cannot straighten these two fingers. This is not the case here and this is, therefore, less likely."
247,What is the most common cardiac defect seen in patients with Down's syndrome?,"[""Ventricular septal defect"", ""Endocardial cushion defect"", ""Secundum atrial septal defect"", ""Tetralogy of Fallot"", ""Patent ductus arteriosus""]",Endocardial cushion defect,1,
248,"A pharmaceutical company aims to develop a new screening test to establish the risk of pancreatic cancer. They are currently establishing multiple screening test statistics to build up a report for marketing purposes.

They are using a sample size of 500 patients of which 100 patients tested negative for pancreatic cancer. Out of these 100 patients, 25 are subsequently diagnosed with pancreatic cancer. Out of the remaining 400 patients who tested positive, 350 patients had the diagnosis.

What is the specificity of this screening test?","[""0.60"", ""0.75"", ""0.88"", ""0.93"", ""2.33""]",0.60,0,"Specificity = TN / (TN + FP)

0.60

is the correct answer. Specificity is defined as the proportion of patients without the condition that has a negative screening test result. We can establish this by putting the values in a table as seen below.

Disease present	disease absent
Tested positive	350	50
Tested negative	25	75

As we already know 100 patients tested negative for the screening test and 25 of these patients had pancreatic cancer, we know that 75 patients tested negative but did not have the diagnosis. Through this, we can calculate that 125 patients did not have the diagnosis and 75 of these patients tested negative as we know that 350 who tested positive had the diagnosis. Specificity is calculated through patients who tested negative over a total number of patients who did not have the diagnosis resulting in the value 75/125 = 0.60.

0.75

is incorrect. This value is the negative predictive value. This is a relative chance of the patients not having a condition should they test negative. This is calculated through the patients who tested negative and do not have pancreatic cancer over the total number of patients who tested negative. This would be 75/100 = 0.75.

0.88

is incorrect. This value is a positive predictive value. Similar to above however this is the relative chance of the patient having the condition if they have a positive result. Using the table above this would be the number of patients with a positive result and have pancreatic cancer (350), over the total number of patients who tested positive (400). Therefore this would be 350/400=0.88.

0.93

is incorrect. This is the sensitivity. This is essentially the opposite of specificity in that it calculated the proportion of patients who have the condition and have a positive test result. This would be 350 patients who have pancreatic cancer and have a positive test, over the total number of patients with pancreatic cancer (375). This would be 350/375=0.95.

2.33

is incorrect. This is the value for the likelihood ratio for a positive test result. This is calculated through the sensitivity /1- specificity."
249,"A 45-year-old man presents to his general practitioner with several months of pain around the mouth. Specifically, he describes cracking, itching and crusting at the corners of the mouth. He has no significant past medical history and takes no regular medication.

On examination, significant fissuring and crusting is noted at the angles of the mouth.

What deficiency is most likely to be causing his symptoms?","[""Ascorbic acid"", ""Colecalciferol"", ""Pantothenic acid"", ""Riboflavin"", ""Thiamine""]",Riboflavin,3,"Riboflavin deficiency causes angular cheilitis

This patient is experiencing angular cheilitis - inflammation, fissuring, cracking and crusting at the angles of the mouth. It is caused by a variety of reasons, including infection, mechanical factors, drug-related side effects and nutritional deficiencies. In the case of the latter, deficiencies of iron, zinc and vitamins from the B group are the most common causes. Of those in the vitamin B group, deficiencies of

riboflavin

(B2), niacin (B3), pyridoxine (B6), folate (B9) and cyanocobalamin (B12) are typically linked to the condition.

Ascorbic acid

(vitamin C) deficiency is not linked to angular cheilitis. It is classically associated with scurvy, which presents with bleeding gums and loosened teeth.

Colecalciferol

(vitamin D3) deficiency is not associated with angular cheilitis. It can, however, affect gum health and overall tooth strength.

Pantothenic acid

(vitamin B5) deficiency is not usually linked with angular cheilitis.

Thiamine

(vitamin B1) deficiency is not normally linked with angular cheilitis. It can cause several medical conditions, including Wernicke's encephalopathy, wet beriberi and dry beriberi."
250,"A 35-year-old woman attends a rheumatology clinic. She has been referred by her GP for swelling and stiffness of the distal interphalangeal joints (DIPJs). Her past medical history includes anxiety and psoriasis.

What antigen is associated with the most likely diagnosis?","[""HLA-A3"", ""HLA-B27"", ""HLA-B51"", ""HLA-DR3"", ""HLA-DR4""]",HLA-B27,1,"Psoriatic arthritis is associated with HLA B27

HLA-B27

is the single best answer here. It is associated with psoriatic arthritis, which is the most likely diagnosis, given the history of psoriasis and pattern of DIPJ involvement.

HLA-A3

is incorrect. It is associated with haemochromatosis. Although this can present with joint pain, other systemic symptoms are usually present, including brown skin pigmentation.

HLA-B51

is incorrect. It is associated with Behcet's disease, which presents with genital and mouth ulcers, and red, painful eyes.

HLA-DR3

is incorrect. It is associated with dermatitis herpetiformis, Sjogren's syndrome and primary biliary cirrhosis.

HLA-DR4

is incorrect. It is associated with type 1 diabetes mellitus and rheumatoid arthritis. Rheumatoid arthritis more commonly affects proximal interphalangeal and metacarpophalangeal joints."
251,A randomised controlled trial compares two drugs used in the initial management of rheumatoid arthritis. After being assigned to the randomised groups a number of patients drop out due to adverse effects of the medication. How should the data be analysed?,"[""Recruit more patients"", ""For each patient who drops out, remove a patient from the other randomised group"", ""Include the patients who drop out in the final data set"", ""Remove patients who drop out from final data set"", ""Abandon the trial if more than 5% of patients drop out""]",Include the patients who drop out in the final data set,2,"Intention to treat analysis - include patients who dropped out of trial

The correct answer, in this case, is to

include the patients who drop out in the final data set

. This approach is known as intention-to-treat (ITT) analysis, which is a standard method for analysing randomised controlled trials. The main principle of ITT analysis is that all participants are analysed according to their original treatment allocation, regardless of whether they completed the intervention or not. This helps maintain the benefits of randomisation and provides a more conservative estimate of the treatment effect.

The option to

recruit more patients

may seem like a reasonable solution, but it does not address the issue of how to handle missing data from those who have already dropped out. Additionally, adding more patients could introduce bias if the new patients are not randomly allocated.

For each patient who drops out, remove a patient from the other randomised group

would disrupt the balance achieved through randomisation and potentially introduce bias into the results. It also does not account for potential differences between those who drop out and those who remain in the study.

Removing patients who drop out from the final data set (

remove patients who drop out from the final data set

) may lead to an overestimation of treatment effects by only including those with favourable outcomes. This approach is called per-protocol analysis and can be biased because it does not account for non-adherence or loss to follow-up.

Finally,

abandoning the trial if more than 5% of patients drop out

is an arbitrary threshold that may not be appropriate for all situations. Depending on the nature and severity of adverse effects, it might be important to continue investigating potential benefits or risks associated with these medications. Stopping a trial prematurely without sufficient evidence could lead to inconclusive results and wasted resources."
252,"A 43-year-old man is being reviewed by cardiology for investigation of cardiomyopathy. He was found to have a point mutation in the gene that encodes troponin C.

What is the normal function of this protein?","[""Binds calcium, causing troponin I to release actin"", ""Blocks actin-myosin binding at rest"", ""Buffers intracellular calcium during relaxation"", ""Phosphorylates myosin"", ""Regulates calcium release from the sarcoplasmic reticulum""]","Binds calcium, causing troponin I to release actin",0,"Troponin C binds to calcium ions

Binds calcium, causing troponin I to release actin

is the correct answer. Troponin C is the calcium-binding component of the troponin complex, alongside troponins I and T. During cardiac muscle contraction, calcium ions are released from the sarcoplasmic reticulum into the cytoplasm. Troponin C binds these calcium ions, inducing a conformational change in the troponin complex, leading to troponin I releasing its inhibitory grip on actin, allowing tropomyosin to move away from myosin-binding sites on actin filaments. Myosin heads can attach to actin, resulting in muscle contraction. In this patient with cardiomyopathy, a point mutation in the gene encoding troponin C likely alters its calcium-binding affinity or kinetics. This leads to impaired contraction or abnormal relaxation, contributing to the development of cardiomyopathy by altering cardiac muscle performance and promoting remodelling.

Blocks actin-myosin binding at rest

is incorrect. This function is primarily carried out by troponin I and tropomyosin, which inhibit actin-myosin interactions when intracellular calcium levels are low, such as during diastole. Troponin C’s role is to bind calcium during systole and relieve this inhibition. Mutations affecting troponin C do not impair this blocking function directly but affect calcium sensing and muscle contraction regulation.

Buffers intracellular calcium during relaxation

is incorrect. Calcium buffering within the cardiac muscle cell is primarily the role of proteins such as calsequestrin (within the sarcoplasmic reticulum) and calmodulin in the cytoplasm. These proteins regulate calcium availability and protect the cell from calcium overload. Troponin C, by contrast, is not involved in buffering calcium but acts as a sensor to trigger contraction in response to calcium signals.

Phosphorylates myosin

is incorrect. Phosphorylation of myosin light chains, which modulates contractile force and kinetics, is carried out by enzymes such as myosin light chain kinase. Troponin C is a structural and regulatory protein involved in calcium sensing, not an enzyme with kinase activity. Therefore, it does not participate in phosphorylation processes.

Regulates calcium release from the sarcoplasmic reticulum

is incorrect. The release of calcium into the cytoplasm during excitation-contraction coupling is tightly controlled by the ryanodine receptor and associated channels on the sarcoplasmic reticulum membrane. Troponin C functions downstream of calcium release by sensing the rise in intracellular calcium and triggering contraction. Mutations in troponin C affect how cardiac muscle responds to calcium but do not alter the release process itself."
253,"A 30-year-old man presents with several months of fatigue, unexplained weight loss, and recurring fever. During the examination, multiple enlarged lymph nodes were detected.

An urgent biopsy was conducted, revealing the presence of Reed-Sternberg cells, strongly indicating a potential diagnosis of Hodgkin's lymphoma (HL). To aid in the classification of the HL subtype and plan treatment immunohistochemistry testing is performed.

What cell surface proteins are characteristic of these particular cells?","[""CD14"", ""CD15"", ""CD21"", ""CD56"", ""CD8""]",CD15,1,"CD15 is found on Reed-Sternberg cells

Reed-Sternberg cells, unique and enlarged lymphocytes, are a defining feature within the lymph nodes of Hodgkin's lymphoma (HL) patients. These cells are instrumental in HL diagnosis, actively participating in the immune response and the creation of an inflammatory environment that leads to swollen lymph nodes.

CD15

, a cell surface protein, is frequently present on Reed-Sternberg cells, assisting in the identification of HL. The use of immunohistochemistry enables the detection of CD15, serving as a vital diagnostic marker that sets HL apart from other lymphomas and lymph node disorders. Reed-Sternberg cells and the CD15 marker together play a pivotal role in confirming HL and guiding precise treatment decisions, offering a clear distinction from similar conditions.

CD14

is a cell surface receptor protein predominantly found on monocytes and macrophages and plays a vital role in recognising and responding to bacterial components, particularly lipopolysaccharides (LPS) found in the outer membranes of gram-negative bacteria. When CD14 on monocytes or macrophages encounters these bacterial components, it triggers an immune response, promoting the release of inflammatory mediators and facilitating the body's defence against potential infections.

CD21

, also known as complement receptor 2 (CR2), is a cell surface protein primarily found on B lymphocytes. CD21 plays a significant role in the context of Epstein-Barr virus (EBV) infection with the virus binding to the surface protein, facilitating its entry into these cells. Once inside, EBV can establish latent infections in B cells, leading to various EBV-associated diseases, including infectious mononucleosis and some lymphomas.

CD56

, also known as neural cell adhesion molecule (NCAM), is a cell surface protein found on various immune cells, nerve cells, and other tissues. It is particularly prevalent on natural killer (NK) cells, a type of lymphocyte with a critical role in the innate immune system. CD56 plays a crucial role in the function of NK cells by promoting cell adhesion and facilitating their interaction with target cells.

CD8

, also known as cluster of differentiation 8, is a cell surface protein primarily found on cytotoxic T cells. These CD8+ T cells are key players in the adaptive immune system, responsible for directly targeting and eliminating infected or abnormal cells. CD8 serves as a co-receptor for the T cell receptor (TCR), enhancing the T cell's ability to recognise antigens presented by major histocompatibility complex (MHC) molecules on target cells."
254,"A 54-year-old man is admitted with acute chest pain. ECG shows ST-segment elevation in leads II, III and aVF. He is treated per protocol for STEMI. Later, a colleague asks about the role of troponin subunits in muscle contraction. Which troponin subunit directly binds calcium ions to initiate conformational change during cardiac muscle contraction?","[""Troponin C"", ""Troponin I"", ""Troponin T"", ""Tropomyosin"", ""Myosin light chain""]",Troponin C,0,"Troponin C binds to calcium ions

Troponin C

is the correct answer. Troponin C contains specific binding sites for calcium ions; when intracellular calcium rises during depolarisation, these ions bind to troponin C, causing a conformational change that removes the inhibitory action of troponin I and exposes myosin-binding sites on actin filaments. This mechanism initiates muscle contraction in both skeletal and cardiac muscle. Understanding this molecular interaction is fundamental to appreciating how excitation-contraction coupling occurs, particularly relevant in myocardial infarction where troponins are released from damaged myocardium.

Troponin I

does not bind calcium ions; instead, it binds to actin within the thin filament and inhibits actomyosin ATPase activity at rest by holding the troponin-tropomyosin complex in place. Its main function is regulatory inhibition rather than direct involvement with calcium.

Troponin T

attaches the entire troponin complex to tropomyosin along the actin filament but does not interact directly with calcium ions. It serves as an anchor point for structural integrity of the thin filament regulatory proteins.

Tropomyosin

is a coiled protein that lies along the groove of actin filaments and blocks myosin-binding sites at rest; it does not have any capacity to bind calcium itself but moves position following conformational changes induced by troponin C's binding of calcium.

Myosin light chain

, found on myosin heads, can be phosphorylated (especially in smooth muscle) but does not play a primary role in binding calcium or initiating contraction via direct interaction with calcium ions in striated muscle."
255,"A patient is referred to the clinic with symptoms of fatigue, polyuria and bone pains. They have had several renal stones in the past and a history of depression.

Blood tests confirm a high serum calcium level and parathyroid hormone level and a low phosphate level. As such a diagnosis of hyperparathyroidism is suspected, and a parathyroid adenoma is identified on imaging.

Whilst awaiting a parathyroidectomy the patient is started on treatment including a phosphate supplement for symptom control.

Where will this supplementary electrolyte mainly be reabsorbed in this patient?","[""Distal tubule"", ""Duodenum"", ""Loop of Henle"", ""Proximal tubule"", ""Terminal ileum""]",Proximal tubule,3,"Phosphate is reabsorbed in the proximal tubule

This patient has the typical features of hypercalcaemia and hypophosphatemia secondary to hyperparathyroidism including fatigue, myalgia and bone pain as well as urinary symptoms and complications of renal stones. In hyperparathyroidism, it is the increase of parathyroid hormone (PTH) secretion that results in an increase in serum calcium levels, via increased osteoclasts activity, increased renal and intestinal absorption, and a decrease in phosphate levels via a reduction in renal reabsorption from the

proximal tubule

. Treatment for primary hyperparathyroidism due to an adenoma, as in this case, is a parathyroidectomy. If surgery is delayed or is not possible then medical treatment can be used including a calcimimetic and supplements if required.

Several electrolytes are absorbed at the

distal tubules

including sodium (Na+), potassium (K+) and calcium (Ca2+). This aspect of the renal tract also plays a role in pH regulation via the absorption and secretion of bicarbonate and protons. However, only a minimal amount of phosphate, if any, is reabsorbed at the distal tubules.

The

duodenum

is mainly responsible for the absorption of iron and, along with the jejunum, folate (vitamin B9). A very small amount of phosphate is reabsorbed in the gastrointestinal (GI) tract as a whole.

The

loop of Henle

is made up of three main aspects, the thin descending, thin ascending and thick ascending limbs and is responsible for the reabsorption of several electrolytes including sodium (Na+), potassium (K+), chloride (Clˆ’), magnesium (Mg2+) and calcium (Ca2+). A relatively small amount of phosphate is reabsorbed in this aspect of the renal tract.

Vitamin B12 and bile salts are some of the elements absorbed in the

terminal ileum

but, as mentioned, only a very small amount of phosphate is reabsorbed in the GI tract."
256,"A patient with a rare immunodeficiency disorder has been enrolled in a research study examining immunoglobulins and immune system activation. Current results have shown that the patient has an inability to activate B-cells. The researchers wonder whether there is a defect in a particular immunoglobulin that would account for the poor B-cell activation.

What is the likely immunoglobulin?","[""IgA"", ""IgD"", ""IgE"", ""IgG"", ""IgM""]",IgD,1,"IgD is involved in the activation of B-cells

IgD

is correct. Its role in the immune system is poorly understood, however, it is known that IgD is involved in the activation of B-cells. It is also known to bind to other immune cells, such as mast cells, aiding in the respiratory immune response.

IgA

is the most commonly produced immunoglobulin in the body but has low serum concentrations making up around 15% of serum immunoglobulins. This is due to IgA's dimeric form that is found in abundance in body secretions, including tears and saliva, along with respiratory and urogenital secretions.

IgE

is synthesised by plasma cells and is the mediator in type 1 hypersensitivity reactions. It is the least abundant circulating immunoglobulin making up only 0.1% of the serum immunoglobulin numbers. IgE is also responsible for immunity against helminths and other parasites.

IgG

makes up 75% of serum immunoglobulin numbers and acts strongly against bacterial and viral pathogens. It helps in the activation of the complement system as well as being involved in type 2 and type 3 hypersensitivity reactions.

IgM

is the initial immunoglobulin released in response to an infection. It is responsible for the agglutination of blood during blood group mismatch."
257,Which of the following conditions is inherited in an autosomal dominant fashion?,"[""Familial Mediterranean Fever"", ""Homocystinuria"", ""Tuberous sclerosis"", ""Ataxia telangiectasia"", ""Friedreich's ataxia""]",Tuberous sclerosis,2,"Autosomal recessive conditions are 'metabolic'  - exceptions: inherited ataxias

The correct answer is

Tuberous sclerosis

, which is inherited in an autosomal dominant pattern. Tuberous sclerosis complex (TSC) is caused by mutations in either the TSC1 or TSC2 genes, which encode for hamartin and tuberin respectively. These proteins are tumour suppressors that regulate cell growth and division. The condition follows autosomal dominant inheritance, meaning only one copy of the mutated gene is needed to cause the disease, and there is a 50% chance of passing the condition to offspring. The condition is characterised by hamartomas in multiple organ systems, including cortical tubers, subependymal nodules, facial angiofibromas, and renal angiomyolipomas.

Familial Mediterranean Fever

is actually inherited in an autosomal recessive pattern. It is caused by mutations in the MEFV gene, which codes for pyrin, a protein involved in controlling inflammation. Both copies of the gene must be mutated for the condition to manifest, with carriers typically being asymptomatic.

Homocystinuria

is also inherited in an autosomal recessive pattern. It results from mutations in the CBS gene, which codes for cystathionine beta-synthase, an enzyme involved in methionine metabolism. Both parents must contribute a mutated gene for the condition to develop.

Ataxia telangiectasia

follows an autosomal recessive inheritance pattern. It is caused by mutations in the ATM gene, which is involved in cell division and DNA repair. The condition requires two copies of the mutated gene to manifest clinically.

Friedreich's ataxia

is inherited in an autosomal recessive pattern. It is caused by mutations in the FXN gene, which codes for frataxin, a protein important for proper mitochondrial function. As with the other recessive conditions, both copies of the gene must be mutated for the disease to develop."
258,Which one of the following karyotypes is associated with short stature?,"[""45,XO"", ""46,YO"", ""46,XO"", ""47,XYY"", ""47,XXY""]","45,XO",0,
259,"A 28-year-old woman is invited for amniocentesis following her 12-week ultrasound scan which identified increased fetal nuchal translucency. Her combined test results were consistent with a diagnosis of Down's syndrome. She advises you that she wishes to terminate the pregnancy but has concerns about future pregnancies. She asks if the condition is genetic and likely to recur in future pregnancies.

What is the most likely cytogenetic cause of this condition?","[""Maternal non-disjunction"", ""Maternal translocation"", ""Mosaicism"", ""Paternal non-disjunction"", ""Paternal translocation""]",Maternal non-disjunction,0,"Nondisjunction is the commonest cause of Down's syndrome

There are three main cytogenetic forms of Down syndrome: free trisomy 21, mosaic trisomy 21, and Robertsonian translocation trisomy 21.

The most common cause of Down's syndrome is nondisjunction, in which all cells contain a supplementary chromosome 21. Around 90% of free trisomy 21 is due to a

maternal meiotic error

.

Robertsonian translocation trisomy 21 causes around 5% of cases of Down's syndrome. In this case, the long arm of chromosome 21 is attached to another chromosome, usually chromosome 1. When this is inherited in an unbalanced form this can cause Down's syndrome. This is most commonly caused by

translocation

in the maternal DNA.

Mosaicism

is another less common cause of Down's syndrome which causes 1% of total cases of Down's syndrome.

Only a small fraction of Down's syndrome caused by

non-disjunction is due to paternal errors

.

Less commonly

Robertsonian translocation occurs due to the paternal DNA

."
260,"A 16-year-old female is brought to her primary care physician by her parents with a complaint of short stature and delayed puberty. Further questioning reveals primary amenorrhoea. The patient's height is significantly shorter than her midparental height.

On physical examination, she is in Tanner Stage I for breast development and in early Tanner Stage II for pubic hair development. She also has a webbed neck.

Laboratory investigations show a significantly raised Luteinizing Hormone (LH) and Follicle-Stimulating Hormone (FSH) with reduced oestrogen levels. Karyotyping confirms the diagnosis.

Which of the following cardiac pathologies is most commonly associated with this condition?","[""Coarctation of the aorta"", ""Aortic dissection"", ""Mitral stenosis"", ""Hypertrophic cardiomyopathy"", ""Patent ductus arteriosus""]",Coarctation of the aorta,0,"Turner's syndrome is associated with aortic coarctation

The correct answer is

Coarctation of the aorta

. This patient's presentation is consistent with Turner syndrome (45,XO), characterised by short stature, primary amenorrhoea, delayed puberty, webbed neck, and hypergonadotropic hypogonadism (elevated LH and FSH with low oestrogen). Coarctation of the aorta is the most common cardiovascular abnormality in Turner syndrome, occurring in approximately 10% of cases. The coarctation typically occurs in the descending aorta just distal to the left subclavian artery.

Aortic dissection

can occur in Turner syndrome but is less common than coarctation. While patients with Turner syndrome have an increased risk of aortic dissection due to underlying aortopathy, this typically occurs in adulthood rather than during adolescence and is not the most common cardiac manifestation.

Mitral stenosis

is not typically associated with Turner syndrome. This condition is most commonly seen as a sequela of rheumatic heart disease or as a congenital abnormality, but it is not characteristically associated with Turner syndrome.

Hypertrophic cardiomyopathy

is an inherited cardiac condition characterised by left ventricular hypertrophy. While it can occur in various genetic syndromes, it is not typically associated with Turner syndrome and would be an incorrect answer choice.

Patent ductus arteriosus

, while a congenital cardiac defect that can occur in Turner syndrome, is less common than coarctation of the aorta in these patients. Bicuspid aortic valve and coarctation of the aorta are the predominant cardiac manifestations in Turner syndrome."
261,"A 28-year-old man presents to the emergency department with a worsening cough and haemoptysis. He also reports dark urine, reduced urine output and generally feels tired.

On examination, he has crackles on auscultation of the chest and bipedal oedema. His heart rate is 120 beats/min, blood pressure 148/78 mmHg, respiratory rate 28 breaths/min. He is apyrexial.


Na+	136 mmol/L	(135 - 145)
K+	5.0 mmol/L	(3.5 - 5.0)
Bicarbonate	24 mmol/L	(22 - 29)
Urea	14 mmol/L	(2.0 - 7.0)
Creatinine	250 µmol/L	(55 - 120)

Given the likely diagnosis, the antibodies characteristic of this condition target which of the following?","[""Collagen type IV"", ""Double-stranded DNA"", ""Myeloperoxidase"", ""Proteinase 3"", ""Streptolysin O""]",Collagen type IV,0,"Goodpasture's syndrome is caused by autoantibodies against collagen type IV

The correct answer is collagen. The diagnosis here is Goodpasture's syndrome, given the constellation of presenting symptoms - cough, haemoptysis, crackles on auscultation, oedema and impaired renal function. The antibodies typically found in this condition are anti-glomerular basement membrane antibodies (anti-GBM), which target collagen type IV.

Double-stranded DNA is targeted by anti-dsDNA antibodies. These are typically found in systemic lupus erythematosus (SLE). This would present with rash, photosensitivity, hair loss and other systemic signs not mentioned in this case.

Myeloperoxidase is the most common target of p-ANCA antibodies, typically associated with eosinophilic granulomatosis with polyangiitis (EGPA - formerly Churg-Strauss syndrome). While this may also be present in Goodpasture's, it is not usually associated with this condition. EGPA has some overlapping features but would usually present with a history of asthma and/or allergic rhinitis.

Proteinase 3 is the usual target of c-ANCA antibodies. These are classically associated with granulomatosis with polyangiitis (GPA - formerly Wegener's granulomatosis). Again, while some features overlap with the scenario here, features of sinusitis and other upper airway signs typical for GPA are not mentioned in this case.

Antibodies against streptolysin O are involved in the immune response against streptococcal infection, as streptolysin O is one of its exotoxins. In the context of this question, the differential suggested here is that of post-streptococcal glomerulonephritis, which is preceded by streptococcal infection. Whilst renal impairment would be present, as, in this scenario, a preceding infection would be mentioned, and the rest of the symptoms seen here would not typically be present."
262,A 33-year-old woman gives birth to a boy with features suggestive of Down’s syndrome. Cytogenetic analysis confirms trisomy 21. She is concerned about the risk of recurrence in future pregnancies and asks about the most likely genetic mechanism responsible for her child’s condition. What is the most probable underlying cause?,"[""Nondisjunction during maternal meiosis"", ""Robertsonian translocation involving chromosome 14"", ""Mosaicism due to post-zygotic error"", ""Uniparental disomy"", ""Point mutation on chromosome 21""]",Nondisjunction during maternal meiosis,0,"Nondisjunction is the commonest cause of Down's syndrome

Nondisjunction during maternal meiosis

is the correct answer because it accounts for approximately 94% of cases of Down’s syndrome, especially in younger mothers. Nondisjunction refers to the failure of homologous chromosomes or sister chromatids to separate properly during meiosis, resulting in an egg (or sperm) with two copies of chromosome 21. When fertilised, this leads to trisomy 21. The risk increases with maternal age but remains the most common mechanism even in women under 35 years old. In this scenario, cytogenetic confirmation of simple trisomy without mention of translocation or mosaicism supports nondisjunction as the cause.

Robertsonian translocation involving chromosome 14

causes around 5% of Down's syndrome cases and usually involves fusion between chromosome 21 and another acrocentric chromosome such as chromosome 14. This form has a significantly higher recurrence risk if a parent is a carrier, particularly if the mother carries the translocation. However, there is no indication from the scenario that a translocation was found on cytogenetic analysis.

Mosaicism due to post-zygotic error

accounts for only about 1% of cases and results from mitotic errors after fertilisation, leading to two cell lines—one normal and one with trisomy 21. Mosaicism often presents with milder clinical features and lower recurrence risk than full trisomy, but it is much less common.

Uniparental disomy

describes inheritance of both copies of a chromosome from one parent; while relevant in some imprinting disorders (e.g., Prader-Willi), it does not typically cause Down's syndrome since it would result in either monosomy or normal disomic state rather than trisomy.

Point mutation on chromosome 21

does not cause Down’s syndrome, which results from whole-chromosome aneuploidy rather than single-gene defects or point mutations."
263,"A clinical trial evaluates the effectiveness of a novel cancer therapy compared to standard care in improving overall survival in patients with metastatic colorectal cancer. The trial follows patients for five years, recording time-to-event data such as death or last follow-up. Researchers aim to determine the relative risk of death between the two groups over the entire study period.

What is the most appropriate statistical measure to summarise the relative risk of death in this context?","[""Absolute risk difference (ARD)"", ""Hazard ratio (HR)"", ""Number needed to treat (NNT)"", ""Risk ratio"", ""Standardised mortality ratio (SMR)""]",Hazard ratio (HR),1,"The hazard ratio is typically used when analysing survival over time

The Hazard Ratio

is correct because it quantifies the relative risk of death over time between treatment groups in a time-to-event analysis, making it highly relevant to this cancer trial. This study involves metastatic colorectal cancer patients followed over five years, during which some patients may die, and others may still be alive or lost to follow-up (censored). The HR is uniquely suited to handle such data because it accounts for both the timing of events and the presence of censored observations. By providing an instantaneous risk of death at any given point, the HR allows researchers to compare the efficacy of the novel cancer therapy against standard care throughout the study period. In this context, the HR's ability to describe dynamic, time-dependent risks is critical, especially given the progressive nature of metastatic cancer, where survival rates can vary significantly over time.

The Absolute Risk Difference

is incorrect because it calculates the absolute difference in the proportion of deaths between groups at a specific time point. While it can highlight the absolute benefit of treatment, it does not capture the timing of events or account for censoring, both of which are essential in survival studies like this one. For instance, ARD might indicate the overall survival improvement but would fail to describe how the risk evolves over the five-year follow-up.

The Number Needed to Treat

is incorrect because it provides a practical measure of treatment benefit, indicating how many patients need to be treated to prevent one additional death. However, it does not account for the timing of events or censoring, limiting its applicability in survival analysis. While NNT might be derived from ARD or survival data, it lacks the dynamic, time-sensitive insights offered by the HR, which is crucial for understanding survival differences in this cancer trial.

The Risk Ratio

is incorrect because it measures the cumulative risk of death between groups over a fixed period. It does not incorporate the timing of events or account for censoring, both of which are critical in survival analysis. In contrast, HR provides a more nuanced view by describing relative risks over time, capturing changes in survival dynamics during the study period. This makes the HR far more appropriate for evaluating the novel therapy's effect on overall survival in this cancer trial.

The Standardized Mortality Ratio

is incorrect because it compares observed mortality in the study population to expected mortality in a reference population. While useful in population-level studies, it is not designed for direct comparisons between treatment groups in a clinical trial. Unlike HR, the SMR does not account for censoring or providing time-dependent risk comparisons, making it unsuitable for this scenario."
264,"A rural general practice is performing a small research project, studying the heights and weights of all registered men between the ages of 30 and 40.

The project aims to investigate whether or not a relationship exists between the height and weight of this cohort.

Which statistical test is most appropriate for this purpose?","[""Chi-squared test"", ""Pearson's coefficient"", ""Spearman's coefficient"", ""Student's t-test"", ""Wilcoxon signed-rank test""]",Pearson's coefficient,1,"Correlation

Height can be assumed to be a normally distributed variable in this cohort. Weight can also be assumed as such. These are therefore examples of parametric data. As the general practice is investigating a correlation between the two sets of data,

Pearson's coefficient

is the most useful statistical test of the options listed. It results in a value between -1 (perfectly negative correlation) and 1 (perfectly positive correlation). Zero indicates no correlation whatsoever.

The

chi-squared test

is not appropriate here. It is used for non-parametric data, rather than parametric. The test is used to compare proportions or percentages.

Spearman's coefficient

is another example of a statistical test that produces a value between -1 and 1 to indicate correlation strength. However, it is used for non-parametric data.

The

Student's t-test

is used for parametric data. However, it is used to compare two separate sets of data to look for significance between the two. The unpaired t-test looks at two different groups - for instance, the response to different interventions. The paired t-test looks at a single group - for instance, measurement before and after an intervention. This would not be suitable for the scenario given above.

The

Wilcoxon signed-rank test

is akin to the Student's paired t-test, in that it compares 'before' and 'after' values in the same population following an intervention. However, it is used for non-parametric data. As this scenario is looking at height and weight, rather than an intervention and its effect on a variable, this test is not relevant."
265,"A 50-year-old man with Down syndrome presents to the clinic with a one-year history of progressive memory decline, difficulty performing daily tasks, and increased confusion. His caregiver notes that he occasionally becomes disoriented to time and place but denies any significant personality changes, visual hallucinations, or tremors.

On examination, the man displays poor recall, impaired attention, and difficulty finding words. His gait and motor function are normal, with no focal neurological deficits.

What is the most likely underlying cause of his symptoms?","[""Alzheimer's disease"", ""Chronic subdural hematoma"", ""Frontotemporal dementia"", ""Leukoencephalopathy related to Down syndrome"", ""Vascular dementia""]",Alzheimer's disease,0,"Down syndrome - Alzheimer's disease

Alzheimer's disease

is the correct diagnosis, given its established association with Down syndrome. The presence of trisomy 21 leads to the overexpression of the amyloid precursor protein gene, which in turn results in premature accumulation of amyloid-beta plaques. As a consequence, individuals with Down syndrome have an increased predisposition to develop Alzheimer's disease at a younger age, typically in their 40s or 50s. Clinical features such as progressive memory loss, disorientation, and impaired ability to perform daily activities are characteristic of Alzheimer's disease. Additionally, the lack of focal neurological deficits or significant behavioural changes, combined with a normal gait pattern, supports the diagnosis of Alzheimer's disease rather than vascular dementia or frontotemporal dementia.

Chronic subdural hematoma

is incorrect because while it can present with cognitive decline, confusion, and neurological symptoms, it is typically associated with a history of significant trauma. While patients with Down syndrome may be at higher risk for falls, this patient has no reported history of trauma or focal neurological deficits, which are common with subdural hematomas. Additionally, chronic subdural hematoma would likely present with unilateral neurological signs or other features not seen in this case.

Frontotemporal dementia (FTD)

is an incorrect choice because it typically presents with early behavioural and personality changes such as disinhibition, apathy and emotional blunting; these usually occur while memory function remains relatively intact during initial stages. Language impairments may manifest (e.g., difficulty finding words), but presenting primarily with memory deficits is uncommon. The caregiver has not described any disinhibited behaviour or social impropriety expected in FTD cases. The observed progressive memory impairment and functional decline are more consistent with features indicative of Alzheimer's disease.

Leukoencephalopathy related to Down syndrome

is incorrect because while white matter abnormalities are more common in individuals with Down syndrome, they are typically asymptomatic or associated with motor symptoms, such as spasticity or ataxia. This patient’s presentation is dominated by cognitive and memory decline with no motor deficits, making leukoencephalopathy a less likely cause of his symptoms compared to Alzheimer’s disease.

Vascular dementia

is an inappropriate diagnosis because it usually exhibits a stepwise progression in cognitive decline along with focal neurological signs like hemiparesis, dysarthria or gait disturbances—none are present in this clinical scenario. Also absent are risk factors such as hypertension, diabetes or a history suggesting cerebrovascular events. The gradual and unrelenting nature observed in this patient’s symptomatology is more consistent with Alzheimer’s disease rather than the episodic declines seen in vascular dementia."
266,Which one of the following statements regarding leptin is incorrect?,"[""Is produced mainly by the hypothalamus"", ""Stimulates the release of melanocyte-stimulating hormone"", ""Obese patients have higher leptin levels"", ""Plays a key role in the regulation of body weight"", ""High levels decrease appetite""]",Is produced mainly by the hypothalamus,0,"Leptin is secreted by adipose tissue

Is produced mainly by the hypothalamus

is the incorrect statement, making it the correct answer to this question. Leptin is not primarily produced by the hypothalamus; it is predominantly secreted by adipocytes (fat cells) in white adipose tissue. The amount of leptin produced is directly proportional to the amount of fat tissue in the body. The hypothalamus is actually a target for leptin action rather than its source. Leptin crosses the blood-brain barrier and binds to receptors in the hypothalamus, particularly in the arcuate nucleus, to regulate energy homeostasis.

Stimulates the release of melanocyte-stimulating hormone

is a correct statement. When leptin binds to its receptors in the arcuate nucleus of the hypothalamus, it activates proopiomelanocortin (POMC) neurons. These neurons produce α-melanocyte-stimulating hormone (α-MSH), which then acts on melanocortin-4 receptors (MC4R) to decrease appetite and increase energy expenditure. This is one of the key pathways through which leptin exerts its anorexigenic (appetite-suppressing) effects.

Obese patients have higher leptin levels

is a correct statement. Since leptin is produced by adipose tissue, individuals with more fat mass have higher circulating leptin levels. Paradoxically, despite these elevated leptin levels, obese individuals do not experience the expected decrease in appetite or increase in energy expenditure. This phenomenon is known as leptin resistance, where the brain becomes less responsive to leptin signalling, similar to insulin resistance in type 2 diabetes.

Plays a key role in the regulation of body weight

is a correct statement. Leptin is a crucial hormone in the complex system that regulates energy homeostasis and body weight. It acts as a signal from adipose tissue to the brain about the body's energy stores. When functioning properly, this feedback loop helps maintain stable body weight by adjusting food intake and energy expenditure. Genetic mutations in the leptin gene or leptin receptor gene can lead to severe early-onset obesity, further demonstrating leptin's essential role in weight regulation.

High levels decrease appetite

is a correct statement. Under normal physiological conditions, increased leptin levels signal to the brain that energy stores are sufficient, leading to decreased appetite and increased energy expenditure. This occurs through multiple pathways in the hypothalamus, including the stimulation of anorexigenic POMC neurons and inhibition of orexigenic (appetite-stimulating) neuropeptide Y (NPY) and agouti-related peptide (AgRP) neurons. However, as mentioned earlier, in obesity, this mechanism becomes impaired due to leptin resistance."
267,"A 40-year-old woman is referred to the rheumatology clinic with a suspected inflammatory, autoimmune disease. She reports a long-standing history of general fatigue, skin rashes and lesions, joint pain and dry eyes.

On examination, she has a malar rash on the cheeks and red scaly patches on the sun-exposed areas.

Antibody screening confirms the presence of antinuclear antibodies (ANA) and anti-double-stranded DNA (dsDNA).

What complement component deficiency or deficiencies are associated with this immune complex disease?","[""C1-INH"", ""C1q, C1rs, C2 and C4"", ""C3"", ""C5"", ""C5-9""]","C1q, C1rs, C2 and C4",1,"Deficiency in C1q, C1rs, C2 and C4 predisposes to immune complex disease such as SLE

This patient has presented with clinical features and investigations in keeping with systemic lupus erythematosus (SLE). SLE can present with issues affecting most organs of the body however classically patients have skin changes including malar and discoid rashes, arthritis and complication from anaemia. The diagnosis is aided by the presence of ANA and dsDNA on serum testing. The exact pathophysiology of SLE is not fully understood but associations have been made with certain complement deficiencies. The complement system assists antibodies and phagocytic cells to clear foreign and damaged cells as well as promoting inflammation. Specifically, deficiency in the complements

C1q, C1rs, C2 and C4

appear to predispose patients to immune complex disease such as SLE.

C1 inhibitor, or

C1-INH

, plays one of the main roles in the inhibition of the complement system to prevent spontaneous activation. Deficiency in C1-INH is strongly associated with hereditary angioedema, thought to be a result of uncontrolled bradykinin release.

C3

is a significant component of the complement system and plays a major role in the innate immune system which eliminates foreign cells. As such C3 deficiency is associated with reduced immunity and recurrent bacterial infections.

C5

is another significant component of the complement system playing roles in chemotaxis and in the membrane attack complex (MAC) which causes disruption of foreign cells. Deficiency of C5 is believed to cause Liner's disease, a disorder causing severe seborrheic dermatitis, chronic diarrhoea and recurrent local and systemic infection from childhood.

C5-9

are components known to encode for the MAC, a complex of different proteins that, via the assistance of the complement system, disrupts the cell membrane of pathogen cells. As a result, patients with deficiency of C5-9 complements are more prone to infections, in particular,

Neisseria meningitidis

."
268,A 36-year-old former intravenous drug user is to commence treatment for hepatitis C with interferon-alpha and ribavirin. Which of the following adverse effects are most likely to occur when patients are treated with interferon-alpha?,"[""Diarrhoea and transient rise in ALT"", ""Cough and haemolytic anaemia"", ""Flu-like symptoms and transient rise in ALT"", ""Haemolytic anaemia and flu-like symptoms"", ""Depression and flu-like symptoms""]",Depression and flu-like symptoms,4,
269,"Each one of the following is associated with Noonan's syndrome, except:","[""Webbed neck"", ""Short stature"", ""Factor XI deficiency"", ""Pulmonary valve stenosis"", ""Abnormal karyotype""]",Abnormal karyotype,4,
270,The atrial natriuretic peptide receptor is an example of a:,"[""Ligand-gated ion channel"", ""Intracellular receptor"", ""Guanylate cyclase receptor"", ""G protein-coupled receptor"", ""Tyrosine kinase receptor""]",Guanylate cyclase receptor,2,"Atrial natriuretic factor - guanylate cyclase receptor

The correct answer is

Guanylate cyclase receptor

. Atrial natriuretic peptide (ANP) binds to natriuretic peptide receptors, specifically NPR-A, which is a membrane-bound receptor with intrinsic guanylate cyclase activity. When ANP binds to this receptor, it activates the guanylate cyclase domain, leading to the conversion of GTP to cyclic GMP (cGMP). This increase in intracellular cGMP acts as a second messenger that mediates the physiological effects of ANP, including natriuresis, diuresis, vasodilation, and inhibition of the renin-angiotensin-aldosterone system. This receptor type is crucial for regulating blood pressure and volume homeostasis.

Ligand-gated ion channel

is incorrect. Ligand-gated ion channels are transmembrane proteins that open to allow ion flux across the cell membrane when a specific ligand binds. Examples include nicotinic acetylcholine receptors, GABA receptors, and glutamate receptors. The ANP receptor does not function by directly opening an ion channel but rather by activating an enzymatic pathway that produces cGMP.

Intracellular receptor

is incorrect. Intracellular receptors are located within the cell cytoplasm or nucleus and typically bind lipophilic molecules that can cross the cell membrane, such as steroid hormones, thyroid hormones, and vitamin D. ANP is a peptide hormone that cannot freely cross the cell membrane and therefore binds to a membrane-bound receptor rather than an intracellular one.

G protein-coupled receptor

is incorrect. While G protein-coupled receptors (GPCRs) are indeed membrane receptors that transduce signals via G proteins, the ANP receptor does not use this mechanism. GPCRs typically activate adenylate cyclase or phospholipase C pathways, whereas the ANP receptor directly activates guanylate cyclase without requiring G protein intermediaries.

Tyrosine kinase receptor

is incorrect. Tyrosine kinase receptors are transmembrane proteins that, upon ligand binding, dimerize and autophosphorylate tyrosine residues in their cytoplasmic domains. This creates binding sites for intracellular signalling molecules. Examples include insulin receptors and growth factor receptors. The ANP receptor does not possess tyrosine kinase activity but instead has guanylate cyclase activity."
271,"A 64-year-old woman, whose husband had a TIA one month ago brings you a newspaper article with the headline 'new super drug prevents stroke'. Reading through the article with her, it states that a recent clinical trial has shown that a new lipid-lowering therapy for stroke had a number needed to treat (NNT) of 20 for the prevention of the primary end-point. How do you best describe these results to her?","[""20 extra patients in the placebo group had a stroke"", ""For 1000 patients treated with active therapy, there would be 50 fewer strokes"", ""For 1000 patients treated with active therapy, there would be 20 fewer strokes"", ""For every 1000 patients treated with active therapy there would be 100 fewer strokes"", ""20 patients in the treatment group were protected from stroke""]","For 1000 patients treated with active therapy, there would be 50 fewer strokes",1,
272,"A 33-year-old female has been referred urgently to the breast clinic after noticing an irregular, firm lump in one of her breasts.

On further enquiry, she reports that she has multiple relatives who were diagnosed with cancer at a relatively young age. Her sister was diagnosed with rhabdomyosarcoma when she was 13 years old, while her mother died of breast cancer in her 40s. Her maternal uncle was also diagnosed with adrenocortical carcinoma.

Which genetic syndrome accounts for these presentations?","[""Gorlin syndrome"", ""Li-Fraumeni Syndrome"", ""Lynch syndrome"", ""Von Hippel-Lindau syndrome"", ""Multiple endocrine neoplasia type 2""]",Li-Fraumeni Syndrome,1,"Li-Fraumeni syndrome (p53 mutation) is associated with early-onset breast cancer, sarcoma and leukaemia

Li-Fraumeni syndrome is an autosomal dominant condition caused by germline mutations of the p53 gene, which encodes a transcription factor that normally regulates the cell cycle and acts as a tumour suppressor.

Mutations in the p53 gene result in a high risk of developing invasive cancer (about 50% by age 30 and 90% by age 70), particularly early-onset breast cancer, sarcoma, brain tumours (particularly glioblastoma), leukaemia and adrenocortical carcinoma.

Gorlin syndrome (also known as nevoid basal cell carcinoma syndrome) is associated with the development of multiple basal cell carcinomas of the skin, along with odontogenic keratocysts (locally aggressive mandibular cysts), rib and vertebral anomalies, intracranial calcification, skeletal abnormalities, medulloblastoma and bilateral ovarian fibromas.

Lynch syndrome (also known as hereditary non-polyposis colorectal cancer) is an autosomal dominant condition that is associated with colorectal cancer, along with malignancies of the endometrium, ovary, stomach, small intestine, hepatobiliary tract, brain and skin.

Von Hippel-Lindau syndrome is an autosomal dominant condition characterised by haemangioblastomas, renal cysts and renal cell carcinoma, pancreatic neuroendocrine tumours, pheochromocytoma and endolymphatic sac tumours.

Multiple endocrine neoplasia type 2 is an autosomal dominant condition associated with medullary thyroid cancer, parathyroid tumours and phaeochromocytoma,."
273,"A rheumatology registrar reviews a patient in clinic with non-specific lower back pain. He occasionally finds it frustrating to deal with this problem as it can be difficult to manage and seeks to find an intervention that might help this patient cohort and sets about investigating possibilities for treatment. He wonders whether turmeric might be of benefit.

He designs a study to assess whether this treatment is of benefit. The patients are asked to rate their back pain on a scale of 1-10 prior to treatment, where 1 is none and 10 is very severe. They are then given treatment with turmeric for two weeks and reassessed with the same back pain rating scale.

Given the data is not normally distributed, what statistical test is appropriate to determine if there is a statistically significant difference in back pain with treatment?","[""Chi-squared test"", ""Mann Whitney U Test"", ""Student's t-test (paired)"", ""Student's t-test (unpaired)"", ""Wilcoxon signed-rank test""]",Wilcoxon signed-rank test,4,"Wilcoxon signed-rank test - compares two sets of observations on a single sample, e.g. a 'before' and 'after' test on the same population following an intervention

The appropriate statistical test to use when the data is not normally distributed and you are comparing the same group's measurements before and after an intervention is the

Wilcoxon signed-rank test

.

Wilcoxon signed-rank test

: This is the correct answer. The Wilcoxon signed-rank test is a non-parametric test used to compare paired samples when the data is not normally distributed. It is suitable for determining whether there is a statistically significant difference in the median scores of the back pain ratings before and after the turmeric treatment in the same group of patients.

Chi-squared test

: This test is used to examine the association between categorical variables and is not appropriate for comparing continuous data, such as back pain scores, especially when the data is paired and non-normally distributed.

Mann Whitney U Test

: This is another non-parametric test, but it is used to compare differences between two independent groups rather than paired data. Since the study involves paired measurements (the same patients before and after treatment), the Mann Whitney U Test would not be suitable.

Student's t-test (paired)

: The paired t-test is used to compare means of two related groups. However, it assumes that the data is normally distributed. Since the data in this case is not normally distributed, the paired t-test is not appropriate.

Student's t-test (unpaired)

: The unpaired t-test (also known as an independent t-test) is used to compare the means of two independent groups, not paired data. Additionally, like the paired t-test, it assumes normal distribution, making it unsuitable for this scenario."
274,"A clinical study is conducted with 50 volunteers having their sleep patterns analysed. They are subjected to overnight electroencephalography (EEG) and electromyography (EMG).

It is found that, on average, 25% of the volunteers' sleep is associated with beta-waves on EEG. This period corresponds with the observation of reduced muscle tone on EMG recordings.

What stage of sleep is this most likely to be?","[""Non-rapid eye movement (NREM) stage 1"", ""Non-rapid eye movement (NREM) stage 2"", ""Non-rapid eye movement (NREM) stage 3"", ""Non-rapid eye movement (NREM) stage 4"", ""Rapid eye movement (REM)""]",Rapid eye movement (REM),4,"REM sleep is associated with dreaming and loss of muscle tone

The sleep cycle consists of 4 stages - NREM stages 1 to 3, followed by REM sleep.

REM sleep

is associated with dreaming and loss of muscle tone, as seen on the EMG findings here, along with beta-waves on EEG, and accounts for approximately 25% of sleep time.

NREM stage 1

is the lightest phase of sleep. It is associated with theta waves on EEG. Transition to this phase is often associated with hypnic jerks.

NREM stage 2

is deeper than stage 1. This accounts for the majority of sleep, around 50% of total sleep time. It is associated with sleep spindles and K-complexes on EEG.

NREM stage 3

is deeper than stage 2. It is associated with delta waves on EEG. Parasomnias (such as nocturnal enuresis, night terrors and sleepwalking) occur during this stage.

NREM stage 4

is not a recognised phase of sleep."
275,"A new chemotherapeutic drug is being trialed which acts on the phase of the cell cycle which determines cell cycle length.

At which stage of the cell cycle will this drug most likely act to achieve this effect?","[""G0 phase"", ""G1 phase"", ""G2 phase"", ""M phase"", ""S phase""]",G1 phase,1,"G1 phase determines cell cycle length

The

G1 phase

is the initial growth phase of the cell. It is under the influence of p53. Through the action of several different regulatory proteins, it determines the overall length of the cell cycle. Different cells in different tissues have variable cell cycle lengths e.g. skin cells replicate more quickly than hepatocytes.

G0 phase

is the resting or quiescent phase of the cell. Cells that do not actively replicate such as cardiac myocytes exit the cell cycle during the G1 phase to enter the G0 phase.

G2 phase

is a second growth phase occurring after the S phase.

M phase

is the mitotic phase where the cell actively and physically divides.

S phase

is the synthetic phase where DNA and RNA are replicated before cell division."
276,"A 28-year-old man presents to the rheumatology clinic following a referral from his GP for joint pains. He has no significant past medical history but describes experiencing pain and stiffness in the small joints of his hands, along with lower back discomfort. His GP is concurrently investigating him for unexplained diarrhoea.

During the physical examination, he exhibits tenderness over all distal interphalangeal joints, accompanied by nail pitting and onycholysis.

What is most likely to be positive in this patient?","[""HLA B27"", ""HLA B51"", ""HLA DQ2"", ""HLA DR3"", ""HLA DR4""]",HLA B27,0,"Psoriatic arthritis is associated with HLA B27

The Human Leukocyte Antigen (HLA) system consists of antigen-presenting proteins encoded by a diverse set of genes. The various combinations of alleles lead to a broad spectrum of HLA types among individuals. Certain configurations within the HLA system can interact more robustly with the immune system, thereby mediating an inflammatory response. These responses may be autoimmune, thus establishing associations between certain HLA patterns and specific diseases. Considering the clinical presentation of arthritis in the distal interphalangeal joints (DIPJs), coupled with nail changes and lower back pain suggestive of potential sacroiliac involvement, this patient is most likely suffering from psoriatic arthritis. Psoriatic arthritis is associated with

HLA B27

, which can occur both with and without cutaneous manifestations typical of psoriasis.

HLA B51

has been linked to BehÃ§et's disease, a form of vasculitis characterised by oral and genital ulcers, an increased risk for venous thromboembolism, and a rash. This condition has a strong correlation with smoking. This HLA marker is not as closely associated with psoriatic arthritis as HLA B27.

Coeliac disease, which causes gastrointestinal symptoms due to gluten intolerance, is associated with

HLA DQ2

, rather than HLA B27 which is not as closely associated.

HLA DR3

is implicated in dermatitis herpetiformis - a pruritic papular rash frequently associated with coeliac disease - and Sjogren's syndrome, an autoimmune disorder targeting exocrine glands such as the lacrimal and salivary glands. It also plays a role in type 1 diabetes mellitus. Again, while HLA DR3 is associated with this autoimmune condition, it is not as closely related to psoriatic arthritis.

HLA DR4

shows a stronger association with autoimmune type 1 diabetes mellitus and rheumatoid arthritis. However, this form of arthritis seldom affects the DIPJs as observed in this patient, nor does it typically result in the accompanying nail changes."
277,"A study is performed to find the normal reference range for IgE levels in adults. Assuming IgE levels follow a normal distribution, what percentage of adults will have an IgE level higher than 2 standard deviations from the mean?","[""1.25%"", ""2.3%"", ""1.96%"", ""5%"", ""0.5%""]",2.3%,1,
278,"A researcher is designing a trial to investigate the use of a novel drug for patients admitted with severe COVID-19. The hypothesis (H1) is that the drug will improve in-hospital mortality in patients admitted with severe COVID-19. The null hypothesis (H0) is that the drug will not improve in-hospital mortality in patients admitted with severe COVID-19. The team want to ensure that the study has sufficient power to answer the clinical research question.

A table is constructed to consider the possible outcomes of the study.


	Study accepts H0	Study rejects H0
Reality H0	Box A	Box B
Reality H1	Box C	Box D

Which of the following represents the power of the study?","[""The value of Box A"", ""The value of Box B"", ""The value of Box C"", ""The value of Box D"", ""1 + the value of Box D""]",The value of Box D,3,"Power - the probability of detecting a statistically significant difference

The correct answer is 'The value of Box D'. The power of a study is the probability of correctly rejecting the null hypothesis when it is false.

The table below shows the possible outcomes of a study (accepting/rejecting the null hypothesis  H

0

in relation to reality - whether the H

0

is true or not.

Study accepts H0	Study rejects H0
Reality H0		Type 1 error (alpha)
Reality H1	Type 2 error (beta)	Power (1-beta)

Alpha (α) and beta (β) are set by the study designers then a calculation of the required study sample size can be done using the difference between groups that the study is trying to detect. The typical level of α is 0.05, which represents a 5% probability of a type 1 error (rejecting the null hypothesis when it is in fact correct).

β is the probability of a type II error (accepting the null hypothesis when it is in fact incorrect). β is typically set at 0.8.

β and power sum to 1. Therefore power = 1 - β. Power could be described as '1 - the value of Box C', which is the same as saying power = 1 - the probability of a type II error.

The statement 'power = 1 + the value of Box D' would be incorrect."
279,Which one of the following would invalidate the use of the Student's t-test when performing a significance test?,"[""Using it with unpaired data"", ""Using it with data that is not normally distributed"", ""Using it with data that has a small sample size"", ""Using it to test whether the slope of a regression line differs significantly from 0"", ""Using it to test a null hypothesis""]",Using it with data that is not normally distributed,1,
280,Which one of the following drugs is contra-indicated whilst breast feeding?,"[""Aminophylline"", ""Carbamazepine"", ""Sodium valproate"", ""Methyldopa"", ""Amiodarone""]",Amiodarone,4,"Amiodarone in breastfeeding  must be avoided

The correct answer is

Amiodarone

. Amiodarone is a potent antiarrhythmic drug with a long half-life. It is highly lipid-soluble and therefore, extensively stored in body tissues, including breast milk. This can result in significant exposure to the breastfeeding infant, potentially causing neonatal hypothyroidism or hyperthyroidism. Hence, it is contra-indicated during breastfeeding.

Aminophylline

is used as a bronchodilator for managing asthma and chronic obstructive pulmonary disease (COPD). Although it appears in breast milk, the amount ingested by the infant is small and usually without adverse effects on the infant.

Carbamazepine

, an anticonvulsant and mood stabiliser, does pass into breast milk but at levels that are generally considered safe for most infants. However, monitoring the nursing infant for potential side effects such as excessive sleepiness or skin reactions may be advisable.

Sodium valproate

, another anticonvulsant and mood stabiliser, also passes into breast milk but again at levels that are generally considered safe for most infants. Monitoring of the nursing infant for symptoms such as poor feeding, irritability or abnormal liver function tests would be prudent.

Finally,

Methyldopa

, an antihypertensive agent, has been shown to pass into breast milk in relatively small amounts. Methyldopa is often used during pregnancy and lactation and is generally considered safe for use while breastfeeding."
281,"A new type of blood test is being studied that may be able to accurately detect the presence of a pulmonary embolism. One hundred and fifty patients who have pulmonary emboli confirmed via the gold standard, a CT pulmonary angiogram (CTPA), are recruited, along with one hundred and fifty patients who have had pulmonary emboli excluded via the same scan. They are all subjected to the new blood test and the results are as follows:


	Disease present on CTPA	Disease absent on CTPA
Blood test positive	90	30
Blood test negative	60	120

What is the positive predictive value?","[""0.6"", ""0.67"", ""0.7"", ""0.75"", ""0.8""]",0.75,3,"Positive predictive value = TP / (TP + FP)

Positive predictive value (PPV) refers to the proportion of true positives out of the total of all positive results. In this scenario, the total number of positive blood tests is 90 + 30 = 120. The PPV is therefore 90 / 120 =

0.75

.

The figure of

0.6

refers to the sensitivity of the test. Sensitivity is the proportion of patients with the condition who have a positive test result. There are 150 people in total with the disease identified on CTPA. Out of these, 90 have a positive blood result, and so 90 / 150 = 0.6.

The number

0.67

, in this scenario, is the negative predictive value (NPV) - the number of true negative results as a proportion of all the negative results. There are 60 + 120 = 180 negative blood results in total. Out of this, 120 are truly negative as per the disease being absent on CTPA. Therefore, 120 / 180 = 0.67.

The figure of

0.7

is not meaningful with respect to this scenario.

The figure of

0.8

refers to the test's specificity - the proportion of patients without the condition who have a negative test result. In total, 150 patients are identified as having no disease on CTPA. Out of these, 120 have a negative blood result and so the specificity is 120 / 150 = 0.8."
282,"A 22-year-old gentleman is admitted to the Emergency Department with worsening shortness of breath with signs of left ventricular failure. He has a known genetic condition.

On examination, you note an ejection systolic murmur loudest over the aortic area radiating to the carotids, bibasal crepitations and pitting oedema to the knees bilaterally. On closer inspection of the patient, you note a wide vermillion border, small spaced teeth and a flat nasal bridge. The patient also has a disinhibited friendly demeanour.

What is the likely precipitating valvular issue?","[""Subvalvular aortic stenosis"", ""Supravalvular aortic stenosis"", ""Valvular aortic stenosis"", ""Aortic sclerosis"", ""Aortic regurgitation""]",Supravalvular aortic stenosis,1,
283,Which one of the following is equivalent to the pre-test probability?,"[""Post test odds / (1 + post-test odds)"", ""Pre-test odds x likelihood ratio"", ""The prevalence of a condition"", ""The incidence of a condition"", ""Post-test odds / likelihood ratio""]",The prevalence of a condition,2,
284,"A 35-year-old woman has recently been diagnosed with breast and ovarian cancer. Her mother and sister were also diagnosed with breast and ovarian cancer before the age of 40. She has no other medical history.

On examination, there was a left breast lump and palpable axillary lymph nodes.

From the options listed, what is the best investigation to confirm the underlying genetic diagnosis?","[""Bone marrow biopsy"", ""Flow cytometry"", ""Lymph node biopsy"", ""PET scan"", ""Polymerase chain reaction (PCR)""]",Polymerase chain reaction (PCR),4,"Polymerase chain reactions are used to detect mutated oncogenes

Polymerase chain reaction (PCR)

is correct. The patient likely has a hereditary breast and ovarian cancer syndrome caused by the BRCA1 gene. Polymerase chain reactions are used to detect mutated oncogenes.

Bone marrow biopsy

is incorrect. This is typically used to diagnose hematological disorders rather than identify the BRCA1 gene mutation. The axillary lymphadenopathy, in this case, is likely related to the breast lump, given the family history, rather than a primary haematological disorder.

Lymph node biopsy

is incorrect. If the patient had regional lymphadenopathy, a biopsy may confirm metastases. However, it would not reveal the underlying cause of the cancers.

Flow cytometry

is incorrect. This is a technique used to detect and measure the physical and chemical characteristics of cells or particles. This is more commonly used to investigate haematological malignancies.

PET scan

is incorrect. This will show the extent of metastatic disease but will not clarify the underlying cause of the synchronous cancers, which is the BRCA1 gene. It is used also to monitor for the recurrence of malignancy post-treatment in some cases."
285,The adrenergic receptor is an example of a:,"[""Intracellular receptor"", ""Tyrosine kinase receptor"", ""Guanylate cyclase receptor"", ""G protein-coupled receptor"", ""Ligand-gated ion channel""]",G protein-coupled receptor,3,"Norepinephrine - G protein-coupled receptor

The correct answer is

G protein-coupled receptor

. Adrenergic receptors (both alpha and beta subtypes) are classic examples of G protein-coupled receptors (GPCRs). These receptors span the cell membrane with seven transmembrane domains and are coupled to heterotrimeric G proteins. When catecholamines such as adrenaline (epinephrine) or noradrenaline (norepinephrine) bind to adrenergic receptors, they activate the associated G protein, which then dissociates into Gα and Gβγ subunits. These subunits subsequently trigger various intracellular signalling cascades. For example, β-adrenergic receptors typically couple to Gs proteins, activating adenylyl cyclase and increasing intracellular cAMP, while α1-adrenergic receptors couple to Gq proteins, activating phospholipase C and increasing intracellular calcium.

Intracellular receptor

is incorrect. Intracellular receptors are located within the cell rather than spanning the cell membrane. Examples include steroid hormone receptors (such as glucocorticoid, oestrogen, and androgen receptors), which typically reside in the cytoplasm or nucleus. When lipophilic hormones diffuse through the cell membrane, they bind to these receptors, which then act as transcription factors to regulate gene expression. Adrenergic receptors, in contrast, are membrane-bound and respond to hydrophilic catecholamines that cannot freely cross the cell membrane.

Tyrosine kinase receptor

is incorrect. Tyrosine kinase receptors (RTKs) are transmembrane proteins with intrinsic enzymatic activity. When ligands bind to the extracellular domain, these receptors dimerise, leading to autophosphorylation of tyrosine residues in their intracellular domains. This creates docking sites for signalling proteins containing SH2 or PTB domains. Examples of tyrosine kinase receptors include insulin receptors, epidermal growth factor receptors (EGFR), and platelet-derived growth factor receptors (PDGFR). Adrenergic receptors do not possess intrinsic kinase activity and signal through G proteins instead.

Guanylate cyclase receptor

is incorrect. Guanylate cyclase receptors convert GTP to cyclic GMP (cGMP) when activated. They exist in two forms: membrane-bound receptors (such as those for natriuretic peptides) and soluble guanylate cyclase (which is activated by nitric oxide). These receptors play important roles in regulating vascular tone, fluid balance, and other physiological processes. Adrenergic receptors do not directly catalyse the formation of cGMP and instead signal primarily through G protein-mediated pathways.

Ligand-gated ion channel

is incorrect. Ligand-gated ion channels are transmembrane proteins that open or close in response to the binding of a specific ligand, allowing ions to flow across the cell membrane. Examples include nicotinic acetylcholine receptors, GABA receptors, and glutamate receptors. These receptors mediate fast synaptic transmission in the nervous system, with effects occurring within milliseconds. Adrenergic receptors do not form ion channels themselves but instead activate second messenger systems through G proteins, leading to more prolonged cellular responses."
286,"A 28-year-old man is referred to the haematology clinic with a history of haemolytic anaemia following consumption of fava beans. His maternal grandfather had similar episodes. The patient is concerned about the risk to his future children. His wife is unaffected and has no family history of similar conditions.

What is the risk of his future sons being affected by this condition?","[""0%"", ""25%"", ""50%"", ""75%"", ""100%""]",0%,0,"X-linked recessive conditions - there is no male-to-male transmission. Affected males can only have unaffected sons and carrier daughters.

0%

is the correct answer. The clinical scenario describes Glucose-6-phosphate dehydrogenase (G6PD) deficiency, which is an X-linked recessive condition. The patient's history of haemolytic anaemia triggered by fava beans (favism) is characteristic of G6PD deficiency. The family history showing his maternal grandfather was affected, with transmission through his unaffected mother (who would be a carrier), is consistent with X-linked recessive inheritance.

In X-linked recessive conditions, males have only one X chromosome, which they inherit from their mother. Females have two X chromosomes, one from each parent. For a male to be affected, he must inherit the mutated gene on the X chromosome from his mother. Since the patient is male and affected, he has the mutated gene on his only X chromosome.

Critically, males pass their Y chromosome (not their X) to their sons. Therefore, an affected father cannot transmit an X-linked condition to his sons, as sons receive their X chromosome exclusively from their mother. The risk to his sons is 0%, regardless of the carrier status of his wife (who in this case has no family history of the condition).

25%

is incorrect. This would be the risk if the condition followed autosomal recessive inheritance and both parents were carriers. However, G6PD deficiency is X-linked recessive, and the father cannot transmit the condition to his sons.

50%

is incorrect. This would be the risk of the patient's daughters being carriers, as they would inherit his X chromosome with the mutation. It is not the risk for his sons.

75%

is incorrect. This probability does not apply to any inheritance pattern in this scenario.

100%

is incorrect. This would be the risk if the condition were autosomal dominant and the patient were homozygous, or if it were X-linked dominant and passed to daughters. Neither applies here, and sons cannot inherit the father's X chromosome."
287,"A 34-year-old woman presents to the emergency department with reports of generalized weakness. She has recently been started on acetazolamide for a diagnosis of idiopathic intracranial hypertension (IIH).

On examination, power was 4+/5 in all muscle groups.

Blood tests:


Phosphate	0.2 mmol/L	(0.97-1.45)

Given the probable cause for the patient's symptoms, which part of the nephron is implicated in the underlying pathophysiology?","[""Collecting duct"", ""Collecting tubule"", ""Distal convoluted tubule"", ""Proximal tubule"", ""Thick ascending loop of Henle""]",Proximal tubule,3,"Phosphate is reabsorbed in the proximal tubule

Proximal tubule

is correct. The patient has been recently been started on acetazolamide for IIH. Acetazolamide inhibits phosphate reabsorption at the proximal tubule. Profound hypophosphatemia can cause muscle weakness. Phosphate is reabsorbed in the proximal tubule.

Collecting duct

is incorrect. This final part of the nephron is involved in electrolyte and water homeostasis but is not the principal site of phosphate reabsorption.

Collecting tubule

is incorrect. The collecting tubule empties into the collecting duct. The major function of this part of the nephron is to reabsorb water in response to vasopressin and sodium in response to aldosterone.

Distal convoluted tubule

is incorrect. Distal convoluted tubule cells are largely impermeable to water and reabsorb sodium and chloride across the apical membrane via electroneutral pathways. it is not the major site of phosphate reabsorption.

Thick ascending loop of Henle

is incorrect. The thick ascending loop of Henle is a major resorptive segment of the nephron and is responsible for the resorption of approximately one-quarter of the filtered load of sodium, chloride, and potassium ions."
288,"A 7-week old male baby is referred to the paediatric clinic by the GP. The mother is concerned that he has poor movement in his arms and legs and still unable to hold his head up. She is also concerned as she feels that he is not seeing as well as she thinks a baby this age should. They both immigrated to this country from Bangladesh 2 weeks ago and she has not seen any of the healthcare professionals yet. Her partner, the baby's father, is her first cousin. There is a family history of death in early childhood but she doesn't remember the details. On examination, there is minimal head control and poor power in all limbs. Fundoscopy reveals cherry red spots on the macula. There is no hepatomegaly or splenomegaly.

What is the most likely diagnosis?","[""McArdle's disease"", ""Gaucher's disease"", ""Niemann-pick disease"", ""Tay-Sachs disease"", ""Fabry disease""]",Tay-Sachs disease,3,"Tay-Sachs disease typically presents with developmental delay and cherry red spot on the macula, without hepatomegaly or splenomegaly

Tay-Sachs disease is a type of lysosomal storage disease which typically presents with developmental delay and cherry red spot on the macula, without hepatomegaly or splenomegaly. This is in contrast to Niemann-pick disease which can also presents with cherry red spot on the macula but with hepatosplenomegaly.

McArdle's disease is a glycogen storage disease which presents with myalgia and myoglobinuria with exercise.

Gaucher's disease is a type of lysosomal storage disease which presents with massive splenomegaly.

Fabry's disease is a type of lysosomal storage disease which has features including angiokeratomas, peripheral neuropathy and renal failure."
289,A 52-year-old man is admitted to the neurology ward with progressive muscle weakness and difficulty climbing stairs. Neurological examination reveals reduced power in proximal limbs but normal sensation. Nerve conduction studies show a decremental response to repetitive stimulation. Which molecular event at the neuromuscular junction is most likely impaired in this patient?,"[""Release of acetylcholine from presynaptic terminals"", ""Activation of nicotinic acetylcholine receptors on the motor endplate"", ""Propagation of action potential along T-tubules"", ""Calcium binding to troponin C"", ""ATP binding to myosin heads""]",Activation of nicotinic acetylcholine receptors on the motor endplate,1,"Skeletal muscle contraction is dependent on acetylcholine which activates nicotinic acetylcholine receptors

Activation of nicotinic acetylcholine receptors on the motor endplate

is correct. This scenario describes a patient with features suggestive of myasthenia gravis, an autoimmune condition where antibodies target postsynaptic nicotinic acetylcholine receptors at the neuromuscular junction. This impairs transmission by preventing acetylcholine from activating these receptors, resulting in fatigable muscle weakness and a decremental response on nerve conduction studies (repetitive stimulation test). Understanding that skeletal muscle contraction depends critically on activation of these receptors is key for diagnosis and management.

Release of acetylcholine from presynaptic terminals

would be implicated in conditions such as Lambert-Eaton myasthenic syndrome or botulism, where there is impaired release due to autoantibodies against presynaptic calcium channels or neurotoxin effects respectively. However, these typically present with different patterns: autonomic symptoms and improvement with repeated use (facilitation), rather than fatigability.

Propagation of action potential along T-tubules

occurs after acetylcholine has activated its receptor and initiated depolarisation. Defects here are rare causes of neuromuscular disease and would not produce the typical findings described (decremental response, fatigable weakness).

Calcium binding to troponin C

takes place after depolarisation leads to calcium release from the sarcoplasmic reticulum; impairment here would affect all muscles equally, not cause fluctuating weakness or specific nerve conduction abnormalities seen in myasthenia gravis.

ATP binding to myosin heads

is required for dissociation of actin-myosin cross-bridges during contraction cycles; defects here result in metabolic myopathies or rigor states rather than a disorder localised specifically to the neuromuscular junction as described."
290,"A 42-year-old gentleman is admitted to the Emergency Department as a potential stroke. A later CT scan of his head confirms an established infarct and is unfortunately outside the thrombolysis window. During his time in the Emergency Department, you notice a rash in a bathing-suit distribution consistent with angiokeratomas.

Testing your hypothesis, you use a slit-lamp to confirm the presence of corneal whirls.

What is the most likely underlying diagnosis?","[""CADASIL"", ""Fabry disease"", ""MELAS"", ""Primary CNS angiitis"", ""Cholesterol embolism""]",Fabry disease,1,
291,"A 58-year-old man with a history of ischemic heart disease is being considered for statin therapy for secondary prevention. A recent large randomised controlled trial showed that statins reduce the risk of major cardiovascular events by 2% over 5 years compared to placebo. The absolute risk of a cardiovascular event in this population without treatment is 10% over 5 years.

What best represents the number needed to treat (NNT) with statins to prevent one cardiovascular event over 5 years?","[""5"", ""10"", ""20"", ""50"", ""100""]",50,3,"Numbers needed to treat (NNT) is a measure that indicates how many patients would require an intervention to reduce the expected number of outcomes by one.

50

is the correct answer. NNT is the number of patients who must receive a treatment over a specified time to prevent one additional adverse outcome compared to a control group. It is calculated as the inverse of the absolute risk reduction (ARR). The absolute risk of a cardiovascular event without treatment is 10% (0.10). The treatment reduces this risk by 2%, so the absolute risk with treatment is 8% (0.08). Therefore, the ARR = 0.10 - 0.08 = 0.02. The NNT is the inverse of this (i.e. 1/0.02) and therefore is 50.

5

is incorrect. This would imply an absolute risk reduction of 20%, which is inconsistent with the data.

10

is incorrect. It corresponds to an absolute risk reduction of 10%, which is five times higher than the actual reported 2%.

20

is incorrect. This represents an absolute risk reduction of 5%, which is incorrect.

100

is incorrect. The absolute risk reduction would be 1% for this value, which overestimates the NNT."
292,A study is designed to look at the efficacy of a mandible advancement device in reducing snoring. The severity of snoring was assessed by the partner using a 10 point scale before and after using the device. Fifty people were involved in the study. What is the most appropriate statistical test to apply to this data?,"[""Unpaired Student's t-test"", ""Pearson's product-moment coefficient"", ""Wilcoxon signed-rank test"", ""Chi-squared test"", ""Mann-Whitney test""]",Wilcoxon signed-rank test,2,
293,Which layer of the epidermis is immediately next to the dermis?,"[""Stratum granulosum"", ""Stratum lucidum"", ""Stratum corneum"", ""Stratum germinativum"", ""Stratum spinosum""]",Stratum germinativum,3,"Epidermis - 5 layers - bottom layer = stratum germinativum which gives rise to keratinocytes and contains melanocytes

The correct answer is

Stratum germinativum

(also known as stratum basale), which is the deepest layer of the epidermis that lies immediately adjacent to the dermis. This single layer of columnar cells is responsible for the continuous regeneration of the epidermis through mitotic division. It contains keratinocytes and melanocytes, and is attached to the basement membrane via hemidesmosomes.

Stratum granulosum

is incorrect as this layer lies above the stratum spinosum and contains keratinocytes filled with keratohyalin granules. It is the third layer from the basement membrane and plays a role in keratinisation.

Stratum lucidum

is incorrect as this thin, clear layer is only present in thick skin (such as palms and soles) and lies between the stratum granulosum and stratum corneum. It consists of dead keratinocytes that have lost their nuclei.

Stratum corneum

is incorrect as this is the outermost layer of the epidermis, consisting of multiple layers of flattened, dead keratinocytes that are continuously shed and replaced. It provides the main barrier function of the skin.

Stratum spinosum

is incorrect as this layer lies above the stratum germinativum but below the stratum granulosum. It contains keratinocytes connected by desmosomes, giving the cells their characteristic 'spiny' appearance."
294,"A 34-year-old man is referred to ophthalmology following a deterioration in his vision. He is noted to be tall with thin, long fingers and a degree of learning disabilities. Following review he is suspected as having a displacement of his lens on the right side. What is the most likely underlying diagnosis?","[""Ehlers-Danlos syndrome"", ""Homocystinuria"", ""Rapadilino syndrome"", ""Marfan's syndrome"", ""Crouzon disease""]",Homocystinuria,1,"Tall, long fingered, downward lens dislocation, learning difficulties, DVT - homocystinuria

The presence of learning difficulties points to a diagnosis of homocystinuria rather than Marfan's syndrome."
295,"A 39-year-old male with a history of type 1 diabetes mellitus presents to his general practice with diplopia. It exacerbates when looking right and improved upon covering the right eye.

What nerve is likely to be responsible?","[""Right optic nerve"", ""Right trochlear"", ""Right oculomotor"", ""Right abducens"", ""Left abducens""]",Right abducens,3,
296,Which one of the following congenital infections is most characteristically associated with chorioretinitis?,"[""Cytomegalovirus"", ""Treponema pallidum"", ""Rubella"", ""Toxoplasma gondii"", ""Parvovirus B19""]",Toxoplasma gondii,3,"Congenital toxoplasmosis

Toxoplasma gondii

is indeed the correct answer as chorioretinitis is one of the most characteristic manifestations of congenital toxoplasmosis. The classic triad of congenital toxoplasmosis includes chorioretinitis, intracranial calcifications, and hydrocephalus. The chorioretinitis typically presents as a necrotising retinitis that can lead to scarring, and whilst it may be present at birth, it can also develop later in life. The retinal lesions are often bilateral and can affect the macula, potentially causing significant visual impairment.

Cytomegalovirus

infection can affect the eyes in congenital infection, but it typically causes retinitis rather than chorioretinitis. CMV more characteristically presents with microcephaly, hearing loss, and hepatosplenomegaly in congenital infections. The retinal involvement tends to be more peripheral and has a different appearance from toxoplasma chorioretinitis.

Treponema pallidum

, the causative organism of congenital syphilis, can affect multiple organ systems but is not characteristically associated with chorioretinitis. The ocular manifestations of congenital syphilis typically include interstitial keratitis, which usually develops in later childhood. Other classic features include Hutchinson's teeth and saddle nose deformity.

Rubella

virus can cause congenital eye abnormalities, but these typically manifest as cataracts, microphthalmia, and pigmentary retinopathy rather than chorioretinitis. The classic triad of congenital rubella syndrome includes cataracts, cardiac defects (particularly patent ductus arteriosus), and sensorineural deafness.

Parvovirus B19

infection during pregnancy primarily affects the developing foetus by causing severe anaemia, which can lead to hydrops fetalis. It is not typically associated with chorioretinitis or other significant ocular manifestations. The main concern with parvovirus B19 infection during pregnancy is foetal loss, particularly if infection occurs during the first trimester."
297,Which one of the following statements regarding the normal distribution is correct?,"[""Is a discrete probability distribution"", ""99.7% of values lie within 2 standard deviations of the mean"", ""Mean = mode = median"", ""Standard deviation = mean / square root (variance)"", ""Is also referred to as the binomial distribution""]",Mean = mode = median,2,
298,Which of the following statements is true regarding the standard polymerase chain reaction (PCR)?,"[""Restriction endonuclease enzymes are applied to DNA fragments prior to electrophoresis"", ""PCR use is limited by its relatively low sensitivity"", ""A thermostable DNA polymerase is required"", ""PCR is currently limited to prenatal diagnosis and forensics"", ""A single DNA oligonucleotide primer is necessary""]",A thermostable DNA polymerase is required,2,
299,"Two siblings, a 12-year-old girl and a 15-year-old boy, present with clinical features of neurofibromatosis type 1 (NF1).

The girl has multiple café-au-lait spots and two cutaneous neurofibromas but is otherwise healthy with no significant functional impairments. The boy, however, has a more severe presentation, including numerous large neurofibromas, axillary freckling, optic glioma, and scoliosis requiring bracing. Both siblings have been confirmed to carry the same pathogenic mutation in the NF1 gene.

What accounts for the varying severities of the condition between the two siblings?","[""Allelic heterogeneity"", ""Expressivity"", ""Germline mosaicism"", ""Penetrance"", ""Variable inheritance""]",Expressivity,1,"In genetics, expressivity describes the extent to which a genotype shows its phenotypic expression in an individual

Expressivity

is the correct answer because it explains the varying severity of clinical features observed in the two siblings, despite both carrying the same pathogenic mutation in the NF1 gene. Neurofibromatosis type 1 (NF1) is a condition where expressivity is a well-documented phenomenon, with family members often exhibiting a wide range of severity despite sharing the same genetic mutation. In this case, the 12-year-old girl has mild manifestations such as café-au-lait spots and a few cutaneous neurofibromas, whereas her 15-year-old brother has a more severe phenotype, including multiple large neurofibromas, optic glioma, and scoliosis. This variation illustrates the concept of expressivity, which refers to the degree or extent to which a genotype is phenotypically expressed. Factors such as modifier genes, environmental influences, or allelic variation contribute to this variability, resulting in the spectrum of clinical features seen in NF1.

Allelic heterogeneity

refers to different mutations within the same gene causing similar clinical conditions. While allelic heterogeneity may contribute to phenotypic variability in some disorders, in this case, the siblings share the same NF1 mutation, so it does not account for the varying severities observed.

Germline mosaicism

occurs when a mutation is present in a subset of germ cells, potentially leading to offspring with genetic conditions despite unaffected parents. Here, both siblings inherited the same mutation from their parents, making germline mosaicism an unlikely explanation for their differing symptoms.

Penetrance

describes the proportion of individuals with a genotype who express the associated phenotype. Both siblings exhibit features of neurofibromatosis type 1, indicating full penetrance, but this does not explain the variability in severity, which is due to expressivity.

Variable inheritance

suggests differences in the pattern of inheritance, such as autosomal dominant versus recessive. However, neurofibromatosis type 1 follows a clear autosomal dominant inheritance, so this term does not apply."
300,Which one of the following statements best describes a type I statistical error?,"[""The null hypothesis is rejected when it is true"", ""The null hypothesis is accepted when it is false"", ""The p value fails to reach statistical significance"", ""The alternative hypothesis is rejected when it is true"", ""A study fails to reach an appropriate power""]",The null hypothesis is rejected when it is true,0,"Type I error - the null hypothesis is rejected when it is true

The correct answer is

The null hypothesis is rejected when it is true

. This accurately describes a type I statistical error, also known as a 'false positive'. In hypothesis testing, we start with a null hypothesis (H₀) which typically represents no effect or no difference. When we perform statistical analysis, we may incorrectly reject this null hypothesis even though it is actually true in reality. This means we conclude there is a significant effect or difference when in fact there isn't one. The probability of making a type I error is denoted by alpha (α), which is typically set at 0.05 (5%) in medical research.

The null hypothesis is accepted when it is false

is incorrect because this describes a type II error, not a type I error. A type II error occurs when we fail to reject the null hypothesis when it is actually false. This is a 'false negative' result, where we miss a real effect or difference. The probability of a type II error is denoted by beta (β).

The p value fails to reach statistical significance

is incorrect. This statement describes a situation where we would not reject the null hypothesis, as the evidence is insufficient to do so. This is not inherently an error - it simply means our data doesn't provide enough evidence against the null hypothesis. This could be a correct decision (if the null hypothesis is true) or a type II error (if the null hypothesis is false).

The alternative hypothesis is rejected when it is true

is incorrect. This is essentially another way of describing a type II error, not a type I error. The alternative hypothesis (H₁) represents the presence of an effect or difference. If we reject H₁ when it's true, we are failing to reject H₀ when it's false, which is a type II error.

A study fails to reach an appropriate power

is incorrect. Statistical power refers to the probability that a study will detect an effect when there is a real effect to be detected (i.e., the probability of avoiding a type II error). Low power increases the risk of type II errors but doesn't directly describe either type I or type II errors. Power is calculated as 1-β, where β is the probability of a type II error."
301,What are funnel plots primarily used for?,"[""Demonstrate the heterogeneity of a meta-analysis"", ""Demonstrate the existence of publication bias in meta-analyses"", ""Provide a graphical representation of the relative risk results in a case-control study"", ""Provide a graphical representation of the relative risk results in a cohort study"", ""Provide a graphical representation of the probability of a patient experiencing a particular adverse effect""]",Demonstrate the existence of publication bias in meta-analyses,1,"Funnel plots - show publication bias in meta-analyses

The correct answer is

Demonstrate the existence of publication bias in meta-analyses

. Funnel plots are a useful tool in meta-analyses to visually assess the likelihood of publication bias. In an ideal scenario, where there is no publication bias, the plot should resemble an inverted funnel. This is because studies with high precision (large sample size) will be plotted near the average, and those with low precision (small sample size) will scatter more widely at both sides of the average - creating a 'funnel' effect. If there is asymmetry in the funnel plot, it suggests potential publication bias.

Demonstrate the heterogeneity of a meta-analysis

is incorrect as funnel plots are not primarily used to demonstrate heterogeneity within a meta-analysis. Although they can give some indication about heterogeneity if there's a significant scattering of studies which could suggest variability between study results, their main purpose is to identify potential publication bias. Heterogeneity in a meta-analysis is typically assessed using statistical tests such as Cochran's Q test or I^2 statistic.

Provide a graphical representation of the relative risk results in a case-control study

and

Provide a graphical representation of the relative risk results in a cohort study

are also incorrect options. While these types of studies often form part of meta-analyses, funnel plots themselves do not specifically represent relative risk results from individual case-control or cohort studies. The primary purpose of these plots is to assess for potential publication bias across all included studies.

Lastly,

Provide a graphical representation of the probability of a patient experiencing a particular adverse effect

is not correct either. While adverse effects can be one outcome measured in studies included in meta-analyses, again this isn't what funnel plots are primarily used for. They don't provide information on probabilities but rather aim to visualise potential biases across all included studies regardless of specific outcomes being measured."
302,A 59-year-old man is investigated for exertional chest pain and is found to have extensive coronary artery disease on angiogram. Which of the following cell types is most implicated in the development of coronary artery plaques?,"[""Lymphocytes"", ""Platelets"", ""Macrophages"", ""Neutrophils"", ""Basophils""]",Macrophages,2,
303,Which one of the following molecules acts as the co-receptor for cells expressing antigens combined with MHC class I molecules?,"[""CD4"", ""CD2b"", ""CD1"", ""CD8"", ""CD2""]",CD8,3,"CD8 - co-receptor for MHC class I

The correct answer is

CD8

. CD8 is a transmembrane glycoprotein that serves as a co-receptor for the T cell receptor (TCR). CD8 binds to MHC class I molecules, which present antigens from within the cell, such as those arising from intracellular pathogens or tumour cells. This interaction stabilises the TCR-antigen-MHC complex, enhancing the ability of the TCR to recognise and respond to its specific antigen.

CD4

is incorrect because it acts as a co-receptor for cells expressing antigens combined with MHC class II molecules, not class I. CD4 binds to MHC class II molecules, which present exogenous antigens typically derived from extracellular pathogens.

CD2b

does not exist and therefore cannot be a correct answer. It seems like this option may have been confused with CD2 or CD19b, neither of which act as co-receptors for cells expressing antigens combined with MHC class I molecules.

CD1

is also incorrect because it is not a co-receptor but rather an alternative form of MHC molecule. The CD1 family presents lipid-based antigens to T cells, unlike MHC class I and II molecules that present peptide antigens.

Finally,

CD2

, like CD4 and CD8, is involved in T cell activation but it does not serve as a co-receptor for either MHC class I or II molecules. Instead, it mediates adhesion between T cells and other cell types (including other T cells), promoting cellular interactions necessary for immune responses."
304,A 19-year-old man with a history of learning disabilities and ectopia lentis is diagnosed as having homocystinuria. Supplementation of which one of the following may help improve his condition?,"[""Folic acid"", ""Niacin"", ""Pyridoxine"", ""Vitamin B7"", ""Thiamine""]",Pyridoxine,2,"Homocystinuria - give vitamin B6 (pyridoxine)

The correct answer is

Pyridoxine

. Homocystinuria is an autosomal recessive disorder characterized by the deficiency of the enzyme cystathionine beta-synthase, which uses vitamin B6 (pyridoxine) as a cofactor. This deficiency leads to elevated levels of homocysteine in blood and urine. Pyridoxine supplementation has been shown to reduce homocysteine levels in some patients with this disorder, hence improving their condition.

The option of

Folic acid

is incorrect. Although folic acid plays a role in the metabolism of homocysteine, it does not directly affect the enzymatic defect seen in homocystinuria. Therefore, supplementation would not significantly improve the patient's condition.

Niacin

, also known as vitamin B3, is incorrect too. Niacin plays a crucial role in energy production and DNA repair but does not have a direct role in homocysteine metabolism or the specific enzymatic defect found in homocystinuria.

Vitamin B7

, also known as biotin, is another incorrect option. Biotin acts as a coenzyme for carboxylases involved in fatty acid synthesis and amino acid catabolism but does not play a direct role in homocysteine metabolism.

Lastly,

Thiamine

, or vitamin B1, is also incorrect. Thiamine acts as a coenzyme for several enzymes involved in glucose metabolism but does not directly impact on the metabolic pathway affected by homocystinuria."
305,Which of the following is responsible for the early repolarisation phase of the myocardial action potential?,"[""Rapid sodium influx"", ""Rapid calcium influx"", ""Slow sodium efflux"", ""Slow efflux of calcium"", ""Efflux of potassium""]",Efflux of potassium,4,
306,"A study is performed looking into the effectiveness of a novel auto-antibody test as a screening tool in bowel cancer. It identifies that out of a total of 1000 patients, 50 have a positive test, of which 30 go onto have confirmed bowel cancer via colonoscopy. Of the patients who tested negative, 5 of these were ultimately found to have bowel cancer.

What is the positive predictive value of this test as a percentage?","[""5%"", ""60%"", ""85.7%"", ""97.9%"", ""99.5%""]",60%,1,"Positive predictive value = TP / (TP + FP)

Positive predictive value is the probability that subjects with a positive screening test truly have the disease.

Positive predictive value = TP/ (TP+FP).

True positive (TP) = 30.

False positive (FP) = 20.

Positive predictive value as a percentage = TP/ (TP+FP) = 30/ (30+20) = 0.6 =

60%.

5%

is the percentage of patients who had a positive test, not the positive predictive value of the test.

85.7%

is the sensitivity of the test. Sensitivity is the proportion of patients with the condition who have a positive test result.

Sensitivity = TP / (TP + FN) = 30 / (30+5) = 0.857/ 85.7%.

97.9%

is the specificity of the test. Specificity is the proportion of patients without the condition who have a negative test result.

Specificity = TN / (TN + FP) = 945 / (945 + 20) = 0.979/ 97.9%.

99.5%

is the negative predictive value. The negative predictive value is the chance that the patient does not have the condition if the diagnostic test is negative.

Negative predictive value = TN / (TN + FN) = 945/ (945+5) = 0.995/ 99.5%."
307,"An Afro-Caribbean patient presents to her GP complaining of fatigue, bone pain and hair loss. The GP arranges some blood tests, finds that the patient has hypocalcaemia and prescribes vitamin D supplements. After a few weeks the patient feels much better and her calcium levels have returned to normal.

What is the major mechanism through which the patient's serum calcium increased?","[""An increase in calcium absorption from the gut"", ""An decrease in phosphate absorption from the gut"", ""Increased calcium sequestration into bone"", ""Increasing parathyroid secretion"", ""Increased calcium reabsorption by the kidneys""]",An increase in calcium absorption from the gut,0,"Vitamin D increases serum calcium primarily through raising its absorption via the small intestine

Vitamin D promotes serum calcium through increasing its reabsorption by small intestine, increasing calcium reabsorption in the kidneys and promoting bone demineralisation. Whilst the latter 2 mechanisms are important, the major way in which calcium is increased by vitamin D through increasing its absorption by the gut. This occurs as vitamin D promotes transcellular calcium absorption via the apical calcium receptor and the TRPV6 as well as the intracellular movement of calcium using calbindin and the basolateral transfer of calcium out of cells via PMCA1b.

Vitamin D deficiency can initially cause hypocalcaemia. Patients may however, subsequently develop secondary hyperparathyroidism and therefore display normal serum calcium levels or develop hypercalcaemia.

Afro-Caribbean and South Asian patients are more at risk of vitamin D deficiency compared to other patients and we should therefore suspect vitamin D deficiency more readily in these patients."
308,"A 20-year-old man who is an inpatient on the acute medical ward receives his first dose of ceftriaxone for suspected bacterial meningitis.

Shortly after receiving this medication, he develops facial angioedema, a new urticarial rash, and stridor.

His observations are as follows: respiratory rate 22/min; heart rate 110/min; temperature 37.3ºC; blood pressure 104/56 mmHg; oxygen saturations 95% on air.

What cells produce the antibody implicated in this event?","[""Eosinophils"", ""Granulocytes"", ""Mast cells"", ""Plasma cells"", ""T-lymphocytes""]",Plasma cells,3,"IgE is synthesised by plasma cells

The correct answer is

plasma cells

. This patient is having an anaphylactic reaction, likely stimulated by the administration of ceftriaxone. Anaphylaxis is an example of a type I hypersensitivity reaction. During this process, initial exposure to an antigen promotes the synthesis of IgE against the antigen by plasma cells (hence this answer). This IgE then binds to Fc receptors on mast cells. Upon re-exposure, the antigen binds to this surface-bound IgE, triggering mast cell degranulation and an anaphylactic reaction.

Eosinophils

is incorrect. Eosinophils are involved, amongst other things, in the mammalian host response against parasitic infections, but do not synthesise immunoglobulins.

Granulocytes

is incorrect. This is a term that encompasses a range of immune cells of the myeloid lineage, such as neutrophils, basophils and eosinophils. None of these synthesises IgE.

Mast cells

is incorrect, as these cells degranulate in response to the engagement of their surface-bound IgE with antigen, rather than produce IgE itself.

T-lymphocytes

is incorrect, as these cells are involved in cell-mediated immunity rather than humoral immunity and antibody production."
309,"A 32-year-old man is admitted following a head injury sustained after falling from a horse. A CT head is performed which shows a large extra-dural haematoma causing midline shift and signs of cerebral oedema. He has a reduced GCS with abnormal posturing.

Which vital signs would be consistent with this presentation?","[""Bradycardia and hypertension with a low pulse pressure"", ""Bradycardia and hypertension with a wide pulse pressure"", ""Tachycardia and hypotension with a low pulse pressure"", ""Tachycardia and hypotension with a wide pulse pressure"", ""Tachycardia with a normal blood pressure""]",Bradycardia and hypertension with a wide pulse pressure,1,"The Cushing reflex is a physiological nervous system response to increased intracranial pressure (ICP) that results in hypertension and bradycardia

Bradycardia and hypertension with a wide pulse pressure is the correct answer. Cushing's triad, compromised of widening pulse pressure, bradycardia and irregular breathing, is a late sign indicating impending brain herniation. Systolic hypertension occurs as a reflex to maintain cerebral perfusion pressure in the presence of raised intracranial pressure.

Bradycardia and hypertension with a low pulse pressure

is incorrect. Raised intracranial pressure causes systolic hypertension and hence a wide pulse pressure.

Tachycardia and hypotension with a wide pulse pressure

is incorrect. Although potentially concerning for other pathologies, it is not suggestive of raised intracranial pressure. As explained above, the physiological response is to increase blood pressure to maintain cerebral perfusion.

Tachycardia with normal blood pressure

is incorrect. Tachycardia and hypertension in the context of a head injury may be an early sign of raised intracranial pressure, however, is less concerning with normal blood pressure.

Tachycardia and hypotension with a low pulse pressure

is incorrect. Again, this is potentially concerning for other pathologies such as shock, however as explained above, it is not suggestive of raised intracranial pressure."
310,"A 67-year-old man presents to the emergency department with lethargy, abdominal pain and polyuria. He underwent a cadaveric renal transplant for end-stage renal disease two months ago. He has a background of type 2 diabetes mellitus and diabetic nephropathy.

Bloods indicate the following:


Na+	135 mmol/l
K+	4.6 mmol/l
Urea	8 mmol/l
Creatinine	110 µmol/l
Corrected Ca2+	3.16 mmol/l
Phosphate	0.6 mmol/l
HbA1C	48 mmol/l
Parathyroid hormone	100 ng/l (reference range 10-65ng/l)

What is the most likely diagnosis?","[""Tertiary hyperparathyroidism"", ""Secondary hyperparathyroidism"", ""Graft rejection"", ""Vitamin D deficiency"", ""Poorly controlled diabetes""]",Tertiary hyperparathyroidism,0,"Tertiary hyperparathyroidism is an important differential in hypercalcaemia post renal replacement therapy

This is tertiary hyperparathyroidism.  Most patients with chronic kidney disease develop a degree of secondary hyperparathyroidism prior to renal transplantation.  Secondary hyperparathyroidism is associated with hypo- or normocalcaemia.  Following renal replacement therapy, up to half of these patients develop persistent hyperparathyroidism with or without hypercalcaemia, this is termed tertiary hyperparathyroidism.  A minority of these patients will become symptomatic.

Graft rejection would not be most likely here, the creatinine is only mildly elevated, other electrolytes are within normal limits. Vitamin D deficiency would not be associated with hypercalcaemia.  Diabetic control is good."
311,"During cell division, at what stage do sister chromatids move to opposite ends of the cell?","[""Prometaphase"", ""Metaphase"", ""Anaphase"", ""Telophase"", ""Cytokinesis""]",Anaphase,2,"During mitosis, sister chromatids move to opposite ends of the cell during anaphase

Anaphase is split into 2 parts:

anaphase A: cohesins that bind sister chromatids together are cleaved, followed by shortening of the kinetochore microtubules which pulls the daughter chromosomes to opposite ends of the cell
anaphase B: polar microtubules push against each other, causing the cell to elongate"
312,"A new point-of-care test (POCT) has been developed to detect individuals infected with SARS-CoV-2 (COVID-19). Over 3 months, the new POCT is used on 320 patients attending the emergency department, who go on to have their COVID-19 status confirmed by the gold standard RT-PCR test. Data on the new POCT performance is as follows:


	Patients with COVID-19 confirmed by RT-PCR	RT-PCR negative, therefore deemed not to have COVID-19
New POCT positive	190	10
New POCT negative	30	90

What is the specificity of the new POCT?","[""75%"", ""80%"", ""86%"", ""90%"", ""95%""]",90%,3,"Specificity = TN / (TN + FP)

The specificity is calculated using the true negatives (TN) and false positives (FP). Specificity = TN / (TN + FP). In this case, the TN = the 90 patients who tested negative with the new test and were confirmed negative for COVID-19 with RT-PCR. FP = the 10 patients who tested positive with the new test but did not have COVID-19 confirmed by RT-PCR. So, specificity = 90 / (90 + 10) = 0.90. Therefore, the correct answer is

90%.

75%

is incorrect. This is the negative predictive value (NPV). NPV is calculated using the true negatives (TN) and false negatives (FN). TN = the 90 patients who tested negative with the new test and were confirmed negative for COVID-19 with RT-PCR.  FN = the 30 patients who tested negative with the new POCT, but tested positive for COVID-19 on RT-PCR. NPV = TN / (TN + FN).

80%

is incorrect. As above, in this scenario specificity = TN / (TN + FP) = 90 / (90 + 10) = 0.90.

86%

is incorrect. This is the sensitivity of the test. Sensitivity is calculated using the true positives (TP) and false negatives (FN).  TP = the 190 patients who tested positive with the new test and were confirmed positive for COVID-19 with RT-PCR. FN = the 30 patients who tested negative with the new POCT, but tested positive for COVID-19 on RT-PCR. Sensitivity = TP / (TP + FN).

95%

is incorrect. This is the positive predictive value (PPV). PPV is calculated using the true positives (TP) and false positives (FP). PPV = TP/ (TP + FP). In this scenario. TP = the 190 patients who tested positive with the new test and were confirmed positive for COVID-19 with RT-PCR. FP = the 10 patients who tested positive with the new test but did not have COVID-19 confirmed by RT-PCR."
313,"A 27-year-old man presents with a rash that has developed across the body. It is intensely itchy. He has a background of asthma and coeliac disease. On examination, the rash is symmetrical and distributed across the scalp, shoulders, elbows and buttocks. It consists of papules and vesicles on an erythematous base, in clusters. They appear somewhat excoriated.

Blood tests demonstrate iron-deficiency anaemia.

What is most associated with the rash?","[""HLA-A3"", ""HLA-B27"", ""HLA-B51"", ""HLA-DR3"", ""HLA-DR4""]",HLA-DR3,3,"Dermatitis herpetiformis is associated with HLA-DR3

The rash described here is likely dermatitis herpetiformis, given its appearance and association with coeliac disease. It is more common in men than in women. Of the known HLA antigens (encoded on chromosome 6), dermatitis herpetiformis is most commonly associated with

HLA-DR3

.

HLA-A3

is incorrect. This is associated with haemochromatosis, not dermatitis herpetiformis.

HLA-B27

is typically associated with ankylosing spondylitis and reactive arthritis, not dermatitis herpetiformis.

HLA-B51

is associated with Bechet's disease. It is not typically linked to dermatitis herpetiformis.

HLA-DR4

is associated with type 1 diabetes mellitus. It is also linked to rheumatoid arthritis - specifically, the DRB1 gene."
314,"A 70-year-old woman with stage 3 renal failure is brought in with urinary incontinence and fever. The carers report she has had very little oral intake over the last few days, requiring a lot of encouragement to eat.

On assessment, the patient smells strongly of urine and has evidence of shock. A urine dip is positive for nitrates and leukocytes and a blood glucose recording is low. Urosepsis causing hypoglycaemia is suspected. As well as IV fluids and antibiotics glucose is provided orally and via IV as per hospital protocol.

What part of the nephron is the majority of this substance normally reabsorbed?","[""Ascending loop of Henle"", ""Collecting tubules"", ""Descending loop of Henle"", ""Distal convoluted tubules"", ""Proximal convoluted tubules""]",Proximal convoluted tubules,4,"The majority of glucose reabsorption in the nephron occurs within the proximal convoluted tubule

Diabetic ketoacidosis (DKA) is a diabetic emergency and is often the first presentation of previously undiagnosed diabetic patients. The condition is due to a lack of insulin resulting in significantly increased levels of the monosaccharide glucose. Glucose is usually almost fully reabsorbed in the

proximal convoluted tubules

(PCT) by secondary active, sodium-coupled transporters (SGLT2). However, in diabetes the abnormally high levels can not be absorbed resulting in a significant amount remaining in the urine, drawing in a large volume of water. This produces the polyuria and dehydration seen in the condition.

The

ascending loop of Henle

is made up of a thick and thin selection. Sodium, potassium and chloride ions are all reabsorbed in this segment of the nephrons via active transport, but glucose reabsorption is low.

Collecting tubules

are the final component of the kidney to influence substance and fluid reabsorption. This section of the nephrons is responsible for approximately 5% of sodium reabsorption and between 5% and 25% of water, depending on the level of antidiuretic hormone (ADH). Glucose reabsorption in the collection tubules is very low.

The

descending loop of Henle

functions in connection with the ascending loop of Henle to control ion and water reabsorption. The descending aspect has low permeability to most ions resulting in a high level of water reabsorption. Again, glucose reabsorption is low.

Distal convoluted tubules

(DCT) plays a role in the regulation of potassium, sodium, calcium and pH. Several active and passive mechanisms are involved with the regulation of these ions which are affected by circulatory hormone levels (e.g. aldosterone). Almost all the glucose has already been reabsorbed by the time the filtrate reaches the DCT, reabsorption at this section is low."
315,You have been asked to investigate the potential benefit of setting up a service to help patients with multiple sclerosis in the local area. What is the most important factor when determining how many resources will be required?,"[""Incidence"", ""Bayesian factor"", ""Prevalence"", ""Denominator data"", ""P value""]",Prevalence,2,
316,"A study of 1000 participants aims to determine the normal range for a number of parameters in a South East London population.

It is found in the analysis there is a strong positive correlation between height and forced expiratory volume (FEV1).

Which statistical technique may be used to predict FEV1 at any given height in this cohort?","[""Chi-square test"", ""Fisher's exact test"", ""Kaplan-Meier estimate"", ""Linear regression"", ""Forest plot""]",Linear regression,3,"When analyzing data on a scatter plot, linear regression may be used to predict how much one variable changes when a second variable is changed

Linear regression is a technique which attempts to model the relationship between two variables by fitting a linear equation to observed data.

This equation takes the form y = mx + c, where 'y' is the dependent variable, 'x' is the independent variable, 'm' is the slope of the line and 'c' is the intercept. In this example, for a range of heights, it would be possible to map a line of best fit to a scatter plot and thus predict the forced expiratory volume (FEV1) for an individual.

Linear regression uses information on the association between two continuous variables. This is known as correlation and can be summarised by Pearson's correlation or Spearman's rank correlation coefficient for parametric and non-parametric data, respectively. Correlation indicates the strength of an association only and thus cannot be used to predict the change in one variable when a second variable is altered.

Chi-square test assesses whether an association exists between two categorical variables using the observed and expected frequencies. For instance, is social class (I-V) related to body mass index (BMI) category?

Fisher's exact test similarly uses contingency tables to assess statistical significance, however, it is usually employed when sample sizes are small.

The Kaplan-Meier estimate measures survival over time, for example, plotting on a curve the number of patients still alive in the five years after commencing chemotherapy for lung cancer.

A forest plot is a graphical display which summarises results from a number of studies, for example, the meta-analysis of a series of randomised controlled trials."
317,T-Helper cells of the Th1 subset typically secrete:,"[""IFN-beta, IL-4, IL-8"", ""IFN-gamma, IL-2, IL-3"", ""IL-1, IL-6, TNF-alpha"", ""IL-1"", ""IL-4, IL-5, IL-6, IL-10, IL-13""]","IFN-gamma, IL-2, IL-3",1,
318,A patient receives vincristine to help treat non-Hodgkin's lymphoma. What stage in the cell cycle does vincristine act?,"[""G1"", ""M0"", ""M"", ""G2"", ""S""]",M,2,
319,"A 50-year-old man with multiple cardiac risk factors presents to the hospital with acute onset central chest pain. The pain radiates to his left arm and is associated with nausea and sweating.

His ECG shows widespread T-wave inversion, which is new when compared to his previous ECGs. The serum level of troponin I is measured and confirmed to be raised. The patient is started on acute coronary syndrome treatment and transferred to a cardiac centre.

What does this measured cardiac biomarker bind to?","[""Actin"", ""Calcium ions"", ""Copeptin"", ""Myoglobin"", ""Sodium ions""]",Actin,0,"Troponin I binds to actin to hold the troponin-tropomyosin complex in place

This patient has presented with features of a non-ST elevation myocardial infarction (NSTEMI). Cardiac biomarkers blood tests are used in conjunction with ECGs (and clinical findings) to confirm the diagnosis. The specific cardiac biomarker used as standard is troponin I, which binds to actin. Actin holds the troponin-tropomyosin complex in place which regulates muscle contraction. Troponin I is one of three subunits of troponin and is released in myocardial damage; it is generally considered to be more sensitive and significantly more specific in the diagnosis of myocardial infarction than other cardiac biomarkers.

Calcium ions are bound to by troponin C, playing the main role in Ca

2+

-dependent regulation of muscle contraction. Troponin C is another of the three subunits of troponin and as such can be used in the diagnosis of myocardial infarction; however, as troponin C is found in both cardiac and skeletal muscle (unlike troponin I and T), it is less specific.

Copeptin is an amino acid peptide that is made in the hypothalamus and stored in the posterior pituitary. Research has shown that copeptin is released much earlier than troponin during the onset of acute myocardial infarction, raising the potential for diagnostic use. It is not currently widely used in clinical practice and has no interaction with troponin.

Myoglobin is an iron- and oxygen-binding protein found in both the cardiac and skeletal muscle, similar in structure to haemoglobin. Raised myoglobin levels can be found following acute myocardial infarction, but it has poor specificity for cardiac injury. It is not involved in the troponin-tropomyosin complex.

Sodium ions are involved in voltage-gated channels found on cell plasma membranes throughout the body. Although part of the electrical cardiac conduction system, sodium ions are not involved in the troponin-tropomyosin complex and play no role in cardiac biomarkers."
320,"A study trialling a new medication to reduce agitation in 30 participants with dementia records the number of episodes of agitation in a four hour period prior to treatment with the new medication. A further four hour observation period is performed after a week of the new treatment to determine if there is any change in the number of episodes of agitation. The data is not normally distributed.

What is the most appropriate significance test to analyse this study?","[""Chi-squared test"", ""Mann-Whitney U test"", ""Pearson's product-moment coefficient"", ""Spearman's coefficient"", ""Wilcoxon signed-rank test""]",Wilcoxon signed-rank test,4,"Wilcoxon signed-rank test - compares two sets of observations on a single sample, e.g. a 'before' and 'after' test on the same population following an intervention

Wilcoxon signed-rank test is a non-parametric test that is appropriate for data not normally distributed. This test compares two sets of observations on a single sample and is typically used to measure the difference before and after an intervention on the same population. This scenario has the same participants and has a before and after component so is best suited to this type of test.

The chi-squared test is another non-parametric test but is used to compare categorical data to evaluate how likely it is that any observed difference between the sets arose by chance. This scenario does not use categorical data rather discrete numbers of events.

Mann-Whitney U test is another non-parametric test that compares ordinal, interval, or ratio scales of unpaired data. This test is used to determine the probability one variable is greater than another. The data in this scenario is paired as the same population is used.

Pearson's coefficient measures the linear correlation between two sets of data and is most appropriate for normally distributed data. It is a normalised measurement of the covariance so has a value between ˆ’1 and 1.

Spearman's rank-order correlation is the nonparametric version of the Pearson product-moment correlation and measures the strength and direction of association between two ranked variables. Spearman's correlation determines the strength and direction of data that is not normally distributed rather than a linear relationship between two variables."
321,Which one of the following may be used to calculate the number needed to treat?,"[""1 / (Absolute risk reduction)"", ""(Absolute Risk Reduction) / (Number of people in trial)"", ""((Control event rate) - (Experimental event rate)) / (Control event rate)"", ""1 / (Relative risk)"", ""1 / (Hazard ratio)""]",1 / (Absolute risk reduction),0,"NNT = 1 / Absolute Risk Reduction

The correct answer is

1 / (Absolute risk reduction)

. The Number Needed to Treat (NNT) is a useful clinical measure that tells us how many patients need to be treated with an intervention to prevent one additional adverse outcome. It is calculated by taking the reciprocal (1 divided by) of the absolute risk reduction (ARR). For example, if a treatment reduces the absolute risk of death from 40% to 30%, the ARR is 10% (0.1) and therefore the NNT would be 1/0.1 = 10 patients.

(Absolute Risk Reduction) / (Number of people in trial)

is incorrect as this would give an inappropriately small number and doesn't reflect the clinical utility we're trying to measure with NNT.

((Control event rate) - (Experimental event rate)) / (Control event rate)

is incorrect as this actually calculates the relative risk reduction, not the NNT. While useful, this is a different measure of treatment effect.

1 / (Relative risk)

is incorrect. Using the reciprocal of relative risk would not give a meaningful clinical measure as relative risk compares the probability of an event occurring in a treated group versus a control group.

1 / (Hazard ratio)

is incorrect. The hazard ratio is a measure used in survival analysis to compare the rate at which events occur in different groups. Taking its reciprocal would not give the NNT.

Understanding how to calculate and interpret NNT is crucial for evidence-based medicine as it provides a practical way to communicate treatment benefits to both clinicians and patients."
322,"A psychiatrist is looking to assess the efficacy of sertraline in improving symptoms of depression. To do this, she performs a Patient Health Questionnaire (PHQ-9) test on a cohort of 100 patients at their time of diagnosis, and records their scores. She then repeats the questionnaire after six months of treatment with sertraline, to see if there is any difference in PHQ-9 scores. The differences recorded between the PHQ-9 scores before and after treatment do not follow a normal distribution.

Which statistical test should she use to analyse her results?","[""Paired student's t-test"", ""Unpaired student's t-test"", ""Mann-Whitney U test"", ""Wilcoxon signed-rank test"", ""Chi-squared test""]",Wilcoxon signed-rank test,3,"Wilcoxon signed-rank test - compares two sets of observations on a single sample, e.g. a 'before' and 'after' test on the same population following an intervention

The first step in selecting an answer is to identify that the psychiatrist has collected non-parametric data, as we are told that the differences between PHQ-9 scores pre- and post-sertraline are not normally distributed. The most appropriate test to analyse values of non-parametric data before and after an intervention is the Wilcoxon signed-rank test.

In order to use the paired student's t-test, one would need to assume that: the data can be approximated as continuous (which may indeed be reasonable for a 27-point scale such as PHQ-9); that the differences between PHQ-9 scores pre- and post- treatment were normally distributed (which we are told is not the case); and that there are no significant outliers in the differences between scores (for which we have no information). As these data do not fulfil all of these criteria, the paired student's t-test cannot be used.

The unpaired student's t-test would be appropriate for analysing e.g. changes in systolic blood pressure in two different cohorts of patients who were treated with two different anti-hypertensives. It would not be appropriate for the analysis of this paired data set (where 'paired' refers to measurements on the same cohort of patients before and after an intervention).

The Mann-Whitney U test is useful for comparing unpaired sets of non-parametric data, e.g. comparing the number of Emergency Department attendances in two different years.

The Chi-squared test is useful for evaluating the proportion of a cohort who responded in a certain way to two different interventions of interest, e.g. comparing the incidence of postural hypotension in patients treated with either a calcium-channel blocker or an alpha-blocker for hypertension."
323,"A new diagnostic test for disease X is being studied. Results are collected from 145 patients with the disease and 160 patients without the disease. Out of the 145 patients with the disease, only 40 have a positive test result. Out of 160 patients without the disease, 106 have a negative test result.

What is the specificity of this new test?","[""28%"", ""50%"", ""66%"", ""85%"", ""90%""]",66%,2,"Specificity = TN / (TN + FP)

Specificity = TN / (TN + FP).

True negative is 106 (the number of people without the disease who tested negative). False positive is 54 (the number of people without the disease who tested positive).

Specificity = 106 / (106 + 54) = 0.6625 = 66%.

28% is the sensitivity of the test, which is the proportion of patients with the condition who have a positive test result. Sensitivity = TP / (TP + FN ) = 40 / (40 + 105) = 0.2759 = 28%."
324,"A 56-year-old woman attends with fevers and rigors. She also complains of dysuria and right-sided loin pain. Observations are as follows: heart rate 125 beats per minute, blood pressure 65/35 mmHg, temperature 38.8ºC, respiratory rate 22 breaths per minute, and oxygen saturation 95% on air.

What interleukin is responsible for the hypotension seen in this patient?","[""Interleukin 1 (IL-1)"", ""Interleukin 2 (IL-2)"", ""Interleukin 3 (IL-3)"", ""Interleukin 4 (IL-4)"", ""Interleukin 5 (IL-5)""]",Interleukin 1 (IL-1),0,"Sepsis triggers the release of IL-1 causing vasodilation → hypotension

Interleukin 1 (IL-1)

is correct. Sepsis triggers the release of IL-1 which is the primary mediator resulting in vasodilation and thus hypotension.

Interleukin 2 (IL-2)

is incorrect. IL-2 increases the growth and activity of T lymphocytes and B lymphocytes and affects the development of the immune system.

Interleukin 3 (IL-3)

is incorrect. IL-3 regulates the growth and differentiation of hematopoietic progenitor cells and functionally activates mature neutrophils or macrophages.

Interleukin 4 (IL-4)

is incorrect. IL-4 has an important role in regulating antibody production, hematopoiesis and inflammation, and the development of effector T-cell responses.

Interleukin 5 (IL-5)

is incorrect. Interleukin-5 acts only on eosinophils and basophils, upon which it causes maturation, growth, activation, and survival."
325,"A 54-year-old man has had difficulties losing weight despite multiple attempts at calorie-restricted diets and increased physical activity over the last year. He has type 2 diabetes.

His BMI is 35 kg/m², his waist circumference is 110 cm, his blood pressure is 140/85 mmHg, and his pulse is 78 bpm. He has central obesity, but no other abnormalities.

Which hormonal change is most likely present in this patient?","[""Decreased secretin release from the upper small intestine"", ""Decreased somatostatin release from the stomach and pancreas"", ""Increased ghrelin release from the stomach fundus"", ""Increased leptin release from adipose tissue"", ""Increased secretin release from the upper small intestine""]",Increased leptin release from adipose tissue,3,"Leptin is secreted by adipose tissue

Increased leptin release from adipose tissue

is correct. This patient has obesity (BMI 35 kg/m², central adiposity, and type 2 diabetes mellitus (T2DM), with persistent weight loss resistance despite dietary and lifestyle efforts. Adipocytes secrete leptin in proportion to fat mass, and it is typically elevated in obesity due to increased adipose tissue. It acts to reduce appetite and may modestly influence energy expenditure. In obesity, leptin levels are elevated due to increased fat mass, but hypothalamic leptin resistance develops, impairing its appetite-suppressing effects. In contrast, ghrelin levels are typically lower in obesity. This is thought to reflect the body's response to a chronic energy surplus.

Decreased secretin release from the upper small intestine

is incorrect. Secretin is released in response to acidic chyme in the duodenum and stimulates pancreatic bicarbonate secretion. It does not regulate appetite or energy balance, and its secretion is not known to be affected by obesity. Decreased levels may occur with loss or dysfunction of duodenal S cells, not in obesity.

Decreased somatostatin release from the stomach and pancreas

is incorrect. Somatostatin inhibits the secretion of gastric acid, gastrin, pancreatic enzymes, and insulin. It is not typically decreased in obesity. Reduced secretion may occur in conditions affecting D cells, such as chronic pancreatitis, but there is no evidence of this here. Obesity is not known to impair somatostatin production.

Increased ghrelin release from the stomach fundus

is incorrect. While ghrelin is released from the stomach fundus, its secretion is often suppressed in obesity. This is due to insulin resistance and sustained energy surplus. Its normal role involves stimulating appetite by acting on the hypothalamus, with levels rising before meals and falling after eating. This option may instead be considered in Prader-Willi syndrome (early-onset obesity, hyperphagia, and developmental delay) or starvation states (e.g., anorexia nervosa), where ghrelin rises to stimulate appetite.

Increased secretin release from the upper small intestine

is incorrect. Secretin regulates bicarbonate release from the pancreas in response to acid entering the duodenum, not energy balance. Its secretion is not increased in obesity or diabetes. Elevated levels may be seen in conditions such as Zollinger–Ellison syndrome with excess gastric acid, which is not relevant here."
326,The chance of a 45-year-old mother giving birth to a child with Down's syndrome is approximately:,"[""1 in 5"", ""1 in 10"", ""1 in 50"", ""1 in 100"", ""1 in 500""]",1 in 50,2,"Down's syndrome risk  - 1/1,000 at 30 years then divide by 3 for every 5 years

The correct answer is

1 in 50

.

Down's syndrome (trisomy 21) is the most common chromosomal abnormality in live births, and maternal age is the strongest risk factor for this condition. The risk increases exponentially with advancing maternal age. For a 45-year-old mother, the risk of having a child with Down's syndrome is approximately 1 in 50 (or about 2%). This represents a significantly elevated risk compared to younger mothers, reflecting the increased likelihood of non-disjunction during meiosis in older oocytes. This risk estimate is important for antenatal counselling and helps inform decisions about prenatal screening and diagnostic testing options.

1 in 5

is incorrect. This risk (20%) is substantially overestimated. Even at the most advanced maternal ages (>45 years), the risk of Down's syndrome does not approach this high level. Quoting such an inflated risk could cause unnecessary anxiety during pregnancy counselling.

1 in 10

is incorrect. This risk (10%) is also considerably overestimated for a 45-year-old mother. While the risk of Down's syndrome increases significantly with maternal age, it remains below this level even at advanced maternal ages.

1 in 100

is incorrect. This underestimates the risk for a 45-year-old mother, though not by a large margin. The risk of Down's syndrome at age 45 is approximately twice this figure. For context, a risk of approximately 1 in 100 would be more accurate for a mother aged around 40 years.

1 in 500

is incorrect. This significantly underestimates the risk for a 45-year-old mother. This risk estimate would be more appropriate for a mother in her mid-30s. For example, at age 35, the risk of Down's syndrome is approximately 1 in 350. The risk increases rapidly after this age, making 1 in 500 an inappropriate estimate for a 45-year-old mother.

Understanding these age-related risks is crucial for appropriate antenatal counselling and for determining which screening and diagnostic tests should be offered to expectant mothers of different ages."
327,"A family is being investigated for an autosomal dominant disorder associated with a mutation in the BRCA1 gene. While the affected individual (proband) has breast cancer, her sister, who carries the same mutation, has not developed any malignancy.

Which genetic concept is this variation in clinical expression an example of?","[""Anticipation"", ""Expressivity"", ""Incomplete penetrance"", ""Pleiotropy"", ""Variable mutation severity""]",Incomplete penetrance,2,"In genetics, penetrance describes the proportion of a population of individuals who carry a disease-causing allele who express the related disease phenotype

Incomplete penetrance

is correct. Penetrance refers to the proportion of individuals with a particular genetic mutation who exhibit the associated phenotype. Incomplete penetrance occurs when some individuals carrying a disease-causing mutation do not express the associated phenotype. In this case, the sister carries the BRCA1 mutation but has not developed breast cancer, demonstrating incomplete penetrance. In BRCA1 and BRCA2 mutation carriers, the lifetime risk of breast cancer is high but not 100%, illustrating incomplete penetrance. Environmental factors, lifestyle, and modifying genetic variants contribute to whether the phenotype is expressed.

Anticipation

is incorrect. Anticipation refers to the phenomenon where a genetic disorder appears at an earlier age or with increased severity in successive generations, often seen in trinucleotide repeat disorders such as Huntington’s disease and myotonic dystrophy. This concept does not apply to the described scenario.

Expressivity

is incorrect. Expressivity refers to the variability in phenotype among individuals with the same genotype. While penetrance describes whether a phenotype is expressed, expressivity describes how it is expressed. This scenario highlights the absence of phenotype in one carrier, which is a penetrance issue, not a variability of expression.

Pleiotropy

is incorrect. Pleiotropy occurs when a single gene mutation leads to multiple, seemingly unrelated phenotypic effects. For example, mutations in the Marfan syndrome gene can cause cardiovascular, skeletal, and ocular manifestations. This concept is irrelevant to penetrance.

Variable mutation severity

is incorrect. Mutation severity usually refers to differences in mutation types (e.g., missense vs. nonsense mutations) and their impact on protein function. This concept is irrelevant to the variation in phenotype expression among individuals with the same mutation."
328,"A new blood test which can show signs of myocardial damage within one hour of the onset of chest pain is developed. In a trial of 100 patients presenting with chest pain, 40 of the patients are later proven to have had myocardial ischaemia by conventional troponin tests. Of these patients the new test was positive in 20 cases. The new test was also positive in 20 of the remaining 60 patients later shown to have a negative troponin. What is the negative predictive value of the new test for myocardial ischaemia?","[""0.5"", ""0.66"", ""0.8"", ""Cannot calculate"", ""0.33""]",0.66,1,"Negative predictive value = TN / (TN + FN)

The new test was negative in 20 of the patients later shown to have myocardial ischaemia (false negative) and negative in 40 patients confirmed not to have myocardial ischaemia (true negative)

Negative predictive value = TN / (TN + FN)

= 40 / (40 + 20) = 0.66"
329,A 68-year-old man is admitted with haematemesis. A gastroscopy performed as an inpatient shows a carcinoma which is confirmed on biopsy. Who is the most appropriate person to inform the patient of the diagnosis?,"[""The F2 doctor on the ward who has most contact with the patient"", ""The doctor who performed the gastroscopy"", ""His GP following discharge"", ""The consultant in-charge of his care"", ""His next-of-kin after you have told him/her""]",The consultant in-charge of his care,3,
330,"A research group evaluating the effectiveness of the pneumococcal vaccine in reducing the rates of pneumococcal pneumonia. A group of 100 volunteers was recruited. Half of the volunteers were given a course of the pneumococcal vaccination. The other half of the volunteers were given placebos.

The group was followed-up over the next 12 months following vaccination. Sputum samples were collected if a volunteer developed pneumonia to determine if Streptococcus pneumonia was the cause of pneumonia. Results were divided into 3 categories: volunteers who did not develop pneumonia, volunteers who developed pneumococcal pneumonia and volunteers who developed non-pneumococcal pneumonia.

At the end of the year, the results obtained were as follows:


Outcome	Vaccinated volunteers	Unvaccinated volunteers
Pneumococcal pneumonia	10	20
Non-pneumococcal pneumonia	6	10
No pneumonia	34	20

The researchers are unsure of the significance of the results obtained.

Which of the following statistical tests would be most appropriate?","[""Independent t-test"", ""McNemar's test"", ""Paired t-test"", ""Pearson's chi-square test"", ""Wilcoxon signed-rank test""]",Pearson's chi-square test,3,"Chi-squared test - used to compare proportions or percentages e.g. compares the percentage of patients who improved following two different interventions

This study is looking to assess the efficacy of the new vaccine by comparing the rates of pneumonia between 2 independent groups (vaccinated vs unvaccinated group). The outcome of the study could be described as categorical nominal data as the results can be divided into 3 separate categories. The chi-square test is the most appropriate in this case because the tested groups are independent of each other and the results obtained are nominal.

Paired t-test, Wilcoxon signed-rank test, and McNemar's test are useful in the comparison of results within paired samples. For example, the paired t-test can be used in comparing blood pressure before and after an antihypertensive medication was taken for the same patient. As this study is comparing 2 independent groups, none of these tests can be applied.

Independent t-test should not be used in this case as this requires the resultant data to be continuous and normally distributed in nature ( for example blood pressure and heart rate)."
331,"A study looks at the use of amoxicillin in the treatment of acute sinusitis compared to placebo. The following results are obtained:


	Total number of patients	Number who achieved resolution of symptoms at 7 days
Amoxicillin	100	60
Placebo	75	30

What is the odds ratio a patient achieving resolution of symptoms at 7 days if they take amoxicillin compared to placebo?","[""1.5"", ""0.5"", ""2.25"", ""0.6"", ""1.66""]",2.25,2,
332,"A 58-year-old man presents with severe central chest pain which began 12 hours ago. He has a past medical history of hypertension and type 2 diabetes mellitus.

An ECG is performed:


ECG	ST elevation in V1-V4

Blood results are as follows:


Troponin T	246 ng/L	(<14)

What is the final stage in the pathophysiological process?","[""Fatty infiltration of the subendothelial space by low-density lipoprotein (LDL) particles"", ""Macrophages phagocytose oxidised HDL"", ""Macrophages phagocytose oxidised LDL"", ""Smooth muscle proliferation and migration from the tunica media into the externa"", ""Smooth muscle proliferation and migration from the tunica media into the intima""]",Smooth muscle proliferation and migration from the tunica media into the intima,4,"Smooth muscle proliferation and migration from the tunica media into the intima is the last step in the formation of an atheroma

Smooth muscle proliferation and migration from the tunica media into the intima

is correct. The patient has had an ST-elevation myocardial infarction (STEMI) secondary to coronary atherosclerosis. The final step in atheroma progression is smooth muscle proliferation and migration from the tunica media into the intima.

Fatty infiltration of the subendothelial space by low-density lipoprotein (LDL) particles

is incorrect.  This occurs early in the stage of atheroma proliferation following an insult to the vascular endothelium (e.g. hypertension or hyperglycaemia).

Macrophages phagocytose oxidised HDL

is incorrect.  Macrophages phagocytose oxidised LDL rather than HDL.

Macrophages phagocytose oxidised LDL

is incorrect. This step is a precursor to smooth muscle proliferation.

Smooth muscle proliferation and migration from the tunica media into the externa

is incorrect. Smooth muscle migrates into the tunica intima rather than externa."
333,"A 15-year-old male is reviewed in the paediatric outpatient department having been referred to investigate abnormally tall stature. He has a past medical history of unexplained intellectual disability. He does not take any regular medications. He lives with his family.

On examination, his height is measured at 2.08 metres. Pes cavus and genu valgum are noted. He has long, thin fingers. Cardiovascular and respiratory examinations are normal. Examination of his eyes reveals downward dislocation of the lens.

What is the most likely diagnosis?","[""Hyperthyroidism"", ""Homocystinuria"", ""Klinefelter's syndrome"", ""Marfan's syndrome"", ""Precocious puberty""]",Homocystinuria,1,"Tall, long fingered, downward lens dislocation, learning difficulties, DVT - homocystinuria

Homocystinuria is the correct answer. This is characterized by tall stature, downward lens dislocation (ectopia lentis) and learning difficulties. There is a body habitus that is similar to Marfan's syndrome. A key differentiating characteristic is downward rather than upward lens dislocation.

Marfan's syndrome is incorrect. The lens dislocation seen in this condition is upward rather than downward. Intellectual disability is not a typical feature.

Precocious puberty is incorrect. Ectopia lentis and intellectual disability point to a more specific diagnosis.

Klinefelter's syndrome is incorrect. This can cause tall stature but the intellectual function is typically normal. There is a history of small, poorly functioning testes.

Hyperthyroidism is incorrect. While this can cause stature, it is not associated with ectopia lentis or intellectual disability. Additionally, the typical features of this condition are not mentioned e.g. tremor, diaphoresis, tachycardia, thyroid eye disease."
334,Which one of the following is only secreted by the adrenal medulla?,"[""Noradrenaline"", ""Aldosterone"", ""Metadrenaline"", ""Cortisol"", ""Adrenaline""]",Adrenaline,4,
335,"A 24-year-old male who recently immigrated from Turkey presented reporting painful ulcers on the scrotum. He has no significant past medical history of note and was taking paracetamol for the pain.

On examination, there are several painful ulcers on the scrotum and inside the oral cavity.

Blood tests showed positive HLA-B51.

Which chromosome encodes the genes for this HLA antigen?","[""Chromosome 4"", ""Chromosome 5"", ""Chromosome 6"", ""Chromosome 7"", ""Chromosome 8""]",Chromosome 6,2,"HLA antigens are encoded for by genes on chromosome 6

The presence of painful oral and genital ulcers in a patient from the Middle East is suggestive of a diagnosis of Bechet's disease. HLA antigens are encoded for by genes on chromosome 6."
336,"An 18-year-old man is referred to the acute medical team with nausea and vomiting. He is a type 1 diabetic and has recently been unwell. Blood tests confirm diabetic ketoacidosis, and he is started on an insulin infusion.

What type of receptor does this treatment bind to?","[""Beta-1 receptors"", ""G protein-coupled receptors"", ""Guanylate cyclase receptors"", ""Ligand-gated ion channel receptors"", ""Tyrosine kinase receptors""]",Tyrosine kinase receptors,4,"Insulin binds to a receptor tyrosine kinase in the cell membrane

Insulin binds to

tyrosine kinase receptors

. Tyrosine kinase receptors are seen with insulin, insulin-like growth factor, and epidermal growth factor.

Beta-1 receptors

are types of G protein-coupled receptors and they are what epinephrine binds to.

G protein-coupled receptors

generally, mediate slow transmission and affect metabolic processes. They are activated by a wide variety of extracellular signals, for example, adrenaline.

Guanylate cyclase receptors

contain intrinsic enzyme activity and are associated with atrial natriuretic factor and brain natriuretic peptide.

Ligand-gated ion channel receptors

generally mediate fast responses such as nicotinic acetylcholine."
337,"A 2-year-old boy presents to the paediatric clinic with developmental delay, coarse facial features, and hepatosplenomegaly. His parents report that he was developing normally until around 12 months of age when they noticed he began losing previously acquired skills. Investigations reveal cloudy corneas and skeletal abnormalities on X-ray. A skin biopsy is performed for fibroblast culture.

Which cellular process is most likely defective in this patient?","[""Endoplasmic reticulum protein folding"", ""Golgi apparatus mannose-6-phosphate tagging"", ""Mitochondrial oxidative phosphorylation"", ""Peroxisomal fatty acid oxidation"", ""Proteasomal protein degradation""]",Golgi apparatus mannose-6-phosphate tagging,1,"Golgi adds mannose-6-phosphate to proteins for trafficking to lysosomes

Golgi apparatus mannose-6-phosphate tagging

is the correct answer. This patient presents with classic features of a lysosomal storage disorder, specifically mucopolysaccharidosis (MPS). The constellation of developmental regression, coarse facial features, hepatosplenomegaly, corneal clouding, and skeletal abnormalities is highly suggestive of this diagnosis. Lysosomal storage disorders occur when there is a deficiency of specific lysosomal enzymes needed to break down various substrates, leading to their accumulation in tissues.

The Golgi apparatus plays a crucial role in targeting newly synthesized lysosomal enzymes to lysosomes through mannose-6-phosphate (M6P) tagging. This process involves the addition of M6P residues to specific N-linked oligosaccharides on lysosomal enzymes in the Golgi. These M6P tags are then recognized by mannose-6-phosphate receptors, which facilitate the transport of these enzymes from the Golgi to lysosomes. Defects in this tagging system can lead to misrouting of lysosomal enzymes, resulting in their secretion outside the cell rather than delivery to lysosomes. This causes a functional deficiency of lysosomal enzymes despite normal production, leading to the clinical manifestations of lysosomal storage disorders. I-cell disease (mucolipidosis II) is a specific example where this M6P tagging mechanism is defective.

Endoplasmic reticulum protein folding

defects typically manifest as ER stress syndromes. While protein misfolding can contribute to some storage disorders, the clinical picture described is more consistent with defective trafficking of properly folded lysosomal enzymes rather than primary protein folding issues. ER protein folding disorders often present with different clinical features such as congenital disorders of glycosylation.

Mitochondrial oxidative phosphorylation

defects typically present with features of energy deficiency such as muscle weakness, seizures, stroke-like episodes, and lactic acidosis. The progressive neurodevelopmental deterioration with multisystem involvement described in this case is more consistent with a lysosomal storage disorder rather than a primary mitochondrial disorder.

Peroxisomal fatty acid oxidation

defects, such as those seen in Zellweger syndrome, typically present with hypotonia, seizures, characteristic facial features, and liver dysfunction. While there is some overlap with the presented symptoms, peroxisomal disorders typically don't cause the corneal clouding and specific skeletal changes described in this case.

Proteasomal protein degradation

abnormalities are associated with various disorders including neurodegenerative conditions and some forms of cancer. However, the constellation of symptoms described in this case, particularly the coarse facial features, hepatosplenomegaly, and corneal clouding, is much more consistent with a lysosomal storage disorder than a primary proteasomal dysfunction."
338,"A 17-year-old man is referred to a neurology clinic with a three-year history of difficulty walking. He has no past medical history.

On examination, there is a broad-based gait. Dysarthria is noted. He is areflexic in the lower limbs. There is scoliosis. A soft ejection systolic murmur is audible.

An echocardiogram reveals hypertrophic cardiomyopathy.

What is the pattern of inheritance of the probable diagnosis?","[""Autosomal dominant"", ""Autosomal recessive"", ""Mitochondrial"", ""X-linked dominant"", ""X-linked recessive""]",Autosomal recessive,1,"Friedreich's ataxia is autosomal recessive

Autosomal recessive

is correct. The patient presents with a chronic history of dysarthria, and ataxia (broad-based gait). Moreover, he is noted to be areflexic. Together with echocardiographic findings of hypertrophic cardiomyopathy, this suggests a diagnosis of Friedreich's ataxia (FA). The pattern of inheritance of this condition is autosomal recessive. It typically presents between the ages of 5-15 but may also have a later onset in some cases.

Autosomal dominant

is incorrect. Hypertrophic cardiomyopathy (HOCM) is commonly inherited in an autosomal dominant pattern. However, it is clear from the description that HOCM is not an isolated problem and there is a disorder with more diverse manifestations present.

Mitochondrial

is incorrect. Most mitochondrial disorders are maternally inherited. An example would be neuropathy, ataxia, retinitis pigmentosa, and ptosis (NARP). While this patient has areflexia and ataxia. There is no suggestion of retinitis pigmentosa, and ptosis and so FA is the more likely diagnosis.

X-linked dominant

is incorrect. X-linked dominant inheritance means that the gene responsible for a genetic disorder is located on the X chromosome, and only one copy of the allele is required to cause the disorder. Examples of conditions inherited in this way are Rett syndrome and Alport syndrome.

X-linked recessive

is incorrect. This form of inheritance means that a mutation in a gene on the X chromosome causes the phenotype to definitely be expressed in males but only in females who are homozygous for the gene mutation. Examples of conditions with this inheritance pattern are red-green colour blindness and haemophilia A."
339,"A 32-year-old man presents with episodic burning pain in his hands and feet that worsens with physical activity or heat exposure. He also reports gastrointestinal discomfort and dark, reddish discolouration of the urine after exercise.

Examination reveals clusters of small, dark red lesions on the lower abdomen and buttocks. His family history includes multiple relatives with kidney failure in their 40s and 50s.

What is the most likely underlying mechanism of his condition?","[""Deficiency of alpha-galactosidase A"", ""Defective collagen synthesis"", ""Immune-mediated vasculitis"", ""Podocyte protein mutation"", ""Hyperglycemia-induced vascular damage""]",Deficiency of alpha-galactosidase A,0,"Fabry disease is caused by a deficiency of alpha-galactosidase A

Deficiency of alpha-galactosidase A

is the correct answer because the patient’s presentation is classic for Fabry disease, an X-linked lysosomal storage disorder caused by a deficiency of alpha-galactosidase A. The resulting accumulation of globotriaosylceramide (Gb3) in vascular endothelial cells and other tissues explains the burning pain in the hands and feet (acroparesthesias), dark red angiokeratomas on the lower abdomen, and dark-coloured urine indicative of renal involvement (hematuria or proteinuria). The family history of early-onset renal failure further supports this diagnosis, as Fabry disease often leads to progressive kidney damage and end-stage renal disease (ESRD). Worsening pain with heat or exercise is a characteristic feature of Fabry disease due to impaired small-fibre nerve function.

Defective collagen synthesis

is incorrect because it refers to conditions such as Ehlers-Danlos syndrome or Alport syndrome. Alport syndrome can lead to renal failure but is primarily associated with progressive hematuria, sensorineural hearing loss, and ocular abnormalities, none of which are described in this patient. Additionally, the presence of angiokeratomas and burning pain is not characteristic of collagen synthesis disorders, ruling out this option.

Immune-mediated vasculitis

, such as Henoch-Schönlein purpura (HSP) or ANCA-associated vasculitis, can cause renal involvement and purpuric skin lesions. However, vasculitis typically presents with systemic symptoms such as fever, malaise, and palpable purpura, which are not seen here. The dark red skin lesions in this patient are consistent with angiokeratomas rather than vasculitic purpura. Furthermore, the family history and specific neuropathic pain (acroparesthesias) are not characteristic of immune-mediated vasculitis.

Podocyte protein mutations

are associated with hereditary nephrotic syndromes such as congenital nephrotic syndrome (e.g., NPHS1 mutation). While podocyte dysfunction can lead to renal failure, it does not explain this patient’s systemic symptoms such as neuropathic pain, angiokeratomas, or exacerbation of symptoms with heat or exercise. The absence of nephrotic-range proteinuria and oedema also makes podocyte protein mutation an unlikely mechanism in this case.

Hyperglycemia-induced vascular damage

is incorrect because it refers to diabetic microvascular complications, including diabetic nephropathy and neuropathy. This patient’s young age, lack of diabetes history, and family history of renal failure without mention of hyperglycemia make this option less plausible. Additionally, the specific findings of angiokeratomas and exercise-induced pain are not features of diabetic complications."
340,"A 3-year-old child is yet to learn to walk and the parents say used to be very floppy. The parents also state that their child is having more seizures recently and is bumping into objects crawling around the home regularly.

The general examination is unremarkable, with no organomegaly detected, but there is apparent muscle stiffness of the limbs. Upon fundoscopy there are red areas seen on the macular.

What is the clinical diagnosis?","[""Fabry disease"", ""Gaucher's disease"", ""Krabbe's disease"", ""Niemann-Pick disease"", ""Tay-Sachs disease""]",Tay-Sachs disease,4,"Tay-Sachs disease typically presents with developmental delay and cherry red spot on the macula, without hepatomegaly or splenomegaly

Tay-Sachs disease is the correct option. This can present after 3 months of age as hypotonia, muscle weakness and myoclonic jerks and then progress to psychomotor retardation and regression, muscle spasticity, recurrent seizures, dementia and eventual death in early childhood. The cherry red spot in the macular is present in 90%. This is the classic infantile form described here, but there are also rarer juvenile and adult-onset forms of the lysosomal storage disease.

Fabry disease is incorrect. Although this is another lysosomal storage disease it presents differently to Tay-Sachs, being generally later onset and acroparesthesia, angiokeratomas and GI disturbance being the most common initial symptoms. This is followed by corneal blurring and eventual renal and/or cardiac failure in later life.

Gaucher's disease is incorrect, as this disease presents with hepatosplenomegaly as glucocerebrosidase accumulates in the liver and spleen. However, it does cause developmental delay through accumulation  in the brain. It is the most common form of lysosomal storage disease.

Krabbe's disease is incorrect, as even though this lipid storage disease presents similarly to Tay-Sachs with developmental delays/regression and seizures, it also generally has an earlier onset and poorer prognosis, and with progressive demyelination leading to death by respiratory arrest or the complications thereof.

Niemann-Pick disease is incorrect. Tay-Sachs and Niemann-Pick present very similarly, however the latter would include hepatosplenomegaly on the examination findings."
341,How is the left ventricular ejection fraction calculated?,"[""End systolic LV volume / end diastolic LV volume"", ""End diastolic LV volume / end systolic LV volume"", ""End diastolic LV volume / stroke volume"", ""End systolic LV volume - end diastolic LV volume"", ""Stroke volume / end diastolic LV volume""]",Stroke volume / end diastolic LV volume,4,
342,A 64-year-old man collapses and dies shortly after complaining of chest pain. During the post-mortem extensive coronary artery disease is found. Examination of the atherosclerotic plaques reveals multiple foam cells. What is the origin of foam cells?,"[""Neutrophils"", ""Cardiac myocytes"", ""Macrophages"", ""Endothelial cells"", ""Lymphocytes""]",Macrophages,2,"Foam cells are fat-laden macrophages

The correct answer is

macrophages

. Foam cells are lipid-laden macrophages that play a crucial role in the development of atherosclerosis. They originate from monocytes recruited to the arterial wall, which then differentiate into macrophages. These macrophages engulf oxidized low-density lipoprotein (oxLDL) particles through scavenger receptors, leading to the accumulation of lipids within their cytoplasm and the formation of foam cells. The presence of foam cells contributes to plaque formation and progression, promoting inflammation and instability of the atherosclerotic plaque.

The other options are incorrect for the following reasons:

Neutrophils

are not the origin of foam cells. Neutrophils are granulocyte white blood cells that primarily function in acute inflammatory responses by phagocytosing pathogens and releasing antimicrobial proteins. Although they may be present in atherosclerotic lesions, they do not contribute directly to foam cell formation.

Cardiac myocytes

are also not the origin of foam cells. Cardiac myocytes are muscle cells responsible for contracting and pumping blood through the heart chambers. They do not have phagocytic capabilities or accumulate lipids like foam cells.

Endothelial cells

, which form the inner lining of blood vessels, do play a role in initiating atherosclerosis by expressing adhesion molecules that recruit monocytes to the arterial wall. However, endothelial cells themselves do not transform into foam cells as they do not engulf oxLDL particles or accumulate lipids intracellularly.

Lastly,

lymphocytes

, including T-cells and B-cells, participate in immune responses but do not give rise to foam cells either. T-cells can contribute to atherosclerosis by secreting pro-inflammatory cytokines that exacerbate inflammation within plaques, while B-cells can produce antibodies against oxLDL particles. However, these cells do not directly phagocytose lipids or become foam cells."
343,A cohort study is being designed to look at the relationship between smoking and breast cancer. What is the usual outcome measure in a cohort study?,"[""Odds ratio"", ""Experimental event rate"", ""Relative risk"", ""Absolute risk increase"", ""Numbers needed to harm""]",Relative risk,2,"Cohort study - the usual outcome measure is the relative risk

The correct answer is

Relative risk

. In a cohort study, the usual outcome measure is the relative risk. Relative risk (RR) is a statistical term that refers to your own risk of a disease compared to your risk if you do not have certain factors. In this context, it would be used to compare the incidence of breast cancer in smokers versus non-smokers. It provides a direct measure of the magnitude of association between exposure (smoking) and outcome (breast cancer).

Odds ratio

is incorrect as it is typically used in case-control studies rather than cohort studies. The odds ratio compares the odds of an event happening in one group to the odds of it happening in another group, or to a sample-based estimate of that ratio. However, it can also be used in cohort studies when the outcomes are rare.

Experimental event rate

is also incorrect because this term usually refers to the proportion of patients who have an event (like developing a disease or condition) in the experimental group of a randomized controlled trial, which is not applicable here as we are discussing a cohort study.

The choice

Absolute risk increase

is incorrect because absolute risk increase refers to the change in risk as a result of intervention or exposure. It's calculated by subtracting the baseline risk from post-intervention/exposure risk. This measure would not typically be used as an outcome measure in a cohort study.

Finally,

Numbers needed to harm

is incorrect as this measure refers to how many people need to be exposed for one person to be harmed by an intervention or exposure - again, this isn't typically used as an outcome measure in cohort studies. It's often used more frequently when assessing adverse effects or harms from interventions such as drugs or surgery."
344,"A patient develops an eczematous, weeping rash on his wrist following the purchase of a new watch. In the Gell and Coombs classification of hypersensitivity reactions this is an example of a:","[""Type I reaction"", ""Type II reaction"", ""Type III reaction"", ""Type IV reaction"", ""Type V reaction""]",Type IV reaction,3,"Type IV hypersensitivity reaction - allergic contact dermatitis

The correct answer is a

Type IV reaction

. This patient's clinical presentation is suggestive of contact dermatitis, which is typically a Type IV hypersensitivity reaction. Type IV hypersensitivity reactions are also known as delayed-type hypersensitivity as the reaction occurs 48-72 hours after exposure to an antigen. They are T-cell mediated and do not involve antibodies. In this case, the new watch likely contains nickel, a common cause of contact dermatitis.

A

Type I reaction

is incorrect because these reactions are immediate hypersensitivity reactions that occur within minutes to a few hours after exposure to an antigen. They are IgE-mediated and commonly present with symptoms such as urticaria (hives), angioedema, rhinitis, asthma or anaphylaxis. Common triggers include foods, medications and insect stings but not contact allergens like nickel.

A

Type II reaction

involves IgG or IgM antibodies directed against antigens on cell surfaces or extracellular matrix causing cell destruction, dysfunction or inflammatory responses. Examples include haemolytic anaemia, Goodpasture syndrome and rheumatic fever. It would not cause a localised rash like in this scenario.

A

Type III reaction

is characterised by immune complex deposition leading to inflammation and tissue damage. These reactions usually manifest systemically rather than causing isolated skin changes; examples include systemic lupus erythematosus (SLE) and serum sickness.

Lastly, there isn't actually a universally recognised

Type V reaction

in the Gell & Coombs classification of hypersensitivity reactions. Some sources classify certain types of autoimmunity such as Graves' disease or myasthenia gravis as Type V but this isn't widely accepted and doesn't fit with the clinical scenario given here anyway."
345,"A 34-week-old baby was born by emergency caesarean section due to placental abruption. Polyhydramnios was detected antenatal but no cause found. Whilst on the neonatal unit, the baby showed failure to thrive, occasional vomiting. Blood gas showed hypokalaemia, hyponatraemia, hypochloraemia and metabolic alkalosis. Subsequently excessive sodium, potassium and chloride were found in the urine.

What is the most likely diagnosis?","[""Diabetes insipidus"", ""Syndrome of inappropriate ADH"", ""Addison's disease"", ""Bartter's syndrome"", ""Diabetes mellitus""]",Bartter's syndrome,3,"Bartter's syndrome is a cause of metabolic alkalosis

This baby presents with symptoms and signs of Bartter's syndrome. Bartter's syndrome is a cause of metabolic alkalosis along with excessive loss of sodium, potassium and chloride. Polyhydramnios is typical in the neonatal form of Bartter's syndrome.

Diabetes insipidus typically presents with hypernatraemia rather than hyponatraemia as in this case.

Addison's disease typically presents with hyperkalaemia and in some cases metabolic acidosis.

Diabetes mellitus does not typically cause metabolic alkalosis."
346,Which one of the following syndromes is associated with an increased risk of Crohn's disease?,"[""Turner's syndrome"", ""Down's syndrome"", ""Fragile X syndrome"", ""Patau syndrome"", ""Edward's syndrome""]",Turner's syndrome,0,
347,"A 14-year-old boy presents to the paediatric oncology clinic with a rapidly enlarging jaw mass and cervical lymphadenopathy. He has no significant past medical history. A biopsy confirms a high-grade B-cell lymphoma, and cytogenetic analysis reveals a t(8;14) translocation. Which oncogene is most commonly implicated in this malignancy?","[""BCL-2"", ""c-MYC"", ""n-MYC"", ""ABL"", ""RET""]",c-MYC,1,"Burkitt's lymphoma is commonly associated with c-MYC

c-MYC

is the correct answer because it is most commonly associated with Burkitt’s lymphoma, especially when the characteristic t(8;14) translocation is present. This translocation places c-MYC under the control of immunoglobulin heavy chain enhancers, leading to its overexpression and unchecked cellular proliferation. Recognising this association is crucial for understanding both diagnosis and targeted therapies in haematological malignancies.

BCL-2

is typically involved in follicular lymphoma rather than Burkitt's lymphoma. The classic translocation for BCL-2 is t(14;18), which leads to overexpression of BCL-2 protein, inhibiting apoptosis and contributing to tumour survival—features not seen in this scenario.

n-MYC

amplification is characteristically found in neuroblastoma, particularly in children. It does not have a known association with Burkitt’s lymphoma or the t(8;14) translocation described here.

ABL

gene rearrangements are most notably implicated in chronic myeloid leukaemia (CML), where a t(9;22) Philadelphia chromosome creates a BCR-ABL fusion protein with tyrosine kinase activity. This mechanism differs significantly from that seen in Burkitt’s lymphoma.

RET

mutations are associated with multiple endocrine neoplasia types II and III (MEN II/III) as well as medullary thyroid carcinoma, but do not play a role in lymphomas or the specific genetic abnormality presented here."
348,"A speciality registrar working in intensive care has designed a research study.

The null hypothesis of the study (H0) is that there is no difference in the mean length of stay for those patients admitted to the intensive care unit requiring intubation who undergo 'lung-protective ventilation' with lower tidal volumes versus those that do not undergo this strategy. The alternative hypothesis (Ha) is that there is a difference in the average length of stay. There are 101 patients are recruited to the trial with 51 in the treatment arm and 50 in the control arm.

The doctor running the study sets a significance level (alpha) of 5%. Upon completion of the trial, the P-value for the study is computed (0.02). A value of beta is calculated as 8%. The power of the study was calculated to be 92%. A 95% confidence interval is also calculated.

What is the probability of obtaining a result by chance at least as extreme as the one actually observed, assuming the null hypothesis was true?","[""2%"", ""5%"", ""8%"", ""92%"", ""95%""]",2%,0,"P value - is the probability of obtaining a result by chance at least as extreme as the one that was actually observed, assuming that the null hypothesis is true

2% is the correct answer. The P-value is the probability of obtaining a result by chance at least as extreme as the one that was actually observed, assuming that the null hypothesis is true. In this case, it is 0.02 (i.e. 2%). It is equivalent to the risk of a type 1 error (rejecting the null hypothesis when it is in fact, true).

5% is incorrect. The alpha level is a pre-determined significance level by which we measure our P-value against to determine statistical significance.

92% is incorrect. The power of a study is the ability of a study to detect a statistically significant difference i.e. the ability to reject the null hypothesis when it is false. Broadly speaking, the power of a study is the chance of NOT making a type 2 error.

95% is incorrect. This figure corresponds to a pre-determined parameter defining the confidence interval. A confidence interval consists of a range of values that is likely to encompass the true value of a population parameter. If the confidence level is set to 95% we can say that we are 95% confident that the true population parameter is contained within the specific confidence interval.

8% is incorrect. This is the value of beta. Beta is equal to the probability of making a type 2 error i.e. failing to reject the null hypothesis when it is false."
349,"A researcher designs a cohort study to compare the likelihood of developing an abdominal aortic aneurysm in smokers versus non-smokers. They need to calculate the number of participants needed in each group to detect a significant difference, should one exist.

Which of the following statistical parameters should they calculate?","[""Positive predictive value"", ""Power"", ""Specificity"", ""Type I error"", ""Type II error""]",Power,1,"Power - the probability of (correctly) rejecting the null hypothesis when it is false

Power is the probability of (correctly) rejecting the null hypothesis when it is false. It is the probability of not making a type II error.

The positive predictive value is the probability that subjects with a positive screening test truly have the disease. The negative predictive value is a probability that subjects with a negative screening test truly don't have the disease.

Specificity is the proportion of patients without the condition who have a negative test result.

A type I error, also known as a false positive, occurs when a researcher incorrectly rejects a true null hypothesis.

A type II error, also known as a false negative, occurs when a researcher incorrectly accepts a false null hypothesis."
350,Which of the following conditions is not caused by a trinucleotide repeat expansion?,"[""Fragile X syndrome"", ""Huntington's"", ""Ataxia telangiectasia"", ""Myotonic dystrophy"", ""Friedreich's ataxia""]",Ataxia telangiectasia,2,
351,"A 64-year-old woman who is reviewed due to multiple non-healing leg ulcers. She reports feeling generally unwell for many months. Examination findings include a blood pressure of 138/72 mmHg, pulse 90 bpm, pale conjunctivae and poor dentition associated with bleeding gums. What is the most likely underlying diagnosis?","[""Thyrotoxicosis"", ""Vitamin B12 deficiency"", ""Vitamin C deficiency"", ""Diabetes mellitus"", ""Sarcoidosis""]",Vitamin C deficiency,2,
352,A 14-year-old girl presents with a swollen left knee. Her parents state she suffers from haemophilia and has been treated for a right-sided haemarthrosis previously. What other condition is she most likely to have?,"[""Turner's syndrome"", ""Down's syndrome"", ""Ataxia telangiectasia"", ""Hunter's syndrome"", ""Coeliac disease""]",Turner's syndrome,0,
353,"A patient is involved in a research trial looking into lysosomal storage disorders. The trial is investigating the golgi apparatus and it's role in the trafficking of proteins to lysosomes. Researchers hope to adapt the molecules bound to proteins in an attempt to manage the disorder.

What molecule is responsible for binding and trafficking?","[""Fructose-1,6-biphosphonate"", ""Fructose-1-phosphate"", ""Fructose-6-phosphate"", ""Mannose-1-phosphate"", ""Mannose-6-phosphate""]",Mannose-6-phosphate,4,"Golgi adds mannose-6-phosphate to proteins for trafficking to lysosomes

The is responsible for modifying and packing molecules destined for secretion from cells. However, it is also responsible for the addition of

mannose-6-phosphate

to proteins destined for trafficking to lysosomes. Lysosomal storage disorders are uncommon disorders resulting in the dysfunction of enzymes within lysosomes. They are a form of an inborn error of metabolism. Research is being carried out looking into the trafficking of these faulty enzymes into lysosomes using the mannose-6-phosphate pathway.

Fructose-1,6-biphosphonate

is produced by the phosphorylation of fructose-6-phosphate. Most glucose on fructose, on entering a cell, is converted to this molecule.

After fructose enters cells, it is rapidly converted to

Fructose-1-phosphate

before being stored in the liver and undergoing further conversions. Fructose-1-phosphate is found in abundance in hereditary fructose intolerance due to it's inability to be converted.

Fructose-6-phosphate

, as with the other options, is involved in the glycolysis metabolic pathway. It is produced from glucose-6-phosphate and subsequently phosphorylated to produce fructose-1,6-biphosphonate. Fructose-6-phosphate can also be converted into mannose-6-phosphate via isomerisation.

Mannose-1-phosphate

converted from mannose-6-phosphate by phosphomannomutase."
354,"A 32-year-old male presents to the emergency department with haematemesis. He advises you that he has had a two-week history of epigastric pain and passing dark stool which looks like 'tar'.

Blood results are as follows:


Hb	82 g/L	Male: (135-180)
Female: (115 - 160)
Platelets	464 * 109/L	(150 - 400)
WBC	14.2 * 109/L	(4.0 - 11.0)
Na+	135 mmol/L	(135 - 145)
K+	4.2 mmol/L	(3.5 - 5.0)
Urea	18.2 mmol/L	(2.0 - 7.0)
Creatinine	105 µmol/L	(55 - 120)


Blood film	Polychromasia

Based on the clinical information and blood film appearance what would be expected to be present?","[""Basophilic stippling"", ""Heinz bodies"", ""Howell-Jolly bodies"", ""Nucleated red blood cells"", ""Reticulocytes""]",Reticulocytes,4,"Reticul

The patient has had a significant upper gastrointestinal bleed as suggested by the clinical history, anaemia, and disproportionately raised urea.

In a bleeding patient with anaemia and a functioning bone marrow, then we would expect a compensatory reticulocytosis response.  This is in contrast to anaemia due to bone marrow failure where the reticulocyte count would be low or inappropriately normal.  Reticulocytes are larger immature red cells and hence can cause a spurious macrocytosis. They have a distinctive blood film appearance - appearing blue in colour. When present on a blood film in a significant number the term 'polychromasia' is used.

Basophillic stippling

refers to the presence of numerous basophilic granules that are dispersed through the cytoplasm. They can be seen in heavy metal toxicity and myelodysplastic syndrome.

Heinz bodies

are associated with G6PD deficiency. They occur due to oxidative damage resulting in denatured haemoglobin. They are removed by the spleen resulting in the production of a 'bite cell'.

Howell-Jolly bodies

, target cells, and acanthocytes are features of hyposplenism.

Nucleated red blood cells

can be seen in many conditions such as myelofibrosis, thalassemia, and haematological malignancies."
355,"A researcher is conducting a study into the concentration (in units/ml) of the pro-inflammatory cytokine interleukin-8 in the serum of healthy carriers of a rare genetic disease (the carrier group), compared to healthy controls who do not carry the mutated gene (the control group). Cytokine levels are measured in 15 people in the carrier group and in 30 unrelated age- and sex-matched controls (the control group). An analysis demonstrates that the results from the control group follow a normal distribution but the data from the carrier group do not.

The researcher wants to investigate whether there is a statistically significant difference in interleukin-8 concentration between the serum of the carrier group and the control group.

What would be the most appropriate statistical test?","[""Chi-Squared test"", ""Mann-Whitney U test"", ""Paired sample t-test"", ""Student's t-test"", ""Wilcoxon signed-rank test""]",Mann-Whitney U test,1,"Mann-Whitney U test - compares ordinal, interval, or ratio scales of unpaired data

The answer is the Mann-Whitney U test. The data are unpaired - each observation is independent of the other observations. This means we should use an unpaired test. Paired sample

t

-test and Wilcoxon signed rank test are used for paired data, e.g. a 'before' and 'after' test on the same population following an intervention.

To use Student's

t

-test we must be able to assume that the dependent variable in each group is normally distributed (but here the carrier group is not normally distributed). If the data are near-normal or a suitable transformation is applied to the data to make them normal, Student's

t

-test can sometimes be used. However, this is not stated in the question.

To help remember which non-parametric test is used:

U

refers to a statistic calculated in the Mann Whitney

U

test, but it can be used to remember than this test is used for

U

npaired data. Whereas the Wilcoxon signed-rank test ranks which observation of a pair is greater, so it is used for paired data."
356,"A 55-year-old man is referred to the outpatient cardiology clinic with fatigue and weight gain. He has had type II diabetes for 15 years, with borderline glycaemic control using metformin.

An echocardiogram was performed, which showed a globally dilated left ventricle with a reduced ejection fraction, estimated at 30%. NT-proBNP was 1256 (<125 pg/mL). A decision is made to start empagliflozin, due to its cardioprotective value in patients with heart failure with reduced ejection fraction.

What is the primary site of action for this new medication?","[""Ascending loop of Henle"", ""Collecting duct"", ""Descending loop of Henle"", ""Distal convoluted tubule"", ""Proximal convoluted tubule""]",Proximal convoluted tubule,4,"The majority of glucose reabsorption in the nephron occurs within the proximal convoluted tubule

Proximal convoluted tubule

is the correct answer. Sodium-glucose cotransporter (SGLT2) proteins are responsible for the resorption of approximately 90% of filtered glucose. Inhibition results in glycosuria and natriuresis as the protein is a cotransporter. SGLT2-inhibitors have been shown to significantly reduce the risk of hospitalisation in patients with heart failure. Interestingly, even though the glucose-lowering efficacy of SGLT2-inhibitors declines at lower eGFR rates, the cardiovascular benefits are preserved.

Ascending loop of Henle

is not correct. Loop diuretics predominantly act at the apical membrane in the thick ascending limb of the loop of Henle, inhibiting the sodium-potassium-chloride cotransporter.

Collecting duct

is not correct. Aldosterone receptor antagonists exert their diuretic effects within the collecting duct and distal convoluted tubule.

Descending loop of Henle

is not correct.  The descending limb is largely impermeable to ions and highly permeable to water. It contributes to generating the counter-current multiplication system and is responsible for most of the nephron's water-resorbing capacity.

Distal convoluted tubule

is not correct. Thiazide diuretics act on the sodium-chloride transporter in the distal convoluted tubule (DCT). There are SGLT1 proteins contained within the DCT, but these are unaffected by SGLT2 inhibitors."
357,Which cell organelle is involved in the breakdown of oligopeptides?,"[""Golgi apparatus"", ""Rough endoplasmic reticulum"", ""Peroxisome"", ""Lysosome"", ""Smooth endoplasmic reticulum""]",Lysosome,3,
358,"A 63-year-old man presents with a 6-month history of diarrhoea. He is accompanied by his daughter who is concerned about his increasing confusion over the last 3 months. She thinks he might be developing dementia due to his excessive alcohol intake. On examination, you note a dark red rash around his neck with a well-defined border.

Of which vitamin is this man most likely deficient?","[""Riboflavin"", ""Niacin"", ""Thiamine"", ""Cobalamin"", ""Pyridoxine""]",Niacin,1,"Pellagra is caused by vitamin B3 (niacin) deficiency

This man is presenting with the classic 3 D's of pellagra: diarrhoea, dermatitis and dementia. Pellagra is caused by a vitamin B3 (niacin) deficiency."
359,"A 34-year-old woman with severe rheumatoid arthritis is enrolled in a phase I clinical trial investigating a novel targeted therapy. The experimental drug is designed to modulate B-cell function by binding to a specific membrane-bound immunoglobulin that forms part of the B-cell receptor complex.

This surface immunoglobulin is co-expressed with another isotype on naïve B-cells and is thought to have distinct signalling properties that may enable more selective immunomodulation.

What membrane-bound immunoglobulin is this experimental therapy most likely targeting?","[""IgA"", ""IgC"", ""IgD"", ""IgE"", ""IgG""]",IgD,2,"IgD is involved in the activation of B-cells

IgD

is the correct answer as it exists as a membrane-bound immunoglobulin on the surface of mature naive B-cells, where it forms part of the B-cell receptor complex. Research has demonstrated that IgD is involved in B-cell activation and possesses unique signalling properties. While its precise functions are less well characterised than some other immunoglobulins, IgD plays an important role in B-cell activation through antigen recognition and signal transduction, making it a potential target for selective immunomodulation in autoimmune conditions like rheumatoid arthritis.

IgA

is incorrect as it primarily exists as a secreted antibody involved in mucosal immunity rather than as a significant membrane-bound component of the B-cell receptor. While some B-cells can express membrane-bound IgA after class switching, this occurs in activated rather than naive B-cells. IgA is not involved in initial B-cell activation signalling and would not be a logical target for modulating naive B-cell function.

IgC

is incorrect as this is not a recognised immunoglobulin class in human immunology. The standard immunoglobulin classes in humans are IgA, IgD, IgE, IgG, and IgM. There is no IgC class involved in any aspect of human B-cell function or immune responses, making this an implausible target for immunotherapy research.

IgE

is incorrect as it functions primarily as a secreted antibody involved in allergic responses and defence against parasitic infections. IgE is not expressed as a significant membrane-bound component on naive B-cells. It binds to high-affinity receptors on mast cells and basophils rather than functioning as part of the B-cell receptor complex involved in B-cell activation.

IgG

is incorrect as it exists primarily as a secreted antibody rather than as a membrane-bound component on naive B-cells. While some mature B-cells can express surface IgG after class switching and activation, naive B-cells do not typically express significant amounts of membrane IgG. IgG is not involved in initial B-cell activation signalling of naive cells and would not be a relevant target for the described therapy."
360,"A 40-year-old man is admitted to the intensive care unit with severe acute respiratory distress syndrome (ARDS) following viral pneumonia. He is intubated and mechanically ventilated but continues to experience significant hypoxaemia despite optimal ventilation strategies and standard treatment. As a rescue therapy, the medical team decided to administer inhaled nitric oxide to improve his oxygenation.

What is the mechanism by which this medication improves oxygenation?","[""Bronchodilation and improved airflow"", ""Bronchodilation via inhibition of phosphodiesterase-4 (PDE4)"", ""Pulmonary vasodilation via increased cyclic AMP"", ""Pulmonary vasodilation via increased cyclic GMP"", ""Pulmonary vasodilation via inhibiting phosphodiesterase-5""]",Pulmonary vasodilation via increased cyclic GMP,3,"Nitric oxide -  vasodilation + inhibits platelet aggregation

In this patient with ARDS,

pulmonary vasodilation via increased cyclic GMP

is the mechanism by which inhaled nitric oxide (NO) improves oxygenation. NO stimulates guanylate cyclase, leading to increased cyclic GMP, which causes vasodilation in the pulmonary vasculature. This reduces pulmonary vascular resistance and improves the ventilation-perfusion ratio, ultimately enhancing oxygenation.

Bronchodilation and improved airflow

this mechanism is characteristic of beta-2 agonists, such as salbutamol, which relax smooth muscle in the airways, thereby improving airflow and reducing airway resistance. Beta-2 agonists may be helpful in ARDS when there is concomitant bronchospasm; however, they are not considered a primary treatment for improving oxygenation in ARDS.

Phosphodiesterase-4 (PDE4)

is an enzyme involved in the breakdown of cyclic AMP (cAMP) and is a therapeutic target for bronchodilators such as roflumilast, used in chronic obstructive pulmonary disease (COPD). However, nitric oxide does not inhibit PDE4, nor does it exert its effects via the cAMP pathway. Since ARDS is not primarily caused by bronchospasm, PDE4 inhibition would have minimal impact on oxygenation in this case.

While

cyclic AMP (cAMP)

does play a role in vascular smooth muscle relaxation, the mechanism involving cAMP is incorrect in this case because it does not apply to inhaled nitric oxide therapy. Instead, cAMP is the key mediator in vasodilation for drugs like prostacyclin (epoprostenol), which increases cAMP levels to induce pulmonary vasodilation. Prostacyclin is commonly used in the management of pulmonary hypertension to reduce pulmonary vascular resistance.

Pulmonary vasodilation via inhibiting phosphodiesterase-5

this is the mechanism of phosphodiesterase-5 inhibitors, such as sildenafil, which increase cyclic GMP levels by inhibiting its breakdown, leading to pulmonary vasodilation. Sildenafil can reduce pulmonary vascular resistance but is not commonly used in the management of ARDS, particularly in the absence of pulmonary hypertension."
361,"A 25-year-old man who has been morbidly obese for the past five years is reviewed in the endocrinology clinic. In this patient, which one of the following hormones would increase appetite as levels increase?","[""Leptin"", ""Thyroxine"", ""Adiponectin"", ""Ghrelin"", ""Serotonin""]",Ghrelin,3,"Obesity hormones

Whilst thyroxine can increase appetite it does not fit with the clinical picture being described"
362,"A 22-year-old man presents with progressive neck swelling, weight loss, night sweats and fevers. On examination, you note bulky bilateral cervical and supraclavicular lymph nodes.

An urgent ultrasound-guided biopsy is arranged:


Core biopsy	Multiple Reed-Sternberg cells present

What surface marker would you expect to be present?","[""CD10"", ""CD15"", ""CD20"", ""CD3"", ""CD38""]",CD15,1,"CD15 is found on Reed-Sternberg cells

CD15

is correct. Reed-Sternberg cells are classically CD15 and CD30 positive.

CD10

is incorrect. CD10 is associated with B lymphoblastic leukaemia (B ALL).

CD20

is incorrect. CD20 is associated with mature B cell neoplasms (e.g. diffuse large B cell lymphoma).

CD3

is incorrect. CD3 is a T cell marker associated with T cell lymphomas and leukaemias.

CD38

is incorrect. CD38 is associated with malignant plasma cell neoplasms."
363,"A new biochemical marker has been found which is increased in mothers who are carrying fetuses with Down's syndrome. The new blood test is trialled in 1,000 women over the age of 35 years. Of these women 20 were found to be carrying a fetus with Down's syndrome as assessed using standard measures. The new test was positive in 15 of the 20 cases but was also positive in 30 of the remaining 980 women. What is the positive predictive value of the test?","[""0.66"", ""950/980"", ""0.33"", ""0.8"", ""0.5""]",0.33,2,
364,"A 35-year-old man presents to the neurology clinic with progressive weakness in his lower limbs over the past year. He also reports visual disturbances and hearing loss. On examination, he has spastic paraparesis and reduced visual acuity. Blood tests show elevated very long chain fatty acids. MRI brain shows demyelination in the parieto-occipital regions.

What is the most likely underlying pathophysiology?","[""Defective mitochondrial oxidative phosphorylation"", ""Impaired peroxisomal fatty acid oxidation"", ""Abnormal lysosomal enzyme function"", ""Defective proteasomal protein degradation"", ""Impaired Golgi apparatus glycosylation""]",Impaired peroxisomal fatty acid oxidation,1,"Peroxisomes are responsible for the catabolism of long chain fatty acids

Impaired peroxisomal fatty acid oxidation

is the correct answer. This patient's presentation is consistent with adrenoleukodystrophy (ALD), an X-linked peroxisomal disorder characterized by the accumulation of very long chain fatty acids (VLCFAs) due to impaired peroxisomal beta-oxidation. Peroxisomes are specifically responsible for the initial oxidation of VLCFAs before they can be further metabolized by mitochondria. In ALD, mutations in the ABCD1 gene result in defective transport of VLCFAs into peroxisomes, leading to their accumulation in plasma and tissues. The clinical features described - progressive spastic paraparesis, visual disturbances, hearing loss, and characteristic parieto-occipital demyelination on MRI - are classic for the adult cerebral form of ALD. The elevated VLCFAs in blood tests provide the key diagnostic clue, directly pointing to peroxisomal dysfunction.

Defective mitochondrial oxidative phosphorylation

is incorrect. While mitochondrial disorders can present with neurological symptoms, they typically manifest with features such as exercise intolerance, lactic acidosis, and ragged-red fibers on muscle biopsy. Mitochondria are responsible for oxidizing medium and short-chain fatty acids, but not VLCFAs, which require peroxisomal processing first. The pattern of demyelination and elevated VLCFAs are not characteristic of mitochondrial disorders.

Abnormal lysosomal enzyme function

is incorrect. Lysosomal storage disorders result from deficiencies in lysosomal enzymes leading to accumulation of various substrates like sphingolipids, mucopolysaccharides, or glycoproteins. While they can cause neurological deterioration, they typically present with organomegaly, coarse facial features, and different patterns of neuroimaging abnormalities. Elevated VLCFAs are not a feature of lysosomal disorders.

Defective proteasomal protein degradation

is incorrect. The ubiquitin-proteasome system is responsible for the degradation of misfolded or damaged proteins, not fatty acid metabolism. Disorders of this system are rare but can manifest as neurodegenerative conditions. However, they would not explain the elevated VLCFAs or the specific pattern of demyelination seen in this patient.

Impaired Golgi apparatus glycosylation

is incorrect. Congenital disorders of glycosylation affect the addition of sugar moieties to proteins and lipids in the endoplasmic reticulum and Golgi apparatus. They typically present with multisystem involvement including developmental delay, abnormal fat distribution, and coagulopathy. The Golgi apparatus is not involved in fatty acid metabolism, and disorders affecting it would not lead to elevated VLCFAs."
365,Which one of the following statements regarding relative risk is correct?,"[""Relative risk = 1 - absolute risk reduction"", ""It is the usual outcome measure of cohort studies"", ""Risk may be defined as the odds of an outcome happening"", ""Relative risk = 1 / odds ratio"", ""If the risk ratio is less than 1 then the rate of an event is increased compared to controls""]",It is the usual outcome measure of cohort studies,1,
366,"A 16-year-old boy is referred for investigation following the development of several organ dysfunctions including chronic kidney disease and congestive heart failure, associated with symptoms of all-over body pain and small painless papules appearing mainly on the child's upper legs.

Fabry disease, a lysosomal storage condition, is suspected and confirmed via enzyme assay testing. Given the advancement of his condition, it is recommended the child is started on enzyme replacement therapy immediately.

How is this condition inherited?","[""Autosomal dominant"", ""Autosomal recessive"", ""X-linked dominant"", ""X-linked recessive"", ""Y-linked""]",X-linked recessive,3,"Fabry disease: X-linked recessive

Fabry disease is a lysosomal storage condition, that interferes with the function of alpha-galactosidase A, an enzyme that processes sphingolipids and prevents them from building up in organs and blood vessel walls. The condition can manifest in several ways such as kidney failure, heart failure, body pain and skin issues including angiokeratomas (described in this case), anhidrosis and Raynaud's disease-like symptoms. Fabry disease is an

x-linked recessive

condition that is often misdiagnosed due to its rarity.

Autosomal dominant

conditions, where only one altered/dysfunctional copy of the gene is required for a patient to be affected, include diseases such as Marfan syndrome and Huntington's disease.

Autosomal recessive

conditions, where the variant is required to be present on both copies of the gene for a patient to be affected, include diseases such as cystic fibrosis and sickle cell disease.

X-linked dominant

conditions, where the variant is only required to be present on one X chromosome for a patient to be affected, include diseases such as fragile X syndrome.

Conditions where the altered causative gene is located on the Y chromosome are considered

Y-linked

and as such can only occur in males. Examples of Y-linked diseases include Y chromosome infertility and some cases of Swyer syndrome."
367,"A 23-year-old man is admitted with sepsis. Blood cultures are reported as follows:


Neisseria gonorrhoeae

Which of the following complement proteins is the patient most likely to deficient in?","[""C1q, C1rs, C2, C4"", ""C3a + C5a"", ""C5-9"", ""C4"", ""C2""]",C5-9,2,
368,"Interferon-alpha may be used in the management of each one of the following, except:","[""Metastatic renal cell cancer"", ""Hepatitis B"", ""Kaposi's sarcoma"", ""Hepatitis C"", ""Chronic granulomatous disease""]",Chronic granulomatous disease,4,
369,As part of a research project you are trying to ascertain whether the use of dummies in infants is linked to sudden infant death syndrome. What is the most appropriate form of study design?,"[""Randomised controlled trial"", ""Cross-over trial"", ""Cross-sectional survey"", ""Case-control study"", ""Cohort study""]",Case-control study,3,"Case-control study - compares a group with a disease to a group without, looking at past exposure to a possible causal agent for the condition

The correct answer is Case-control study. This type of study design is most appropriate when investigating potential risk factors for rare outcomes, such as sudden infant death syndrome (SIDS). In a case-control study, researchers would identify infants who died from SIDS (cases) and compare them with matched controls (living infants) to retrospectively analyse dummy use. This design is particularly efficient for SIDS research as it requires relatively few subjects due to the condition's rarity, and it allows investigation of multiple potential risk factors simultaneously.

Randomised controlled trial

would be unethical in this context as it would involve randomly allocating infants to either use or not use dummies, potentially exposing them to harm if there is indeed a link to SIDS. Furthermore, RCTs are typically used to test interventions rather than investigate risk factors.

Cross-over trial

is inappropriate as it involves subjects receiving different interventions in sequence with a washout period between. This design would be impossible for SIDS research as the outcome is death, and crossover cannot occur.

Cross-sectional survey

would not be suitable as it only provides a snapshot of dummy use at one point in time and cannot establish temporal relationships between dummy use and SIDS. Additionally, as SIDS is rare, a cross-sectional survey would likely identify very few cases.

Cohort study

, while potentially useful, would be less efficient than a case-control study for investigating SIDS. A cohort study would require following a very large number of infants over time to observe enough SIDS cases for meaningful analysis, making it more time-consuming and expensive than a case-control study."
370,Which one of the following diseases is most strongly associated with HLA antigen DR2?,"[""Haemochromatosis"", ""Type 1 diabetes mellitus"", ""Goodpasture's syndrome"", ""Behcet's disease"", ""Coeliac disease""]",Goodpasture's syndrome,2,"Goodpasture's - HLA-DR2

The correct answer is

Goodpasture's syndrome

. This condition, also known as anti-glomerular basement membrane disease, has been found to be strongly associated with HLA-DR2. Goodpasture's syndrome is an autoimmune disorder characterised by the presence of circulating antibodies against type IV collagen in the glomerular and alveolar basement membranes. The reason for this association with HLA-DR2 is not completely understood but it is believed that certain HLA types may present self-antigens to T cells in a way that promotes autoimmunity.

Haemochromatosis

, on the other hand, is most strongly associated with HLA-A3. Haemochromatosis is an autosomal recessive disorder characterised by increased iron absorption leading to iron overload. While there are many types of haemochromatosis, type 1 (the most common form) is caused by mutations in the HFE gene which are often seen alongside the HLA-A3 antigen.

Type 1 diabetes mellitus

has a strong association with several different HLA antigens, particularly DR3 and DR4. These antigens are thought to contribute to the autoimmune destruction of pancreatic beta cells that leads to type 1 diabetes. It should be noted though that while these associations exist, having these antigens does not guarantee a person will develop diabetes; other genetic and environmental factors play a role too.

Behcet's disease

, a rare multisystem inflammatory disorder, has been linked with HLA-B51 more than any other antigen. Behcet's disease causes inflammation of blood vessels throughout the body leading to symptoms such as mouth sores, eye inflammation and skin problems.

Lastly,

Coeliac disease

has a very strong association with two specific HLA molecules: DQ2 and DQ8. Almost all individuals with coeliac disease possess one or both of these antigens. Coeliac disease is an immune reaction to dietary gluten leading to inflammation and damage in the lining of the small intestine."
371,A 25-year-old woman presents with a symmetrical arthropathy affecting her hands. On examination she has synovitis of the 2nd and 3rd metacarpophalangeal joints. What type of HLA allele is most associated with this condition?,"[""HLA DR3"", ""HLA A3"", ""HLA DR4"", ""HLA DR2"", ""HLA B27""]",HLA DR4,2,"Rheumatoid arthritis - HLA DR4

This patient has rheumatoid arthritis."
372,"A 45-year-old man attends your clinic. He is concerned as his father has just been diagnosed with Huntington's disease. He is aware that this is a genetic condition and wants to be tested. He also wants more information about the likely course of the condition. You explain that, if he tests positive, he will likely develop symptoms earlier than his father did.

What aspect of the condition gives rise to this phenomenon?","[""Anticipation"", ""Epigenetics"", ""Expressivity"", ""Inheritance"", ""Penetrance""]",Anticipation,0,"Anticipation in trinucleotide repeat disorders =

Anticipation

is the phenomenon in which the age of onset of a condition lowers with each successive generation. Classically this is seen in trinucleotide repeat disorders such as Huntington's disease (CAG expansion), myotonic dystrophy (CTG), and fragile X-syndrome (CGG), and is caused by the repeated trinucleotide expanding further in each successive generation.

Epigenetics

is the study of the way our genotype is expressed as a phenotype. Specifically, it is 'the study of changes in gene function that are mitotically and/or meiotically heritable and that do not entail a change in DNA sequence'. Mechanisms by which this occurs include methylation and histone binding. It is not relevant in the progression of Huntington's symptoms from one generation to the next.

Expressivity

refers to the extent to which a particular genotype is expressed in the phenotype of an individual. Marfan's disease has a very varied expressivity, meaning different people affected by it can be affected very differently. Huntington's does not show significantly varied expressivity - the natural history is similar for all affected individuals.

There are several different modes of

inheritance

, including autosomal recessive/dominant, and X-linked. While this can lead to various levels of severity of a disease (e.g. sickle cell trait vs sickle cell), it is not the correct answer here, as the progressive reduction in the age of onset of Huntington's disease is caused by anticipation.

Penetrance

refers to the proportion of the population who have a particular mutation also having the associated disease. An example would be BRCA-1, a mutation of which causes breast cancer in 80% of those affected, giving it a penetrance of 80%."
373,"An 18-year-old man is seen in the infectious diseases clinic some 6 weeks after admission to the Emergency department with meningococcal meningitis. This was confirmed on lumbar puncture and represented his second episode of meningitis over the last 6 months. He has no other past medical history and takes no regular medication.

Which of the following is most likely to be deficient?","[""C1"", ""C3"", ""C4"", ""C5"", ""CD59""]",C5,3,
374,Which one of the following immunoglobulins is involved in the activation of B-cells?,"[""IgD"", ""IgM"", ""IgE"", ""IgG"", ""IgA""]",IgD,0,"IgD is involved in the activation of B-cells

The correct answer is

IgD

. Immunoglobulin D (IgD) is a monomeric antibody that is found primarily on the surface of B cells, where it functions as an antigen receptor. This role in B cell activation makes IgD crucial for the initiation of immune responses. When an antigen binds to the IgD molecule on a B cell, it triggers the cell to proliferate and differentiate into an antibody-secreting plasma cell.

IgM

is also found on the surface of B cells, but its primary role is not in activating these cells. Instead, IgM is released by plasma cells during the initial stages of an immune response to act as a first line of defence against pathogens. It can neutralise pathogens directly or activate complement cascades to enhance phagocytosis and inflammation.

IgE

plays a key role in allergic reactions and parasitic infections rather than B-cell activation. It binds to mast cells and basophils, causing them to release histamine when they encounter specific antigens. This results in symptoms such as itching, redness and swelling.

IgG

is the most abundant immunoglobulin in blood and extracellular fluid, providing long-term immunity against many pathogens. However, it does not play a significant role in activating B-cells. Instead, IgG antibodies are produced by differentiated plasma cells after exposure to an antigen.

Finally,

IgA

is predominantly found in mucosal areas such as the gut, respiratory tract and urogenital tract where it helps prevent colonisation by pathogens. Like IgG, it does not have a major function in B-cell activation.

Therefore, while all these immunoglobulins have important roles within the immune system, only IgD has a direct involvement with B-cell activation."
375,"You are an ST1 doctor in General Medicine working a night shift. An elderly patient with known colorectal cancer has been admitted to the Emergency Department with a suspected bowel obstruction. The ED F2 doctor attempted to refer the patient to the surgical team, but they declined the referral, stating that surgical intervention is unlikely and the patient should be admitted under the medical team instead. The F2 doctor has now contacted you requesting that you accept the patient.

What is the most appropriate response?","[""Accept the patient and ask the staff to transfer her to the medical assessment unit"", ""Simply refuse in order to avoid the patient being admitted under an inappropriate specialty"", ""Tell the surgical registrar that you will contact the on-call surgical consultant if he refuses to accept the patient"", ""Go down to the emergency department and review the patient"", ""Phone the surgical team yourself to discuss the matter""]",Go down to the emergency department and review the patient,3,
376,What level of evidence does a study offer which is obtained from a meta-analysis of randomised controlled trials?,"[""Ia"", ""Ib"", ""IIa"", ""IIb"", ""IV""]",Ia,0,
377,"A 72-year-old woman presents to the emergency department following a fall at home, sustaining a head injury. She has a past medical history of atrial fibrillation, and is taking warfarin for stroke prophylaxis, with a target INR of 2.5.

CT head demonstrates an acute subdural haemorrhage. Her INR is 5.5.

You decide to administer IV vitamin K 5mg.

What is the mechanism of action of this medication?","[""Activates anti-thrombin III"", ""Acts as a co-factor in the carboxylation of factors II, VII, IX and X"", ""Acts as a co-factor in the carboxylation of factors II, V, X and XII"", ""Direct inhibitor of factor Xa"", ""Direct thrombin inhibitor""]","Acts as a co-factor in the carboxylation of factors II, VII, IX and X",1,"Vitamin K acts as a cofactor in the carboxylation of clotting factors (II, VII, IX, X)

This question is testing your knowledge of vitamin K. In this scenario, as the patient has presented with major bleeding on warfarin, IV vitamin K should be given to reverse the effects of warfarin, by allowing the carboxylation of clotting factors II, VII, IX and X. Prothrombin complex concentrate or fresh frozen plasma would also be given in this case.

Vitamin K takes up to 4 hours to produce a reduction in INR when given to reverse the effects of warfarin.

Vitamin K is fat-soluble, and hence levels may fall in conditions affecting fat absorption, such as obstructive jaundice.

The DOACs apixaban, edoxaban and rivaroxaban work by directly inhibiting factor Xa. Dabigatran (also a DOAC) works by direct inhibiting thrombin (factor IIa).

Heparin works by activating anti-thrombin III, which inactivates factor Xa and thrombin."
378,"A trial is carried out to assess the risk of adverse skin reactions using a new topical glue for wound closure in children.

A total of 2000 children were entered into the trial with 1000 randomly assigned to receive management with the new topical glue and 1000 using a standard topical glue.

The result showed that 10 of the children managed with the new glue sustained a skin reaction compared to 30 children managed using the standard topical glue.

What best represents the absolute risk reduction for skin reactions using the new topical glue?","[""0.01"", ""0.02"", ""0.03"", ""0.08"", ""0.8""]",0.02,1,"Absolute risk reduction = (Control event rate) - (Experimental event rate)

The absolute risk reduction (ARR) is the calculated difference between the risk of an outcome in the exposed group and the unexposed group and is the inverse of the absolute risk reduction is the number needed to treat. The ARR is worked out by calculating the difference between the control event rate (CER) and the experimental event rate (EER) i.e. AAR = CER - EER

CER = Number of patients who had a particular outcome with the control/ Total number who had the control. Whereas;

EER = Number of patients who had a particular outcome with the intervention / Total number who had the intervention.

In this example, the control group were the children managed using the standard topical glue and therefore: CER = 30/1000 = 0.03.

The children managed using the new topical glue where the experimental group and therefore:  EER = 10/1000 = 0.01

This means to work out the ARR for the new topical glue we use the calculation:

ARR = CER - EER

ARR = 0.03 - 0.01

ARR therefore =

0.02"
379,"A 54-year-old man presents to the emergency department with abdominal pain radiating from his right loin to groin.

On examination, he is restless. There is no evidence of peritonitis.

Urinalysis:


Blood	++
Protein	-ve
Nitrites	-ve
Leucocytes	-ve

Given the probable diagnosis, what is the likely composition of the obstructing element?","[""Calcium oxalate"", ""Calcium phosphate"", ""Cholesterol"", ""Cystine"", ""Struvite""]",Calcium oxalate,0,"Renal stones are most commonly composed of calcium oxalate

Calcium oxalate

is the correct answer. The patient presents with pain radiating from the loin to the groin associated with haematuria. This is the classic presentation of renal colic caused by an obstructing stone. The stone is most likely composed of calcium oxalate, which is the cause in 85% of cases.

Calcium phosphate

is incorrect. This is the composition of renal stones in 10% of cases. it is more common in renal tubular acidosis, which is not present here.

Cholesterol

is incorrect. This is the common composition of gallstones rather than renal stones. Biliary colic tends to have pain that localizes to the right upper quadrant rather than radiating from the loin to the groin and is not associated with haematuria.

Cystine

is incorrect. This is a rare cause of renal colic (~ 1%) and is typically an inherited disorder.

Struvite

is incorrect. This is a less common cause of renal stones than calcium oxalate. They form as a result of urease-producing bacteria and are thus associated with chronic infections. They represent 2-20% of all calculi."
380,"A 62-year-old man has an out-of-hospital cardiac arrest and is pronounced dead at the scene. A post-mortem examination is carried out to determine the cause of death, which demonstrates 90% stenosis of the left anterior descending artery.

Which of the following is the final step in development of this stenosis?","[""Endothelial dysfunction triggered by smoking, hypertension or hyperglycaemia"", ""Fatty infiltration of the subendothelial space by low-density lipoprotein (LDL)"", ""Macrophages phagocytose oxidised low-density lipoprotein"", ""Pro-inflammatory, pro-oxidant, proliferative changes in the endothelium"", ""Smooth muscle proliferation and migration from the tunica media into the intima""]",Smooth muscle proliferation and migration from the tunica media into the intima,4,"Smooth muscle proliferation and migration from the tunica media into the intima is the last step in the formation of an atheroma

The significant stenosis of the left coronary artery indicates that the most likely cause is sudden cardiac death due to ischaemia. The underlying pathology is the development of atherosclerosis which leads to progressive stenosis of the coronary vessels.

The final step in the formation of atherosclerosis is smooth muscle proliferation and migration from the tunica media into the intima.

The other steps are:

1. Endothelial dysfunction triggered by smoking, hypertension or hyperglycaemia.

2. Pro-inflammatory, pro-oxidant, proliferative changes in the endothelium.

3. Fatty infiltration of the subendothelial space by low-density lipoprotein (LDL).

4. Macrophages phagocytose oxidised low-density lipoprotein.

5. Smooth muscle proliferation and migration from the tunica media into the intima."
381,"A new point-of-care test has been developed to detect individuals infected with SARS-CoV-2 (COVID-19). Over 3 months, 1100 patients who attended the emergency department were randomly selected to be tested for COVID-19. The new point-of-care test was positive in 150 of these patients, of which 100 had COVID-19 infection confirmed by PCR. COVID-19 was also confirmed by PCR test in 30 of the patients who tested negative on the new point-of-care test.

What is the positive predictive value (PPV) of the new point-of-care test?","[""66.7%"", ""76.9%"", ""94.8%"", ""96.8%"", ""98.4%""]",66.7%,0,"Positive predictive value = TP / (TP + FP)

The positive predictive value (PPV) is calculated using the true positives (TP) and false positives (FP). PPV = TP / (TP + FP). In this case, TP = the 100 patients who tested positive with the new test and were confirmed to have COVID-19 by PCR. FP = those who tested positive with the new test but did not have COVID-19 confirmed by PCR, which is 50 patients (150 total positive - 100 true positives). So, PPV = 100 / (100 + 50) = 0.6667 or 66.7%. Therefore, the correct answer is

66.7%.

76.9%

is incorrect. This is the sensitivity of the test. Sensitivity is calculated using the true positives (TP) and false negatives (FN). Sensitivity = TP / (TP + FN). In this scenario, FN = the 30 patients who tested negative with the new test but were confirmed positive on PCR.

94.8%

is incorrect. This is the specificity of the test. Specificity is calculated using the true negatives (TN) and false positives (FP). Specificity = TN / (TN + FP). In this scenario, TN = the 920 patients who tested negative with the new test and were confirmed negative with PCR.

96.8%

is incorrect. This is the negative predictive value (NPV). NPV is calculated using the true negatives (TN) and false negatives (FN). NPV= TN / (TN + FN).

98.4%

is incorrect. As above, in this scenario PPV = 100 / (100 + 50) = 66.7%."
382,Which one of the following immunoglobulins are present in the lowest concentration in blood?,"[""IgA"", ""IgE"", ""IgG"", ""IgM"", ""IgD""]",IgE,1,"Least abundant isotype in blood serum - IgE

Whilst the majority of IgA is found in secretions there is a significant quantity present in blood. IgE makes up less than 0.1% of immunoglobulins"
383,"A new screening test is developed for colorectal cancer. It is a blood test which detects a protein; the higher the level of the protein, the more likely a patient is to have colorectal cancer. If the cut-off for a positive test is increased, which one of the following will also be increased?","[""The p value"", ""Specificity"", ""Likelihood ratio for a negative test result"", ""Sensitivity"", ""Negative predictive value""]",Specificity,1,"Specificity = TN / (TN + FP)

The correct answer is

Specificity

. When the cut-off value for a positive test is increased, meaning a higher level of the protein is required to call the test positive, the specificity of the test will increase. This occurs because there will be fewer false positive results, as fewer patients without colorectal cancer will have protein levels above this higher threshold. Specificity is the proportion of true negatives that are correctly identified, so with fewer false positives, the specificity improves.

The p value

is incorrect because the p value is a measure of statistical significance that indicates the probability of obtaining results as extreme as those observed, assuming the null hypothesis is true. Changing the cut-off value of a diagnostic test does not directly affect the p value of a study.

Likelihood ratio for a negative test result

is incorrect because when the cut-off value is increased, the negative likelihood ratio actually decreases. This occurs because there will be more false negatives with a higher cut-off, which reduces the test's ability to rule out disease when negative.

Sensitivity

is incorrect because sensitivity decreases when the cut-off value is increased. Sensitivity is the proportion of true positives that are correctly identified. With a higher cut-off, more cases of colorectal cancer will be missed (false negatives will increase), thus reducing sensitivity.

Negative predictive value

is incorrect because this will decrease with a higher cut-off value. NPV is the probability that a person with a negative test result truly doesn't have the disease. With more false negatives occurring at a higher cut-off, the NPV will decrease as negative results become less reliable at ruling out disease."
384,"Each one of the following statements regarding atrial natriuretic peptide are true, except:","[""Lowers blood pressure"", ""Degraded by endopeptidases"", ""Promotes excretion of sodium"", ""Secreted mainly by the left atrium"", ""Antagonises actions of angiotensin II and aldosterone""]",Secreted mainly by the left atrium,3,
385,"What is the correct formula to calculate the negative predictive value of a screening test?

TP = true positive; FP = false positive; TN = true negative; FN = false negative","[""TN / (TN + FN)"", ""TP / (TP + FP)"", ""TN / (TN + FP)"", ""Sensitivity / (1 - specificity)"", ""TP / (TP + FN )""]",TN / (TN + FN),0,"Negative predictive value = TN / (TN + FN)

The correct answer is

TN / (TN + FN)

. The Negative Predictive Value (NPV) of a screening test is calculated by dividing the number of true negatives (TN) by the sum of true negatives and false negatives (FN). This formula gives us the probability that a person with a negative test result truly does not have the disease.

Now, let's explore why the other options are incorrect.

TP / (TP + FP)

is actually the formula to calculate Positive Predictive Value (PPV). PPV tells us how likely it is that a person who tested positive for a disease actually has the disease. It's calculated by dividing true positives by the sum of true positives and false positives.

TN / (TN + FP)

does not correspond to any standard epidemiological measure. It would represent a proportion of correctly identified non-disease cases out of all cases predicted as non-disease, which is not an established or useful metric in medical statistics.

Sensitivity / (1 - specificity)

is not related to predictive values at all. Sensitivity refers to how accurately the test identifies those with the disease, while specificity refers to how accurately the test identifies those without the disease. Their relationship does not provide information on predictive values.

Finally,

TP / (TP + FN )

represents sensitivity, or true positive rate. This indicates what proportion of actual positives was identified correctly. It doesn't tell us anything about negative predictive value."
386,"A medical research team are comparing the existing diagnostic scanning method for lung cancer with a new type of scan. This research has taken place over a number of years. Currently, patients are scanned once symptoms develop and the mean survival time is 1 year from the point of diagnosis. The new scan allows for the detection of lung cancer by screening high-risk patients before symptoms develop. With this new scan, lung cancer is diagnosed 1 year before symptoms develop and overall survival time from diagnosis is 2 years.

What bias is this an example of?","[""Hawthorne effect"", ""Late-look bias"", ""Lead-time bias"", ""Publication bias"", ""Recall bias""]",Lead-time bias,2,"Lead-time bias - occurs when two tests for a disease are compared, the new test diagnoses the disease earlier, but there is no effect on the outcome of the disease

The scenario above demonstrates an example of

lead-time bias

. This is where two tests for a disease are compared. The newer, 'better' test diagnoses the disease earlier and so patients appear to survive longer. However, there is no actual effect on the outcome of the disease. In this case, regardless of the test used, patients survive for a year after the emergence of symptoms.

The

Hawthorne effect

refers to a group changing its behaviour due to its knowledge of being studied. This is not being referenced in the scenario above.

Late-look bias

refers to gathering information at an inappropriate time - for instance, studying a fatal disease many years later, when some of the patients may have died already. The scenario above is an example of lead-time bias, not late-look bias.

Publication bias

is the failure to publish results from valid studies, often when they show negative or uninteresting results. This is not described above.

Recall bias

is the difference in the accuracy of recollections of study participants, often between groups who have a disease and those who do not. For example, in a study of lung cancer, where patients are asked about any historical exposure to asbestos, those with lung cancer may have a better recollection of exposure than those without lung cancer."
387,You are caring for a local cardiology consultant's father who has been admitted following a myocardial infarction. He bleeps you from the switchboard and asks how his father is doing. You recognise his voice on the phone. What is the most appropriate response?,"[""Decline to give any details over the phone but offer to meet the consultant face-to-face for a chat"", ""As a matter of professional courtesy ask for his advice on post-myocardial infarction care"", ""Ask permission from his father then give relevant details"", ""Give full details include the troponin I value and offer to fax the ECG"", ""Say he is 'doing fine'""]",Ask permission from his father then give relevant details,2,
388,"A 45-year-old man with chronic pain is being reviewed. Studies about pain management are discussed with him and he is sceptical about the data. The studies are examined in further detail and include a visual pain scale with paired data before and after non-pharmacological management is initiated. The data shows negative skew towards less pain when utilising non-pharmacological pain management strategies.

Which type of statistical test would be useful in this situation to demonstrate the effectiveness of this management approach?","[""Mann-Whitney U test"", ""Pearson's product-moment coefficient"", ""Spearman rank"", ""Student's t-test"", ""Wilcoxon signed-rank test""]",Wilcoxon signed-rank test,4,"Non-parametric tests are more appropriate when the data sets are not normally distributed

The data being discussed here is not normally distributed, which is demonstrated by the negative skew of the findings. Therefore, a non-parametric test is required. There is a comparison of paired data before and after an intervention and the Wilcoxon signed-rank test is the most appropriate in this situation.

The Mann-Whitney U test is another non-parametric test that is not appropriate for this case due to the paired nature of the data. It is used for unpaired data.

Pearson's product moment-coefficient is a parametric test, making it unsuitable for this data which is not normally distributed.

The Spearman rank is a non-parametric test that is used to test for correlation. In this case, the aim is not to find a correlation between non-pharmacological management and pain relief, rather to demonstrate a causal effect.

The Student's t-test is a parametric test, making it unsuitable for this data which is not normally distributed."
389,Which part of an antibody do immune cells bind to?,"[""Disulfide bridge"", ""Heavy-chain of antigen binding site"", ""Light-chain of antigen binding site"", ""Fc region"", ""Light-chain hypervariable region""]",Fc region,3,"Immune cells bind to the crystallising region (Fc) of immunoglobulins

Antibodies (immunoglobulins) may be divided into 2 main pairs:

Fab region: antigen-binding fragment - the region that binds to antigens
Fc region: fragment crystallizable region - the tail region of an antibody that interacts with cell surface receptors"
390,"You are sitting in a rheumatology clinic and a 50-year-old woman referred by her GP has presented with painful, swollen joints in both hands and back pain. Associated systemic symptoms is the description of general malaise and fatigue. This has been the case for the last 3 months and seems to be getting more painful. She says the pain in her hands is worse in the mornings and is associated with a stiffness which lasts for over an hour. With regards to her back pain, this has been a long-standing dull ache for many years and has clinic letters outlining degenerative changes in her spine consisting of loss of joint space and osteophytes.

She has no other past medical history and takes paracetamol 1g QDS to cope with the pain. She mentions her mother had a similar problem when she was her age.

She is a smoker with a pack year history of 80 years, does not drink and works as a medical secretary which involves a lot of typing up patient notes.

On examination, there is erythema overlying the proximal interphalangeal and the metacarpophalangeal joints of both hands with an associated 'boggy' feel and pain on palpation. There is a positive metacarpophalangeal squeeze test. She is unable to make fist or fully flex her fingers on both hands.

Her bloods were broadly normal, but of note was a weakly positive rheumatoid factor and a raised ESR.

Which human leukocyte antigen (HLA) type is most associated with this condition?","[""HLA-DRB1/DR4"", ""HLA-DQ2"", ""HLA-DR2"", ""HLA-B27"", ""HLA-B51""]",HLA-DRB1/DR4,0,"The HLA-DRB1 gene is the major genetic susceptibility locus for rheumatoid arthritis (DRB1*04:01 and DRB1*04:04 hence the association with DR4)

HLA-DRB1/DR4 is correct as this is the major genetic susceptibility locus for rheumatoid arthritis (DRB1*04:01 and DRB1*04:04 hence the association with DR4). This woman presents with classic symptoms and signs of rheumatoid arthritis. The evidence based 2010 ACR/EULAR diagnostic criteria for RA, takes into account the following: JOINT DISTRIBUTION (0-5): 1 large joint 0, 2-10 large joints 1, 1-3 small joints (large joints not counted) 2, 4-10 small joints (large joints not counted) 3, >10 joints (at least one small joint) 5. SEROLOGY (0-3): Negative RF AND negative ACPA 0, Low positive RF OR low positive ACPA 2, High positive RF OR high positive ACPA 3. SYMPTOM DURATION (0-1): <6 weeks 0, ≥6 weeks 1. ACUTE PHASE REACTANTS (0-1): Normal CRP AND normal ESR 0, Abnormal CRP OR abnormal ESR 1.

HLA-DQ2 is incorrect as this is the HLA most associated with coeliacs disease.

HLA-DR2 is incorrect as this is the HLA most associated with systemic lupus, another inflammatory condition, but the above question does not satisfy the diagnostic criteria for this.

HLA-B27 is incorrect as this is the HLA most associated with ankylosing spondylitis, which is not the case for this woman, who's presentation fits best with rheumatoid arthritis. The back pain is typical of osteoarthritis given the x-ray changes reported. Ankylosing spondylitis would have syndesmophytes on x-ray, not osteophytes.

HLA-B51 is incorrect as this is the HLA most associated with Behcets disease, which is another inflammatory condition, which presents with painful oral and genital ulceration and inflammation of the joints and eyes."
391,Which one of the following foods is the best source of folic acid?,"[""Cheese"", ""Red meat"", ""Liver"", ""Fish"", ""Milk""]",Liver,2,
392,"A 6-year-old boy presents to the GP with recurrent chest infections and poor growth and weight gain.

The patient is referred by the GP to a paediatric clinic, who order further tests including a genetic test for mutations in the CFTR gene to screen for cystic fibrosis. This confirms a single nucleotide mutation in the CFTR gene resulting in a stop codon in place of arginine.

What is the name of this type of mutation?","[""Frameshift mutation"", ""Missense mutation"", ""Nonsense mutation"", ""Silent mutation"", ""Synonymous mutation""]",Nonsense mutation,2,"Nonsense - a mutation that results in a stop codon

Cystic fibrosis is a genetic condition caused mutations in the CF transmembrane conductance regulator (CFTR) gene, causing chiefly recurrent respiratory infections, pancreatic insufficiency and diabetes.

In around 10% of cases it may be caused by a nonsense mutation, whereby a single nucleotide base change means a stop codon is coded in place of an amino acid residue. This can have profound implications on the protein transcription and phenotype of that gene and occurs in approximately 5% of single nucleotide mutations.

A frameshift mutation is an insertion or deletion of a number of nucleotide bases that cause a change in the 3-base reading frame of codons for transcription. For example, if the base C was deleted from the sequence TTCAGAA, the first two codons would change from 'TTC' and 'AGA'  to 'TTA' and 'GAA'. This changes the amino acids from phenylalanine and arginine to leucine and glutamic acid. The changes in amino acids transcribed can have very drastic effects on the subsequent proteins and functions thereof. Duchenne muscular dystrophy is an example of a condition that can be caused by this sort of mutation.

A missense mutation refers to a single base change in a codon that changes the amino acid residue. These occur in 70% of single base mutations. This can have effects on structure and function of the transcribed protein, and cause pathology such as the inactivation of tumour suppressor genes. Conversely, amino acid changes can be neutral and not affect protein function.

A silent mutation describes a single base mutation where the amino acid does not alter despite the altered codon - for example, both codons UGU and UGC code for cysteine. This property of the genetic code that multiple codons can code for the same amino acid is termed 'degeneracy'. This type of mutation is 'silent' when that the same protein is translated and there is no effect on the downstream processing or phenotype of the gene.

A synonymous mutation is a single base change that does not alter the amino acid (as in silent mutations). However, a synonymous mutation does cause other changes in downstream processing (transcription, splicing, translation) or phenotype of the gene. Phenylketonuria and von Hippel-Lindau disease are examples of conditions that can be caused by this type of mutation."
393,"A 25-year-old presents with burning pain in his hands and feet, which worsens with exercise and hot weather. He reports dark-coloured urine after exertion and has noticed red, raised spots on his skin, particularly around his lower back and groin. He also confirms chronic fatigue and frequent gastrointestinal discomfort.

On exam, he has angiokeratomas on his torso and reduced vibration sense in his lower limbs.

Blood tests:

Na+	140 mmol/L	135-145
K+	4.2 mmol/L	3.5-5.0
Cr	100 µmol/L	60-110
Urea	7.2 mmol/L	2.5-7.8

Urine tests:

Protein	1.2 g/L	< 0.2
Albumin	0.8 g/L	< 0.3

What is the cause of this patient’s likely condition?","[""Deficiency of alpha-galactosidase A"", ""Deficiency of beta-glucosidase"", ""Deficiency of galactose-1-phosphate uridyltransferase"", ""Deficiency of hexosaminidase A"", ""Deficiency of sphingomyelinase""]",Deficiency of alpha-galactosidase A,0,"Fabry disease is caused by a deficiency of alpha-galactosidase A

Deficiency of alpha-galactosidase A

is the correct answer because Fabry disease is caused by a deficiency of this enzyme, leading to the accumulation of globotriaosylceramide (Gb3) in various tissues. This causes the hallmark symptoms of Fabry disease, such as burning neuropathic pain (particularly in the hands and feet), angiokeratomas (red, raised skin lesions), proteinuria, and renal dysfunction. The patient’s history of chronic fatigue, gastrointestinal issues, and family history of early renal failure all suggest Fabry disease. The presentation of these symptoms in adulthood, particularly the involvement of the skin and kidneys, makes this diagnosis likely.

Deficiency of beta-glucosidase

is incorrect because this enzyme deficiency causes Gaucher disease, which presents with symptoms such as hepatosplenomegaly, bone pain, and pancytopenia. Unlike Fabry disease, it does not typically cause the specific symptoms seen in this case, such as burning pain in the hands and feet or angiokeratomas.

Deficiency of galactose-1-phosphate uridyltransferase

is incorrect because this enzyme deficiency leads to galactosaemia, which typically presents in infants with feeding difficulties, jaundice, hepatomegaly, and developmental delay, rather than adult-onset neurological and renal symptoms seen in Fabry disease.

Deficiency of hexosaminidase A

is incorrect because this causes Tay-Sachs disease, characterised by developmental regression and a cherry-red spot on the retina, with severe neurological decline, particularly in infants. This differs from the adult-onset symptoms and organ involvement seen in Fabry disease.

Deficiency of sphingomyelinase

is incorrect because this causes Niemann-Pick disease, which is associated with hepatosplenomegaly, developmental delay, and neurological decline, not the burning pain, angiokeratomas, or renal involvement characteristic of Fabry disease."
394,"A 50-year-old man with a smoking history of more than 35-years was brought into the emergency department with acute confusion and disorientation. He did not recognise his family members and relatives. Over the past few months, he had been experiencing unexplained weight loss, loss of appetite and occasional episodes of haemoptysis.

He had urgent blood tests performed, as shown below.


Na+	110 mmol/L	(135 - 145)
K+	3.2 mmol/L	(3.5 - 5.0)
Bicarbonate	25 mmol/L	(22 - 29)
Urea	8 mmol/L	(2.0 - 7.0)
Creatinine	130 µmol/L	(55 - 120)

Given the likely diagnosis, what is the mechanism of action of the hormone being secreted in excess here?","[""Arteriolar vasodilatation"", ""Decreased urine osmolarity"", ""Increased portal blood flow"", ""Promoting water excretion"", ""Insertion of aquaporin-2 channels""]",Insertion of aquaporin-2 channels,4,"Antidiuretic hormone promotes water reabsorption by the insertion of aquaporin-2 channels

There are several reasons that cause decreased serum sodium levels in small-cell lung cancer patients. Out of these, the paraneoplastic syndrome of inadequate antidiuretic hormone (ADH) secretion (SIADH) is the most commonly described. Other causes of hyponatremia involve ADH released during the initial lysis of the tumour cells after effective chemotherapy.

Insertion of aquaporin-2 water channels with the luminal membrane in principal cells is one of the principal functions of ADH, resulting in water absorption.

Arteriolar vasodilatation is incorrect since stimulation of V1a-receptors located on the vascular smooth muscle of arterioles mediates contraction and thereby causes vasoconstriction.

Promoting water excretion is incorrect since the insertion of aquaporin-2 water channels with the luminal membrane results in water absorption.

Decreased urine osmolarity is incorrect as ADH causes decreased urine volume and increased urine osmolarity through the insertion of aquaporin-2 water channels which results in water absorption.

Increased portal blood flow is incorrect as ADH or vasopressin acting via V1 receptors causes reduced portal blood flow, portal-systemic collateral blood flow, and variceal pressure."
395,"A new tumour marker blood test is being evaluated for use in the breast cancer screening programme. The test was trialled on 200 women and the results are shown below. The screening programme director asks you to analyse the findings and inform them of the specificity of this new test.


	Disease Present	Disease Absent
Test Positive	60	20
Test Negative	40	80

Which is the figure you will relay to the programme director?","[""60%"", ""67%"", ""70%"", ""75%"", ""80%""]",80%,4,"Specificity - proportion of patients without the condition who have a negative test result

The specificity is the proportion of patients who do not have the disease and test negative i.e. the true negatives divided by the total number of people without the disease. In this case, this is 80/(20+80) = 80%.

The sensitivity is the proportion of people with the disease who test positive i.e. the true positives divided by the total number of people with the disease. In this case, this is 60/(60+40)=60%.

The negative predictive value is the chance of testing negative and not having the disease i.e. the true negatives divided by the total number of people who tested negative. In this case, this is 80(80+40)=67%.

70% is not the answer to any of the screening measures.

The positive predictive value is the chance of testing positive and having the disease i.e. the true positives divided by the total number of people who test positive. In this case, this is 60/(60+20)=75%."
396,"A 22-year-old man has had 3 months of painless, progressive vision loss. This was first in the right eye and is now affecting the left. His mother, two maternal uncles, and maternal grandmother are also affected.

Visual acuity is reduced significantly in both eyes, along with bilateral central scotomas and severe dyschromatopsia. His pupils are equal and reactive. Fundoscopy reveals hyperaemic optic discs with subtle peripapillary telangiectasia, and no disc oedema.

What is the inheritance pattern of the most likely diagnosis?","[""Autosomal dominant"", ""Autosomal recessive"", ""Mitochondrial"", ""X-linked dominant"", ""X-linked recessive""]",Mitochondrial,2,"Leber's Hereditary Optic Neuropathy: mitochondrial inheritance pattern

Mitochondrial

is the correct answer. This patient most likely has Leber's Hereditary Optic Neuropathy (LHON), which is caused by mutations in mitochondrial DNA affecting the respiratory chain, and demonstrates a mitochondrial inheritance pattern. This presents in young adults (20-30 years old) with central scotoma, dyschromatopsia, and rapid visual loss, as seen in this patient. Fundoscopy showing hyperaemic optic discs with peripapillary telangiectasia without disc oedema supports this diagnosis. Besides the patient, only maternal relatives (mother, maternal uncles, and maternal grandmother) are affected, with no evidence of male-to-offspring transmission, consistent with mitochondrial DNA being inherited exclusively from the mother. Since mitochondria are transmitted via oocytes and sperm contributes no mitochondria to a zygote at fertilisation, a mother will pass LHON to all of her children. Affected males do not transmit the disease to offspring. While all children of affected females inherit the mitochondrial mutation, not all will develop the condition, as LHON shows incomplete penetrance, particularly in females. Environmental and genetic factors likely influence whether the disease manifests.

Autosomal dominant

is incorrect as LHON demonstrates mitochondrial inheritance and the family history shows no male-to-offspring transmission. In autosomal dominant disorders, both males and females can transmit the disease, which is not mentioned here. This option could be considered if both maternal and paternal sides showed transmission from affected males and females. An example of this is autosomal dominant optic atrophy (DOA), linked to OPA1 mutations, which typically presents with gradual bilateral vision loss in childhood, disc pallor rather than hyperaemia, and no maternal-only inheritance.

Autosomal recessive

is incorrect as LHON demonstrates mitochondrial inheritance, and all generations are affected in this scenario, making autosomal recessive inheritance unlikely. This could be considered in Wolfram syndrome, which is autosomal recessive. Alongside optic atrophy, it presents with associated with diabetes insipidus, diabetes mellitus, and deafness, which are not seen here.

X-linked dominant

is incorrect as LHON demonstrates mitochondrial inheritance and the family history only shows individuals affected on the mother's side, with no clear pattern of male-to-female transmission. In X-linked dominant disorders, affected males transmit the condition to all their daughters but none of their sons, and affected females can transmit to both sexes, resulting in a characteristic pedigree with sex-specific transmission patterns. An example X-linked dominant disorder that can cause retinal abnormalities is incontinentia pigmenti. However, this primarily affects females and is usually lethal in males, and is associated with skin abnormalities (e.g. blistering and hyperpigmentation in infancy), dental anomalies, alopecia, and central nervous system involvement (e.g. seizures and developmental delay). Fundoscopy would also show retinal ischaemia, neovascularisation, and optic nerve atrophy instead.

X-linked recessive

is incorrect as LHON demonstrates mitochondrial inheritance and both sexes are affected in this patient's family history. X-linked recessive disorders predominantly affect males, and transmission via unaffected carrier females would be expected. In this case, the mother is also affected. An example is choroideremia, which presents with night blindness and peripheral vision loss, not central vision loss with scotomas. Fundoscopy in X-linked recessive conditions like choroideremia shows widespread chorioretinal degeneration, unlike the hyperaemic discs and peripapillary telangiectasia seen here."
397,"A research paper is considering the effect of acupuncture therapy on pain in cancer. Participants are asked to report their pain on a scale of 0-10 immediately prior to receiving the treatment and again after receiving weekly sessions for 12 weeks.

Which statistical test could be used to assess the effect of acupuncture on pain?","[""Chi-squared test"", ""Mann-Whitney U test"", ""Paired t-test"", ""Pearson's product-moment coefficient"", ""Wilcoxon signed-rank test""]",Wilcoxon signed-rank test,4,"Wilcoxon signed-rank test - compares two sets of observations on a single sample, e.g. a 'before' and 'after' test on the same population following an intervention

The correct answer here is the Wilcoxon signed-rank test. This is a non-parametric test that is useful for data sets that consist of two paired data points (e.g. before and after a procedure in the same patient). As this is the case here, this is the correct answer.

Chi-squared tests compare data sets that consists of proportions or percentages.

Mann-Whitney U tests are used for unpaired data sets.

Paired t-tests could not be used here as the distribution of differences between the two observations of pain is unlikely to be parametric.

Pearson's product-moment coefficient is used to test for a correlation between an independent and dependant variable."
398,A study is performed comparing two chemotherapy regimes for patients with small cell lung cancer. The end point of the study is survival time. Which one of the following types statistical measures is it most appropriate to compare survival time with?,"[""Odds ratio"", ""Pearson's product-moment coefficient"", ""Relative risk"", ""Hazard ratio"", ""Absolute risk reduction""]",Hazard ratio,3,"The hazard ratio is typically used when analysing survival over time

The most appropriate statistical measure to compare survival time in this study is the

hazard ratio

. Hazard ratio is a measure of the rate at which events (in this case, death) occur in one group compared to another group over time. It takes into account both the number of events and the time at which they occur, making it suitable for comparing survival times between different treatment groups.

Odds ratio

is not the best choice here because it measures the odds of an event occurring in one group compared to another group. While it can be used to compare binary outcomes (such as presence or absence of disease), it does not take into account the timing of events, which is crucial when comparing survival times.

Pearson's product-moment coefficient

measures the linear correlation between two continuous variables. It would not be appropriate for comparing survival times between treatment groups, as it does not provide information on how much better one treatment is than another in terms of prolonging survival.

Relative risk

, also known as risk ratio, compares the probability of an event occurring in one group versus another group. Although relative risk can be used to compare binary outcomes like hazard ratio, it does not take into account the timing of events. This makes the hazard ratio a more suitable choice for comparing survival times.

Finally,

absolute risk reduction

measures the difference in risk between two groups. While it can provide useful information about treatment efficacy, it also does not consider the timing of events and therefore is less suited for comparing survival times."
399,"A 31-year-old woman with a history of severe allergic asthma is reviewed in a specialist asthma clinic. She describes poor control with frequent use of short-acting beta-agonists, despite being on optimised standard therapy.

She has previously completed multiple full trials of oral corticosteroids in the past year. Consequently, she is considered for further treatment with monoclonal antibodies.

What cells produce the target of these antibodies?","[""Basophils"", ""Dendritic cells"", ""Mast cells"", ""Natural killer cells"", ""Plasma cells""]",Plasma cells,4,"IgE is synthesised by plasma cells

This patient is describing poorly controlled asthma despite optimised standard therapy. NICE defines this as documented compliance with long-acting beta-agonists, inhaled high dose corticosteroids, leukotriene receptor antagonists, theophyllines, oral corticosteroids and smoking cessation.

NICE currently advises 5 different monoclonal antibodies in the treatment of uncontrolled severe asthma. These target various aspects of the underlying inflammatory pathway and the choice of antibody depends on whether or not there is a strong association with allergy. The choice for the specialist clinician is whether or not to target IgE (in the allergic phenotype) or to target eosinophil maturation via IL-4/5/13 (in the eosinophilic phenotype). There is a clear overlap between IgE and eosinophilia, therefore classifying the asthma phenotype is complex and requires measurement of serum IgE and serum eosinophil counts.

In this scenario, the patient is stated to have severe

allergic

asthma. NICE, therefore, recommends IgE monoclonal antibody therapy after 4 or more trials of

oral

corticosteroids have been completed in the previous year with optimised standard therapy. This is in the form of omalizumab (Xolair).

In the instance of uncontrolled severe eosinophilic asthma, NICE recommends various IL-5 antibody therapies in the form of mepolizumab, reslizumab and benralizumab or IL-4/13 antibody therapy in the form of dupilumab.

Plasma cells are responsible for producing IgE. After IgE is released, it binds to the Fc domain on the IgE receptor found on mast cells and basophils. In response to an allergen, this receptor-bound IgE causes degranulation and release of allergic mediators including histamine that form the allergy cascade. Omalizumab is a monoclonal antibody that selectively binds to the domain at which IgE normally does, preventing interaction with its receptor.

Basophils

secrete IL-4 and histamine.

Dendritic cells

secrete pro-inflammatory cytokines such as TNF-a and IL-12. They respond to foreign allergens by activating Th2 cells and indirectly contribute to IgE production.

Mast cells

secrete leukotrienes, prostaglandins and histamine.

Natural killer cells

secrete TNF-α, IL-10 and  IFN-Î³."
400,"A 35-year-old man complains of a sore throat. Viral pharyngitis is the most likely diagnosis. He is adamant that he requires antibiotics. The data behind their efficacy in sore throats is discussed with him and when compared to placebo, antibiotics show a 2% absolute risk reduction in the rate of complications.

How can this be expressed to the patient in terms of the number of people that need to be treated in order to get a benefit from antibiotics?","[""2"", ""5"", ""20"", ""50"", ""100""]",50,3,"NNT = 1 / Absolute Risk Reduction

In this case, the data reviewed show an absolute risk reduction (ARR) of 0.02 (2%). Therefore, the

number needed to treat (NNT) is 1/0.02 which is equal to 50

. This is the number of people that need to be given antibiotics for one complication to be prevented. It is quite inefficient and when compared to the number needed to harm, it could demonstrate the risk-benefit profile effectively.

An NNT of 2, 5, 20 or 100 is all incorrect because when calculated using the formula (NNT = 1 / ARR) the answer is 50."
401,"As part of a clinical audit, a medical student is analysing the characteristics of patients attending a type 2 diabetes clinic. She calculates that the mean body mass index (BMI) of the patients is 33.6kg/m², and that the variance of the data is 25.9. She wants to calculate the standard deviation of the data set.

What is the relationship between standard deviation and variance?","[""Standard deviation = mean x variance"", ""Standard deviation = mean - variance"", ""Standard deviation and variance are the same"", ""Standard deviation is the square of variance"", ""Standard deviation is the square root of variance""]",Standard deviation is the square root of variance,4,"Variance = square of standard deviation

The correct answer is that

standard deviation is the square root of variance

. This is a fundamental statistical relationship. The standard deviation (σ) is calculated by taking the square root of the variance (σ²). In this case, the standard deviation would be √25.9 = 5.09 kg/m². Standard deviation is particularly useful in medical research as it describes the spread of data around the mean, and is expressed in the same units as the original measurements.

Standard deviation = mean x variance

is incorrect. Multiplying the mean by the variance would give a result in different units (in this case kg³/m⁶) and would not provide any meaningful information about data spread. Additionally, the result would be disproportionately large compared to the original measurements.

Standard deviation = mean - variance

is incorrect. Subtracting variance from the mean would be mathematically meaningless as they are measured in different units. The mean is in kg/m², while variance is in (kg/m²)².

Standard deviation and variance are the same

is incorrect. While they are related measures of spread, they differ in both magnitude and units. Variance is always expressed in squared units of the original measurement, while standard deviation is expressed in the same units as the original data.

Standard deviation is the square of variance

is incorrect. This is actually the inverse of the true relationship. Squaring the variance would give an even larger number in units raised to the fourth power, which would not be useful for describing data spread in clinical settings."
402,"A cardiology doctor undertakes a study to assess the impact of a piece of AI software which analyses ECGs in patients who present to the emergency department with chest pain. The AI software gives a score out of 5 for the probability that ECG changes are due to myocardial ischaemia. This data has non-normal distribution.

The cardiologist wants to analyse the data to see if there is a correlation between the patient's pain scores and the AI scores for ischaemia.

What test of significance is most appropriate for analysing this specific aspect of the study?","[""Chi-squared"", ""Mann-Whitney U test"", ""Pearson's coefficient"", ""Spearman's coefficient"", ""Wilcoxon signed-rank test""]",Spearman's coefficient,3,"Correlation

The two variables in this question are the pain score and AI score for ischaemia. Whilst both values are numerical, they are not likely to be normally distributed about the mean. This specific aspect of the study is looking at the correlation between the two variables. Therefore, the correct answer is

Spearman's coefficient

.

Chi-squared

is used when comparing percentages of non-parametric data. This is not the case in this question.

Mann-Whitney

compares non-parametric data which is unpaired but does not assess for correlation which is required in this question.

Pearson's coefficient

would only be used if the data were both parametric and normally distributed, which is not the case in this question.

Wilcoxon signed-rank test

compares non-parametric data that is paired but does not assess for correlation which is required in this question."
403,Which part of the renal tubule is impermeable to water?,"[""Distal convoluted tubule"", ""Connecting tubule"", ""Descending limb of loop of Henle"", ""Thin ascending limb of loop of Henle"", ""Proximal convoluted tubule""]",Thin ascending limb of loop of Henle,3,"The thin ascending limb of the loop of Henle is impermeable to water

The thin ascending limb is impermeable to water, but highly permeable to sodium and chloride ions."
404,"A 35-year-old male presents to the clinic with bilateral pitting oedema, lower limb pain and tingling in both arms. On examination, tiny, painless papules were noticed on his abdomen and a whorl-like corneal pattern of cream-coloured lines in the patient's cornea. He has no significant past medical history.


Hb	131 g/l	Na+	137 mmol/l
Platelets	330 * 109/l	K+	4.7 mmol/l
WBC	7.2 * 109/l	Urea	12.9 mmol/l
Neuts	3.7 * 109/l	Creatinine	150 µmol/l
Lymphs	1.9 * 109/l	CRP	12 mg/l


C3	1.49 g/l
C4	0.3 g/l
Anti-nuclear antibodies	negative
Anti-neutrophil cytoplasmic antibodies	negative

His urine dip showed proteinuria and the 24 hour protein urine collection was quantified at 1.8 gram/day. What is the most likely diagnosis?","[""Gaucher's disease"", ""Hypercholesterolaemia"", ""Fabry's disease"", ""Amyloidosis"", ""IgA nephropathy""]",Fabry's disease,2,
405,"You are reviewing a study that is comparing a new asthma inhaler against a regular inhaler currently prescribed. The study aims to determine if the new inhaler reduces the number of people having an exacerbation of asthma over a year. The results show 50 patients had an exacerbation out of 100 patients on the regular inhaler and 20 patients had an exacerbation out of 100 patients on the new inhaler.

What is the relative risk reduction in this study?","[""0.2"", ""0.3"", ""0.5"", ""0.6"", ""0.75""]",0.6,3,"Relative risk reduction = (EER - CER) / CER

The relative risk reduction is the control event rate deducted from the experimental event rate then divided by the control event rate.

In this instance, the experimental event is the rate of exacerbations on the new inhaler which is 20 divided by 100 which is 0.2. The control rate is the rate of exacerbations on the regular inhaler which is 50 divided by 100 which is 0.5. Subtracting the two numbers leaves 0.3 which is divided by the control rate of 0.5 to create the answer of 0.6."
406,During which of the following stages of mitosis does chromatin condense to form chromosomes?,"[""Telophase"", ""Metaphase"", ""Prophase"", ""Interphase"", ""Anaphase""]",Prophase,2,
407,"The general surgery department is trying to establish a best practice prophylactic antibiotic policy with regard to surgical site infections. To do so, they design a study, which examines whether a group of similarly matched patients (Group A) given antibiotic A develop a higher rate of post-operative surgical site infections when compared to a group (Group B) given antibiotic B. The proportion of patients in groups A and B developing surgical site infections are recorded.

What is the best test to determine if there is a statistically significant difference between the two groups?","[""Chi-squared test"", ""Mann-Whitney U test"", ""Student's t-test (paired)"", ""Student's t-test (unpaired)"", ""Wilcoxon sign rank test""]",Chi-squared test,0,"Chi-squared test - used to compare proportions or percentages e.g. compares the percentage of patients who improved following two different interventions

Chi-squared test is the correct answer. This study seeks to determine the percentage of wound infections developing in groups A and B and determine whether there is a difference. The Chi-squared test is a statistical test used to compare percentages i.e. the proportion of patients that improved/worsened after a specific intervention. This is non-parametric data.

Mann-Whitney U test is incorrect. This statistical test is used to measure ordinal, interval or ratio scales of unpaired data. An example of an ordinal variable is Likert items e.g. a 5 point scale. This is not the correct test to compare percentages.

Student's t-test (paired) is incorrect. The student's t-test must be used with data that are normally distributed. This is not the case in this question. Additionally, a paired student's t-test involves two sets of observations from the same sample e.g. before and after measurements for the same group of people.

Student's t-test (unpaired) is incorrect. The data is not normally distributed and therefore a non-parametric test is appropriate.

Wilcoxon signed-rank test is incorrect. This is the non-parametric equivalent of the paired t-test. It measures before and after results from the same test population. Therefore it is not indicated in this case."
408,Which one of the following statements regarding mitochondrial inheritance is true?,"[""Friedreich's ataxia is caused by defects in mitochondrial DNA"", ""There is a 50% chance that the female offspring of an affected male will inherit the disease"", ""Affected females cannot pass on the disease"", ""Most cases of spinocerebellar ataxia are caused by defects in mitochondrial DNA"", ""Poor genotype:phenotype correlation""]",Poor genotype:phenotype correlation,4,
409,"A 50-year-old man with a history of chronic inflammatory condition is enrolled in a clinical trial for a new experimental drug. This drug is designed to inhibit the recruitment of neutrophils to sites of inflammation by targeting a specific cytokine involved in neutrophil chemotaxis.

The goal of the drug is to reduce excessive inflammation in conditions where neutrophil activity contributes to tissue damage. Laboratory studies on this drug show a significant reduction in neutrophil migration in response to flares.

Which cytokine is the most likely target of this new drug?","[""IL-2"", ""IL-4"", ""IL-5"", ""IL-8"", ""IL-10""]",IL-8,3,"IL-8 - main functions include: neutrophil chemotaxis

The cytokine

IL-8

is the correct answer as it plays a critical role in neutrophil chemotaxis, guiding these immune cells to sites of infection or inflammation. IL-8 is produced by macrophages and epithelial cells in response to infection or injury. It binds to CXCR1 and CXCR2 receptors on neutrophils, triggering their migration towards higher concentrations of IL-8, which localises at the inflammation or infection site. Excessive IL-8 activity can lead to inflammatory diseases like COPD and rheumatoid arthritis.

IL-2

is incorrect as this cytokine primarily stimulates the proliferation and activation of T-cells, particularly CD4+ helper T cells and CD8+ cytotoxic T cells. It is not directly involved in the recruitment or migration of neutrophils to sites of inflammation. While IL-2 plays a central role in immune responses, it does not significantly affect neutrophil chemotaxis, which is the focus of the drug in the scenario. The cytokine most closely associated with neutrophil recruitment is IL-8, a chemokine that directly attracts neutrophils to sites of inflammation.

IL-4

is incorrect as this cytokine is primarily involved in promoting the differentiation of naïve T-helper cells into Th2 cells and stimulating the production of IgE antibodies by B cells. IL-4 is associated with allergic responses and plays a key role in conditions like asthma, where it helps drive the immune response towards a humoral (antibody-mediated) pathway. It does not have a significant role in neutrophil chemotaxis, which is the process of guiding neutrophils to sites of infection or inflammation.

IL-5

is incorrect as this cytokine's function is to promote the growth and differentiation of eosinophils in allergic reactions and parasitic infections. IL-5 plays a major role in conditions such as asthma and eosinophilia. It does not significantly affect neutrophil chemotaxis, which involves the recruitment of neutrophils to sites of inflammation or infection.

IL-10

is incorrect because it is primarily an anti-inflammatory cytokine that inhibits the immune response, rather than promoting neutrophil chemotaxis. IL-10 works by suppressing the production of pro-inflammatory cytokines like IL-1, IL-6, and TNF-α, thereby reducing immune activation. Its main function is to prevent excessive immune responses and tissue damage during inflammation."
410,"A 17-year-old-girl presents with primary amenorrhoea. On examination, she has a high-arched palate, immature external genitalia and absence of breast development. Her height is 151cm (2nd centile for age and gender).

What is the most likely diagnosis?","[""Hypothyroidism"", ""Noonan syndrome"", ""Gonadal dysgenesis"", ""Turner's syndrome"", ""Complete androgen insensitivity""]",Turner's syndrome,3,"Short stature + primary amenorrhoea ?Turner's syndrome

The answer is Turner's syndrome, which is associated with short stature and primary amenorrhoea.

Hypothyroidism may be associated with short stature and amenorrhoea but is less likely given the findings of high-arched palate.

Gonadal dysgenesis (46, XX) patients present with primary amenorrhoea but there are no dysmorphic features typical of Turner syndrome.

Complete androgen insensitivity (46, XY) patients present with primary amenorrhea but do not have dysmorphic features, or short stature.

Noonan syndrome is an autosomal dominant disorder associated with short stature, dysmorphic features and congenital heart disease. Most women with Noonan syndrome develop normal fertility; males may have cryptorchidism."
411,A 10-year-old boy is found to have haemophilia A following investigation for a haemoarthrosis. Which one of his relatives is most likely to have the condition?,"[""Father"", ""Mother's brother"", ""Father's sister"", ""Mother"", ""Father's brother""]",Mother's brother,1,
412,"A 42-year-old woman presented with irregular menstrual periods and an abnormal infrequent milky discharge from her breasts. She was being investigated in the endocrine clinic for these symptoms. Subsequently, she underwent a magnetic resonance imaging (MRI) scan of her pituitary which showed a dynamic contrast-enhancing 10 x 13 x 8 mm mass in the left side of the pituitary gland with no oedema or mass effect.

Her relevant blood test results were:


Calcium	2.5 mmol/L	(2.1-2.6)
Prolactin	2345 ng/mL	(2-20)
Thyroid-stimulating hormone (TSH)	3 mU/L	(0.5-5.5)
Free thyroxine (T4)	15 pmol/L	(9.0 - 18)

What would be the most appropriate initial management in this case?","[""Cabergoline"", ""Dexamethasone"", ""Domperidone"", ""Octreotide"", ""Pegvisomant""]",Cabergoline,0,"Prolactin release is persistently inhibited by dopamine

This patient presents with a prolactinoma and therefore cabergoline is the correct answer. It works by stimulating dopamine receptors in the brain and also inhibits the release of prolactin by the pituitary gland. Dopamine agonists are therefore the first-line medical treatment for prolactinomas.

Dexamethasone is not routinely used in the treatment of prolactinomas. It is commonly employed to help diagnose Cushing's syndrome or disease through overnight or high-dose dexamethasone suppression testing.

Domperidone is a D2-dopamine receptor antagonist and therefore would potentially cause a rise in prolactin levels and worsen symptoms, meaning it would be contraindicated in this case.

Octreotide is a synthetic form of the natural hormone somatostatin. Its use is primarily in the treatment of carcinoid syndrome to control the growth of advanced neuroendocrine tumours for instances where surgery is not possible. Therefore, it would not be suitable in this case.

Pegvisomant is a growth hormone receptor antagonist used in the treatment of acromegaly. It is mainly used if the pituitary gland tumour causing acromegaly cannot be controlled with surgery or radiation, or if the use of somatostatin analogues is ineffective. It has no role in prolactinomas."
413,"A 60-year-old man on the Haematology ward develops a dry cough, fever and rigors. He had recently completed induction therapy for acute myeloid leukaemia, and was pancytopenic as a result. His full blood count is shown below:


Hb	77 g/L	Male: (135-180)
Female: (115 - 160)
Platelets	13 * 109/L	(150 - 400)
WBC	0.3 * 109/L	(4.0 - 11.0)
Neuts	0.2 * 109/L	(2.0 - 7.0)
Lymphs	0.1 * 109/L	(1.0 - 3.5)
Mono	0.00 * 109/L	(0.2 - 0.8)
Eosin	0.00 * 109/L	(0.0 - 0.4)

His symptoms persist despite five days of intravenous piperacillin/tazobactam, and serum Beta-D-glucan comes back positive. Accordingly, he is started on IV amphotericin B.

After four days of therapy on amphotericin B, urinalysis shows the following:

Blood: negative
Protein: ++
Glucose: +++
Nitrites: negative
Leukocytes: negative

Due to these findings, some additional blood tests are requested:


Na+	139 mmol/L	(135 - 145)
K+	3.1 mmol/L	(3.5 - 5.0)
Bicarbonate	18 mmol/L	(22 - 29)
Urea	4.0 mmol/L	(2.0 - 7.0)
Creatinine	88 µmol/L	(55 - 120)


Calcium	2.0 mmol/L	(2.1-2.6)
Phosphate	0.67 mmol/L	(0.8-1.4)

Random serum glucose 5.1mmol/L.

A defect in which part of the nephron is responsible for the findings shown above?","[""Proximal convoluted tubule"", ""Descending limb of the loop of Henle"", ""Ascending limb of the loop of Henle"", ""Distal convoluted tubule"", ""Cortical collecting ducts""]",Proximal convoluted tubule,0,"The majority of glucose reabsorption in the nephron occurs within the proximal convoluted tubule

This patient has Fanconi syndrome, of which amphotericin B is a recognised cause. This is due to a defect in the cells of the proximal convoluted tubule. The proximal tubular cells fail to reabsorb bicarbonate, leading to type 2 (proximal) renal tubular acidosis. The proximal tubular cells also fail to reabsorb glucose and amino acids, explaining the findings of protein ++ and glucose +++ on the patient's urinalysis, in spite of normoglycaemia. The patient's blood tests, showing depletion of potassium, calcium and phosphate due to failed proximal tubular reabsorption of electrolytes, further support the diagnosis of Fanconi syndrome.

The loops of Henle are involved in the absorption of electrolytes, and regulating the osmolality of urine, but are not significantly involved in the transport of larger molecules like glucose and amino acids.

The distal convoluted tubule is the site of aldosterone-dependent fine-tuning of sodium and potassium concentrations, as well as pH regulation via the secretion and reabsorption of bicarbonate. It is implicated in type 4 (distal) renal tubular acidosis rather than Fanconi syndrome.

The cortical collecting ducts are involved in osmoregulation, as the site of action of the hormone ADH."
414,"A 27-year-old female presents to her General Practitioner with severe morning headaches associated with nausea. She is referred for an MRI head scan that reveals a large tumour arising from the falx cerebri and pushing on the brain. There is a well-defined border between the tumour and the brain parenchyma.

What is the most likely diagnosis?","[""Glioblastoma"", ""Metastasis"", ""Low-grade glioma"", ""Meningioma"", ""Craniopharyngioma""]",Meningioma,3,"Meningiomas are typically benign tumours that arise from the arachnoid cap cells of the meninges but are typically located next to the dura

Meningiomas are typically benign tumours that arise from the arachnoid cells next to the dura mater of the meninges. They are extra-axial lesions, meaning they do not arise from the brain parenchyma. They do not invade the brain substance, but rather cause symptoms by compression."
415,"A 23-year-old healthcare worker undergoes an interferon-gamma release assay (IGRA) as part of an occupational health assessment. He migrated to the UK from Bangladesh aged six and is unsure of his vaccination history. He denies ever having been symptomatic with tuberculosis infection in the past.

Which of the following most accurately describes the normal physiological role of the cytokine underpinning this diagnostic test?","[""Promotion of neutrophil chemotaxis"", ""Stimulation of eosinophil production"", ""Induction of fever"", ""Activation of macrophages"", ""Inhibition of Th1 cytokine production""]",Activation of macrophages,3,"Interferon-γ is responsible for activating macrophages

Interferon-Î³ is a pro-inflammatory Th1 cytokine that stimulates the activation of macrophages. In the context of an interferon-gamma release assay, quantification of interferon-gamma release by leukocytes in response to an immunological challenge with antigens from

Mycobacterium tuberculosis

can reveal active or latent TB infection. The utility of an IGRA in this patient is that, unlike the tuberculin skin test, it will not yield a positive result if he has in fact received the BCG vaccination, in the absence of natural infection by

Mycobacterium tuberculosis

.

Both interleukin-8 and tumour necrosis factor-α are cytokines produced by macrophages, which promote neutrophil chemotaxis.

Eosinophil production is stimulated by the Th2 cytokine interleukin-5, rather than interferon-Î³. Other cytokines stimulating eosinophil production include granulocyte-macrophage colony stimulating factor (GM-CSF) and IL-3, via less specific promotion of granulocyte maturation.

Interferon-Î³ does not directly induce fever. Pyrogenic cytokines include interleukin-1, which is produced by macrophages, and interleukin-6, which is produced by macrophages and Th2 cells.

Interferon-Î³ is in fact a Th1 cytokine (produced by Th1 T cells), which stimulates the differentiation of Th0 cells into Th1 cells in a positive feedback loop."
416,"A 45-year-old woman has 8 months of weakness. She first had double vision when reading or watching television, then difficulty chewing food. Recently, she has had weakness with activities such as getting up out of chairs and lifting objects, with her symptoms worsening at the end of the day.

She is asked to abduct both shoulders, which she does with ease. Then, she is asked to abduct and adduct her right shoulder multiple times before abducting both shoulders again. When abducting both shoulders a second time, there is significant right-sided weakness.

Which option is the underlying cause of her features?","[""Antibodies that destroy acetylcholine"", ""Antibodies that destroy acetylcholinesterase"", ""Antibodies that prevent acetylcholine from binding to receptors"", ""Antibodies that prevent the release of acetylcholine at synapses"", ""Antibodies that target ion channels, preventing calcium from entering nerves""]",Antibodies that prevent acetylcholine from binding to receptors,2,"Skeletal muscle contraction is dependent on acetylcholine which activates nicotinic acetylcholine receptors

Antibodies that prevent acetylcholine from binding to receptors

is correct The patient’s muscle weakness that worsens with activity, starting with diplopia and progressing to bulbar (difficulty chewing) and proximal limb weakness, is classic for myasthenia gravis (MG). The examination demonstrates fatiguability, initial normal shoulder abduction followed by weakness after repetitive movement, due to impaired neuromuscular transmission. In MG, autoantibodies block or destroy post-synaptic acetylcholine receptors (AChRs), reducing available binding sites. This results in progressive weakness with sustained activity, as seen here.

Antibodies that destroy acetylcholine

as acetylcholine is a neurotransmitter itself and is not targeted or destroyed by antibodies in MG. The autoimmune response is instead directed against components of post-synaptic membranes, including acetylcholine receptors. Acetylcholine is instead destroyed in normal neuromuscular physiology, as it is degraded by acetylcholinesterase, and the products of degradation are reabsorbed into the presynaptic neurone.

Antibodies that destroy acetylcholinesterase

is incorrect as this option is theoretical and not known to occur in human autoimmune disease. If it were to exist, acetylcholinesterase deficiency would cause excessive acetylcholine accumulation, leading to muscle hyperactivity (e.g., fasciculations, spasms). This contrasts with this patient’s fatiguable weakness. Excessive acetylcholine accumulation may instead be seen in organophosphate poisoning, where molecules irreversibly inhibit acetylcholinesterase. This tends to be associated with pesticide use.

Antibodies that prevent the release of acetylcholine at synapses

is incorrect, as this describes Lambert-Eaton myasthenic syndrome (LEMS). LEMS causes weakness that improves with activity due to presynaptic calcium channel dysfunction, alongside autonomic symptoms (e.g., dry mouth). This patient’s fatiguable weakness and absent autonomic involvement make LEMS less likely.

Antibodies that target ion channels, preventing calcium from entering nerves

is incorrect, as this also describes LEMS. Calcium channel blockade impairs acetylcholine release, causing activity-dependent improvement in weakness and autonomic dysfunction. This patient’s worsening weakness with activity and isolated neuromuscular symptoms are inconsistent with LEMS."
417,"A 26-year-old man presents to his GP with a painless mass on the left of the neck that has enlarged over time. He also describes intermittent fevers and night sweats. His past medical history is unremarkable and he takes no regular medications.

On examination, he appears generally well and is apyrexial. A 3cm, firm, mobile, round mass is palpated on examination of the neck. A lymph node biopsy confirms the diagnosis of Hodgkin's lymphoma.

Which of the following cell surface proteins is associated with the cell type characteristic of this condition?","[""CD4"", ""CD8"", ""CD14"", ""CD15"", ""CD45""]",CD15,3,"CD15 is found on Reed-Sternberg cells

The correct answer is CD15. Reed-Sternberg cells are a pathognomonic finding of Hodgkin's lymphoma which express CD15 on their cell surface as well as CD30.

CD4 is associated with T-helper cells, a subtype of lymphocytes that acts as a co-receptor for the T-cell receptor (TCR), assisting in communication with antigen-presenting cells. CD4, with TCR, binds to major histocompatibility complex (MHC) class II, which presents antigens. CD4 is not typically associated with Reed-Sternberg cells.

CD8 is found on cytotoxic T-cells. It acts as a co-receptor for MHC class 1, alongside the TCR. CD8 is not typically associated with Reed-Sternberg cells either.

CD14 is mostly found on macrophages and binds lipopolysaccharide. To a lesser extent, it is also expressed by neutrophils and dendritic cells, not Reed-Sternberg cells.

CD45 is also known as protein tyrosine phosphatase and is present on all leukocytes. It is involved in signalling, regulating a number of cellular processes. It is not characteristic of Reed-Sternberg cells."
418,A 62-year-old female comes to the GP clinic because of neck pain. Neurological examination reveals numbness over the thumb. Which dermatome does this correspond to?,"[""C5"", ""C6"", ""C7"", ""C8"", ""T1""]",C6,1,"The C6 dermatome is located on the index finger and thumb

The C6 dermatome is most commonly located on the index finger and the thumb."
419,"You are developing a blood test to help diagnose deep vein thrombosis.

The results of the trial are as follows:


	Disease present	Disease absent
Test positive	12	162
Test negative	3	1960

You calculate a key statistical result as (true positive) / (true positive + false positive) = 12 / (12 + 162) = 6.9%.

What is this defining?","[""How much the odds of the disease increase when a test is positive"", ""Proportion of patients with the condition who have a positive test result"", ""Proportion of patients without the condition who have a negative test result"", ""The chance that the patient does not have the condition if the diagnostic test is negative"", ""The chance that the patient has the condition if the diagnostic test is positive""]",The chance that the patient has the condition if the diagnostic test is positive,4,"Positive predictive value - the chance that the patient has the condition if the diagnostic test is positive

The chance that the patient has the condition if the diagnostic test is positive

is correct. This is the definition of the positive predictive value which is calculated as TP / (TP + FP) = 12 / (12 + 162) = 6.9%. This represents the chance that the patient has the condition if the diagnostic test is positive. Therefore the blood test is not particularly useful in diagnosing a deep vein thrombosis (DVT) due to the low PPV of the test.

How much the odds of the disease increase when a test is positive

is incorrect. This is the definition of the likelihood ratio for a positive test result.

Proportion of patients with the condition who have a positive test result

is incorrect. The sensitivity is defined as the proportion of patients with the condition who have a positive test result.

Proportion of patients without the condition who have a negative test result

is incorrect. The specificity is defined as the proportion of patients without the condition who have a negative test result.

The chance that the patient does not have the condition if the diagnostic test is negative

is incorrect. The negative predictive value is defined as the chance that the patient does not have the condition if the diagnostic test is negative."
420,"A study is conducted, examining a new analgesic drug and its effectiveness against osteoarthritic pains. Paracetamol is used as a control drug in the study. The null hypothesis for the study states that 'there is no difference between paracetamol and the new drug with regards to effectiveness in treating osteoarthritic pains'.

One of the researchers comments on a value, which she describes as 'assuming the null hypothesis is true, the probability of obtaining a result, by chance, as extreme as the observed value'.

To which value is she referring?","[""Null hypothesis value"", ""P-value"", ""Power"", ""Type 1 error value"", ""Type 2 error value""]",P-value,1,"P value - is the probability of obtaining a result by chance at least as extreme as the one that was actually observed, assuming that the null hypothesis is true

The researcher is describing the P-value - that is, the probability of obtaining a result by chance at least as extreme as the observed result from the study (assuming that the null hypothesis is true).

The 'null hypothesis value' is incorrect - the null hypothesis is a statement that is negatively phrased to state that two treatments are equally effective.

Power can be defined as the probability of correctly rejecting the null hypothesis when it is false - that is, the probability of detecting a statistically significant difference.

A type 1 error is the rejection of the null hypothesis when it is actually true - that is, showing a difference between two groups where a difference does not actually exist (a false positive).

A type 2 error is the acceptance of the null hypothesis when it is actually false - failing to spot a difference when there really is one (a false negative)."
421,"A 19-year-old man is referred to the dermatology clinic with a three-month history of raised red spots around his upper lip, abdomen, and upper thighs. In addition, he reports burning in the hands and feet, aggravated by exercise. He has a history of cramping abdominal pain, intolerance to heat, and depression. His urine is positive for proteinuria. The enzyme activity of alpha-galactosidase is reduced on serum testing. His parents are well, and there is no history of genetic disease on the paternal side. A lysosomal storage disorder is suspected.

What is the inheritance pattern for this condition?","[""Autosomal dominant"", ""Autosomal recessive"", ""Mitochondrial inheritance"", ""X-linked dominant"", ""X-linked recessive""]",X-linked recessive,4,"Fabry disease: X-linked recessive

X-linked recessive

is the correct answer. The diagnosis is Fabry disease. Fabry disease is a rare X-linked recessive disorder of fat metabolism resulting from deficient activity of the lysosomal enzyme alpha-galactosidase. It is a multi-system disease, with full-body or extremity pain (acroparaesthesia) and gastrointestinal pain being common features. It can also result in renal impairment, with proteinuria an early feature. As in this case, it can also cause angiokeratomas and anhidrosis. Treatment strategies are two-pronged. First, to correct the underlying decreased activity of alpha-galactosidase A. Second, to reduce the burden of symptoms.

Autosomal dominant

is incorrect. Fabry disease is inherited in an X-linked recessive manner. You would not expect the condition to skip a generation in autosomal dominant inheritance.

Autosomal recessive

is incorrect. Both altered gene copies are needed to cause the disease in this pattern. There is no evidence of genetic disease on the paternal side.

Mitochondrial inheritance

is incorrect. Fabry disease is an X-linked recessive genetic condition. In mitochondrial inheritance, both males and females are affected, and the disease is transmitted through the female to her offspring. If a male has a trait and his spouse does not, their offspring will not be affected.

X-linked dominant

is incorrect. X-linked dominant inheritance is less common than X-linked recessive inheritance (which is the pattern in Fabry disease). X-linked dominant inheritance affects females more than males and results in disease when there is a mutation in just one of the two copies of a gene."
422,"A 22-year-old woman presents with fatigue, musculoskeletal pain and a rash. She also reports that her hands get very cold in the winter, to the point of 'turning blue'. She has no significant past medical history and takes no regular medications.

On examination, she has a malar rash across the face and has generalised joint pains. Observations are normal. Blood tests are taken:


Antinuclear antibodies	Positive
Anti-dsDNA antibodies	Positive

A deficiency in which of the following may have predisposed her to this condition?","[""C1-inhibitor"", ""C3"", ""C4"", ""C5"", ""C9""]",C4,2,"Deficiency in C1q, C1rs, C2 and C4 predisposes to immune complex disease such as SLE

The diagnosis here, given the presentation and the presence of autoantibodies, is systemic lupus erythematosus (SLE). This warrants referral to rheumatologists, who will initiate immunosuppressive treatment to prevent relapses and keep symptoms under control. It is one of a number of immune complex diseases. Deficiencies in the classical complement pathway components - C1q, C1rs, C2 and

C4

- are known to predispose to immune complex diseases.

A deficiency in

C1-inhibitor

is not associated with SLE. It is, however, associated with hereditary angioedema, which would have instead presented with features of soft tissue swelling.

C3

deficiency is associated with recurrent bacterial infections. There are case reports which detail findings of low C3 in SLE patients, but a true link has not been established. C4 is the more likely culprit here.

C5

deficiency predisposes to Leiner disease. This is a rare cluster of symptoms involving recurrent diarrhoea, wasting and seborrhoeic dermatitis in infants. C5 deficiency is not associated with SLE.

C9

deficiency renders people more prone to infection with

Neisseria meningitidis

. It is not associated with SLE."
423,A new oral-hypoglycaemic is being developed. A number of different study types are considered to demonstrate efficacy in reducing the HbA1c. Which one of the following study designs would require the most patients to produce a significant result?,"[""Equivalence trial"", ""Non-inferiority trial"", ""Superiority trial"", ""Placebo-controlled trial"", ""Study design would not affect the number of patients required""]",Superiority trial,2,
424,"A new test for lung cancer has a specificity of 95% and a sensitivity of 98%. A thousand people without lung cancer undergo the new test.

Which of the following is the number of people who will test negative?","[""10"", ""20"", ""50"", ""950"", ""980""]",950,3,"Specificity - proportion of patients without the condition who have a negative test result

Specificity is the proportion of patients without the condition who have a negative test result.

The test has a specificity of 95%, which means that 95% of the non-diseased people who take the test will correctly have a negative test result. If 1000 people without lung cancer take the test, then 95% of these would test negative (true-negative).

95% of 1000 = (95/100)*1000 = 950.

Fifty people without lung cancer will test positive despite not having the disease (false-positive).

If 1000 people with lung cancer undergo the test, 980 of them will test positive (true-positive), and 20 would test negative (false-negative)."
425,"A randomised controlled trial was conducted to assess the efficacy of a new anticoagulant in preventing strokes among high-risk patients. The study enrolled 2,000 participants who were evenly allocated to either a control group receiving standard care or a treatment group receiving the new anticoagulant. After the trial, the incidence of stroke was 15% in the control group and 10% in the treatment group.

What is the Number Needed to Treat (NNT) to prevent one additional stroke?","[""5"", ""10"", ""15"", ""20"", ""25""]",20,3,"NNT = 1 / Absolute Risk Reduction

20 is correct

because NNT quantifies the number of patients needed to be treated with a specific intervention to achieve one additional positive outcome compared to a control group.

Calculation process: ARR = Risk in the control group (R𝑐) − Risk in the treatment group (R𝑡).

NNT = 1/ARR.

The Absolute Risk Reduction (ARR) is calculated as:

ARR = 𝑅𝑐−𝑅𝑡 = 15%−10% = 5% (0.05).

Using the formula NNT = 1/ARR:

NNT = 1/0.05 = 20.

Easier way : 100 / (15-10) = 20

This indicates that 20 patients need to be treated with the anticoagulant to prevent one stroke, aligning with the observed trial data.

5 is incorrect

because NNT of 5 implies an Absolute Risk Reduction (ARR) of 20% (0.20), which is much larger than the actual ARR of 5% (0.05) observed in this trial, making this value incorrect.

10 is incorrect

because NNT of 10 corresponds to an ARR of 10% (0.10), which is double the actual ARR calculated in this case, leading to an overestimation of treatment effectiveness.

15 is incorrect

because NNT of 15 would imply an ARR of approximately 6.7% (0.067), but the ARR in this trial is smaller (5%), making this answer an overestimation of the intervention's benefit.

25 is incorrect

because NNT of 25 corresponds to an ARR of 4% (0.04), which underestimates the actual ARR observed in the trial (5%), making this answer incorrect."
426,"A scientist is studying the role of regulatory proteins in intracellular trafficking. He has isolated and identified various intracellular proteins tagged with mannose-6-phosphate.

These proteins are destined to which of the following organelles?","[""Lysosome"", ""Smooth endoplasmic reticulum"", ""Rough endoplasmic reticulum"", ""Nucleus"", ""Mitochondria""]",Lysosome,0,"Golgi adds mannose-6-phosphate to proteins for trafficking to lysosomes

The correct answer is

Lysosome

. Mannose-6-phosphate (M6P) is a specific molecular marker that targets proteins to lysosomes. This targeting system involves the addition of M6P residues to proteins in the Golgi apparatus, which are then recognised by mannose-6-phosphate receptors (M6PRs). These receptors facilitate the transport of the tagged proteins from the trans-Golgi network to lysosomes. This system is crucial for the proper functioning of lysosomes, as it ensures that hydrolytic enzymes and other essential lysosomal proteins reach their intended destination.

Smooth endoplasmic reticulum

is incorrect because proteins destined for the smooth endoplasmic reticulum do not require M6P tagging. The smooth ER primarily functions in lipid synthesis and calcium storage, and protein targeting to this organelle involves different mechanisms, typically through specific signal sequences or membrane-spanning domains.

Rough endoplasmic reticulum

is incorrect because protein targeting to the RER occurs through an entirely different mechanism involving signal recognition particles (SRP) and signal sequences at the N-terminus of proteins. The RER is where protein synthesis and initial protein processing occurs, but M6P tagging happens later in the secretory pathway.

Nucleus

is incorrect because nuclear proteins are targeted through nuclear localisation signals (NLS) that are recognised by importins, not through M6P tagging. The nuclear transport system uses a completely different set of targeting mechanisms involving the nuclear pore complex.

Mitochondria

is incorrect because mitochondrial proteins use specific mitochondrial targeting sequences (MTS) that are recognised by the TOM/TIM complex for import. The M6P system is not involved in mitochondrial protein targeting, which requires its own unique protein import machinery due to the organelle's endosymbiotic origin."
427,"A 56-year-old Afro-Caribbean man presents to his GP complaining of widespread pain in his bones that has been ongoing for a few months.

On examination, he has proximal muscle weakness and spinal tenderness to percussion. His blood results are shown in the table below.


Calcium	2.0 mmol/L	(2.1-2.6)
Vitamin D	21 mmol/L	(30-80)
Parathyroid hormone	94 mmol/L	(15-65)


By what process would the appropriate treatment for this patient increase his serum calcium?","[""Increase calcium absorption via the large intestine"", ""Increase calcium absorption via the proximal tubule"", ""Increase calcium absorption via the small intestine"", ""Increase calcium absorption via the thick ascending limb of the loop of Henle"", ""Increase osteoclast proliferation and increase bone turnover""]",Increase calcium absorption via the small intestine,2,"Vitamin D increases serum calcium primarily through raising its absorption via the small intestine

This patient is displaying symptoms of osteomalacia. Osteomalacia is a metabolic bone disease characterised by incomplete mineralisation of the underlying mature organic bone matrix following growth plate closure in adults. Treatment would include oral vitamin D supplementation which increases serum calcium levels by

increasing its absorption via the small intestine

. Calcium is absorbed by active transport (transcellular) and via passive diffusion (paracellularly) across the intestinal mucosa.

Increase calcium absorption via the large intestine

is incorrect as there is limited absorption of calcium from this part of the bowel.

Increase calcium absorption via the proximal tubule

is incorrect. This would be the mechanism by which increased parathyroid hormone (PTH) would increase calcium levels, by regulating the absorption of calcium in the kidney by blocking the reabsorption of phosphate in the proximal tubule while promoting calcium reabsorption in the ascending loop of Henle, distal tubule, and collecting tubule.

Increase calcium absorption via the thick ascending limb of the loop of Henle

is incorrect. This would be the mechanism by which parathyroid hormone (PTH) would increase calcium levels. PTH blocks the reabsorption of phosphate in the proximal tubule while promoting calcium reabsorption in the ascending loop of Henle, distal tubule, and collecting tubule.

Increase osteoclast proliferation and increase bone turnover

is incorrect. RANKL (receptor activator of nuclear factor kappa beta ligand) leads to excessive proliferation and abnormal activation of osteoclasts causing increased calcium."
428,"A gastroenterologist is writing a meta-analysis of randomised controlled trials into the comparative efficacy of octreotide and terlipressin at reducing morbidity associated with upper gastrointestinal haemorrhage.

What might they wish to include to highlight any potential publication bias in their analysis?","[""Blobbogram"", ""Box plot"", ""Forest plot"", ""Funnel plot"", ""Histogram""]",Funnel plot,3,"Funnel plots - show publication bias in meta-analyses

The correct answer is

funnel plot

. Funnel plots are scatter plots which plot treatment effect size estimated from individual studies (x-axis) against the study size (y-axis). In an unbiased meta-analysis, results from small studies will scatter widely at the bottom of the graph, with the spread narrowing for larger studies. If there is bias, for example, because smaller studies showing no statistically significant effects go unpublished, this leads to an asymmetrical appearance of the funnel plot.

Blobbogram

is incorrect. Blobbograms are used to display the results of all the constituent studies included in a meta-analysis. Conventionally, each study is represented with a data point showing the odds ratio (e.g. of death in placebo vs control) with error bars representing a 95% confidence interval. They do not provide any information on publication bias in terms of which studies were included in a meta-analysis.

Box plot

is incorrect. Box plots are used for the visual representation of quantitative results. They are useful for showing the distribution of data points, such as the mean, range, and interquartile range  of a data set, as well as the presence of positive or negative skew.

Forest plot

is incorrect, as this is an alternative term for a blobbogram.

Histogram

is incorrect. Histograms are a form of bar chart which graphically represent the number of a specific type of variable that occurs within a certain range (e.g. the number of myocardial infarctions on the y-axis against patient age by decade on the x-axis)."
429,"A 65-year-old woman attends the clinic with a 6-month history of progressive shortness of breath on exertion. She has a past medical history of severe COPD for which she is on long-term oxygen therapy for. On examination, you note pitting oedema to the mid thighs, raised JVP with a prominent V wave, a precordial heave, and a loud P2.

Based on the likely diagnosis, what mechanism is most likely implicated?","[""Pulmonary arteries vasoconstriction due to hypercapnia"", ""Pulmonary arteries vasoconstriction due to hypoxia"", ""Pulmonary arteries vasodilation due to hypoxia"", ""Pulmonary veins vasoconstriction due to hypoxia"", ""Pulmonary veins vasodilation due to hypoxia""]",Pulmonary arteries vasoconstriction due to hypoxia,1,"Pulmonary arteries vasoconstrict in the presence of hypoxia

The correct answer is

pulmonary arteries vasoconstriction due to hypoxia

. This patient's presentation is consistent with cor pulmonale secondary to COPD. The hypoxic vasoconstriction of pulmonary arteries is a key pathophysiological mechanism in the development of pulmonary hypertension and subsequent right heart failure in COPD patients. This reflex, known as the Euler-Liljestrand mechanism, causes vasoconstriction of small pulmonary arteries in response to alveolar hypoxia, initially serving as an adaptive response to redirect blood flow to better-ventilated areas of the lung. However, in chronic hypoxic states like COPD, this leads to sustained pulmonary hypertension.

Pulmonary arteries vasoconstriction due to hypercapnia

is incorrect. While hypercapnia can cause some vasoconstriction of pulmonary vessels, it is not the primary mechanism in COPD-related pulmonary hypertension. The hypoxic response is much more significant in driving the pathological changes.

Pulmonary arteries vasodilation due to hypoxia

is incorrect. Hypoxia causes vasoconstriction, not vasodilation, in the pulmonary circulation. This is opposite to the systemic circulation where hypoxia typically causes vasodilation.

Pulmonary veins vasoconstriction due to hypoxia

is incorrect. The pulmonary veins play a minimal role in pulmonary hypertension in COPD. The primary changes occur in the pulmonary arterial circulation, not the venous system.

Pulmonary veins vasodilation due to hypoxia

is incorrect. Pulmonary veins are not significantly affected by hypoxia in terms of their tone, and vasodilation of pulmonary veins is not a feature of cor pulmonale or COPD-related pulmonary hypertension."
430,"A 4-year-old female is referred to the paediatrician due to a swollen abdomen. She has lost considerable weight and says she is never hungry. Moreover, her bowel movements suggest she is constipated. An MRI reveals a lesion in the adrenal glands. A biopsy of this lesion is taken and undergoes molecular testing for an oncogene. Which of the following is an oncogene for neuroblastoma?","[""ABL"", ""c-MYC"", ""n-MYC"", ""BCL-2"", ""Ras""]",n-MYC,2,"n-MYC is an oncogene for neuroblastoma

n-MYC is an oncogene for neuroblastoma. The number of n-MYC repeats often correlates with prognosis. ABL is an oncogene found in chronic myeloid leukaemia. c-MYC is an oncogene found in Burkitt's lymphoma. Ras is an oncogene found in many cancers, but mostly pancreatic cancer."
431,"A randomised controlled trial evaluates a new antihypertensive medication compared to placebo in 1000 patients with hypertension. After 5 years, 40 patients in the treatment group (n=500) and 80 patients in the placebo group (n=500) developed a myocardial infarction.

What is the number needed to treat (NNT) to prevent one myocardial infarction?","[""8"", ""10"", ""12.5"", ""20"", ""25""]",12.5,2,"NNT = 1 / Absolute Risk Reduction

The Number Needed to Treat (NNT) is calculated as 1 divided by the Absolute Risk Reduction (ARR). To find the ARR, we need to calculate the event rates in both groups.

12.5

is the correct answer. The Control Event Rate (CER) in the placebo group is 80/500 = 0.16 or 16%. The Experimental Event Rate (EER) in the treatment group is 40/500 = 0.08 or 8%. The Absolute Risk Reduction (ARR) is CER - EER = 0.16 - 0.08 = 0.08 or 8%. Therefore, NNT = 1/ARR = 1/0.08 = 12.5. This means that approximately 13 patients (rounded up to the nearest whole number) would need to be treated with the new antihypertensive medication to prevent one myocardial infarction over 5 years compared to placebo. Understanding NNT is crucial for clinical decision-making as it provides a practical measure of treatment effectiveness.

8

is incorrect. This value does not correspond to the correct calculation of NNT in this scenario. It may result from incorrectly calculating the ARR or misapplying the NNT formula.

10

is incorrect. This would be the NNT if the ARR was 0.1 or 10%, but the actual ARR in this scenario is 0.08 or 8%.

20

is incorrect. This would be the NNT if the ARR was 0.05 or 5%, but the actual ARR in this scenario is 0.08 or 8%.

25

is incorrect. This would be the NNT if the ARR was 0.04 or 4%, but the actual ARR in this scenario is 0.08 or 8%. This value might result from incorrectly calculating the event rates or applying the wrong formula."
432,Which of the following conditions is inherited in a X-linked recessive fashion?,"[""Androgen insensitivity syndrome"", ""Myotonic dystrophy"", ""von Willebrand's disease"", ""Ehlers-Danlos syndrome"", ""Huntington's disease""]",Androgen insensitivity syndrome,0,"X-linked conditions: Duchenne/Becker, haemophilia, G6PD

Androgen insensitivity syndrome

is indeed inherited in an X-linked recessive pattern, making this the correct answer. The condition results from mutations in the androgen receptor gene (AR) located on the X chromosome. Affected individuals have a 46,XY karyotype but are phenotypically female due to complete or partial resistance to androgens. As males have only one X chromosome, they will manifest the condition if they inherit the mutated gene, while females require two copies to be affected (though they can be carriers with one copy).

Myotonic dystrophy

is incorrect as it follows an autosomal dominant inheritance pattern. It is caused by a trinucleotide repeat expansion in the DMPK gene on chromosome 19. The condition shows anticipation, meaning symptoms often become more severe and appear earlier in subsequent generations.

von Willebrand's disease

is incorrect as it is predominantly inherited in an autosomal dominant pattern, though some variants can be autosomal recessive. It results from mutations in the VWF gene on chromosome 12, affecting the production or function of von Willebrand factor, essential for platelet adhesion and factor VIII stabilisation.

Ehlers-Danlos syndrome

is incorrect as it typically shows autosomal dominant inheritance, though some variants can be autosomal recessive. The condition affects collagen synthesis and structure, with various subtypes involving different genes, most commonly those encoding type I, III, and V collagen.

Huntington's disease

is incorrect as it follows an autosomal dominant inheritance pattern. It is caused by a CAG trinucleotide repeat expansion in the huntingtin gene on chromosome 4. Like myotonic dystrophy, it demonstrates anticipation, with earlier onset in subsequent generations correlating with increasing repeat length."
433,A study measures a patients serum cholesterol before and after a new lipid-lowering therapy has been given. What type of significance test should be used to analyse the data?,"[""Student's paired t-test"", ""Student's unpaired t-test"", ""Chi-squared test"", ""Pearson's test"", ""Spearman test""]",Student's paired t-test,0,
434,"A 60 year-old man with haemophilia A has just become a grandfather. He wants to know what the chances are of his daughter's son having haemophilia. His daughter's partner is well with no past medical history.

What is the probability that his daughter's son has haemophilia A?","[""Impossible to calculate"", ""50%"", ""25%"", ""No increased risk"", ""100%""]",50%,1,
435,"A study is designed to assess the efficacy of a new anti-hypertensive medication. Two groups of patients are randomly assigned, one to take the established drug for 3 months whilst the other takes the new drug for 3 months. Blood pressure is measured before and after the intervention. There is then a period off medication for 1 month. After this period has elapsed the medication that the groups receive is swapped around and again blood pressure is measured before and 3 months later. The difference in blood pressure after the respective medications is calculated for each patient. Which one of the following significance tests is it most appropriate to apply?","[""Student's unpaired t-test"", ""Student's paired t-test"", ""Pearson's test"", ""Mann-Whitney test"", ""Chi-squared test""]",Student's paired t-test,1,
436,"A 1-day-old baby has been found to have a cleft palate and facial dysmorphia during the newborn infant physical examination. He is also observed to have some respiratory difficulties during feeding, and echocardiography has revealed an interrupted aortic arch. Subsequent blood tests have also shown hypocalcemia.

His parents have been informed of the likely diagnosis and the implications, including the propensity for recurrent infections during childhood.

What underlying immunodeficiency is responsible for this?","[""B cell deficiency"", ""Defective complement system"", ""Defective neutrophils"", ""Leucocyte function defect"", ""T cell deficiency""]",T cell deficiency,4,"DiGeorge syndrome - a T-cell disorder

This baby most likely has DiGeorge syndrome, which is also known as 22q11.2 deletion syndrome. This is associated with congenital heart defects, abnormal facies (including cleft lip and/or palate), congenital absence of the thymus gland and hypocalcemia. The mnemonic CATCH22 (cardiac abnormality, abnormal facies, thymic aplasia, cleft palate, hypocalcemia, chromosome 22) is commonly used to remember these clinical features.

DiGeorge syndrome is a primary immunodeficiency characterised by T-cell deficiency as the thymus is critical in the development of the T-cell immune system. This manifests in severe and sometimes unusual viral and fungal infections in early infancy, such as bronchiolitis, diarrhoea, oral candidiasis and

Pneumocystis jiroveci

pneumonia.

B cell deficiency is incorrect. An example of this disorder is a common variable immune deficiency (CVID), which is associated with a high risk of autoimmune disorders and malignancy, a well as severe bacterial infections.

Defective complement system is incorrect. Conditions associated with this defect include mannose-binding lectin (MBL) deficiency, which is associated with recurrent bacterial infections.

Defective neutrophils is an incorrect option. An example of this defect is a chronic granulomatous disease arising from certain X-linked recessive disorders.

Leucocyte function defect is incorrect. An example of this defect is leucocyte adhesion deficiency, which leads to the inability of neutrophils to migrate to sites of infection and can result in delayed wound healing and deep-seated skin infections."
437,"A 32-year-old mum attends the GP surgery with her newborn son for the six-week check. During which, she brought up that her son developed vitamin K deficiency bleeding when he was three-days-old. He has made a good recovery since and is on vitamin K replacement.

Which of the following clotting factor is dependent on this vitamin?","[""Clotting factor I"", ""Clotting factor V"", ""Clotting factor II"", ""Clotting factor VIII"", ""Clotting factor XII""]",Clotting factor II,2,"Vitamin K acts as a cofactor in the carboxylation of clotting factors (II, VII, IX, X)

The correct answer is clotting factor II. The formation of clotting factors II, VII, IX and X, as well as protein C, S and Z, are dependent on vitamin K.

Vitamin K deficiency bleeding (VKDB) is also known as the haemorrhage disease of the newborn. However, VKDB is the preferred term now. These cases are rare in the UK with most cases occurring in breastfed babies whose parents have refused prophylaxis.

Vitamin K is also a fat-soluble vitamin and hence the level may fall in conditions that affect fat absorption such as cystic fibrosis, short bowel syndrome."
438,"A 63-year-old woman with known hypertension, diabetes and high cholesterol presents to the hospital with crushing central chest pain radiating to the jaw. She has vomited twice and reports feeling dizzy.

An ECG confirms widespread ST elevation with reciprocal ST-segment depression. A troponin T serum level is measured and confirmed to be raised.

The patient is started on aspirin, morphine and an antiemetic and transferred urgently to a cardiac centre.

What does this measured cardiac biomarker bind to?","[""Actin"", ""Calcium ions"", ""Myoglobin"", ""Tropomyosin"", ""Troponin I""]",Tropomyosin,3,"Troponin T binds to tropomyosin, forming a troponin-tropomyosin complex

This patient has presented with an ST-elevation myocardial infarction (STEMI). Diagnosis of this cardiac condition is confirmed via ECG changes and raised serum cardiac biomarkers. Specific troponin levels can be used as biomarkers to confirm the presence of cardiac tissue damage, one of which is troponin T. This biomarker binds to

tropomyosin

forming the troponin-tropomyosin complex which regulates muscle contraction. As with the other troponin subunits (troponin I and troponin C), troponin T is released in cardiac cell damage (e.g. in acute coronary syndrome) although it is considered less sensitive and specific than troponin I in the diagnosis of myocardial infarction.

Actin

holds the troponin-tropomyosin complex in place and is bound to by the cardiac biomarker troponin I, not troponin T. Troponin I is generally considered the most sensitive and specific biomarker when used for acute coronary syndrome (ACS) diagnosis and therefore its use is more widespread.

Calcium ions

are bound to by the third troponin subunit troponin C. This plays the main role in Ca

2+

-dependent regulation of muscle contraction. As one of the troponin subunits, it is released in cardiac cell damage and therefore can be used for ACS diagnosis however as troponin C is also found in skeletal muscle (unlike troponin I and T), it is less specific.

Myoglobin

is an oxygen-binding protein, similar to haemoglobin, found in cardiac and skeletal muscle cells. ACS can result in a raised myoglobin levels as it is released from damaged cells, but it has poor specificity for cardiac tissue injury and is not involved in the troponin-tropomyosin complex.

Troponin I

is one of the subunits of troponin which binds to actin. It is generally considered the most specific and sensitive of the three subunits for ACS diagnosis. Troponin I and troponin T do not bind with one another."
439,Which one of the following statements regarding the power of a study is correct?,"[""Is the probability of rejecting the null hypothesis when it is false"", ""Decreases with increasing sample size"", ""Lies within 2 standard deviations of the mean"", ""Is the chance a significant p value will be reached"", ""Is equal to 1 - (the probability of a type I error)""]",Is the probability of rejecting the null hypothesis when it is false,0,"Power = 1 - the probability of a type II error

The power of a study may be defined in a number of ways:

in general terms, the probability that a statistically significant difference will be detected
probability of (correctly) rejecting the null hypothesis when it is false
which also means the probability of confirming the alternative hypothesis when the alternative hypothesis is true
power = 1 - the probability of a type II error or 1 - β"
440,Which one of the following is involved in the degradation of polypeptides?,"[""Peroxisome"", ""Endoplasmic reticulum"", ""Proteasome"", ""Ribosome"", ""Golgi apparatus""]",Proteasome,2,
441,"You are examining a patient who complains of double vision. Whilst looking forward the patient's left eye turns towards the nose. On looking to the patient's right there is no obvious squint. However, on looking to the left the patient is unable to abduct the left eye and double vision worsens. What is the most likely underlying problem?","[""Right 6th nerve palsy"", ""Right 4th nerve palsy"", ""Right 3rd nerve palsy"", ""Left 6th nerve palsy"", ""Left 3rd nerve palsy""]",Left 6th nerve palsy,3,
442,"A 24-year-old woman presented to her GP with a 2-week history of worsening painful and cracked lips. She reports progressive redness and soreness of her lips which has now begun to affect the corners of her mouth. She has a past medical history of coeliac disease.

Which of the following is most likely causing her symptoms?","[""Biotin deficiency"", ""Folate deficiency"", ""Niacin deficiency"", ""Riboflavin deficiency"", ""Vitamin D deficiency""]",Riboflavin deficiency,3,"Riboflavin deficiency causes angular cheilitis

Riboflavin deficiency causes angular cheilitis which is inflammation of one or both corners of the mouth with associated redness, skin breakdown and crusting. The cause, in this case, is the patient's history of coeliac disease but other causes include oral thrush, dentures, systemic illnesses like inflammatory bowel disease, iron deficiency, and sensitive skin like atopic dermatitis.

Folate deficiency can give you tiredness, mouth ulcers, depression, insomnia, forgetfulness and sore tongue, which are features not described in this case.

Biotin deficiency would present with alopecia and scaly erythematous dermatitis located around body orifices, hearing and visual disturbances. It may also cause paraesthesia and myalgia making this option incorrect.

Niacin (or vitamin B3) deficiency would result in a condition known as pellagra and does not cause angular cheilitis. Pellagra involves the triad of dermatitis, dementia, and diarrhoea and can lead to death.

Vitamin D deficiency is likely to result in tiredness, bone pain, increased risk of bone deformities and fractures which are not described here."
443,"A 74-year-old man is referred to the memory clinic with progressive memory loss and difficulty with activities of daily living. He attends the clinic with his daughter, who provides further collateral history, and a diagnosis of Alzheimer's disease is made. With the patient's consent, he is recruited to a study investigating the link between Alzheimer's disease and cellular processes. He is randomised to the arm of the trial investigating microtubule dysfunction.

What is the normal function of these cell components?","[""Break down large proteins"", ""Guide intracellular organelle transport"", ""Modify and package secretory molecules"", ""Ribosome production"", ""Steroid and lipid synthesis""]",Guide intracellular organelle transport,1,"Microtubules help guide movement during intracellular transport and also help bind internal organelles

The disruption of microtubule function is highly implicated in neurodegenerative diseases such as Alzheimer's, where the hyperphosphorylation of tau proteins is thought to disrupt microtubule function. These attachment proteins move and down the microtubule, facilitating the intracellular transport of various organelles - and so this is the correct answer.

The breakdown of large proteins refers to lysosomes, not microtubules. These break down large proteins and polysaccharides.

The modification and packaging of secretory molecules are performed by the Golgi apparatus. Proteins may also be tagged with mannose-6-phosphate, which designates their transport to lysosomes.

Ribosome production takes place in the nucleolus, not the microtubules.

Steroid and lipid synthesis takes place at the smooth endoplasmic reticulum, not microtubules. Cells that extensively secrete steroids and lipids are therefore found to have high concentrations of this organelle, including the adrenal cortex, hepatocytes, testes, and ovaries."
444,Which one of the following cell organelles contains double-stranded circular DNA?,"[""Nucleus"", ""Ribosome"", ""Nucleolus"", ""Golgi apparatus"", ""Mitochondria""]",Mitochondria,4,
445,"A contingency table is constructed for a new blood protein marker to screen for prostate cancer in men aged between 50 and 70 years:


	Prostate cancer present	Prostate cancer absent
New test positive	19	20
New test negative	14	723

What is the positive predictive value of the new test?","[""19/20"", ""723/743"", ""19/39"", ""19/33"", ""723/737""]",19/39,2,"Positive predictive value = TP / (TP + FP)

Positive predictive value = true positives / (true positives + false positives)

= 19 / (19 + 20)"
446,Which one of the following best describes the Bohr effect?,"[""Increase in pO2 means CO2 binds less well to Hb"", ""Decreasing acidity (or pCO2) means oxygen binds less well to Hb"", ""Decrease in pO2 means CO2 binds less well to Hb"", ""Raised 2,3-DPG enhances oxygen delivery to the tissues"", ""Increasing acidity (or pCO2) means oxygen binds less well to Hb""]",Increasing acidity (or pCO2) means oxygen binds less well to Hb,4,
447,"A 38-year-old lady attends the emergency department very anxious with questions about her pregnancy and recent investigations.

She had prenatal tests showing low circulating levels of pregnancy-associated plasma protein-A (PAPP-A) and an abnormal nuchal translucency screening test.

Given the likely prenatal diagnosis, which mechanism best describes the most common cause?","[""Genetic imprinting"", ""Mosaicism"", ""Nondisjunction"", ""Robertsonian translocation"", ""21q deletion""]",Nondisjunction,2,"Nondisjunction is the commonest cause of Down's syndrome

Nondisjunction accounts for a vast majority of cases of Down's syndrome (94%). It occurs as a result of pairs of chromosome 21 in either the egg or the sperm failing to separate during meiosis. This leads to trisomy 21.

Robertsonian translocation is not the most common cause of Down's syndrome but does occur in a small number of cases (approximately 1 in 20). It is important to be aware of, however, because there is a high risk of recurrence if either parent is a carrier of the translocation.

Mosaicism is not the most common cause of Down's syndrome. It accounts for only around 1% of cases.

Genetic imprinting is unlikely to be involved in Down's syndrome. It is due to the differential expression of genes depending on parental origin and occurs in reciprocally inherited disorders, such as Prader-Willi syndrome and Angelman syndrome.

A rare chromosomal abnormality, 21q deletion, occurs due to loss of the long arm of chromosome 21. Conversely, Down's syndrome is a trisomy where three copies of chromosome 21 are present."
448,Which one of the following causes of primary immunodeficiency is a T-cell disorder?,"[""Chediak-Higashi syndrome"", ""Chronic granulomatous disease"", ""Common variable immunodeficiency"", ""DiGeorge syndrome"", ""Wiskott-Aldrich syndrome""]",DiGeorge syndrome,3,"DiGeorge syndrome - a T-cell disorder

DiGeorge syndrome is a primary immunodeficiency disorder caused by T-cell deficiency and dysfunction. It is an example of a microdeletion syndrome. Patients are consequently at increased risk of viral and fungal infections."
449,"A 23-year-old student was brought in from his university residence halls by his concerned friends. They reported that he had complained of a headache and photophobia yesterday, but his condition has deteriorated rapidly in the last 24 hours.

On examination, he is confused, has a stiff neck, and presents a petechiae rash all over his body. A lumbar puncture confirmed the presence of a gram-negative bacterium with a polysaccharide capsule.

What complement component deficiency or deficiencies predispose individuals to this likely infection?","[""C1-INH"", ""C1q, C1rs, C2 and C4"", ""C5"", ""C5-9"", ""CFHR1""]",C5-9,3,"C5-9 deficiency predisposes to

This patient's presentation aligns with meningitis, and the isolation of a gram-negative bacterium with a polysaccharide capsule strongly indicates

Neisseria meningitidis

as the likely cause.

C5-9

are components responsible for encoding the membrane attack complex (MAC), which, with the help of the complement system, disrupts pathogen cell membranes. Consequently, individuals with deficiencies in C5-9 complement components are at an increased risk of infections, particularly those caused by

Neisseria meningitidis

.

C1 inhibitor, abbreviated as

C1-INH

, plays a pivotal role in inhibiting the complement system, preventing its spontaneous activation. Deficiencies in C1-INH are closely linked to hereditary angioedema, believed to result from uncontrolled bradykinin release.

Deficiencies in complement components

C1q, C1rs, C2, and C4

can predispose patients to immune complex diseases like systemic lupus erythematosus (SLE). These components play key roles in clearing immune complexes, and their deficiencies lead to the accumulation of these complexes, contributing to the autoimmune responses and inflammation characteristic of SLE.

C5

is another crucial component of the complement system, with roles in chemotaxis and the formation of the membrane attack complex (MAC), responsible for disrupting foreign cells. C5 deficiency is associated with Leiner disease, a disorder characterised by severe seborrheic dermatitis, chronic diarrhoea, and recurrent local and systemic infections starting in childhood.

Deficiency in complement factor H-related protein 1

CFHR1

can disrupt the regulation of the complement system. This disruption may lead to uncontrolled complement activation, contributing to conditions like atypical haemolytic uraemic syndrome (HUS), which is characterised by kidney damage and clotting disorders due to excessive complement activity."
450,A patient comes into the GP due to a dry cough. He mentions that he becomes very easily short of breath and feels feverish. He admits to being an intravenous drug user. He is referred to the sexual health clinic and is diagnosed with HIV after blood tests. Which cell surface protein does HIV use to enter cells?,"[""CD3"", ""CD4"", ""CD5"", ""CD8"", ""CD14""]",CD4,1,"HIV uses CD4 to enter cells

The patient in this scenario has Pneumocystis pneumonia, a lung infection from the fungus Pneumocystis jiroveci, which affects immunocompromised patients. HIV uses CD4 to enter cells - this is why specifically T helper cells are reduced in patients with HIV.

CD3 is a cell surface protein found on all T cells. CD5 is a cell surface marker commonly found in mantle cell lymphomas. CD8 is a cell surface marker found on cytotoxic T cells. CD14 is a cell surface marker found on macrophages."
451,"A new drug is being trialled for its potential benefits with regards to 30-day survival following acute ischaemic stroke. In a study of 2000 patients with acute ischaemic stroke, 800 are given the new drug and 1200 are given a placebo.

Out of the group given the new drug, 40 patients die within 30 days. Out of the group given the placebo, 120 patients die within 30 days.

What is the number needed to treat?","[""0.05"", ""0.33"", ""0.5"", ""3"", ""20""]",20,4,"NNT = 1 / Absolute Risk Reduction

The correct answer is 20. The number needed to treat (NNT) indicates how many patients need to be treated with an intervention to reduce the expected number of outcomes (in this case, death within 30 days of a stroke) by one. It is calculated by 1/absolute risk reduction (ARR). The absolute risk reduction is the difference between the event rate in the treatment group and the event rate in the control group. Here, the experimental event rate (EER) is 40/800=0.05. The control event rate (CER) is 120/1200=0.1. The difference is the ARR, which is 0.05. The NNT is therefore 1/0.05=20.

0.05 is therefore incorrect. This is referring to the ARR, not the NNT. Absolute risk reduction can be misleading if the outcome is uncommon, where relative risk reduction (RRR) may be a better measure. This looks at the risk reduction as a percentage relative to the control event rate, not an absolute value. The RRR here is 0.05/0.1=50%.

0.33 is not correct. This figure may have been incorrectly reached by dividing 40 by 120, which is not a useful statistic as these deaths are in groups of different sizes (800 and 1200 respectively).

0.5 is the RRR, not the NNT. As described above, the RRR is 0.05/0.1=50%=0.5.

3 is also incorrect - dividing 120 by 40 would give this, but this is not a meaningful figure."
452,You are a ST1 doctor in General Medicine. During an on-call you are in A&E seeing a patient who has a pneumothorax. On arriving you find the A&E ST2 doctor attempting to perform an aspiration. He appears to about to insert the needle at the wrong landmark. What is the most appropriate action?,"[""Tell your colleagues about what happened in the mess to ensure they are aware of the doctors limitations"", ""Say nothing, stay with the patient and take over when he asks for help"", ""Go and get the A&E consultant"", ""Say nothing at the time but fill in a clinical incident form"", ""Immediately voice your concerns and ask him to stop""]",Immediately voice your concerns and ask him to stop,4,
453,Which of the following is responsible for the plateau phase of the myocardial action potential?,"[""Slow calcium efflux"", ""Efflux of potassium"", ""Rapid sodium influx"", ""Slow influx of calcium"", ""Slow sodium efflux""]",Slow influx of calcium,3,
454,"A 45-year-old woman is seen in the clinic with a several-year history of progressive swelling and tenderness of the wrists and hands. The fingers are deformed with evidence of boutonniere and swan neck deformities and ulnar deviation of the wrists.

Further investigation confirms the suspected diagnosis with testing for both serum rheumatoid factor and anti-citrullinated protein antibodies returning positive.

What is the major genetic susceptibility locus for this patient's condition?","[""HLA-B27"", ""HLA-B51"", ""HLA-DQ2/DQ8"", ""HLA-DR3"", ""HLA-DRB1""]",HLA-DRB1,4,"The HLA-DRB1 gene is the major genetic susceptibility locus for rheumatoid arthritis (DRB1*04:01 and DRB1*04:04 hence the association with DR4)

This patient has presented with features in keeping with rheumatoid arthritis (RA). Although a single specific cause has not been identified for RA the

HLA-DRB1

gene has been recognised as strongly associated with the condition. Specifically, the DRB1*04:01 and DRB1*04:01 are associated with the condition.

The class I surface antigen

HLA-B27

is associated with several conditions, particularly seronegative arthritis including ankylosing spondylitis, reactive arthritis and acute anterior uveitis. As the majority of RA cases are seropositive the condition is not associated with HLA-B27.

HLA-B51

is mainly associated with the multiple organ inflammatory disorder Behcet's disease and not RA. Patients with Behcet's disease commonly present with symptoms of painful mucous membrane lesions and inflammatory conditions of the eye (e.g. posterior and anterior uveitis or retinal vasculitis) as well as arthritis.

HLA-DQ2/DQ8

is commonly linked to autoimmune diseases with DQ8 being one of the most predominant isoform associated with coeliac disease. HLA-DQ are also linked with type 1 diabetes as well as having a possible increased risk of RA but the association is much lower than HLA-DRB1.

HLA-DR3

is most associated with conditions including dermatitis herpetiformis, Sjogren's syndrome and primary biliary cirrhosis. The HLA can be associated with some anti-CCP-negative arthritis but not the anti-CCP-positive RA."
455,"A 5-year-old boy is brought to the GP clinic by his mother, concerned because he has developed sore, red and scabbed areas at the corners of his mouth which have been present for 6 weeks. He is otherwise well with normal skin, teeth and gums. He has a background of autistic spectrum disorder and his mother describes that he only tolerates a small variety of foods in his diet.

What vitamin deficiency is most likely responsible for the symptoms?","[""B1"", ""B2"", ""B3"", ""B6"", ""C""]",B2,1,"Riboflavin deficiency causes angular cheilitis

The condition being described is angular cheilitis, a common inflammatory condition affecting the corners of the mouth. It may have multiple causes including trauma, infection, medications and nutritional deficiencies.

Of the above options,

vitamin B2

(riboflavin) is most likely to cause angular cheilitis. Sources of riboflavin include meats, soya, pulses, fortified cereal and grains and some vegetables. In this question, a diet lacking in these foods may cause a deficiency.

Vitamin B1

(thiamine) deficiency can cause Wernicke-Korsakoff syndrome, cardiomyopathy and peripheral neuropathy. It is not particularly associated with angular cheilitis.

Vitamin B3

(niacin) deficiency causes pellagra. This constitutes diarrhoea, dermatitis and dementia. While dermatitis may manifest as angular cheilitis, there is no mention of diarrhoea in the question stem so this answer is incorrect.

Vitamin B6

(pyridoxine) deficiency causes sideroblastic anaemia and peripheral neuropathy. It is mainly caused by medications such as isoniazid.

Vitamin C

(ascorbic acid) deficiency causes gingivitis, bruising and poor wound healing. This question details that the patient's gums and skin are normal so it makes vitamin C deficiency less likely."
456,A study is designed to assess a new proton pump inhibitor (PPI) in elderly patients who are taking aspirin. The new PPI is given to 120 patients whilst a control group of 240 is given the standard PPI. Over a five year period 24 of the group receiving the new PPI had an upper GI bleed compared to 60 who received the standard PPI. What is the absolute risk reduction?,"[""15%"", ""10%"", ""12"", ""5%"", ""20""]",5%,3,
457,"A 73-year-old woman presents to the Emergency Department with acute shortness of breath following a 5-day febrile illness. On initial assessment, her oxygen saturation is 75% on room air with a PaO2 of 4.5kpa on an arterial blood gas.

Which of the following would be the expected physiological response in this patient?","[""Increased tidal volume with decreased respiratory rate"", ""Pulmonary artery vasoconstriction"", ""Pulmonary artery vasodilation"", ""Reduced tidal volume with increased respiratory rate"", ""Systemic vasoconstriction""]",Pulmonary artery vasoconstriction,1,"Pulmonary arteries vasoconstrict in the presence of hypoxia

In contrast to the systemic circulation, pulmonary arteries constrict in response to hypoxia, diverting blood away from poorly oxygenated lung regions. This maximises blood flow to well-oxygenated regions of the lung. In patients that remain hypoxic despite optimal mechanical ventilation, inhaled nitric oxide can be used to induce pulmonary vasodilation to reverse this physiological response.

Increased tidal volume with decreased respiratory rate

is incorrect. Although an increase in tidal volumes is a physiological response to hypoxia, this would typically be accompanied by an increase in respiratory rate.

Pulmonary artery vasodilation

is incorrect; hypoxia induces vasoconstriction in the pulmonary vasculature as explained above.

Reduced tidal volume with increased respiratory rate is

incorrect. Respiratory rate, although not a direct physiological response to hypoxia, will likely increase. However, tidal volumes will increase in response to hypoxia.

Systemic vasculature, unlike the pulmonary vessels, vasodilates in response to hypoxia."
458,"A study is being conducted, which aims to analyse the effect of a new drug on chronic back pain. Fifty patients were recruited and asked to self-rate their level of pain using a Numerical Rating Scale (NRS). They were then given the new drug and, after 2 hours, asked to again rate their pain using the same NRS.

What is the most appropriate statistical test to analyse this data?","[""Chi-squared test"", ""Mann-Whitney U test"", ""Paired t-test"", ""Unpaired t-test"", ""Wilcoxon signed-rank test""]",Wilcoxon signed-rank test,4,"Wilcoxon signed-rank test - compares two sets of observations on a single sample, e.g. a 'before' and 'after' test on the same population following an intervention

The type of test used depends on whether or not the data is parametric - measurable and normally distributed - or non-parametric - cannot be assumed to fit the aforementioned criteria. In this case, a self-rated pain score on a scale cannot be assumed to be normally distributed, and so this data should be considered non-parametric. Of the options available, the

Wilcoxon signed-rank test

is most appropriate, as this analyses two sets of non-parametric observations on a single group before and after an intervention.

The

chi-squared test

is instead used to compare proportions or percentages - for instance, the percentage of patients who improved following different interventions. It is not appropriate here.

The

Mann-Whitney U test

is also used for non-parametric data, but it instead analyses unpaired data - for instance, a control and a treatment group, rather than the same group before and after an intervention.

Paired t-tests

are similar to the Wilcoxon signed-rank test in that they also analyse a single group before and after an intervention. However, it looks at parametric, rather than non-parametric, data.

Unpaired t-tests

are not suitable here. They are used to analyse parametric data, not non-parametric. Additionally, it compares sets of unpaired data, whereas the data here is paired."
459,A new drug designed to prevent exacerbations of genital herpes undergoes clinical trials. One hundred patients are given the new drug. During a three month period 10 of the patients have an episode of genital herpes. In the control group there are 300 patients who are given a placebo. In this group 50 people have an exacerbation during the same time period. What is the relative risk of having an exacerbation of genital herpes whilst taking the new drug?,"[""0.8"", ""0.2"", ""1.66"", ""0.6"", ""0.06""]",0.6,3,
460,A new anti-epileptic drug is trialled for children with absence seizures. There are 250 children in the control group and 150 children assigned to take the new drug. After 4 months 100 children in the control group had had a seizure compared to 15 children in the group taking the new medication. What is the relative risk reduction?,"[""4"", ""30%"", ""3.33"", ""75%"", ""40%""]",75%,3,"Relative risk reduction = (EER - CER) / CER

The correct answer is 75%. The relative risk reduction (RRR) is calculated by first determining the risk in each group and then using the formula: RRR = (risk in control group - risk in treatment group) / risk in control group × 100%. In this case, the risk in the control group is 100/250 = 0.4 or 40%, and the risk in the treatment group is 15/150 = 0.1 or 10%. Using the formula: RRR = (0.4 - 0.1) / 0.4 × 100% = 0.75 × 100% = 75%.

4

is incorrect. This appears to be a misunderstanding of the concept, possibly confusing relative risk reduction with relative risk. The relative risk would be 0.1/0.4 = 0.25, but this is not expressed as the requested relative risk reduction.

30%

is incorrect. This might result from incorrect calculation or confusion with absolute risk reduction. The absolute risk reduction would be 40% - 10% = 30%, but this is not the relative risk reduction.

3.33

is incorrect. This number might result from calculating the inverse of the relative risk (0.4/0.1 = 4) or other mathematical errors. The question asks for a percentage reduction, not a ratio.

40%

is incorrect. This represents the risk in the control group (100/250 = 0.4 or 40%) but does not represent the relative risk reduction between the two groups."
461,"A 19-year-old man presents with acute, painless bilateral vision loss over 2 weeks. He reports a central scotoma but no eye pain. His mother and a maternal uncle experienced similar acute visual loss in early adulthood.

Fundoscopy reveals temporal pallor of the optic discs. Genetic testing is planned.

Which inheritance pattern is most likely responsible for this condition?","[""Autosomal dominant"", ""Autosomal recessive"", ""Mitochondrial"", ""X-linked dominant"", ""X-linked recessive""]",Mitochondrial,2,"Leber's Hereditary Optic Neuropathy: mitochondrial inheritance pattern

Mitochondrial

is correct, as Leber’s hereditary optic neuropathy (LHON) is caused by mutations in mitochondrial DNA, which is inherited exclusively maternally. This patient’s presentation with acute bilateral vision loss in a young male with a family history of similar symptoms is classic for LHON. Mitochondrial inheritance explains why the condition is transmitted through the mother (as sperm do not contribute mitochondria to the zygote) and why males are more frequently affected, despite the non-X-linked pattern.

Autosomal dominant

is incorrect, as autosomal dominant conditions (e.g., Huntington’s disease) affect both sexes equally and typically show male-to-male transmission, which is absent here.

Autosomal recessive

is incorrect, as autosomal recessive disorders (e.g., cystic fibrosis) require mutations in both alleles, usually with unaffected parents. The pattern of inheritance suggested by multiple affected relatives across generations makes this unlikely.

X-linked dominant

is incorrect, as X-linked dominant conditions (e.g., fragile X syndrome) rarely affect males more severely, as males inherit only one X chromosome. LHON’s male predominance is unrelated to X-linked mechanisms.

X-linked recessive

is incorrect, as X-linked recessive disorders (e.g., Duchenne muscular dystrophy) predominantly affect males, but carrier females are usually asymptomatic. Here, the presence of affected individuals across generations without a male-limited pattern makes X-linked recessive inheritance unlikely."
462,"A 25-year-old man presents to the haematology clinic with increasing fatigue over the past several months. He also noticed that his urine had become progressively darker. He also complains of intermittent abdominal pain, particularly after meals.

Blood results are as follows:


Hb	95 g/L	Male: (135-180)
Female: (115 - 160)
Platelets	92 * 109/L	(150 - 400)
WBC	2.2 * 109/L	(4.0 - 11.0)
Reticulocytes	8.5 %	(0.5 - 1.5)

Flow cytometry is organised:


Flow cytometry	Results suggestive of paroxysmal nocturnal haemoglobinuria (PNH)

You plan to start the patient on eculizumab.

What is the most important supportive measure required?","[""Neisseria meningitidis vaccination"", ""Covid vaccination"", ""Influenza vaccination"", ""No supportive measure required"", ""Prophylactic ciprofloxacin""]",Neisseria meningitidis vaccination,0,"C5-9 deficiency predisposes to

Based on the clinical presentation, laboratory findings, and flow cytometry results, the patient was diagnosed with paroxysmal nocturnal hemoglobinuria (PNH), a rare acquired haematological disorder characterised by chronic haemolysis, thrombosis, and bone marrow failure due to deficiency of glycosylphosphatidylinositol (GPI)-linked proteins on blood cells.  The patient was initiated on eculizumab, a monoclonal antibody that inhibits terminal complement activation (C5-C9) which prevents complement-mediated intravascular haemolysis.

Neisseria meningitidis vaccination

is correct. The resulting deficiency of C5-C9 due to eculizumab predisposes to

Neisseria meningitidis

infections. It is therefore essential to vaccinate for this pathogen prior to initiation of treatment.

Covid vaccination

is incorrect. Patients with PNH should be vaccinated against Covid, however, this does not need to be completed prior to initiation of treatment.

Influenza vaccination

is incorrect. The influenza vaccine (live) is predicted to increase the risk of generalised infection (possibly life-threatening) when given with eculizumab. The UKHSA advises to avoid (refer to Green Book).

No supportive measure required

is incorrect. The patient requires vaccination against

Neisseria meningitidis

.

Prophylactic ciprofloxacin

is incorrect. Meningococcal disease can occur in people on eculizumab despite vaccinations. However, most guidelines only recommend prophylactic antibiotics if the treatment is initiated prior to vaccination."
463,"A 53-year-old woman is admitted with a fever and cough. Chest examination reveals bronchial breathing in the right lung.


Hb	128 g/L	Male: (135-180)
Female: (115 - 160)
Platelets	189 * 109/L	(150 - 400)
WBC	26 * 109/L	(4.0 - 11.0)
Creatinine	147 µmol/L	(50-120)
C-reactive protein	55 mg/L	(< 10)

Chest x-ray shows consolidation in the right lung. She is started on IV antibiotics.

On her second day of admission, she develops confusion.

Updated observations: temperature 39.2ºC, blood pressure 86/48 mmHg, heart rate 104/min oxygen saturation 95% on 2L.

What cytokine is involved in the pathophysiology of this acute deterioration?","[""Histamine"", ""IL-1"", ""IL-4"", ""IL-5"", ""IL-8""]",IL-1,1,"Sepsis triggers the release of IL-1 causing vasodilation → hypotension

This patient's presentation is consistent with chest sepsis.

IL-1

, IL-6, and TNF-a are involved in the complex cytokine cascade during sepsis.

Histamine

increases smooth muscle contraction, produces vasodilation, and increases capillary permeability. It is a preformed mediator released from mast cells and involved in the pathogenesis of allergic reactions and bronchial asthma.

IL-4

stimulates the proliferation of B cells. NaÃ¯ve mature B cells produce both immunoglobulin M (IgM) and IgD at birth. Through isotype switching, they secrete other Ig antibodies to target specific organisms. IL-4 promotes class switching to IgE, which is important in defence against some parasitic diseases and in mast cell and basophil degranulation and antigen presentation.

IL-5

stimulates the production of eosinophils in response to parasitic infection and enhances class switching to IgA.

IL-8

, along with other mediators such as C5a, leukotrienes B4, and bacterial products act as chemotactic factors to lead neutrophils to the infection site."
464,"A 45-year-old woman was commenced on treatment for a tuberculosis infection, 3 months ago. She has since developed a burning sensation at the base of her feet.

Which of the following medications may have caused this new 'burning sensation'?","[""Rifampicin"", ""Isoniazid"", ""Pyrazinamide"", ""Ethambutol"", ""Amoxicillin""]",Isoniazid,1,"Isoniazid therapy can cause a vitamin B6 deficiency causing peripheral neuropathy

TB drugs have a variety of side effects, many of which are widely tested in medical school examinations. This patient is reporting evidence of a peripheral neuropathy which can be caused by the vitamin b6 deficiency that can result with Isoniazid therapy. Usually, prophylactic pyridoxine hydrochloride is prescribed at the same time as Isoniazid to prevent the peripheral neuropathy."
465,Which foramen does the oculomotor nerve go through?,"[""Superior orbital fissure"", ""Foramen ovale"", ""Foramen rotundum"", ""Optic canal"", ""Inferior orbital fissure""]",Superior orbital fissure,0,
466,"A 42-year-old woman presents with a 6-month history of progressive dyspnoea on exertion and fatigue. She has no significant past medical history and takes no regular medications.

On examination, the lungs are clear to auscultation; a loud P2 heart sound is noted. A chest X-ray demonstrates enlarged pulmonary artery shadows.

What is implicated in causing the disease process?","[""Bradykinin"", ""Endothelin"", ""Iloprost"", ""Nitric oxide"", ""Prostacyclin""]",Endothelin,1,"Endothelin causes pulmonary vasoconstriction (hence why antagonists are used in primary pulmonary hypertension)

The correct answer is

endothelin

. The disease described here is pulmonary hypertension, evidenced by progressive dyspnoea in a woman between the ages of 20 and 50, as well as the examination and imaging findings. Of the options listed above, endothelin is the only pulmonary vasoconstrictor.

Bradykinin

is a peptide that causes indirect dilatation of arteries, not constriction - it promotes the release of nitric oxide and prostacyclin.

Iloprost

is a synthetic form of prostacyclin. It is used in the treatment of pulmonary hypertension, acting as a potent vasodilator, not a vasoconstrictor.

Nitric oxide

is a naturally-occurring vasodilator. It is therefore not the correct answer.

Prostacyclin

is a naturally-occurring vasodilator. Synthetic forms, such as iloprost, are commonly used in the management of this condition and others requiring vasodilation, such as systemic sclerosis."
467,"A 73-year-old lady was re-admitted after failing to recover from an episode of community-acquired pneumonia. She was discharged 5 days ago on oral antibiotics however is still reporting on-going fevers, headache and a productive cough with brownish phlegm. She began responding to a course of intravenous antibiotics and reported that she had felt a lump in the breast for the past month coinciding with her persisting headaches not responding to analgesics. She was reviewed by the general surgical registrar on-call. A subsequent ultrasound scan of the breast showed the presence of a suspicious lump indicating a possible cancerous lesion.

Given the history and clinical findings, what is the best investigation for her headaches provided there are no contraindications?","[""Magnetic resonance angiography"", ""Magnetic resonance imaging with contrast enhancement"", ""Magnetic resonance imaging without contrast enhancement"", ""Computerised tomography scan with contrast enhancement"", ""Magnetic resonance venography""]",Magnetic resonance imaging with contrast enhancement,1,"Contrast MRI scan is the gold standard investigation for cerebral metastases - provided no contraindications

MRI contrast is the investigation of choice as its the most sensitive. Single or even multiple well-demarcated lesions are seen with adjacent oedematous changes. Non-enhancing lesions following the introduction of contrast enhancement are far less likely to be metastatic in origin. Contrast-enhanced MRI also has the advantage of detecting leptomeningeal involvement. Bigger metastatic foci appear as ring enhanced lesions with a central non-enhancing area due to underlying necrotic tissue.

Whilst a CT scan with contrast enhancement increases diagnostic accuracy, it is not as sensitive as an MRI scan with contrast.

Magnetic resonance angiography (MRA) is used to visualise blood vessels and would not be of much benefit in this situation.

Magnetic resonance venography is used to determine the absence of blood flow within the sinuses, which would occur in the presence of venous sinus thrombosis."
468,Which of the following statements is true regarding X-linked recessive inheritance?,"[""A female child of a heterozygous female carrier has a 50% chance of being a carrier"", ""An example is Friedreich's ataxia"", ""50% of the male offspring of affected males will manifest the disease"", ""An affected child's uncle on the paternal side will also manifest the disease"", ""50% of the female offspring of affected males will be carriers""]",A female child of a heterozygous female carrier has a 50% chance of being a carrier,0,
469,Which one of the following is least associated with homocystinuria?,"[""Recurrent renal stones"", ""Downwards lens dislocation"", ""Deep vein thrombosis"", ""Arachnodactyly"", ""Learning difficulties""]",Recurrent renal stones,0,
470,Which one of the following types of blood vessel is first to vasoconstrict in the presence of hypoxia?,"[""Muscle arteries"", ""Skin arteries"", ""Hepatic arteries"", ""Renal arteries"", ""Pulmonary arteries""]",Pulmonary arteries,4,"Pulmonary arteries vasoconstrict in the presence of hypoxia

The correct answer is

Pulmonary arteries

. Pulmonary arteries are unique in their response to hypoxia. Unlike systemic vasculature, which dilates in response to hypoxia, pulmonary arteries constrict. This phenomenon, known as hypoxic pulmonary vasoconstriction (HPV), is a physiological response that diverts blood from poorly ventilated areas of the lung to better ventilated areas, optimising gas exchange and maintaining oxygen delivery to the tissues.

Discussing the incorrect answers:

Muscle arteries

do not typically vasoconstrict first in response to hypoxia. Instead, they respond by vasodilating in an attempt to increase oxygen supply to the muscle tissues. This dilation is mediated by metabolic by-products such as adenosine and lactic acid produced during periods of increased muscular activity or anaerobic metabolism.

Skin arteries

also do not primarily vasoconstrict in response to hypoxia. The primary role of cutaneous circulation is thermoregulation. In cold conditions, skin vessels will constrict to conserve heat but this is not directly related to oxygen levels.

Hepatic arteries

have a complex regulatory system due to the dual blood supply of the liver from both the hepatic artery and portal vein. While they can constrict in response to various stimuli, they are not known for being the first ones to react under hypoxic conditions.

Finally,

renal arteries

do not typically vasoconstrict first either when exposed to hypoxia. The kidneys have a strong autoregulatory mechanism that maintains renal blood flow relatively constant despite changes in systemic blood pressure. However, severe or prolonged hypoxia can lead to renal vasoconstriction as part of a pathological process rather than an initial physiological response."
471,"A 40-year-old woman presents for medical assessment with a three-month history of a sore throat. She has no past medical history.

On examination, there is an enlargement of the right tonsil. The skin examination is normal.

A biopsy is undertaken, which demonstrates a squamous cell carcinoma.


Hb	136 g/L	Male: (135-180)
Female: (115 - 160)
Platelets	189 * 10 9/L	(150 - 400)
WBC	4.5 * 10 9/L	(4.0 - 11.0)

What is the probable underlying cause of her presentation?","[""Epstein-barr virus"", ""HHV-8"", ""HPV-16"", ""HTLV-1"", ""Hepatitis B virus""]",HPV-16,2,"Human papillomavirus 16/18 is a risk factor for oropharyngeal cancer

HPV-16

is correct. The patient presents with a tonsillar mass and has a biopsy demonstrating a squamous cell carcinoma. This form of cancer is broadly classified under the heading of 'oropharyngeal cancer'. In the absence of excess alcohol intake or smoking history, the most likely cause is infection with HPV 16 or 18.

Epstein-barr virus

is incorrect. This causes nasopharyngeal rather than oropharyngeal cancer.

HHV-8

is incorrect. This virus is implicated in the development of Kaposi's sarcoma. This presents typically as skin lesions rather than an oropharyngeal lesion and so is therefore incorrect.

HTLV-1

is incorrect. This virus is implicated in the development of leukaemia. this type of cancer is unlikely with a normal full blood count.

Hepatitis B virus

is incorrect. Chronic hepatitis B infection is implicated in the development of hepatocellular carcinoma. This may present with non-specific symptoms such as abdominal pain, nausea, vomiting, or fatigue or it may be identified via imaging in asymptomatic patients. It does not cause a tonsillar mass and so is incorrect."
472,"A study is being conducted, looking at the use of ibuprofen for rotator cuff injuries and the effectiveness of pain relief. A total of 350 people with recent rotator cuff injuries are recruited and assigned to either the ibuprofen group or placebo group. Several hours post-administration of either ibuprofen or placebo, they are asked about pain relief. The results are summarised as follows:


	Total number of patients	Reported significant pain relief
Ibuprofen	200	120
Placebo	150	30

What is the relative risk of pain relief with ibuprofen, relative to placebo?","[""0.2"", ""0.6"", ""2"", ""3"", ""4""]",3,3,"Relative risk  = EER / CER

Relative risk is defined as the ratio of risk in the experimental group (the experimental event rate, EER) to risk in the control group (control event rate, CER). In this case, the EER - that is, pain relief following intervention with ibuprofen - is 120 / 200 = 0.6. The CER - reporting of pain relief following placebo - is 30 / 150 = 0.2. The relative risk ratio is therefore 0.6 / 0.2 =

3

.

As discussed above,

0.2

is the control event rate, not the relative risk.

The figure of

0.6

refers to the experimental event rate, not the relative risk.

The relative risk increase is

2

. This is the change in absolute risk divided by the control event rate: (0.6 - 0.2) / 0.2 = 2.

The figure of

4

is not a meaningful number with respect to this scenario."
473,"A 21-year-old university student presents to the emergency department with a headache, fever and confusion, which have been going on since last night. She also complains of neck stiffness and a new rash that has developed over the same time period. Her past medical history is unremarkable except for a known complement deficiency.

On examination, she appears unwell. Nuchal rigidity and photophobia are present. The patient also has visible truncal petechiae. Observations show pyrexia, tachycardia and hypotension.

Which complement deficiency is typically associated with the likely diagnosis?","[""C1-INH"", ""C1q, C1rs, C2, C4"", ""C3"", ""C5"", ""C5-9""]",C5-9,4,"C5-9 deficiency predisposes to

The symptoms being described here are those of infection with

Neisseria meningitidis

- meningitis, fever, petechial rash and signs of sepsis. This requires urgent treatment. Patients with C5-C9 deficiency are predisposed to infection with this organism.

A deficiency in C1-inhibitor protein (C1-INH) causes hereditary angioedema, which would present with swelling, often of facial soft tissues and the lips. C1-INH deficiency is not linked to a predisposition to infection with

Neisseria meningitidis

.

A deficiency of C1q, C1rs, C2 and C4 - the classical pathway components - typically predisposes patients to immune complex disease, not the infection seen here. Examples include systemic lupus erythematosus and Henoch-Schonlein purpura.

A C3 deficiency may predispose patients to recurrent bacterial infections. Although

Neisseria meningitidis

is indeed a bacterium, it specifically is more typically associated with C5-9 deficiency.

C5 deficiency alone (rather than C5-9 deficiency) is known to predispose to Leiner disease, symptoms of which include recurrent diarrhoea, wasting and seborrhoeic dermatitis."
474,"A new test to screen for pulmonary embolism (PE) is used in 100 patients who present to the Emergency Department. The test is positive in 30 of the 40 patients who are proven to have a PE. Of the remaining 60 patients, only 5 have a positive test. What is the sensitivity of the new test?","[""8.33%"", ""30%"", ""40%"", ""66.66%"", ""75%""]",75%,4,
475,Which one of the following best describes the characteristics of a negatively skewed distribution?,"[""Median < mode < mean"", ""Mean < median < mode"", ""Mode < mean < median"", ""Median < mean < mode"", ""Mean < mode < median""]",Mean < median < mode,1,"Skewed distributions

The correct answer is

Mean < median < mode

. In a negatively skewed distribution, the tail on the left side of the distribution is longer or fatter than the right side. As a result, more values are concentrated on the right side of the axis, and this causes the mean to be less than the median and mode. The mean is influenced by outliers and skewed data. Since in a negatively skewed distribution, there are more low scores, these pull down the mean score. The median (middle value) and mode (most frequent value) remain less affected, hence they are greater than the mean.

Let's now discuss why each of the other options is incorrect:

Median < mode < mean

: This pattern describes a positively skewed distribution rather than a negative one. In a positively skewed distribution, there are more low scores with few high scores pulling up both the mean and mode.

Mode < mean < median

: This option does not represent any typical skewness pattern in statistical distributions. Normally in both positive and negative skewness, mode tends to be at one end of the scale followed by either mean or median depending upon the direction of skewness.

Median < mean < mode

: Similar to above, this pattern does not follow any recognised skewness arrangement as usually in both types of skewness patterns (positive or negative), the mode is at one extreme followed by either mean or median.

Mean < mode < median

: This arrangement also doesn't fit into any standard skewness patterns. In both positive and negative skewness, it is common for the mode to be at one extreme followed by either the mean or median based on whether it's positively or negatively skewed."
476,"A study is being conducted, examining a novel blood test that aims to detect the presence of a pulmonary embolism (PE). It is being compared against the gold-standard - CT pulmonary angiogram (CTPA) scanning.

200 patients are recruited to the study from a respiratory ward, over time. 80 of these patients have demonstrable PE on CTPA, and 120 do not. Of the 80 with PE, 60 have a positive new blood test result. Of the 120 without PE, 15 have a positive blood test result.

What is the positive predictive value of the new blood test?","[""0.6"", ""0.75"", ""0.8"", ""0.84"", ""0.88""]",0.8,2,"Positive predictive value - the chance that the patient has the condition if the diagnostic test is positive

Positive predictive value (PPV) refers to the chance that the patient has the condition if the diagnostic test in question is positive. With regards to this test, there are (60 + 15) = 75 positive blood test results. Of these 75 patients, 60 actually have PE as demonstrated by CTPA. As such, the PPV is (60 / 75) =

0.8

.

The value of

0.6

is not meaningful with respect to this scenario.

The sensitivity of this test is

0.75

. This is the proportion of patients with the condition (80, as detected by CTPA) who have a positive test result (60).

The negative predictive value of this test is

0.84

. This refers to the chance that the patient does not have the condition if the test is negative. In this case, the total number of negative tests is (20 + 105) = 125. Out of these, 105 do not have the condition (according to CTPA results) and so (105 / 125) = 0.84.

The specificity of this test is

0.88

. This refers to the proportion of patients without the condition (120) who have a negative test result (105)."
477,"A 37-year-old man has been referred to the rheumatology clinic with a 3-month history of intermittent joint pains and swellings. There is a strong family history of joint problems, however, he is not sure of the diagnosis.

Blood tests performed by the GP are shown below.


CRP	21 mg/L	(< 5)
ESR	36 mm/hr	(0-20)


Anti-CCP	Negative

The clinical research team has performed HLA testing, due to the strong family history, which is shown below.


HLA-DRB1	Positive

What condition is the patient at greatest risk of developing?","[""Ankylosing spondylitis"", ""Behcet's disease"", ""Reactive arthritis"", ""Rheumatoid arthritis"", ""Sjogren's syndrome""]",Rheumatoid arthritis,3,"The HLA-DRB1 gene is the major genetic susceptibility locus for rheumatoid arthritis (DRB1*04:01 and DRB1*04:04 hence the association with DR4)

This scenario depicts very non-specific arthralgia with associated mild rises in inflammatory markers. These could be accounted for by all of the above five options. The important element of the question is that the patient is positive for HLA-DRB1. HLA-DRB1, and its association to HLA-DR4, is a genetic susceptibility locus in

rheumatoid arthritis

, making this the correct answer.

Ankylosing spondylitis

is the most common form of spondyloarthropathy and is associated with HAL-B27. It results in chronic inflammation leading to fusion of the spine. Patients commonly describe symptoms consistent with inflammatory back pain, such as early morning pain and stiffness. Approximately 1/3 of patients develop peripheral arthritis.

Behcet's disease

is a multisystem disorder. It is commonly associated with oral and genital ulceration, however, patients can develop arthritis, erythema nodosum, and uveitis, as well as varying cardiovascular, gastrointestinal, and neurological manifestations. It is associated with HLA-B51.

Reactive arthritis

is a seronegative spondyloarthritis occurring after recent infection, most commonly urogenital or gastrointestinal. Reactive arthritis, as with ankylosing spondylitis, is related to HLA-B27. Reiter's syndrome is the combination of reactive arthritis, acute uveitis, and large joint oligoarthritis.

Sjogren's syndrome

is related to HLA-DR3, and it is the result of immune-mediated lymphocytic infiltration of exocrine glands. Typically patients describe dry eyes and mouth along with fatigue and arthralgia."
478,"A 61-year-old woman presents to the emergency department with morning headaches, nausea and vomiting. An urgent CT head reveals a mass within the right frontal lobe. An MRI head is performed which shows what is likely a glioblastoma surrounded by oedema.

What medication is used in this context to treat oedema?","[""Hydrocortisone"", ""Dexamethasone"", ""Hypertonic saline"", ""Mannitol"", ""Furosemide""]",Dexamethasone,1,"Dexamethasone is used to treat cerebral oedema in patients with brain tumours

Dexamethasone is a potent steroid with predominantly glucocorticoid effects. It is used to treat vasogenic oedema that occurs due to the break down of the blood-brain barrier. A common use within neurosurgery is to treat oedema caused by brain tumours."
479,A 50-year-old man is reviewed in the neurology clinic. For the past four months he has been experiencing problems with his right shoulder. On examination he has weakness of shoulder abduction and to a lesser extent weak elbow flexion. A small patch of numbness is noted over the deltoid muscle but otherwise sensation is normal. Where is the neurological lesion?,"[""C4"", ""C5"", ""C6"", ""C7"", ""C8""]",C5,1,
480,"A study looks at the use of bisphosphonates in controlling the pain associated with bone metastases. One hundred and twenty patients (120) are enrolled in the study, 40 of whom are given conventional treatment with NSAIDs and radiotherapy. Of the 80 patients who were given bisphosphonates, 40 received significant pain relief.

What is the odds of a patient with bone metastases receiving significant pain relief from bisphosphonates?","[""0.33"", ""3"", ""2"", ""1"", ""0.5""]",1,3,
481,"A 75-year-old female presents with weakness of her left hand. On examination, wasting of the hypothenar eminence is seen and there is weakness of finger abduction. Thumb adduction is also weak. Where is the lesion most likely to be?","[""C7"", ""Median nerve"", ""Radial nerve"", ""Anterior interosseous nerve"", ""Ulnar nerve""]",Ulnar nerve,4,
482,Which one of the following congenital infections is most characteristically associated with sensorineural deafness?,"[""Toxoplasma gondii"", ""Parvovirus B19"", ""Rubella"", ""Treponema pallidum"", ""Group B streptococcus""]",Rubella,2,"Congenital rubella

The correct answer is

Rubella

. Congenital rubella syndrome is characteristically associated with sensorineural deafness, along with other abnormalities such as cataracts and cardiac defects. This is due to the virus's ability to cross the placenta and infect the fetus during pregnancy, particularly during the first trimester when organogenesis occurs. The virus can damage the cochlea leading to sensorineural deafness.

Toxoplasma gondii

causes congenital toxoplasmosis, which can lead to severe neurological complications such as hydrocephalus and intellectual disability. However, it is not specifically associated with sensorineural deafness.

Parvovirus B19

infection in pregnant women can cause hydrops fetalis - a severe form of fetal anaemia that leads to heart failure and fluid accumulation in the fetus. Sensorineural deafness is not a characteristic feature of parvovirus B19 infection.

Treponema pallidum

, which causes syphilis, can be passed from mother to baby during pregnancy resulting in congenital syphilis. This condition may present with various symptoms including hepatosplenomegaly, rash, and skeletal abnormalities but it does not typically cause sensorineural deafness.

Finally,

Group B streptococcus

(GBS) infection can lead to neonatal sepsis or meningitis. While meningitis could potentially result in hearing loss if left untreated or if treatment is delayed, GBS infection is not characteristically associated with sensorineural deafness like rubella."
483,"A 53-year-old man presents with a known history of ischaemic heart disease, gout and diabetes presences with an acute onset of severe left-sided renal angle pain, radiating to his groin. He undergoes an urgent CT kidney, ureters & bladder (CT KUB) confirming the presence of nephrolithiasis with hydronephrosis.

Blood investigations confirm an acute kidney injury, and he is admitted under the urology team for urgent intervention.

What is the commonest material that these calculi are composed of within the general population?","[""Calcium citrate"", ""Calcium oxalate"", ""Calcium phosphate"", ""Magnesium, ammonium and phosphate"", ""Uric acid""]",Calcium oxalate,1,"Renal stones are most commonly composed of calcium oxalate

This patient has presented with renal stones causing the significant complication of hydronephrosis. Depending on their size, stones can normally be passed by patients however, if they are too large they can become stuck, resulting in significant backpressure and dilation of the renal nephrons; these stones require intervention to break up/remove them. Renal stones can be made up of several different materials but the commonest stones are composed of

calcium oxalate

account for approximately 85% of cases. Risk factors for these stones include any condition resulting in hypercalciuria and/or hyperoxaluria.

Calcium citrate

is used to prevent calcium oxalate renal stones as it can bind to oxalate in the gastrointestinal tract and increases renal urinary excretion of citrate, reducing the risk of calcium stone formation. Renal stones are not composed of calcium citrate.

Approximately 10% of renal stones are composed of

calcium phosphate

. They are more common in patients with renal tubular acidosis resulting in an increased supersaturation of urine with calcium and phosphate.

Struvite stones are composed of

magnesium, ammonium and phosphate

and are a result of urease producing bacteria. These account for somewhere between 2% and 20% of stones and again are much less common than those composed of calcium oxalate.

Renal stones can be composed of the purine metabolism product

uric acid

but this only account for approximately 10% of stones. Conditions that increase uric acid such as tissue breakdown (malignancy, tumour lysis syndrome etc) can result in an increased risk of these stones however they remain far less common than calcium oxalate stones."
484,Which one of the following cardiac tissue types has the highest conduction velocity?,"[""Atrial myocardial tissue"", ""Ventricular myocardial tissue"", ""Purkinje fibres"", ""Atrioventricular node"", ""Sinoatrial node""]",Purkinje fibres,2,"The fastest conduction velocities in the heart are in the Purkinje fibres

The correct answer is

Purkinje fibres

. The Purkinje fibres are specialised cardiac cells responsible for rapid conduction of electrical impulses in the heart. They have the highest conduction velocity among the listed options, approximately 3-5 m/s, which allows for near-simultaneous contraction of all ventricular myocardium, ensuring efficient ejection of blood from the ventricles.

Atrial myocardial tissue

and

Ventricular myocardial tissue

both have a lower conduction velocity compared to Purkinje fibres. Atrial myocardium has a conduction velocity of about 1 m/s while ventricular myocardium's conduction speed is roughly 0.3-1 m/s. This slower pace ensures that atria contract first before the ventricles, allowing for complete filling of the ventricles before they contract.

The

Atrioventricular node (AV node)

has an even lower conduction velocity, approximately 0.05 m/s. This slow rate is crucial as it provides a delay between atrial and ventricular contraction, ensuring that the atria empty completely into the ventricles before they begin to contract.

Finally, the

Sinoatrial node (SA node)

also has a relatively low conduction velocity but it plays a different role in cardiac physiology. It serves as the natural pacemaker of the heart, initiating each heartbeat and setting the heart rate. Its intrinsic firing rate without any neural or hormonal influence would be about 100 beats per minute but this can be modulated by autonomic nervous system input."
485,"A researcher is investigating the effectiveness of a novel drug in treating COVID-19. The primary endpoint is mortality within 28 days. The null hypothesis is that there will be no difference in 28-day mortality between the experimental and the control group. After enrolling an adequate number of patients, the trial results are analysed. The study demonstrates 12% fewer deaths in the experimental than the control group. Statistical analysis using Fisher's exact test results in a P value of 0.01.

How should this finding be interpreted?","[""Assuming that the null hypothesis is false, the probability of obtaining a result at least as extreme as the one observed is 0.01"", ""Assuming that the null hypothesis is true, the probability of obtaining a result at least as extreme as the one observed is 0.01"", ""The probability of a type I error is 0.01"", ""The probability of a type II error is 0.01"", ""There is no difference in mortality between the experimental and control group""]","Assuming that the null hypothesis is true, the probability of obtaining a result at least as extreme as the one observed is 0.01",1,"P value - is the probability of obtaining a result by chance at least as extreme as the one that was actually observed, assuming that the null hypothesis is true

The correct answer is 'assuming that the null hypothesis is true, the probability of obtaining a result at least as extreme as the one observed is 0.01'.

'Assuming that the null hypothesis is false, the probability of obtaining a result at least as extreme as the one observed is 0.01' is incorrect as the interpretation of a P value is based on the assumption that the null hypothesis is true.

'The probability of a type I error is 0.01' is incorrect. A common misconception is that a P value is the probability of incorrectly rejecting the null hypothesis when it is true (a type I error). This is a description of alpha (α), which is set by researchers and is often 0.05.

'The probability of a type II error is 0.01' is incorrect. This is known as β. This is related to the power of a statistical test, where power = 1-β.

'There is no difference in mortality between the experimental groups' is incorrect. This is restating the null hypothesis, and this p value cannot be used to positively support this statement. A null hypothesis cannot technically be proved (only disproved), and regardless this p value lends support to rejection of the null hypothesis rather than its acceptance."
486,"A 7-year-old child presents to the GP with generalised burning pain and paraesthesia across the body. On examination, a number of angiokeratomas are noted, and whilst examining other symptoms, the GP notes that the lenses are opacified. Urinalysis reveals proteinuria. The GP refers the patient onto the local paediatrics team. Ultimately, a diagnosis of Fabry disease is made.

How is this disease inherited?","[""Autosomal dominant"", ""Autosomal recessive"", ""Mitochondrial inheritance"", ""X-linked dominant"", ""X-linked recessive""]",X-linked recessive,4,"Fabry disease: X-linked recessive

Fabry disease is a rare condition, part of the group of conditions known as lysosomal storage disorders. It is characterised by the signs and symptoms described in this scenario, along with early cardiovascular disease. It is caused by a deficiency of alpha-galactosidase A and is inherited in an X-linked recessive fashion. The other answers are thus incorrect."
487,Which one of the following is most commonly secreted by T-helper cells subset 2 (Th2 cells) ?,"[""Interleukin 2"", ""Tumour necrosis factor"", ""Interferon gamma"", ""Interleukin 4"", ""Interleukin 3""]",Interleukin 4,3,
488,A 12-year-old girl develops facial swelling and an erythematous itchy rash shortly after being administered the first dose of the HPV vaccine. On arrival the paramedics note a bilateral expiratory wheeze and blood pressure of 80/50 mmHg. In the Gell and Coombs classification of hypersensitivity reactions this is an example of a:,"[""Type I reaction"", ""Type II reaction"", ""Type III reaction"", ""Type IV reaction"", ""Type V reaction""]",Type I reaction,0,"Type I hypersensitivity reaction - anaphylaxis

The correct answer is a

Type I reaction

. This is because the clinical presentation described in the question - facial swelling, erythematous itchy rash, expiratory wheeze, and hypotension - is consistent with an anaphylactic reaction. Anaphylaxis is a severe, life-threatening hypersensitivity reaction that occurs rapidly after exposure to an allergen. In this case, the allergen would be the HPV vaccine. Type I hypersensitivity reactions are mediated by immunoglobulin E (IgE) antibodies, which bind to mast cells and basophils causing their activation and subsequent release of inflammatory mediators such as histamine.

A

Type II reaction

is incorrect because these reactions are characterized by cytotoxic antibody-mediated responses involving IgG or IgM antibodies targeting antigens on cell surfaces or extracellular matrix components. This leads to cellular destruction through complement activation or antibody-dependent cellular cytotoxicity (ADCC). Examples of Type II reactions include hemolytic transfusion reactions and autoimmune hemolytic anemia.

A

Type III reaction

is also incorrect as these reactions involve immune complex formation between antigens and IgG or IgM antibodies. These immune complexes deposit in tissues leading to inflammation and tissue damage due to complement activation and neutrophil recruitment. Examples of Type III reactions include serum sickness and certain forms of vasculitis, like systemic lupus erythematosus (SLE).

Type IV reaction

is not the correct answer because these are delayed-type hypersensitivity reactions mediated by T lymphocytes rather than antibodies. They involve antigen-presenting cells activating CD4+ helper T cells, which subsequently activate macrophages or CD8+ cytotoxic T cells that cause tissue damage. Examples of Type IV reactions include contact dermatitis (e.g., poison ivy rash) and tuberculin skin test reactivity."
489,"You are performing a study of blood pressure readings in patients with chronic kidney disease. Assuming that the results are normally distributed, what percentage of values lie within two standard deviations of the mean blood pressure reading?","[""95.4%"", ""5.3%"", ""98.3%"", ""10%"", ""97.5%""]",95.4%,0,
490,"An obstetrician presents to the emergency department with a history of fever, chills and a headache after working in clinics for 3 months in Nigeria and the Democratic Republic of Congo. Past data tells you that 70% of patients who attend the emergency department with these symptoms and a travel history to Sub-Saharan Africa have Malaria.

The malaria rapid test you wish to use has a sensitivity of 92% and specificity of 98%.

What is the likelihood ratio for a positive test result with the data provided?","[""0.02"", ""0.08"", ""12.25"", ""46"", ""95""]",46,3,"Likelihood ratio for a positive test result = sensitivity / (1 - specificity)

The likelihood ratio is used to demonstrate how likely a patient is to have a disease or condition. The higher the likelihood ratio, the more likely they are to have the condition. If the likelihood ratio is low, this means that they are unlikely to have the condition. This helps to rule in or rule out a disease or condition.

The positive likelihood ratio gives the change in the odds of having a diagnosis in patients with a positive test.

The negative likelihood ratio gives the change in the odds of having a diagnosis in patients with a negative test."
491,"A 26-year-old internal medical trainee (IMT)1 doctor working in gastroenterology has started a research project. It is a randomised, double-blind, placebo-controlled trial to assess whether a herbal remedy is effective in relieving the symptoms of gastro-oesophageal reflux when compared with placebo. In the design of her project, she wants to ensure that the study has sufficient ability to detect a difference between the two groups if indeed, a difference truly exists.

What term describes the statistical parameter that she is trying to optimize?","[""Confidence interval"", ""P value"", ""Type I error"", ""Type II error"", ""Power""]",Power,4,"Power = 1 - the probability of a type II error

Power is the correct answer. The IMT1 doctor wants to make sure that her study has sufficient 'power'. The power of a test is the ability of a test to reject the null hypothesis (H0) (i.e. that there is no difference between study groups) when a specific alternative hypothesis is true (H1).  The statistical power can range between 0 and 1. As the power increases (i.e. becomes closer to 1), the probability that she makes a type II error (incorrectly failing to reject the null hypothesis) decreases. Therefore, power = 1 - the probability of a type II error.

Confidence interval is incorrect. This is a range of values around a statistic (e.g. the mean) which is believed to contain, with a certain probability (i.e. 95%), the true value of the statistic (i.e. the population value).

P-value is incorrect. The P-value is merely the probability that the null hypothesis is true. In this case, the probability that there is no difference in reflux symptoms in those groups treated with a herbal remedy or placebo.

Type I error is incorrect. This describes the chances of incorrectly rejecting the null hypothesis. Essentially, this means the chance of a false positive. In this case, this would mean the chance of detecting a difference between those in the herbal remedy and placebo groups when in fact, there is no difference.

Type II error is the probability of accepting a false null hypothesis. This means the probability of failing to detect a difference between groups when indeed, a difference exists."
492,"A 35-year-old man presents for medical assessment with reports of three months of joint pains that are worse in the morning. He has no past medical history.

On examination, all distal interphalangeal joints (DIPJs) are symmetrically swollen, red, and tender on both hands.

Given the likely diagnosis, what is the probable HLA association?","[""HLA-A3"", ""HLA-B27"", ""HLA-B51"", ""HLA-DQ2"", ""HLA-DR4""]",HLA-B27,1,"Psoriatic arthritis is associated with HLA B27

HLA-B27

is correct. The patient presents with joint pains that are worse in the morning, suggesting an inflammatory cause. The examination reveals symmetrical DIPJ swelling. Psoriatic arthritis is the most likely inflammatory arthritis to cause DIPJ-predominant inflammatory joint disease.

HLA-A3

is incorrect. This is the HLA association for hemochromatosis. This can cause arthritis but involves the metacarpophalangeal and proximal interphalangeal joints rather than the DIPJs when it affects the hands.

HLA-B51

is incorrect. This is the HLA association for Behcet's syndrome. This can cause arthritis but again if it affects the hands it tends to be the MCPJs and PIPJs rather than the DIPJS. Additionally, the absence of oral and genital ulceration makes this diagnosis extremely unlikely.

HLA-DQ2

is incorrect. This is the HLA association for coeliac disease. This can cause arthritis or arthralgia. However, it tends to be larger joints that are affected i.e. knees, ankles rather than hands so this is not likely.

HLA-DR4

is incorrect. This is the HLA association for rheumatoid arthritis. This disorder tends to spare the DIPJs and so this is incorrect."
493,Which one of the following conditions is NOT an autosomal dominant condition?,"[""Retinoblastoma"", ""Tuberose sclerosis"", ""Achondroplasia"", ""Myotonic dystrophy"", ""Albinism""]",Albinism,4,"Autosomal recessive conditions are 'metabolic'  - exceptions: inherited ataxias

The correct answer is

Albinism

. Albinism is not an autosomal dominant condition, but rather it is inherited in an autosomal recessive manner. This means that both parents must carry one copy of the mutated gene for a child to be affected. Albinism results from mutations in several different genes, most commonly the TYR gene, which leads to a reduction or absence of melanin production.

Now let's discuss each of the incorrect options:

Retinoblastoma

is indeed an autosomal dominant condition. It arises due to mutations in the RB1 gene located on chromosome 13. The disease manifests as a malignant tumour of the retina usually affecting children under five years old. However, it should be noted that although Retinoblastoma follows an autosomal dominant pattern of inheritance, two hits (both alleles being affected) are necessary for tumour development according to Knudson's 'two-hit' hypothesis.

Next,

Tuberous Sclerosis

, also known as Tuberose Sclerosis, is another autosomal dominant disorder. It results from mutations in either TSC1 or TSC2 genes leading to the formation of hamartomas (benign growths) in various organs such as the brain, skin, kidneys and heart.

Achondroplasia

too follows an autosomal dominant pattern of inheritance. It results from mutations in the FGFR3 gene leading to abnormal cartilage formation and consequent dwarfism with characteristic features including short limbs and a relatively normal-sized trunk.

Finally,

Myotonic dystrophy

is also an autosomal dominant condition caused by a CTG trinucleotide repeat expansion in the DMPK gene on chromosome 19. It manifests with muscle stiffness (myotonia), progressive muscle weakness and wasting. In addition to these muscular symptoms, individuals with myotonic dystrophy may also present with cataracts, cardiac conduction defects and endocrine disturbances."
494,"A 32-year-old man presents to his GP with several months of weight loss, fevers and night sweats. On examination, he has non-tender lymphadenopathy. He is referred onwards and ultimately diagnosed with Hodgkin's lymphoma. At the haematological cancer multidisciplinary team meeting, a decision is made to start him on vincristine.

During which stage of the cell cycle does this drug act?","[""Anaphase"", ""Cytokinesis"", ""Metaphase"", ""Prophase"", ""Telophase""]",Metaphase,2,"Vincristine acts during the metaphase

The correct answer is metaphase. This stage of the cell cycle is when chromosomes align at the middle at of the cell and then begin to separate. Vincristine disrupts this process by binding to the tubulin protein, preventing the formation of microtubules and preventing the initiation of chromosome separation. The cell will then undergo apoptosis.

Anaphase is the stage following metaphase, whereby separated chromosomes are migrating to opposite sides of the cell. Vincristine does not act during this phase.

Cytokinesis is the final stage of the cell cycle, whereby a single cell is divided into two daughter cells.

Prophase is the start of the cell cycle - chromatin in the nucleus condenses, in preparation for the rest of mitosis.

Telophase precedes cytokinesis - chromatids decondense back into chromatin and nuclear envelopes reform."
495,"A 25-year-old female presents to the breast clinic for review. Her mother was recently diagnosed with ovarian cancer at the age of 42-years-old. She notes that one of her aunts was also diagnosed with ovarian cancer at the age of 35-years-old. Another aunt was diagnosed with breast cancer at the age of 40-years-old and ovarian cancer at the age of 50-years-old. She attended her general practitioner as she is extremely worried that she is at an increased risk of developing cancer and she was referred to the breast clinic.

The patient is asymptomatic at present. Breast examination today did not reveal any lumps and no axillary lymphadenopathy was noted. Given the significant family history, a familial link was suspected and a blood test was requested to help identify the cause for the cancers in her family.

Given the likely cause, what is the likely test that will be performed on the blood sample?","[""Southern blot"", ""Northern blot"", ""Polymerase chain reaction (PCR)"", ""Reverse transcription-polymerase chain reaction (RT-PCR)"", ""Western blot""]",Polymerase chain reaction (PCR),2,"Polymerase chain reactions are used to detect mutated oncogenes

The occurrence of breast and ovarian cancer in multiple members of a family under the age of 45-years-old should strongly raise the suspicion of BRCA1 mutation as the cause for the cancers. The patient meets the screening criteria for BRCA mutations as there are >2 family members with breast cancer <45 years and one family member with both ovarian and breast cancer. Polymerase chain reaction remains the mainstay of locating mutated oncogenes at present. The method allows amplification of the mutated gene sequence and the mutated gene sequence can be easily detected on electrophoresis.

Northern blot is used for the detection of RNA molecules and is helpful in the study of gene expression. It will not be useful in the detection of mutated oncogenes as this requires analysis of the DNA structure.

Reverse transcription-polymerase chain reaction (RT-PCR) also looks at gene expression and will initially create copies of genes that have been transcribed into mRNA. The PCR process then proceeds as usual and this is used to detect the expression of certain genes within a tissue sample. It cannot detect the presence of mutations within the genome.

Western blot is used to detect specific proteins within a given sample and would not be helpful in the detection of oncogenes.

Southern blot is a test that can be used to detect specific DNA sequences. However, this is not the correct answer as its use has largely been superseded by PCR."
496,"A young boy is diagnosed as having DiGeorge syndrome. Which one of the following infections is he most at risk from, secondary to his immune system dysfunction?","[""Klebsiella pneumoniae"", ""Haemophilus influenzae type b"", ""Cryptococcus neoformans"", ""Neisseria meningitidis"", ""Salmonella typhi""]",Cryptococcus neoformans,2,
497,A case-control study is being designed to look at the relationship between epilepsy and a new vaccine for varicella. What is the usual outcome measure in a case-control study?,"[""Numbers needed to harm"", ""Odds ratio"", ""Experimental event rate"", ""Absolute risk increase"", ""Relative risk""]",Odds ratio,1,"Case-control study - the usual outcome measure is the odds ratio

The correct answer is the

Odds ratio

. In a case-control study, the typical outcome measure used is the odds ratio. This is because in such studies, we start with the disease status and then look back at the exposure. The odds ratio compares the odds of exposure in the cases to the odds of exposure in controls. It is a measure of effect size, describing the strength of association or non-independence between two binary data values.

Numbers needed to harm

(NNH) is incorrect as it's an epidemiological measure that indicates how many persons on average need to be exposed to a risk factor over a specific period to cause harm in one person that would not otherwise have been harmed. It's typically used for quantifying adverse effects in clinical trials, not case-control studies.

The

Experimental event rate

(EER) also does not apply here. EER refers to the proportion of patients who have an 'event' (a particular health outcome) in the experimental group of a research study. Case-control studies are observational by nature; they do not involve experimental groups or interventions.

The

Absolute risk increase

(ARI) represents the change in risk of a certain event occurring in an exposed group compared to non-exposure. It's used primarily in cohort studies and randomised control trials where individuals are followed over time.

Finally,

Relative risk

, which measures how much more likely someone who has been exposed to a variable will experience an event compared with someone who has not been exposed, is typically calculated from prospective cohort studies rather than case-control studies."
498,"A 28-year-old female student with Turner's syndrome presents with pain, oliguria and a palpable bladder. Renal function tests were unremarkable however, investigations reveal a structural abnormality.

Which of the following is the most likely renal abnormality she will have?","[""Malrotation"", ""Single kidney"", ""Horseshoe kidney"", ""Duplex collecting system"", ""Pelvic kidney""]",Horseshoe kidney,2,"Horseshoe kidney is the most common renal abnormality in Turner's syndrome

All the answers are structural abnormalities that can be present in Turner's syndrome (TS).

Horseshoe kidney occurs in about 10% of patients with TS. In the majority of cases, there is fusion at the lower pole which results in the inferior pole of the kidneys pointing medially. Due to this, the ureters exit the kidneys more anteriorly over the isthmus and there is a higher risk of ureteropelvic junction obstruction and/or secondary urinary tract infection."
499,Which one of the following statements regarding significance tests is incorrect?,"[""Parametric data is usually normally distributed"", ""Student's t-test may be paired or unpaired"", ""Pearson's product-moment coefficient is used to assess correlation between two variables"", ""Chi-squared test is used to compare parametric data"", ""Paired data refers to data obtained from a single group of patients""]",Chi-squared test is used to compare parametric data,3,
500,Which of the following is true regarding endothelin?,"[""It is a potent vasodilator"", ""It is produced mainly by pulmonary tissue"", ""It acts on target cells by stimulating guanylate cyclase"", ""Release is stimulated by nitric oxide"", ""Endothelin antagonists are useful in primary pulmonary hypertension""]",Endothelin antagonists are useful in primary pulmonary hypertension,4,"Endothelin causes pulmonary vasoconstriction (hence why antagonists are used in primary pulmonary hypertension)

Endothelin antagonists are useful in primary pulmonary hypertension

is the correct answer. Endothelin-1 is a potent vasoconstrictor peptide produced primarily by vascular endothelial cells. In primary pulmonary hypertension (PPH), also known as idiopathic pulmonary arterial hypertension, there is increased endothelin-1 expression and activity, contributing to the pathological vasoconstriction and vascular remodelling characteristic of this condition. Endothelin receptor antagonists (ERAs) such as bosentan, ambrisentan, and macitentan block the action of endothelin-1 on its receptors (primarily ETA and ETB), reducing pulmonary vascular resistance and improving exercise capacity and clinical outcomes in patients with PPH. These medications are recommended in UK and international guidelines for the management of pulmonary arterial hypertension and have been shown to delay clinical worsening and improve functional capacity.

It is a potent vasodilator

is incorrect. Endothelin-1 is actually one of the most potent vasoconstrictors known, with approximately 10 times the vasoconstrictor potency of angiotensin II. It causes sustained vasoconstriction by binding to specific G-protein coupled receptors (ETA and ETB) on vascular smooth muscle cells, leading to increased intracellular calcium and subsequent smooth muscle contraction. This vasoconstrictor effect is particularly important in the pulmonary and renal circulations.

It is produced mainly by pulmonary tissue

is incorrect. While endothelin-1 is produced in the pulmonary vasculature, it is primarily synthesised by vascular endothelial cells throughout the body, not specifically or predominantly by pulmonary tissue. Endothelial cells in various vascular beds, including systemic arteries, veins, and lymphatics, all produce endothelin-1. The peptide acts locally in a paracrine or autocrine fashion to regulate vascular tone.

It acts on target cells by stimulating guanylate cyclase

is incorrect. Endothelin-1 acts by binding to specific G-protein coupled receptors (ETA and ETB), which activate phospholipase C, leading to the formation of inositol triphosphate (IP3) and diacylglycerol (DAG). This results in increased intracellular calcium and activation of protein kinase C, ultimately causing vasoconstriction. Stimulation of guanylate cyclase is actually the mechanism of action for nitric oxide, which produces vasodilation through the formation of cyclic guanosine monophosphate (cGMP).

Release is stimulated by nitric oxide

is incorrect. Nitric oxide actually inhibits the production and release of endothelin-1 from endothelial cells. These two mediators have opposing actions in vascular regulation: nitric oxide is a vasodilator while endothelin-1 is a vasoconstrictor. The release of endothelin-1 is stimulated by various factors including hypoxia, shear stress, thrombin, angiotensin II, inflammatory cytokines, and oxidised LDL cholesterol, but is inhibited by nitric oxide and prostacyclin."
501,"A 10-year-old boy is referred to the paediatric clinic for further investigations. The child originally presented with progressive difficulty walking, dysarthria and sensational changes of the limbs. A potential diagnosis of Friedreich's ataxia is considered.

On examination, the child has scoliosis and reduced lower limb reflexes. An echocardiogram performed finds evidence of hypertrophic cardiomyopathy.

What type of genetic disease is this child's likely diagnosis?","[""Autosomal dominant"", ""Autosomal recessive"", ""X-linked dominant"", ""X-linked recessive"", ""Y-linked""]",Autosomal recessive,1,"Friedreich's ataxia is autosomal recessive

Friedreich's ataxia is a genetic disease affecting the production of the protein frataxin. The exact role of this protein is unknown, but it is thought to play a role in the generation of adenosine triphosphate (ATP) required to carry out metabolic cell functions as well as the maintenance of mitochondrial iron levels, preventing damage to other proteins involved in cellular metabolism. The deficiency of frataxin can result in multiple clinical features including degeneration of the nervous system, cardiac defects and dysfunction of other systems. Friedreich's ataxia is an

autosomal recessive

condition meaning affected patients require two copies of the faulty gene and there is a 1 in 4 chance of the child of two carriers being affected by the condition.

Autosomal dominant

conditions are broadly thought to be 'structural' and examples include Huntington's disease and Marfan syndrome. Autosomal recessive conditions on the other hand are generally thought of as metabolic. Friedreich's ataxia is an exception with it generally being seen as a structural condition, but it is inherited via an autosomal recessive and not the dominant route.

X-linked dominant

conditions, where the variant gene is only required to be present on one X chromosome for a patient to be affected, include diseases such as fragile X syndrome.

X-linked recessive

conditions require two defective genes on the X chromosome. Examples include haemophilia A and Fabry disease.

Conditions where the altered causative gene is located on the

Y chromosome

are considered Y-linked and as such can only occur in males. Examples of Y-linked diseases include Y chromosome infertility and some cases of Swyer syndrome."
502,"A 45-year-old man is undergoing an investigation for impaired renal function after a recent discharge. His hospital admission lasted 4 weeks after accidental lead poisoning complicated by renal tubular acidosis.

During admission and post-discharge he has had persistent polyuria and polydipsia.

Electrolyte results from today are below.


Na+	137 mmol/L	(135 - 145)
K+	3.1 mmol/L	(3.5 - 5.0)
Bicarbonate	15 mmol/L	(22 - 29)
Calcium	1.96 mmol/L	(2.1-2.6)
Phosphate	0.32 mmol/L	(0.8-1.4)
Magnesium	0.82 mmol/L	(0.7-1.0)
Chloride	116 mmol/L	(95-108)

Given the likely diagnosis, which part of the renal tubule is affected?","[""Ascending loop of Henle"", ""Collecting duct"", ""Descending loop of Henle"", ""Distal convoluted tubule"", ""Proximal convoluted tubule""]",Proximal convoluted tubule,4,"Phosphate is reabsorbed in the proximal tubule

A history of lead poisoning complicated by renal tubular acidosis should point towards acquired Fanconi syndrome. Fanconi syndrome is a disorder of inadequate reabsorption in the

proximal convoluted tubule

s of the kidneys. This commonly presents with hypophosphataemia as well as hyperchloraemia metabolic acidosis, hypokalaemia, and hypocalcaemia.

The

collecting duct

system of the kidneys is the final portion of the nephron and is important for water and sodium reabsorption. They are the site of action for antidiuretic hormone.

The

ascending loop of Henle

is commonly split into thin and thick sections. The thin ascending loop is impermeable to water but allows small passages of ions such as sodium through osmotic pressures. The thick ascending loop's job is to reabsorb ions including sodium, potassium, calcium, magnesium, and chloride. A defect in the thick ascending loop is the cause of Bartter syndrome.

The main action of the

descending loop of Henle

is to reabsorb water. Whilst doing this, it also absorbs small amounts of urea and electrolytes.

The

distal convoluted tubule

plays an important part in sodium, potassium and calcium regulation. It is known as the area of action of thiazide diuretics and is the area of error in Gitelman syndrome."
503,"You are reviewing a study on the use of masks in public places to reduce viral upper respiratory tract infections. This study noted fewer cases in the treatment group, who wore a mask, compared with the control group who did not. The absolute risk in the control group was 0.5 whereas the absolute risk in the treatment group was 0.3.

What is the number needed to treat in this study?","[""0.2"", ""0.6"", ""2"", ""5"", ""17""]",5,3,"NNT = 1 / Absolute Risk Reduction

The number needed to treat is one divided by the absolute risk reduction. The absolute risk reduction is the absolute risk in the control group minus the absolute risk in the treatment group.

In this case, the absolute risk reduction is 0.5 - 0.3 which is 0.2, and therefore the number needed to treat is one divided by 0.2 which is five."
504,"A 78-year-old man presented to the eye casualty with diplopia. He has been noticing this double vision for the past two weeks. On examination, there was horizontal diplopia and minimal restriction of one of the extraocular muscles in the left eye. His past medical history includes longstanding prostate cancer and hypertension. Imaging of the brain revealed metastatic lesion in the clivus encasing the cavernous sinus and carotid artery.

Which one of the following cranial nerve palsy leads to diplopia in this patient?","[""Right third cranial nerve (CN3) palsy"", ""Left sixth cranial nerve (CN6) palsy"", ""Right sixth cranial nerve (CN6) palsy"", ""Left fourth cranial nerve (CN4) palsy"", ""Left third cranial nerve (CN3) palsy""]",Left sixth cranial nerve (CN6) palsy,1,"CN6 palsy manifesting as diplopia could be the first sign of brain metastasis

The sixth cranial nerve (CN6) innervates the lateral rectus muscle which is responsible for moving the eye laterally. CN6 arises from the pons which sits on the clivus. Hence, a tumour involving the clivus would compress the CN6 causing its palsy. This leads to restricted lateral gaze which results in horizontal diplopia as seen in this patient. Right cranial nerve palsies are irrelevant as the question clearly states the involvement of left extraocular muscle. CN4 palsy causes vertical diplopia. CN3 palsy causes ptosis and involves four extraocular muscles rather than one that is mentioned in the question."
505,"In terms of the cell cycle, which one of the following phases determine the length of the cell cycle:","[""M"", ""M0"", ""G1"", ""S"", ""G2""]",G1,2,
506,"A 52-year-old lady with a 6-month history of steatorrhoea, abdominal pain, bloating and a positive IgA tissue transglutaminase test was referred to gastroenterology for further investigation. The diagnosis is confirmed on duodenal biopsy, which reveals subtotal villous atrophy and crypt hyperplasia.

Which HLA is this disease most associated with?","[""HLA-DR2"", ""HLA-DR3"", ""HLA-B5"", ""HLA-DQ2"", ""HLA-B27""]",HLA-DQ2,3,"Coeliac disease is linked to HLA-DQ2

This patient has coeliac disease. Coeliac disease is linked to HLA-DQ2 and HLA-DQ8.

HLA-DR2 is associated with narcolepsy and Goodpasture's.

HLA-DR3 is associated with dermatitis herpetiformis, Sjogren's syndrome and primary biliary cirrhosis.

HLA-B5 is associated with Behcet's disease.

HLA-B27 is associated with ankylosing spondylitis, Reiter's syndrome and anterior uveitis."
507,A 77-year-old woman who lives alone is assessed. She has a history of Alzheimer's disease. Her neighbours are increasingly concerned about her behaviour - they often see her wandering around outside in an apparently confused state. You feel she may need a care package or residential care but she refuses to countenance such a proposal. What is the most appropriate legal framework to use to approach this issue?,"[""Mental Health Act"", ""Mental Capacity Act"", ""Health and Social Care Act"", ""Common law"", ""Professional Performance Act""]",Mental Capacity Act,1,
508,"A 54-year-old woman who is obese comes to the Emergency department complaining of pain at the back of her right knee and swelling of the right calf, which she tells you came on all of a sudden. She is awaiting a knee replacement for osteoarthritis of the right knee. Routine blood testing reveals that the D-dimer is in the normal range.

Which of the following is the most likely diagnosis?","[""Deep vein thrombosis"", ""Ruptured popliteal cyst"", ""Pseudogout"", ""Ruptured calf muscle"", ""Septic arthritis""]",Ruptured popliteal cyst,1,
509,"A 45-year-old man presents to the emergency department with three days of joint pain and swelling. He has recently returned from holidays where he had unprotected sex with multiple female partners. He denies penile discharge. He has no past medical history other than an occasional mouth ulcer.

On examination, there is synovitis in both knees and the right ankle. There are no eye abnormalities. There is no oral or genital ulceration.

Given the likely diagnosis, what is the expected HLA association?","[""HLA-B27"", ""HLA-B51"", ""HLA-DR3"", ""HLA-DR4"", ""HLA-DQ2""]",HLA-B27,0,"Reactive arthritis - HLA-B27

HLA-B27

is correct. The patient presents with lower limb oligoarthritis after recent unprotected sex. The probable diagnosis is reactive arthritis secondary to a sexually transmitted infection. Reactive arthritis is more common in those patients that are HLA-B27 positive. It is typically a self-limiting condition but can develop into chronic arthritis in a smaller proportion of cases.

HLA-B51

is incorrect. This is expected HLA association for Behcet's disease. Patients with Behcet's tend to have recurring and severe oral or genital ulceration rather than just the 'occasional mouth ulcer', which is common in the general population. Other features of this condition are rashes, thrombosis, and ocular abnormalities.

HLA-DR3

is incorrect. Sjogren's syndrome is associated with HLA-DR3. This can cause arthritis but would typically cause small joint polyarthritis. Additionally, there may be Sicca symptoms i.e. dry eyes and dry mouth.

HLA-DR4

is incorrect. This is the expected HLA association with rheumatoid arthritis. This tends to present with more of a small joint polyarthritis rather than a large joint lower limb oligoarthritis.

HLA-DQ2

is incorrect. This is associated with coeliac disease. However, there is no mention of intolerance to gluten or abdominal symptoms. Coeliac disease can cause arthritis but in the context of this presentation, it seems unlikely."
510,"A 21-year-old, with type 1 diabetes and depression is bought in having been found confused and 'acting drunk' before collapsing at home. Her parents confirm she has been very low in mood recently and has talked about taking her own life. They are concerned as on finding her they noticed her injectable medication also out on the floor.

On exam, she is sweaty and only responsive to pain. Her observation are:

Heart rate 108/min
BP 122/80 mmHg
Oxygen saturations 98%
Temperature 36.7 ºC
Blood glucose 1.9mmol/L

What receptor type is bound to by the medication this patient has most likely overdosed on?","[""G protein-coupled"", ""Guanylate cyclase"", ""Ligand-gated ion channel"", ""Serine/threonine kinase"", ""Tyrosine kinase""]",Tyrosine kinase,4,"Insulin binds to a receptor tyrosine kinase in the cell membrane

This patient has presented following an insulin overdose. The main features of insulin overdose are a result of hypoglycaemia (noted on this patient's observation) and include sweating, confusion and drowsiness/reduced consciousness. Insulin binds to

tyrosine kinase

, a type of enzyme receptor in the cell membrane, resulting in a signal transduction cascade, activating enzymes and transcription factors within the cell that mediates the intracellular effects of insulin. Other tyrosine kinase receptors include insulin-like growth factor (IGF) and epidermal growth factor (EGF).

G protein-coupled

are activated by a wide range of extracellular signals/ligands such as peptide hormones, lipophilic hormones and biogenic amines (e.g. adrenaline) however insulin does not bind to these receptors. G protein-coupled receptors can stimulate adenylate cyclase, inhibit adenylate cyclase or activated phospholipase C and in general mediate slow transmission and affect metabolic processes.

Guanylate cyclase

receptors are transmembrane protein that spans the lipid bilayer only once. They contain intrinsic enzyme activity and include atrial natriuretic factor and brain natriuretic peptide. Again insulin does not bind or affect these receptors.

Ligand-gated ion channel

receptors are transmembrane proteins which open to allow ions (e.g. Na

+

, K

+

, Ca

2+

) to pass through in response to the binding of chemical messengers/ligand.  This ion movement results in processes such as depolarisation or hyperpolarisation within cells. A number of ligands can open these channels but insulin is not one of them.

Serine/threonine kinase

is another form of enzyme receptor similar to tyrosine kinase but is not affected/bound by insulin. These receptors instead are bound by the ligand transforming growth factor-beta (TGF-β) which plays an important role in wound healing, immunoregulation and cancer."
511,A study is designed to compare the calcium levels of males and females who have Crohn's disease. The investigators aim to discover whether there is a difference between the average calcium level in males compared to females. From previous studies it is known that the calcium levels are normally distributed. Which one of the following statistical tests is it most appropriate to use?,"[""Pearson's test"", ""Mann-Whitney test"", ""Chi-squared test"", ""Student's unpaired t-test"", ""Student's paired t-test""]",Student's unpaired t-test,3,
512,"A 25-year-old man presents to his GP with unilateral visual loss which has progressed bilaterally. On examination, acuity is markedly reduced. He is referred to the specialty team and, after several investigations, is diagnosed with Leber's optic atrophy. He is asked about whether or not his parents had the disease, but cannot answer - he explains that he was adopted.

He is concerned regarding the risk of passing this condition onto his own children.

What should he be advised?","[""All of his children will inherit the disease"", ""Half of his children will inherit the disease"", ""His children may carry the disease"", ""His daughters will carry the disease"", ""None of his children will inherit the disease""]",None of his children will inherit the disease,4,"Mitochondrial diseases follow a maternal inheritance pattern

Leber's optic atrophy is a rare mitochondrial disease. Most DNA is found in the nucleus, but a small amount of double-stranded DNA is found in the mitochondria. The key point to note is that inheritance via the maternal line - sperm contributes no cytoplasm to the zygote. As such, diseases can only be inherited from the mother, and so none of his children will inherit the disease from him.

To state that all of his children will inherit the disease is therefore incorrect. If the patient were female, this statement would be true, as all children of an affected female inherit the mitochondrial disease.

Stating that half of his children will inherit the disease would be more appropriate if this were an autosomal dominant condition, rather than mitochondrial. In that case, he would have one affected allele and one 'normal' allele - and so, statistically, half of his children would inherit the affected allele.

His children will not carry the disease - this refers to other modes of inheritance. For example, if this were an autosomal recessive condition instead, he would have two affected alleles, of which he would pass on one. Assuming his partner was unaffected, or a carrier, the children may inherit one affected copy and one unaffected copy, making them carriers.

His daughters will not carry the disease as he cannot pass it onto them, due to mitochondrial inheritance coming from the mother rather than the father. This statement makes more sense with regards to X-linked recessive diseases - as he is male, he has one X and one Y, and so all daughters would inherit the affected X (and no sons would inherit it)."
513,"A 21-year-old woman presents to the emergency department with 1 day of fever and headache. She has no past medical history:

Observations:


Heart rate 140 beats per minute
Blood pressure 75/55 mmHg
Temperature 39.4C
Oxygen saturation 97% on room air
Respiratory rate 28/minute

On examination, she appears profoundly unwell. There is a widespread non-blanching rash.

What type of complement (C) deficiency predisposes to this condition?","[""C 5-9 deficiency"", ""C1q deficiency"", ""C2 deficiency"", ""C4 deficiency"", ""C5 deficiency""]",C 5-9 deficiency,0,"C5-9 deficiency predisposes to

C 5-9 deficiency

is correct. The patient presents profoundly unwell with tachycardia, fever, hypotension, non-blanching rash and headache. This is consistent with meningococcal septicaemia, which is caused by

Neisseria meningitidis

.

C1q deficiency

is incorrect. The deficiency of this complement protein predisposes to immune complex diseases like systemic lupus erythematosus (SLE). While theoretically, SLE could cause a headache, fever and non-blanching rash it is unlikely to present abruptly with the patient profoundly unwell and hypotensive. The most likely diagnosis is meningococcal septicaemia.

C2 deficiency

is incorrect. Again, this predisposes to immune complex diseases like SLE and Henoch-Schonlein purpura (HSP). The latter can also cause a non-blanching purpuric rash but is unlikely to cause fever or headache. Therefore meningitis is more likely here.

C4 deficiency

is incorrect.  Again, this predisposes to immune complex diseases like the conditions already outlined above. It does not predispose to meningococcal septicaemia (the most likely diagnosis) so is not correct.

C5 deficiency

is incorrect. This predisposes to Leiner disease which is characterized by recurrent diarrhoea, wasting and seborrhoeic dermatitis. It tends to present in infancy and is not classically associated with the development of meningitis so is not the correct answer."
514,Which one of the following conditions is NOT an autosomal recessive condition?,"[""Haemochromatosis"", ""PKU"", ""Hereditary spherocytosis"", ""Tay-Sach's"", ""Friedreich's ataxia""]",Hereditary spherocytosis,2,"Autosomal recessive conditions are 'metabolic'  - exceptions: inherited ataxias

The correct answer is Hereditary spherocytosis, as this is typically inherited in an autosomal dominant pattern, while all other conditions listed are autosomal recessive disorders.

Hereditary spherocytosis

is characterised by mutations affecting various membrane proteins, most commonly ankyrin and spectrin, leading to spherical-shaped erythrocytes with reduced deformability. In approximately 75% of cases, it follows an autosomal dominant inheritance pattern, though rare autosomal recessive forms exist. The condition typically presents with anaemia, jaundice, and splenomegaly.

Haemochromatosis

is an autosomal recessive disorder of iron metabolism, most commonly caused by mutations in the HFE gene. This results in inappropriate iron absorption and subsequent deposition in various organs, leading to tissue damage. The classic triad includes diabetes mellitus, skin pigmentation, and cirrhosis.

PKU (Phenylketonuria)

is an autosomal recessive metabolic disorder caused by mutations in the PAH gene, resulting in deficient phenylalanine hydroxylase enzyme activity. Without early detection and dietary management, affected individuals develop severe intellectual disability and other neurological complications.

Tay-Sachs disease

is an autosomal recessive lysosomal storage disorder caused by mutations in the HEXA gene, leading to hexosaminidase A deficiency. This results in GM2 ganglioside accumulation in neurons, causing progressive neurodegeneration. It is particularly prevalent in Ashkenazi Jewish populations.

Friedreich's ataxia

is an autosomal recessive neurodegenerative disorder caused by mutations in the FXN gene, resulting in frataxin deficiency. This leads to progressive ataxia, muscle weakness, and often cardiomyopathy. The condition typically presents in childhood or adolescence with progressive neurological deterioration."
515,"A new screening tool for lower gastrointestinal malignancies has been developed known as the Faecal Immunochemical Test (FIT). The test is hoped to be an improvement on the previous stool tests as the FIT targets human haemoglobin.

The researchers would like to show that the test is specific for colorectal cancer. They arrange a study where 2000 participants have a FIT and are followed up with the gold standard test, colonoscopy.

240 participants initially tested positive on the FIT of whom 150 were later confirmed to have colorectal cancer on colonoscopy.

1760 tested negative on the FIT test of whom 50 were later found to have colorectal cancer on colonoscopy.

What is the specificity of the FIT test?","[""5.2%"", ""25%"", ""60%"", ""91.9%"", ""95%""]",95%,4,"Specificity = TN / (TN + FP)

The number of participants with a negative FIT test and colonoscopy (true negatives) is 1710 (1760-50 = 1710).

The number of participants who were FIT positive but later found not to have colorectal cancer (false positives) is 90 (240-150 = 90).

The specificity of the test is, therefore:

1710/(90+1710) = 95%"
516,"You are involved in a clinical research trial developing a blood test to help diagnose inflammatory myopathies.

The results of the trial are as follows:


	Disease present	Disease absent
Test positive	246	82
Test negative	6	918

What is the specificity of this test?","[""11.9"", ""75%"", ""91.8%"", ""97.6%"", ""99.3%""]",91.8%,2,"Specificity = TN / (TN + FP)

91.8%

is correct. The specificity is calculated as TN / (TN + FP) = 918 / (918 +82) = 91.8%. This is the proportion of patients without the condition who have a negative test result. A highly specific test means that there are few false positive results.

75%

is incorrect. The positive predictive value (PPV) is calculated as TP / (TP + FP) = 246 / (246 + 82) = 75%. This represents the chance that the patient has the condition if the diagnostic test is positive.

11.9

is incorrect. The likelihood ratio for a positive test result is calculated as sensitivity / (1 - specificity) = 11.9.

97.6%

is incorrect.  The sensitivity of the test is calculated as TP / (TP + FN) = 246 / (246 + 6) = 97.6%. This is the proportion of patients with the condition who have a positive test result.

99.3%

is incorrect. The negative predictive value is calculated as TN / (TN + FN) = 918 / (918 + 6) = 99.3%. This is the chance that the patient does not have the condition if the diagnostic test is negative."
517,"A 16-year-old girl attends your GP surgery due to concerns about delayed menarche. On history, you note that there have been no developmental concerns. She is at the 65th percentile for weight and 5th percentile for height. On examination, you note that she has a short webbed neck and a broad chest. You perform karyotype analysis, which is abnormal. What is the most common cardiac condition associated with this presentation?","[""Bicuspid aortic valve"", ""Patent ductus arteriosus"", ""Atrioventricular septal defect"", ""Mitral valve prolapse"", ""Tricuspid regurgitation""]",Bicuspid aortic valve,0,"Turner's syndrome - most common cardiac defect is bicuspid aortic valve (more common than coarctation of the aorta)

The correct answer is

Bicuspid aortic valve

. This patient's presentation is consistent with Turner syndrome (45,XO), characterised by primary amenorrhoea, short stature, and distinctive physical features including a webbed neck and broad chest. Bicuspid aortic valve is the most common cardiac abnormality in Turner syndrome, occurring in approximately 30% of cases. This congenital condition involves the aortic valve having two cusps instead of the normal three, which can lead to various complications including aortic stenosis and regurgitation.

Patent ductus arteriosus

can occur in Turner syndrome but is less common than bicuspid aortic valve. While it is a significant congenital cardiac defect that requires monitoring and potentially intervention, it is not the most frequently associated cardiac condition in these patients.

Atrioventricular septal defect

is more commonly associated with Down syndrome (Trisomy 21) rather than Turner syndrome. While cardiac defects are common in Turner syndrome, AVSD is not typically part of the cardiac manifestation pattern in these patients.

Mitral valve prolapse

is not particularly associated with Turner syndrome. It is more commonly seen in connective tissue disorders such as Marfan syndrome and Ehlers-Danlos syndrome, and can also occur as an isolated finding in otherwise healthy individuals.

Tricuspid regurgitation

can occur secondary to other cardiac conditions but is not specifically associated with Turner syndrome. It is more commonly seen as a consequence of right ventricular dysfunction or pulmonary hypertension, rather than as a primary congenital abnormality in Turner syndrome."
518,"A 68-year-old man presents to the clinic with his wife. His wife is very concerned about his behaviour during sleep. She states that he appears to be lucidly dreaming and acting out his dreams, which has resulted in him physically hurting her a few times.

What stage of sleep does this phenomenon occur?","[""Awake"", ""Non-REM stage 1 (N1)"", ""Non-REM stage 2 (N2)"", ""Non-REM stage 3 (N3)"", ""REM""]",REM,4,"REM sleep is associated with dreaming and loss of muscle tone

During the REM stage of sleep there is normally atonia to prevent individuals acting out their dreams.  REM sleep behaviour disorders (REM parasomnias) are characterised by loss of this normal atonia during REM sleep.  REM sleep is the deepest stage of sleep where dreaming occurs.  It is believed that loss of muscle tone during this stage of sleep is partly a protective factor to prevent harm to oneself and others.  In REM sleep disorders, the paralysis that normally occurs during REM sleep is incomplete or absent, allowing the person to 'act out' his or her dreams, which are often vivid, intense, and violent.

Non-REM stage 1 (N1) sleep is the lightest sleep which is associated with hypnagogic jerks."
519,You are a ST1 doctor in medicine. Whilst on-call you review a 60-year-old woman who is known to have COPD. She has been admitted with an infective exacerbation and has not responded to nebulisers and intravenous aminophylline. Her most recent blood gases show a worsening respiratory acidosis. You feel that non-invasive ventilation (NIV) is needed and bleep the on-call physio. After discussing the blood gas results over the phone she says that NIV is not indicated in her opinion and refuses to set it up. What is the most appropriate action?,"[""Phone her back in 30 minutes and exaggerate the clinical picture to persuade her to come in"", ""Accept her professional opinion and reassess the situation in 30 minutes"", ""Set-up the NIV equipment yourself to avoid any further delay"", ""As there is a disagreement on management speak to the consultant on-call"", ""Transfer the patient to another hospital""]",As there is a disagreement on management speak to the consultant on-call,3,
520,Which one of the following defines the standard error of the mean?,"[""Square root (Standard deviation / number of patients)"", ""Number of patients / square root (mean)"", ""Number of patients / square root (standard deviation)"", ""Standard deviation / square root (number of patients)"", ""Standard deviation / square root (mean)""]",Standard deviation / square root (number of patients),3,"Standard error of the mean = standard deviation / square root (number of patients)

The correct answer is

Standard deviation / square root (number of patients)

. The standard error of the mean (SEM) is a statistical term that measures the accuracy with which a sample represents a population. In statistics, SEM is calculated by dividing the standard deviation by the square root of the number of participants in the study. It provides an estimate of how much variability exists from a sample mean to a population mean.

The first option,

Square root (Standard deviation / number of patients)

, is incorrect because it describes the calculation for the standard deviation, not the standard error. Standard deviation is used to quantify the amount of variation or dispersion in a set of data values. It does not provide any information about how accurately these data represent a larger population.

The second option,

Number of patients / square root (mean)

, and fourth option,

Standard deviation / square root (mean)

, are both incorrect as they involve dividing by the square root of the mean. The mean refers to the average score or value in your data set and has no role in calculating SEM.

Lastly,

Number of patients / square root (standard deviation)

is also incorrect because here we are considering the number of patients divided by some function involving standard deviation. Standard error involves division by the square root of the number of patients and not vice versa.

In conclusion, understanding how to calculate SEM and its distinction from other statistical terms such as standard deviation and mean is crucial for medical students as it underpins many aspects of medical research and evidence-based practice."
521,"A 54-year-old man undergoes a renal transplant. Minutes after reperfusion, the graft becomes mottled and fails to produce urine. He has no prior transplants but received multiple blood transfusions for chronic anaemia. Which cell type is primarily responsible for this complication?","[""B cell"", ""Helper T cell"", ""Cytotoxic T cell"", ""Macrophage"", ""Natural killer cell""]",B cell,0,"B cells mediate hyperacute organ rejection

B cell

: B cells are central to the humoral immune response and can differentiate into plasma cells that produce antibodies. In hyperacute rejection, preformed recipient antibodies (often from previous sensitisation events like blood transfusions) rapidly attack donor antigens on the graft endothelium, causing immediate thrombosis and graft failure. This process is antibody-mediated, making B cells (and their antibody production) the primary drivers of hyperacute rejection. Recognising this mechanism is crucial in transplantation immunology.

Helper T cell

: These cells mediate acute and chronic rejection by recognising alloantigen presented on MHC class II molecules and orchestrating cellular immune responses through cytokine release. However, they do not directly cause hyperacute rejection, which occurs too quickly for T-cell activation or proliferation.

Cytotoxic T cell

: Cytotoxic (CD8+) T cells contribute to acute and chronic cellular rejection by targeting donor cells displaying foreign antigens via MHC class I molecules. Their involvement requires time for antigen recognition and clonal expansion, so they are not implicated in the immediate reaction seen in hyperacute rejection.

Macrophage

: Macrophages participate in chronic inflammation and delayed-type hypersensitivity reactions within transplanted organs but are not principally responsible for the rapid onset of hyperacute rejection. They may be recruited as part of downstream inflammatory processes but do not initiate this event.

Natural killer cell

: NK cells can play a role in some types of allograft injury by recognising missing self-antigens; however, they are not the main mediators of hyperacute organ rejection, which is defined by rapid antibody-mediated vascular injury."
522,"A trial is performed to test a new tumour marker and its correlation to patients with bowel cancer. Below is the trial result contingency table for a cohort of patients tested for the new tumour marker:


	Disease present	Disease absent
Test positive	155	10
Test negative	5	255

What is the negative predictive value for the new tumour marker (rounded to 2 decimal places)?","[""0.60"", ""0.94"", ""0.96"", ""0.98"", ""1.02""]",0.98,3,"Negative predictive value = TN / (TN + FN)

The negative predictive value (NPV) for a test is the chance that the patient does not have the condition (i.e. bowel cancer in this case) if the diagnostic test (i.e. the tumour marker test) is negative. To calculate the NPV you use the formula

NPV = true negative / (true negative + false negative)

The true negative (TN) are those who don't have colon cancer and test negative (i.e. 225) whereas the false negatives (FN) are those who test negative but do have colon cancer (i.e. 5).

Therefore to calculate the NPV:

NPV = TN / (TN + FN)
NPV = 255 / (255 + 5)
NPV = 0.98

A figure of

0.60

could result from incorrectly dividing the true positives by the true negatives. This however is not the formula to calculate the negative predictive value of a test.

The positive predictive value (PPV) for a test is the chance that the patient has the condition if the diagnostic test is positive. To calculate the PPV you use the formula:

PPV = true positives / (true positive + false positive)

The true positives (TP) are those who have colon cancer and test positive (i.e. 155) whereas the false positives (FP) are those who test positive but do not have colon cancer (i.e. 10).

Therefore to calculate the PPV:

PPV = TP / (TP + FP)
PPV = 155 / (155 + 10)
PPV = 0.94

A figure of

0.96

could result from incorrectly using the false positives in the formula instead of the false negatives. This is not the formula used to calculate the negative predictive value of a test.

An NPV of

1.02

would not be possible as the number of true negatives would have to be higher than the number of true negatives + false negatives to give a number above 1."
523,"A 34-year-old man presents with bleeding gums and a rash. On examination, you note a perifollicular petechial rash on his lower extremities.

Blood results are as follows:


Hb	110 g/L	Male: (135-180)
Female: (115 - 160)
Platelets	282 * 109/L	(150 - 400)
WBC	8.2 * 109/L	(4.0 - 11.0)
MCV	85 fl	(80 - 100)


Blood film	Occasional hyperchromic spherocytes

What is the likely cause?","[""Ascorbic acid deficiency"", ""Auto immune haemolytic anaemia"", ""B12 deficiency"", ""Folate deficiency"", ""Hereditary spherocytosis""]",Ascorbic acid deficiency,0,"Bleeding gums and receding, think scurvy

Ascorbic acid deficiency

is correct. The clinical features of bleeding gums and a perifollicular petechial rash are classic of scurvy. Mild anaemia can also occur as demonstrated in this case.

Auto immune haemolytic anaemia

is incorrect. Although the patient has anaemia, the clinical features are more in keeping with scurvy. Although spherocytes are present on the blood film, these can also be seen in scurvy.

B12 deficiency

is incorrect. B12 deficiency presents with macrocytosis and in severe cases anaemia, thrombocytopenia and leukopenia. Furthermore, it would not explain the gum bleeding and rash.

Folate deficiency

is incorrect. Folate deficiency presents with macrocytosis and in severe cases anaemia, thrombocytopenic and leukopenia. Furthermore, it would not explain the gum bleeding and rash.

Hereditary spherocytosis

is incorrect. Although the patient has anaemia, the clinical features are more in keeping with scurvy. Although spherocytes are present on the blood film, these can also be seen in scurvy."
524,"A 52-year-old woman with longstanding joint pain and stiffness is enrolled in a clinical trial for a new drug. Her symptoms are worse in the morning, with stiffness lasting several hours, and she has fever, fatigue, and weight loss. The new drug inhibits a pro-inflammatory cytokine predominantly secreted by macrophages.

She has bilateral swelling and tenderness in the metacarpophalangeal and proximal interphalangeal joints.

Investigations:


CRP	66 mg/L	(< 5)
Anti-cyclic citrullinated peptide antibodies	positive

Which cytokine is the most likely target of this new drug?","[""Interferon alpha"", ""Interferon beta"", ""Interleukin 1"", ""Interleukin 5"", ""Interleukin 7""]",Interleukin 1,2,"The main source of IL-1 is macrophages

Interleukin 1

(IL-1) is correct. This patient has active rheumatoid arthritis (RA), as evidenced by longstanding symmetrical small joint inflammation in the metacarpophalangeal and proximal interphalangeal joints, prolonged morning stiffness, and systemic symptoms (fever, fatigue, weight loss). Positive anti-CCP antibodies and a raised CRP confirm the diagnosis. In RA, pro-inflammatory cytokines secreted by activated macrophages—including IL-1, TNF-α, and IL-6—drive synovial inflammation. Among the options, IL-1 is the most likely target of the trial drug. It is predominantly secreted by activated macrophages and contributes to RA by promoting synovial inflammation, cartilage breakdown (via matrix metalloproteinases), and bone resorption (via osteoclast activation). While TNF-α and IL-6 are also key cytokines in RA, IL-1 inhibitors such as anakinra can be used in RA, particularly when patients do not respond to other biologics. The drug in this scenario targets a key macrophage-derived cytokine, making IL-1 the best answer.

Interferon alpha

(IFN-α) is incorrect. This is not predominantly secreted by macrophages but instead by plasmacytoid dendritic cells in response to viral infection. IFN-α plays a major role in autoimmune conditions like systemic lupus erythematosus (SLE), not rheumatoid arthritis. It would be considered if the patient presented with SLE-specific features such as malar rash, photosensitivity, oral ulcers, serositis, renal involvement, and positive anti-nuclear antibodies (ANA) and anti-double-stranded (anti-dsDNA) antibodies —none of which are seen in this scenario.

Interferon beta

(IFN-β) is incorrect. It is produced mainly by fibroblasts and epithelial cells and plays a role in antiviral defence and immunomodulation. It is not secreted predominantly by macrophages, nor is it a major driver of inflammation in rheumatoid arthritis. Instead, IFN-β is used therapeutically in multiple sclerosis (MS), where patients present with neurological symptoms like optic neuritis, motor weakness, and sensory changes—features that are not present in this case.

Interleukin 5

(IL-5) is incorrect. It is primarily produced by Th2 cells and mast cells, and it promotes eosinophil development and activation. IL-5 is not involved in macrophage-driven inflammation or RA pathogenesis. Instead, this could be relevant in eosinophilic conditions such as EGPA, which typically present with asthma, sinusitis, peripheral eosinophilia, and sometimes systemic vasculitis—none of which apply to this patient with RA-like joint and systemic features.

Interleukin 7

(IL-7) is incorrect. It is produced by stromal cells in the bone marrow and thymus and is important for lymphocyte development and survival, especially T-cell homeostasis. IL-7 is not a key pro-inflammatory cytokine in RA or predominantly secreted by macrophages. Instead, it may be involved in T-cell–related diseases like lymphoproliferative disorders or multiple sclerosis, where patients present with lymphadenopathy, lymphocytosis, and splenomegaly, or recurrent episodes of neurological symptoms like optic neuritis, motor weakness, and sensory changes, which are not seen in this case."
525,"A researcher is investigating the relationship between age and serum creatinine levels in a cohort of 100 patients with chronic kidney disease. The data for age follows a normal distribution, but the serum creatinine values are significantly skewed to the right. The researcher wants to determine if there is a correlation between these two variables.

Which statistical test is most appropriate for this analysis?","[""Pearson's correlation coefficient"", ""Spearman's rank correlation coefficient"", ""Student's t-test"", ""Chi-squared test"", ""Mann-Whitney U test""]",Spearman's rank correlation coefficient,1,"Correlation

Spearman's rank correlation coefficient

is the correct statistical test to use in this scenario. This non-parametric test is specifically designed to measure the strength and direction of association between two ranked variables without making assumptions about the distribution of the data. In this case, while age follows a normal distribution, the serum creatinine values are significantly skewed to the right, violating the assumption of normality required for parametric tests. Spearman's coefficient works by converting the raw values to ranks and then applying a formula similar to Pearson's correlation to these ranks. This makes it robust against outliers and appropriate for skewed data. It can detect monotonic relationships (where variables tend to change together, but not necessarily at a constant rate), which is likely the case for age and kidney function.

Pearson's correlation coefficient

would be inappropriate here because it requires both variables to be normally distributed. It measures the linear relationship between two continuous variables and is sensitive to outliers. Since the serum creatinine values are skewed, using Pearson's correlation could lead to misleading results or underestimation of the true relationship between the variables.

Student's t-test

is used to compare means between two groups, not to assess correlation between two continuous variables. It would be used if we were comparing, for example, mean creatinine levels between two different age groups, but not for examining the relationship across the entire age spectrum.

Chi-squared test

is used for categorical data to determine if there is a significant association between two categorical variables. It cannot be used to assess correlation between continuous variables like age and serum creatinine, making it inappropriate for this research question.

Mann-Whitney U test

is a non-parametric test used to compare differences between two independent groups when the dependent variable is either ordinal or continuous but not normally distributed. Like the t-test, it compares groups rather than assessing correlation between variables, making it unsuitable for this analysis."
526,"A 7-month-old boy is brought to hospital following referral by his GP due to regression in his development. His parents are concerned because he has lost the ability to roll over and sit up.

On examination, he has globally reduced muscle tone and an exaggerated startle reaction to loud noises. Abdominal examination is unremarkable. Fundoscopy reveals a cherry red spot on the macula.

What is the most likely diagnosis?","[""Fabry disease"", ""Gaucher's disease"", ""Krabbe's disease"", ""Niemann-Pick disease"", ""Tay-Sachs disease""]",Tay-Sachs disease,4,"Tay-Sachs disease typically presents with developmental delay and cherry red spot on the macula, without hepatomegaly or splenomegaly

All of the answers are lysosomal storage diseases.

The correct answer is Tay-Sachs disease. This causes an accumulation of GM2 ganglioside within lysosomes. Typical presentation is by around 6 months of age. Key features include developmental delay/regression and a cherry-red spot on the macula. In Tay-Sachs disease, the liver and spleen are of normal size.

Fabry disease is an X-linked defect in Alpha galactosidase A. Features can be remembered with the mnemonic FABRY-C:

Febrile episodes
Angiokeratomas (in bathing trunk distribution), Alpha galactosidase A defect
Burning - peripheral neuropathy of hands/feet
Renal failure
Young (premature) death
Cardiovascular disease/corneal 'whorl' keratopathy (also occurs with amiodarone)

Gaucher's disease results in glucocerebrosidase accumulation, particularly in the brain, spleen and liver. Features include fatigue, hepatosplenomegaly and aseptic necrosis of the femur. Infusions of enzyme replacement therapy can help replace the glucocerebrosidase enzyme.

Krabbe's disease is due to a defect in galactocerebrosidase. Features include peripheral neuropathy, optic atrophy and globoid cells (the disease is also called Globoid cell leukodystrophy - GLD).

Niemann-Pick disease presents similarly to Tay-Sachs disease but there is hepatosplenomegaly."
527,"You are conducting a study to compare the sensitivity and specificity of lateral flow tests to diagnose coronavirus. In your study, 100 patients had a positive lateral flow test however 60 of those patients were then diagnosed with coronavirus on formal testing. A further 100 patients had a negative lateral flow test with 15 patients being diagnosed from this group with coronavirus on formal testing.

What is the positive predictive value of a positive lateral flow test?","[""0.15"", ""0.32"", ""0.4"", ""0.6"", ""0.8""]",0.6,3,"Positive predictive value = TP / (TP + FP)

The positive predictive value is the number of true positive readings divided by the total number of positive readings.

In this instance, there were 60 positive tests which turned out to be true as the patient was diagnosed with coronavirus. There were 100 positive readings overall which include 40 positive tests where the patients then were not found to have coronavirus. If you divide the true test results by the total you produce a positive predictive value of 0.6 (60%)."
528,"A 55-year-old man is admitted to hospital with a new diagnosis of lung cancer. A research team conducts a study comparing his self-reported occupational exposures to those of age-matched controls without lung cancer, aiming to identify potential risk factors. Which type of bias is most likely to affect the validity of this study design?","[""Selection bias"", ""Recall bias"", ""Publication bias"", ""Expectation bias"", ""Hawthorne effect""]",Recall bias,1,"Recall bias is a particular problem in case-control studies

Recall bias

is the correct answer because case-control studies rely on participants' recollection of past exposures. Patients with a disease (cases), such as lung cancer, may search their memories more thoroughly or over-report certain exposures compared to controls without the disease, leading to differential accuracy in data and potentially distorting the association between exposure and outcome. This is particularly problematic when asking about events or exposures that occurred many years prior, as memory can be influenced by current health status.

Selection bias

refers to errors in how cases and controls are chosen for the study, leading to groups that are not comparable. While selection bias can occur in case-control studies, it is not specifically related to differences in recall between cases and controls, which is central to this scenario.

Publication bias

occurs when studies with negative or uninteresting results are less likely to be published. Although important for systematic reviews and meta-analyses, it does not directly affect the internal validity of an individual case-control study as described here.

Expectation bias

, also known as observer or Pygmalion effect, involves researchers subconsciously influencing measurements or reporting due to preconceived expectations about outcomes. This typically affects non-blinded interventional trials rather than retrospective questionnaire-based case-control studies like this one.

Hawthorne effect

describes participants changing their behaviour because they know they are being observed. This usually impacts prospective behavioural studies rather than retrospective recall of past exposures in a case-control setting."
529,"A 16-year-old girl is seen in clinic for evaluation of short stature and delayed puberty. She was born at term with a low birth weight and had recurrent ear infections during childhood.

Her height is below the 3rd percentile, she has a webbed neck, widely spaced nipples, and cubitus valgus. She has no sexual secondary characteristics. On auscultation, she has an ejection systolic murmur best heard posteriorly at the inferior aspect of the left scapula. A geneticist discusses the long-term health problems of her diagnosis.

Which acute life-threatening complication is she at greatest risk of?","[""Aortic dilatation causing dissection"", ""Bicuspid aortic valve causing congestive heart failure"", ""Coarctation of the aorta causing hypertension"", ""Horseshoe kidney causing acute renal failure"", ""Valvular disease causing infective endocarditis""]",Aortic dilatation causing dissection,0,"An increased risk of aortic dilatation and dissection are the most serious long-term health problems for women with Turner's syndrome

Aortic dilatation causing dissection

is correct. This patient most likely has Turner’s syndrome, given the combination of short stature, webbed neck, widely spaced nipples, cubitus valgus, delayed puberty without secondary sexual characteristics, and a murmur suggestive of aortic coarctation. Aortic dissection is a recognised acute life-threatening complication in Turner’s syndrome due to congenital cardiovascular abnormalities such as a bicuspid aortic valve and coarctation. These defects increase shear stress on the aortic wall, leading to progressive dilatation and predisposing to dissection. Dissection can present with sudden, severe chest or back pain and rapidly cause cardiovascular collapse. It requires urgent surgical intervention and carries high mortality, making it the most important immediate risk.

Bicuspid aortic valve causing congestive heart failure

is incorrect. The murmur in this patient localises to the left scapular region, which is characteristic of coarctation, not a bicuspid aortic valve. Aortic stenosis from a bicuspid aortic valve typically causes a murmur loudest at the right upper sternal border with radiation to the carotids. While a bicuspid aortic valve is common in Turner’s syndrome and may cause progressive aortic stenosis or regurgitation, resulting in congestive heart failure, this tends to develop gradually. Heart failure symptoms evolve over weeks to months and are usually manageable. In contrast, aortic dissection presents abruptly and is immediately life-threatening, with a significantly higher acute mortality risk.

Coarctation of the aorta causing hypertension

is incorrect. Although the murmur described supports the presence of aortic coarctation, and hypertension is a common consequence, this is typically a chronic issue. Hypertension in coarctation can usually be managed medically or corrected surgically. It does not often lead to sudden deterioration. In contrast, aortic dissection is an acute event with high mortality, presenting with severe pain and haemodynamic instability. Therefore, the risk of dissection is a more pressing concern in this patient.

Horseshoe kidney causing acute renal failure

is incorrect. Horseshoe kidney is the most frequent renal anomaly in Turner’s syndrome, but it is usually asymptomatic. It does not commonly lead to acute renal failure. It may predispose to recurrent urinary tract infections, nephrolithiasis, or obstruction, which could eventually impair renal function if recurrent or severe. However, these complications typically develop over time. Sudden renal impairment is rare, and a horseshoe kidney does not carry the same acute risk of death as aortic dissection.

Valvular disease causing infective endocarditis

is incorrect. Although a bicuspid aortic valve increases susceptibility to infective endocarditis in Turner’s syndrome, this condition usually presents subacutely with systemic signs such as fever and malaise. It is typically treatable with antibiotics. While infective endocarditis is a potential complication, its onset is slower, and the mortality is lower if managed promptly. In contrast, aortic dissection poses a far greater immediate risk due to the potential for sudden rupture and cardiovascular collapse. Thus, it is the most serious acute complication."
530,"A new serum marker is being evaluated for the early detection of pancreatic cancer in a high-risk population. A study enrols 1000 individuals. Endoscopic ultrasound, the gold standard, confirms pancreatic cancer in 50 participants. The new marker is positive in 40 of those with cancer and in 95 of those without cancer.

What is the specificity of this new serum marker?","[""30%"", ""80%"", ""86%"", ""90%"", ""99%""]",90%,3,"Specificity = TN / (TN + FP)

90%

is the correct answer. Specificity is a measure of how well a test can correctly identify people who do not have the disease. It is calculated as the number of true negatives (TN) divided by the sum of true negatives and false positives (TN + FP). In this scenario, there are 1000 individuals in total, and 50 have pancreatic cancer. Therefore, 1000 - 50 = 950 individuals do not have the disease. The question states that the marker was positive in 95 of these 950 individuals without cancer; these are the false positives (FP). The remaining individuals without cancer must have tested negative. Therefore, the number of true negatives (TN) is 950 - 95 = 855. Using the formula for specificity: Specificity = TN / (TN + FP) = 855 / (855 + 95) = 855 / 950 = 0.90, or 90%. A high specificity is crucial for screening tests to minimise the number of healthy individuals who are subjected to unnecessary, often invasive and anxiety-provoking, follow-up investigations.

30%

is incorrect. This value represents the Positive Predictive Value (PPV) of the test. The PPV is the probability that a subject with a positive test result truly has the disease. It is calculated as TP / (TP + FP). In this study, the number of true positives (TP) is 40, and the number of false positives (FP) is 95. Therefore, the PPV = 40 / (40 + 95) = 40 / 135 ≈ 0.296, or approximately 30%. This demonstrates that even with a positive test, the chance of having the disease is still relatively low, a common finding when screening for a condition with low prevalence, even in a high-risk group.

80%

is incorrect. This value represents the sensitivity of the test. Sensitivity is the ability of a test to correctly identify those who do have the disease. It is calculated as TP / (TP + FN), where FN is the number of false negatives. There are 50 individuals with cancer, and the test was positive in 40 of them (TP). This means the test was negative in 50 - 40 = 10 individuals who did have cancer (FN). Therefore, the sensitivity = 40 / (40 + 10) = 40 / 50 = 0.80, or 80%. Confusing sensitivity and specificity is a common error.

86%

is an incorrect calculation. This figure could be derived from several plausible but incorrect methods. For example, by dividing the number of true negatives by the total study population (855 / 1000 = 85.5%, rounded to 86%). This is incorrect because the denominator for specificity must only include individuals who do not have the disease (the sum of true negatives and false positives). This highlights the importance of selecting the correct population for the denominator when calculating test characteristics.

99%

is incorrect. This value represents the Negative Predictive Value (NPV) of the test. The NPV is the probability that a subject with a negative test result is truly free of the disease. It is calculated as TN / (TN + FN). From our previous calculations, we know TN = 855 and FN = 10. Therefore, the NPV = 855 / (855 + 10) = 855 / 865 ≈ 0.988, or approximately 99%. This indicates that a negative result from this test is very reassuring."
531,Which one of the following occurs during reverse transcriptase polymerase chain reaction?,"[""Proteins are converted to DNA"", ""DNA is converted to RNA"", ""Used to amplify DNA"", ""RNA is converted to DNA"", ""Proteins are converted to RNA""]",RNA is converted to DNA,3,
532,"An elderly patient is admitted to hospital following blood in her urine and severe abdominal pain. She has a blood pressure of 90/60 and a heart rate of 140bpm. Her respiratory rate is 30 breaths per minute with oxygen sats at 90%. She is started on high-flow oxygen, given antibiotics and a fluid bolus. Moreover, blood cultures, lactate and urine output are measured. Over the next 10 minutes, her heart rate and blood pressure stabilise. Her family are told that she is most likely suffering from sepsis secondary to a urinary tract infection. Which cytokine is responsible for the chemotaxis of neutrophils?","[""Il-1"", ""IL-2"", ""IL-5"", ""IL-8"", ""IL-12""]",IL-8,3,"IL-8 - main functions include: neutrophil chemotaxis

IL-8 is responsible for the chemotaxis of neutrophils. It is secreted from macrophages and some epithelial tissues.

IL-1 is responsible for acute inflammation. IL-2 is secreted from Th1 cells and is responsible for proliferation and differentiation of T cells. IL-5 stimulates proliferation of eosinophils. IL-12 is secreted from antigen presenting cells and encourages the differentiation of Th0 cells into Th1 cells."
533,A new drug is being developed by a pharmaceutical company to help treat ovarian cancer. Which phase of clinical trials specifically looks at the efficacy of the drug?,"[""Phase I"", ""Phase IIa"", ""Phase IIb"", ""Phase III"", ""Phase IV""]",Phase IIb,2,
534,"You are asked to review a patient on the acute medical ward as they appear to be jerking. They have no history of a movement disorder and are not on any medication. The patient has just gone to sleep and is easily rousable. You wonder if these were hypnagogic jerks.

What is the most likely stage of sleep that this patient is in?","[""Dreaming"", ""REM"", ""Non-REM stage 1"", ""Non-REM stage 2"", ""Non-REM stage 3""]",Non-REM stage 1,2,"Non-REM stage 1 (N1) sleep is the lightest sleep which is associated with hypnagogic jerks

REM	sleep is also the dreaming stage of sleep where there can be a loss of muscle tone rather than hypnagogic jerks.

The correct answer is non-REM stage 1 which represents the first stage of sleep. This is the lightest stage of sleep and is associated with hypnagogic jerks.

Non-REM stage 2 is the second stage of sleep and is deeper so there are no hypnagogic jerks. It normally represents 50% of total sleep.

Non-REM stage 3 is a stage of deep sleep where parasomnias such as night terrors, nocturnal enuresis, sleepwalking can occur."
535,Which one of the following diseases is most strongly associated with HLA antigen DR4?,"[""Ankylosing spondylitis"", ""Behcet's disease"", ""Reiter's syndrome"", ""Rheumatoid arthritis"", ""Coeliac disease""]",Rheumatoid arthritis,3,"Rheumatoid arthritis - HLA DR4

Around 70% of patients with rheumatoid arthritis are HLA-DR4. Patients with Felty's syndrome (a triad of rheumatoid arthritis, splenomegaly and neutropaenia) are even more strongly associated with 90% being HLA-DR4"
536,"A researcher is investigating a potential novel cytokine treatment for bacterial sepsis. In a bacterial infection, monocytes are observed to extravasate from blood vessels to the site of infection and undergo a series of changes to become a phagocytic cell which is key to the innate immune system response.

Which cytokine is involved in the activation of these cells?","[""Interferon beta (IFNβ)"", ""Interferon gamma (Interferon-γ)"", ""Interferon α (IFNα)"", ""Interleukin-4"", ""Interleukin-10""]",Interferon gamma (Interferon-γ),1,"Interferon-γ is responsible for activating macrophages

The correct answer is interferon gamma (Interferon-γ), which is responsible for activation of macrophages. Macrophages are professional phagocytes in the innate immune system which are derived mostly from circulating monocytes.

Interferon-γ is secreted by CD4+ Th1 cells, CD8+ cytotoxic T cells, macrophages, mucosal epithelial cells and natural killer (NK) cells.  In response to infection, Interferon-γ, along with tumour necrosis factor (TNF) and damage associated molecular patterns (DAMPs), activates macrophages. The macrophages activated by Interferon-γ are pro-inflammatory, bactericidal and phagocytic. Interferon-γ also promotes undifferentiated CD4+ cells to become Th1 cells and promotes NK cell activity. Therapeutic Interferon-γ 1b has a role in the treatment of chronic granulomatous disease and osteopetrosis.

Interferon α (IFNα) is produced by plasmacytoid dendritic cells and has a role in innate immunity against viruses.

Interferon beta (IFNβ) is produced by fibroblasts and has antiviral activity.

Interleukin-4 has a role in stimulating B and T cell proliferation and reduces Th1 cells, macrophages and Interferon-γ.

Interleukin-10 is anti-inflammatory - it down-regulates Th1 cytokines and co-stimulatory molecules on macrophages."
537,Which one of the following is the most common genetic cause of Prader-Willi syndrome?,"[""Microdeletion of the paternal 15q11-13"", ""Maternal uniparental disomy of chromosome 15"", ""Paternal uniparental disomy of chromosome 15"", ""Microdeletion of the maternal 15q11-13"", ""Trisomy 18""]",Microdeletion of the paternal 15q11-13,0,"Deletion of chromosome 15

The correct answer is

Microdeletion of the paternal 15q11-13

. Prader-Willi syndrome (PWS) is a genetic disorder that results from the loss of function of specific genes in a particular region of chromosome 15 (15q11-q13). The genes are maternally imprinted and paternally expressed, which means they are normally silenced on the maternal chromosome and only active on the paternal chromosome. Thus, when there is a microdeletion on the paternal chromosome in this region, it leads to PWS as these genes are not expressed. This accounts for approximately 70% of cases.

Maternal uniparental disomy of chromosome 15

is also a cause of Prader-Willi syndrome but it is less common than microdeletion. In this case, both copies of chromosome 15 are inherited from the mother rather than one from each parent. As mentioned earlier, the relevant genes in PWS are silenced on the maternal chromosome so if both chromosomes are maternally derived, then there will be no active copy of these genes leading to PWS.

Paternal uniparental disomy of chromosome 15

does not cause Prader-Willi syndrome because having two active copies of these genes would not lead to loss-of-function which characterises PWS. Instead, it can result in Angelman syndrome if there's a mutation or deletion in the region where UBE3A gene is located since it's only expressed from the maternal allele.

Microdeletion of the maternal 15q11-13

, like paternal uniparental disomy, does not cause Prader-Willi syndrome because these genes are typically inactive on the maternal side anyway. However, this can lead to Angelman Syndrome due to loss-of-function mutation or deletion at UBE3A gene which is usually only expressed from this allele.

Finally,

Trisomy 18

, also known as Edwards Syndrome, has no relation to Prader-Willi syndrome. It occurs when there's an extra copy (total of three copies) of all or part of chromosome 18 and it causes severe intellectual disability and physical abnormalities including heart defects."
538,"A 48-year-old male is admitted with shortness of breath, fever and a productive cough. Multiple tests are performed including a urine pneumococcal antigen test. One study showed this investigation having a sensitivity of 68% and a specificity of 99%.

The latter value of 99% relates to which of the following?","[""The proportion of patients with the condition who have a positive test result"", ""The proportion of patients with the condition who have a negative test result"", ""The proportion of patients without the condition who have a positive test result"", ""The proportion of patients without the condition who have a negative test result"", ""The probability of patients without the condition who have a negative test result""]",The proportion of patients without the condition who have a negative test result,3,"Specificity - proportion of patients without the condition who have a negative test result

Specificity is the proportion of patients without the disease who test negative. A specific test would have a large proportion of patients having a true negative result (and a low false positive rate).

Sensitivity is the proportion of patients with the disease who test positive.

The probability of patients who do not have the condition and score a negative test result is known as the negative predictive value. The opposite is the positive predictive value."
539,"A 40-year-old man is seen in the nephrology clinic. He has a diagnosis of end-stage renal disease as a result of glomerulonephritis as a child. He and the doctor are discussing the possibility of a renal transplant. The patient is reluctant because he suffered from rejection of a previous kidney transplant attempt abroad while it was being implanted.

What cell type is most implicated in this type of organ rejection?","[""B cells"", ""Mast cells"", ""NK cells"", ""T cytotoxic cells"", ""T helper cells""]",B cells,0,"B cells mediate hyperacute organ rejection

The patient is describing hyperacute organ rejection. This occurs due to a type II hypersensitivity reaction and results in thrombosis and occlusion of the graft vessel. Pre-formed antibodies in the recipient's circulation (formed through previous organ transplantation, pregnancy or blood transfusions) recognise antigens on the endothelial lining of the donor organ; this triggers rapid complement system activation, thrombosis of vessels and organ necrosis. The transplanted organ must be removed immediately. It is most commonly due to ABO incompatibility and is very rare.

B cells

mediate hyperacute organ rejection.

T cytotoxic

and

T helper cells

mediate acute and chronic organ rejection, which occurs over weeks-months and months-years respectively.

NK cells

are implicated in priming the immune system following organ transplantation. Depending on the NK subsets activated, they either promote the activation/expansion of pro-inflammatory Th1 cells or regulatory Th2/T-regulatory cells thus tilting the balance of alloimmunity towards rejection or tolerance. They are not directly implicated in hyperacute organ rejection.

Mast cells

are implicated in wound healing, defence against pathogens and allergic reactions. When activated, they degranulate, releasing heparin and histamine. This causes vasodilatation and inflammation. Mast cells are not implicated in hyperacute organ rejection."
540,"A 68-year-old man presents with headaches at the sides of his head, worse on chewing and yawning. Which of the following findings would exclude giant cell arteritis?","[""Presence of non-pulsatile temporal artery"", ""Normal plasma viscosity"", ""No past medical history of polymyalgia rheumatica"", ""Normal temporal artery biopsy"", ""Normal temperature""]",Normal plasma viscosity,1,"A normal temporal artery biopsy in a patient with suspected giant cell arteritis does not exclude the disease because of the potential for skip lesions

The correct answer is normal plasma viscosity. Viscosity, ESR and CRP are almost invariably raised in patients with active giant cell arteritis. A normal temporal artery biopsy would make it less likely that he has GCA but is less reassuring than a normal viscosity because GCA can present in the temporal artery with skip lesions.

GCA is more common in patients with polymyalgia rheumatica but can present alone. The temporal artery is likely to be thickened and non-pulsatile in GCA."
541,"You are called to review a 43-year-old man who was previously fit and well who has been stabbed in the back following an assault. A 3cm puncture wound is noted just to the right of the T5 vertebra. On examination, he has a loss of fine touch sensation on the right side.

If present, where would you expect to find a loss of temperature sensation?","[""Left side, below the lesion"", ""Left side, above the lesion"", ""Right side, below the lesion"", ""Right side, above the lesion"", ""Bilaterally""]","Left side, below the lesion",0,"The spinothalamic tract decussates at the same level the nerve root enters the spinal cord. The corticospinal tract, dorsal column medial lemniscus, and spinocerebellar tracts decussate at the medulla

The stimuli that need to be responded to quickly (pain and temperature) cross first.

Brown-Sequard syndrome represents a clinical manifestation of the body's anatomical idiosyncrasies. To answer these questions, you must understand which types of nerve fibres decussate at the spinal level, and which decussate within the brain itself.

Pain and temperature are carried in the spinothalamic tract which decussates at the spinal level it enters at. So a hemisection of the cord will result in contralateral loss of these functions. The corticospinal tract (which carries motor neurons), dorsal column medial lemniscus pathway (which carries fine touch, vibration, and proprioception) and the spinocerebellar tract (which also convey proprioception information) all decussate above the spinal cord, and so a hemisection will result in an ipsilateral loss of these functions.

Left side, below the lesion, is correct. The puncture wound is on the right, so the contralateral loss would present on the left. It will be below the lesion as the fibres run in the caudocranial direction.

Left side, above the lesion, is incorrect, as the loss will always be below the lesion.

Right side, below the lesion, is incorrect as the loss will be contralateral. Fine touch, vibration, and proprioception loss would be found in this distribution, however.

Right side, above the lesion, is incorrect on two counts, for the reasons given above.

The loss would be bilateral if there was a complete severing of the cord. This is not the case here."
542,"A 57-year-old man in seen in the ENT clinic with a 12-week history of progressive dysphagia and a persistent sore throat. He denies the presence of fever or cough although he has lost approximately 4kg in weight over the last 6 weeks.

On examination, there is non-tender palpable cervical lymphadenopathy. Oropharyngeal examination reveals a poorly circumscribed ulcerated lesion at the back of the mouth. Biopsies are taken.

Which of the following is the biggest risk factor for this patient's likely presentation?","[""Epstein Barr virus"", ""Herpes simplex virus"", ""Human papillomavirus 6/11"", ""Human herpes virus 8"", ""Human papillomavirus 16/18""]",Human papillomavirus 16/18,4,"Human papillomavirus 16/18 is a risk factor for oropharyngeal cancer

This patient likely has a diagnosis of oropharyngeal carcinoma given his progressive sore throat, dysphagia and weight loss. The most common type of oropharyngeal carcinoma is a squamous cell carcinoma and is most likely what would be found on his biopsy result. There are multiple risk factors for oropharyngeal carcinoma including smoking, alcohol and viral exposure. Human papillomavirus type 16/18 is a risk factor for oropharyngeal carcinoma. It is also a risk factor for cervical, anal, penile and vulval cancer.

Epstein Barr virus is an oncovirus that can predispose individuals to nasopharyngeal carcinoma and lymphomas such as Burkitt's and Hodgkin's lymphoma.

Herpes simplex virus is not an oncovirus and does not increase the risk of malignancy.

Human papillomavirus type 6/11 does not commonly predispose individuals to cancer. Rather subtypes 16/18 are most commonly associated with malignancy.

Human herpes virus 8 is an oncovirus that predisposes immunocompromised patients to Kaposi's sarcoma."
543,Which one of the following cell types secretes the majority of pulmonary surfactant?,"[""Type II pneumoncytes"", ""Kupffer cells"", ""Type I pneumoncytes"", ""Macrophages"", ""Elastocytes""]",Type II pneumoncytes,0,
544,"A 33-year-old patient presents with fever and dysuria to the emergency department. She has no past medical history.

Observations:


Heart 131 beats per minute
Blood pressure 77/44 mmHg
Oxygen saturation 97% on room air
Respiratory rate 22 / minute
Temperature 38.8C

On examination, she is peripheral warm to touch with a bounding pulse. She has lower abdominal tenderness.

What is the principal cause of hypotension in this context?","[""Glucocorticoid deficiency"", ""Impaired cardiac contractility"", ""Increase production of IL-1"", ""Increased production of IL-6"", ""Increased production of endothelin-1""]",Increase production of IL-1,2,"Sepsis triggers the release of IL-1 causing vasodilation → hypotension

Increase production of IL-1

is correct. The patient has a probable urinary tract infection and has developed hypotension in the context of sepsis. Hypotension in sepsis is predominantly caused by circulatory failure due to vasodilation. Sepsis triggers the release of interleukin-1 (IL-1) causing this vasodilation. Typically, patients will feel peripherally warm in the early stages due to this vasodilation.

Glucocorticoid deficiency

is incorrect. This is the mechanism by which hypotension develops in Addison's disease. There is no suggestion that this patient has underlying Addison's. Patients with severe sepsis secondary to meningococcal septicaemia (classically) can develop Addison's after adrenal hypoperfusion.

Impaired contractility

is incorrect. While there may be an element of impaired contractility in sepsis (i.e. septic cardiomyopathy), the principal cause of hypotension is vasodilation. This would be the major cause of hypotension in cardiogenic shock i.e. post-myocardial infarction.

Increased production of IL-6

is incorrect. IL-6 is a major pro-inflammatory mediator in septic shock and is implicated in fever production in sepsis. However, it is IL-1 that principally causes vasodilation and this cytokine is responsible for hypotension in this circumstance.

Increased production of endothelin-1

is incorrect. Endothelin-1 rises in the setting of sepsis as it is a pro-inflammatory cytokine. However, its effect on the vasculature is that of vasoconstriction rather than vasodilation and is therefore not the cause of hypotension."
545,"You have collected data as part of a study into a new suture being used as part of a hysterectomy. In the study, patients are randomised into 2 groups. One group receives a newly developed suture, and the other receives the usual suture. The main outcome measure is the length of hospital stay.

Initial analysis of the data reveals that the lengths of stay in the intervention group are positively skewed and do not follow a normal distribution.

Which of the following statistical tests should be used to compare whether the average length of hospital stay differed between the two groups?","[""Mann-Whitney U test"", ""Paired sample t-test"", ""Independent sample t-test"", ""Wilcoxon signed-rank test"", ""One-way analysis of variance analysis (ANOVA)""]",Mann-Whitney U test,0,"Mann-Whitney U test - compares ordinal, interval, or ratio scales of unpaired data

A Mann-Whitney U test is the most appropriate test to use in this scenario, as the data is not paired, and is not normally distributed. This test compares the differences between two independent groups of ordinal or interval data when the assumption of a normal distribution cannot be justified, and parametric testing such as a t-test cannot be used.

Paired sample t-test is incorrect; the data is not paired in this scenario, and this is a parametric test, used on normally distributed data.

Independent sample t-test is incorrect; this would be used if the data were approximately normally distributed.

Wilcoxon signed-rank test is incorrect; this is a non-parametric test that can be used for data that is not normally distributed as in this case. However, it is used when data is paired, which is not the case in this scenario.

One-way ANOVA is incorrect; this is used for parametric/approximately normally distributed data, when the mean needs to be compared for more than 2 groups."
546,"A 36-year-old Turkish male attends the rheumatology clinic with painful orogenital ulceration, uveitis, and non-erosive polyarthritis. He has a positive pathergy test.

Which human leukocyte antigen (HLA) subtype and chromosome is associated with the likely diagnosis?","[""HLA-DR3 on chromosome 8"", ""HLA-B27 on chromosome 6"", ""HLA-B27 on chromosome 8"", ""HLA-B51 on chromosome 6"", ""HLA-B51 on chromosome 8""]",HLA-B51 on chromosome 6,3,"HLA antigens are encoded for by genes on chromosome 6

HLA-B51 on chromosome 6 is the correct answer. The presence of painful orogenital ulceration, uveitis, and non-erosive polyarthritis is highly suggestive of BehÃ§et's disease. It occurs most commonly in people from the Middle East and Asia. The pathergy test has a 95-99% specificity for BehÃ§et's disease. BehÃ§et's disease is strongly associated with HLA-B51 on chromosome 6. The HLA gene complex is located on chromosome 6.

HLA-DR3 on chromosome 8 is an incorrect answer. The HLA gene complex is located on a 3 megabase pair (Mbp) length within chromosome 6p21. HLA-DR3 is associated with type 1 diabetes mellitus and rheumatoid arthritis.

HLA-B27 on chromosome 6 is an incorrect answer. HLA-B27 is commonly associated with ankylosing spondylitis, reactive arthritis (formerly known as Reiter's syndrome), and acute anterior uveitis. However, HLA-B27 can also occur in BehÃ§et's disease in addition to HLA-B51. It appears that symptoms tend to be milder when both HLA-B27 and HLA-B51 are present.

HLA-B27 on chromosome 8 is an incorrect answer. The HLA gene complex is located on a 3 Mbp length within chromosome 6p21.

HLA-B51 on chromosome 8 is an incorrect answer. The HLA gene complex is located on a 3 Mbp length within chromosome 6p21."
547,What is the main advantage of non-inferiority trials when testing a new drug?,"[""Prevents ethical dilemmas"", ""Robust results are produced"", ""Useful for conditions where there is no proven drug treatment"", ""Useful for conditions where there is a high placebo response rate"", ""Small sample size is required""]",Small sample size is required,4,
548,"A 28-year-old pregnant woman is admitted to the hospital and gives birth to a baby boy at 31 weeks gestation. The baby appears visibly distressed with tachypnoea, tachycardia, expiratory grunting, nasal flaring, and chest wall recession.

Which type of cell normally produces the substance that this baby is deficient in?","[""Alveolar macrophages"", ""Club cells"", ""Goblet cells"", ""Type 1 pneumocytes"", ""Type 2 pneumocytes""]",Type 2 pneumocytes,4,"Type 2 pneumocytes secrete surfactant

The correct answer is type 2 pneumocytes; the substance alluded to in the description is surfactant, which this newborn is deficient in due to prematurity, resulting in the symptoms above. This is produced by type 2 pneumocytes.

Alveolar macrophages are found on the internal lumenal surfaces of the alveoli. They phagocytose foreign particles and are not known to produce surfactant.

Club cells, previously known as Clara cells, have a variety of functions including protection from inhaled toxins. They secrete a small component of surfactant - but the vast majority of the surfactant composition is secreted by type 2 pneumocytes.

Goblet cells secrete mucus in the respiratory tract. They do not secrete surfactant.

Type 1 pneumocytes make up the majority of the alveolar surface - however, these do not produce surfactant."
549,One of your colleagues confides in you that he has just been diagnosed with hepatitis B. He has not told anyone else as he is worried he may lose his job. He is currently working as a general surgeon in the local hospital. You try to persuade him to inform occupational health but he refuses. What is the most appropriate action?,"[""Keep confidentiality but ask him to stop taking blood"", ""Send an anonymous letter to his employer"", ""Keep confidentiality"", ""Inform your colleague's employing body"", ""Contact the police""]",Inform your colleague's employing body,3,
550,"Fragile X is associated with each one of the following, except:","[""Small, firm testes"", ""Mental retardation"", ""Hypotonia"", ""Short stature"", ""Large low set ears""]","Small, firm testes",0,
551,A 28-year-old female with a history of primary amenorrhoea and short stature is reviewed in clinic. On examination blood pressure in her right arm is 175/84 mmHg and 170/82 mmHg in her left. What is the most likely cause for her elevated blood pressure?,"[""Coarctation of the aorta"", ""Conn's syndrome"", ""Essential hypertension"", ""Renal aplasia"", ""Renal artery stenosis""]",Coarctation of the aorta,0,"Turner's syndrome is associated with aortic coarctation

This patient has Turner's syndrome which is associated with coarctation of the aorta. The site of the coarctation, for example if it involves the origin of the left subclavian artery, determines whether there is a difference between the right and left arm blood pressure readings. There is no significant difference in this case.

Another cause worth considering in a young hypertensive patient with primary amenorrhoea would be congenital adrenal hyperplasia

Essential hypertension would be unusual in a 28-year-old"
552,A man with glucose-6-phosphate dehydrogenase deficiency asks for advice regarding his son. What is the chance his son will also develop the disease?,"[""2 in 3"", ""No increased risk"", ""Will definitely be affected"", ""1 in 2"", ""1 in 4""]",No increased risk,1,"X-linked recessive conditions - no male-to-male transmission

The correct answer is

No increased risk

. Glucose-6-phosphate dehydrogenase (G6PD) deficiency is an X-linked recessive disorder. This means that the disease occurs in males who have inherited the defective gene from their mothers. Females can also be affected if they inherit two copies of the defective gene, one from each parent. However, they are usually carriers and do not show symptoms unless both copies of the gene are defective. In this case, as the father has G6PD deficiency, he will pass on his Y chromosome to his son and not the X chromosome which carries the G6PD deficient gene. Therefore, there is no increased risk for his son to develop G6PD deficiency due to inheritance from him.

Discussing other options:

The option

2 in 3

is incorrect because it does not reflect any known inheritance pattern for G6PD deficiency or any other genetic disorder.

The option stating that the child

Will definitely be affected

is also incorrect. As mentioned earlier, since G6PD deficiency is an X-linked recessive disorder, a male child inherits his X chromosome from his mother and Y chromosome from his father. Therefore, if only the father has G6PD deficiency, there's no chance that he could pass this condition onto his son.

The option

1 in 2

would be correct if we were discussing autosomal dominant or autosomal recessive disorders where each offspring has a 50% chance of inheriting a single-gene disorder from an affected parent but this isn't applicable here.

Lastly, the option

1 in 4

, while reflecting Mendelian genetics for autosomal recessive disorders where both parents are carriers of a disease-causing mutation, does not apply to X-linked disorders like G6PD deficiency."
553,Which one of the following reduces the secretion of renin?,"[""Erect posture"", ""Adrenaline"", ""Hyponatraemia"", ""Hypotension"", ""Beta-blockers""]",Beta-blockers,4,
554,"A new anti-emetic is being trialled to reduce travel sickness compared to a standard travel medication. A total of 2000 people were enrolled in the trial with 1000 taking the new anti-emetic and 1000 taking the standard travel sickness medication.

After completing the same trip, 100 patients within the new anti-emetic branch reported suffering sickness, giving an experimental event rate (EER) of 0.1, compared to 300 patients within the standard travel sickness medication branch, giving a control event rate (CER) of 0.3.

Based on these results what is the numbers need to treat (NNT) for this new anti-emetic?","[""1"", ""10"", ""2"", ""5"", ""50""]",5,3,"NNT = 1 / Absolute Risk Reduction

The number needed to treat (NNT) for an intervention/medication is a measure of how many patients would require an intervention to reduce the expected number of outcomes by one. In this case, this would be the number of patients that would be needed to take the anti-emetic to reduce the number of individuals who suffer from travel sickness. NNT is equal to 1/absolute risk reduction (ARR). If the outcome is undesirable the ARR equals the control event rate (CER) i.e. the rate of sickness in patients using the control drug minus the experimental event rate (EER) i.e. the rate of sickness in patients using the new drug. Therefore, to calculate the NNT for this new antiemetic you use the following:

NNT = 1/ARR
NNT = 1/CER-EER
NNT = 1/0.3-0.1
NNT = 5

For the NNT to equal

1

the ARR would have to also equal 1 which is not true based on this experiment.

For the NNT to equal

10

the ARR would have to equal 0.1, i.e. the CER-EER would have to equal 0.1. In this experience the ARR equal 0.2

The ARR would have to equal 0.5 for the NNT of the new drug to equal

2

.

To give an NNT of

50

the ARR would have to be 10 times lower (i.e. 0.02) than the result shown in this experiment."
