question_number,question_text,options_json,answer_text,answer_index,explanation_text
1,"A 58-year-old man with longstanding chronic kidney disease has 7 months of numbness and tingling in his feet and lower legs, worse at night. He was diagnosed with type 2 diabetes 3 months ago after 2 separate incidental findings of elevated fasting glucose.

Sensation to light touch and pinpricks is impaired in both lower limbs. Motor function is normal, with no muscle wasting or weakness. He has no foot ulcers.

Investigations:


Na+	134 mmol/L	(135 - 145)
K+	3.9 mmol/L	(3.5 - 5.0)
Ca 2+	2.0 mmol/L	(2.1-2.6)
HbA1c	49 mmol/mol	(< 48)
Urea	12.3 mmol/L	(2.0 - 7.0)
Creatinine	325 µmol/L	(55 - 120)
eGFR	12 mL/min/1.73m²	(> 90)

Which mechanism best explains his features?","[""Diabetic neuropathy causing microvascular damage"", ""Hypocalcaemia causing neuromuscular irritability"", ""Metabolic acidosis cause nerve dysfunction"", ""Reduced erythropoiesis impairing nerve oxygenation"", ""Uraemia causing neuropathy""]",Uraemia causing neuropathy,4,"Uraemic polyneuropathy is predominantly sensory

Uraemia causing neuropathy

is correct. The most likely diagnosis is uraemic peripheral neuropathy due to advanced chronic kidney disease. This typically presents as a symmetrical, distal, predominantly sensory neuropathy with numbness and paraesthesia, consistent with this patient’s symptoms. Although he was diagnosed with diabetes three months ago, the short duration and relatively well-controlled glycaemia (HbA1c 49 mmol/mol) make it less likely to be the primary cause. Motor function is preserved, and there is no muscle wasting, supporting a sensory-predominant neuropathy. His blood tests show severe renal impairment (eGFR 12 mL/min/1.73m², urea 12.3 mmol/L), which leads to the accumulation of neurotoxic metabolites that cause axonal degeneration of sensory nerves.

Diabetic neuropathy causing microvascular damage

is incorrect because the diabetes diagnosis was made only three months ago, which is generally insufficient time for significant neuropathic complications to develop. His HbA1c of 49 mmol/mol indicates relatively good glycaemic control, further reducing the likelihood of early diabetic neuropathy. Although diabetic neuropathy also presents with distal, symmetrical sensory loss, it typically develops after several years of hyperglycaemia. In this case, longstanding renal disease and severe uraemia are more likely to account for the peripheral sensory symptoms. Diabetic neuropathy remains a potential future contributor, and glycaemic control should be monitored to reduce long-term risk.

Hypocalcaemia causing neuromuscular irritability

is incorrect because the serum calcium is only mildly reduced at 2.0 mmol/L. Hypocalcaemia generally presents with neuromuscular excitability, such as tetany, carpopedal spasms, or positive Chvostek’s and Trousseau’s signs. This patient has chronic numbness and impaired light touch and pinprick sensation in the feet and legs, which is consistent with a sensory neuropathy rather than neuromuscular irritability. The sensory pattern and his advanced renal failure (eGFR 12) support uraemic neuropathy rather than a calcium-related cause.

Metabolic acidosis causing nerve dysfunction

is incorrect because metabolic acidosis in chronic kidney disease is more commonly associated with systemic effects such as bone demineralisation and muscle wasting, rather than direct peripheral neuropathy. While it often coexists with uraemia, it is the accumulation of uraemic toxins that directly damages sensory nerves and causes distal symmetrical numbness and paraesthesia.

Reduced erythropoiesis impairing nerve oxygenation

is incorrect because anaemia from reduced erythropoietin production causes generalised symptoms such as fatigue and pallor, but does not typically result in a length-dependent sensory neuropathy. Impaired nerve oxygenation from anaemia is not a recognised cause of the symmetrical distal sensory symptoms observed here. In contrast, uraemic toxin accumulation in advanced kidney disease leads to axonal degeneration and impaired sensory nerve function."
2,"You are in the joint paediatric and adult neurology clinic. Your next patient is a 10-year-old girl, accompanied by her mother, who was recently diagnosed with seizures. These were happening around two to four times per day and usually occurred during episodes of stress. A seizure would last four a few seconds and the mother described her daughter as being vacant and staring into space.

The mother is concerned about the seizures persisting as she has a brother who also has seizures.

Given the likely diagnosis, what is the probability of the patient becoming seizure-free during adolescence?","[""20-25%"", ""45-50%"", ""70-75%"", ""90-95%"", ""100%""]",90-95%,3,"Absence seizures - good prognosis: 90-95% become seizure free in adolescence

90-95% is the correct answer. A history of multiple, short seizures that are quick to resolve is indicative of absence seizures. In children, these can be precipitated by times of stress and hyperventilation and are usually describes as a vacant episode with the patient staring blankly. Absence seizures have a good prognosis and 90-95% of children will become seizure-free in adolescence."
3,"A 68-year-old right-handed man is admitted following sudden onset confusion and difficulty communicating. On examination, he speaks fluently with normal grammar but his sentences lack meaning. He appears unaware of his errors and has difficulty following simple commands. When asked to repeat a phrase, he is unable to do so. Which brain region is most likely affected?","[""Left superior temporal gyrus"", ""Left inferior frontal gyrus"", ""Arcuate fasciculus"", ""Right parietal lobe"", ""Left precentral gyrus""]",Left superior temporal gyrus,0,"Wernicke's dysphasia: speech fluent, comprehension abnormal, repetition impaired

Left superior temporal gyrus

is the correct answer. This region contains Wernicke’s area, responsible for language comprehension. Lesions here, typically due to infarction in the territory of the inferior division of the left middle cerebral artery (MCA), result in fluent but meaningless speech (often termed 'word salad'), impaired comprehension, and poor repetition—precisely as described in this scenario. Patients are often unaware of their deficits (anosognosia). Recognising this pattern is crucial for localising lesions and understanding stroke syndromes.

Left inferior frontal gyrus

houses Broca’s area, involved in language production. Lesions here cause non-fluent, effortful speech with preserved comprehension but impaired repetition—features not present in this patient.

Arcuate fasciculus

damage results in conduction aphasia: fluent speech and good comprehension but poor repetition. However, patients remain aware of their errors and can generally follow commands, unlike this case.

Right parietal lobe

lesions typically produce neglect or visuospatial deficits rather than aphasia in right-handed individuals whose language centres are left-sided.

Left precentral gyrus

, part of the primary motor cortex, controls voluntary movement; damage may cause contralateral weakness but does not cause language deficits or aphasia."
4,A 33-year-old man presents complaining of visual disturbance. Examination reveals a bitemporal hemianopia with predominately the upper quadrants being affected. What is the most likely lesion?,"[""Craniopharyngioma"", ""Brainstem lesion"", ""Pituitary macroadenoma"", ""Frontal lobe lesion"", ""Right occipital lesion""]",Pituitary macroadenoma,2,"Bitemporal hemianopia

An upper quadrant defect implies inferior chiasmal compression making a pituitary macroadenoma the most likely diagnosis"
5,A 23-year-old man is referred to neurology clinic. He describes episodes of leg weakness following bouts of laughing whilst out with friends. The following weekend his friends described a brief collapse following a similar episode. What is the most likely diagnosis?,"[""Stokes-Adams attack"", ""Cataplexy"", ""Hypokalaemic periodic paralysis"", ""Absence seizure"", ""Myasthenia gravis""]",Cataplexy,1,"Laughter → fall/collapse ?cataplexy

The correct answer in this case is

cataplexy

. Cataplexy is a sudden and transient episode of muscle weakness typically triggered by strong emotions, such as laughter, anger, or surprise. It is often associated with narcolepsy, a chronic sleep disorder characterized by excessive daytime sleepiness and other symptoms like sleep paralysis and hypnagogic hallucinations. The patient's history of leg weakness following bouts of laughing and brief collapse after a similar episode are classic presentations of cataplexy.

The first incorrect option,

Stokes-Adams attack

, refers to a transient loss of consciousness (syncope) due to a temporary interruption in the blood supply to the brain caused by heart block or certain arrhythmias. While it can result in collapse, it is not specifically triggered by laughter or emotional stimuli and would not typically present with isolated leg weakness.

Hypokalaemic periodic paralysis

is another incorrect choice. This condition involves episodes of muscle weakness or paralysis associated with low potassium levels in the blood. Although it can cause muscle weakness, these episodes are usually not triggered by emotional stimuli like laughter and tend to occur more frequently at rest or after exercise.

An

absence seizure

is also an incorrect answer. Absence seizures are brief episodes of staring and unresponsiveness that typically last less than 20 seconds and occur most commonly in children. They do not present with muscle weakness or collapse as described in this scenario.

Finally,

myasthenia gravis

is another incorrect option. Myasthenia gravis is an autoimmune disorder characterized by fluctuating muscle weakness that worsens with activity and improves with rest. While it can affect various muscles including those involved in walking, myasthenia gravis does not typically present with sudden episodes of leg weakness triggered by emotions like laughter."
6,"A 38-year-old man with a background of Von Hippel-Lindau syndrome has presented with sudden painless visual loss in his right eye.

Fundoscopy reveals a right-sided vitreous haemorrhage.

Which underlying pathology is likely to have precipitated this event?","[""Central retinal vein occlusion"", ""Retinoblastoma"", ""Ocular glioma"", ""Hypertension"", ""Retinal haemangioma""]",Retinal haemangioma,4,"Patients with von Hippel-Lindau syndrome may develop retinal haemangiomas which present as a vitreous haemorrhage

Von Hippel-Lindau (VHL) syndrome is autosomal dominant disease that is characterised by the abnormal growth of benign and malignant tumours and cysts in various organs in the body, which usually first appear in young adulthood. These include haemangioblastomas, renal cysts and clear cell renal cell carcinoma, pancreatic neuroendocrine tumours, pheochromocytoma and endolymphatic sac tumours.

Retinal haemangiomas are one of the earliest and most frequent manifestations of VHL syndrome. They are vascular tumours and are usually asymptomatic, but can rupture and result in vitreous haemorrhage. Other complications include secondary retinal detachment and neovascular glaucoma.

When stable, they appear as an orange-reddish mass in the peripheral retina or near the macular region or optic disc. The tumour displays dilated retinal vessels feeding and draining the tumour.

VHL syndrome is not associated with central retinal vein occlusion, which usually occurs in older individuals with cardiovascular risk factors.

Optic gliomas are benign, slow-growing tumours of the optic nerve that are seen primarily in children. It is associated with neurofibromatosis type 1.

VHL syndrome is not associated with retinoblastoma, which is almost exclusively found in young children and is more commonly associated with a congenital mutation in the retinoblastoma protein (RB1) gene.

Hypertension is a risk factor for retinal aneurysms which can result in haemorrhage, but this is less likely in this younger patient."
7,"A 63-year-old male patient who has lung cancer with spinal metastases attends the palliative care clinic. He reports persistent burning pain and numbness in his left leg associated with significant sleep disturbance. His general practitioner started him on gabapentin 3 months ago and this has had no effect. Neurological examination reveals loss of fine touch, vibration sense, and proprioception in the left lower limb. His current analgesic medications are regular paracetamol and gabapentin with as required ibuprofen.

Which of the following is the most appropriate change to his current medications?","[""Add amitriptyline"", ""Add buprenorphine transdermal patch"", ""Add morphine sulphate"", ""Switch gabapentin to amitriptyline"", ""Switch gabapentin to carbamazepine""]",Switch gabapentin to amitriptyline,3,"Drugs for neuropathic pain are typically used as monotherapy, i.e. if not working then drugs should be switched, not added

Switch gabapentin to amitriptyline is the correct answer. The history and examination provided above are consistent with neuropathic pain secondary to a metastatic spinal deposit. The current NICE guidelines on the management of neuropathic pain advise amitriptyline, duloxetine, gabapentin or pregabalin as initial treatment. In the event of treatment failure, as described above, the NICE guidelines advise switching to one of the remaining 3 initial treatment medications rather than starting a new medication in addition to the ineffective medication. Amitriptyline is also a mild sedative and if taken at night may help with his sleep disturbance.

Add amitriptyline is an incorrect answer. Amitriptyline is the next appropriate agent to start and may help with this patient's sleep disturbance but it should be switched with gabapentin and utilised as a monotherapy in accordance with the current NICE guidelines on the management of neuropathic pain.

Add buprenorphine transdermal patch is an incorrect answer. A buprenorphine transdermal patch is not recommended in the NICE guidelines for the initial treatment of neuropathic pain. It is typically indicated for the treatment of pain where an opioid medication is necessary for maintaining adequate analgesia.

Add morphine sulphate is an incorrect answer. Neuropathic pain is typically opioid resistant. Morphine sulphate would be ineffective treatment in this case.

Switch gabapentin to carbamazepine is an incorrect answer. Carbamazepine is the initial treatment of trigeminal neuralgia recommended by the NICE guidelines. It is not recommended for the management of neuropathic pain excluding trigeminal neuralgia."
8,"Which one of the following dopamine receptor agonists used in the management of Parkinson's disease is least associated with pulmonary, retroperitoneal and pericardial fibrosis?","[""Pergolide"", ""Lisuride"", ""Bromocriptine"", ""Cabergoline"", ""Ropinirole""]",Ropinirole,4,
9,"A 54-year-old man presents concerned about leg weakness. On examination he is noted to have increased tone in both legs, brisk reflexes and weakness in both lower limbs. Examination of his upper limbs is normal. Which one of the following is least likely to produce these symptoms?","[""HIV"", ""Amyloidosis"", ""Hereditary spastic paraplegia"", ""Multiple sclerosis"", ""Parasagittal meningioma""]",Amyloidosis,1,
10,"During a routine cranial nerve examination the following findings are observed:


Rinne's test:	Air conduction > bone conduction in both ears
 
Weber's test:	Localises to the right side

What do these tests imply?","[""Left conductive deafness"", ""Normal hearing"", ""Right conductive deafness"", ""Right sensorineural deafness"", ""Left sensorineural deafness""]",Left sensorineural deafness,4,
11,"A 65-year-old man with a known movement disorder diagnosed several years ago is seen in a neurology clinic for review after recently having his medications altered and selegiline added due to limited improvement on first-line therapy.

The patient reports some improvement in his movement symptoms however he has noted several new side effects including constipation, fatigue and a dry mouth.

What class does this patient's new medication belong to?","[""Anticholinergics"", ""COMT inhibitors"", ""Dopamine agonists"", ""MAO-B inhibitor"", ""Selective serotonin reuptake inhibitor""]",MAO-B inhibitor,3,"Selegiline - MAO-B inhibitor

Selegiline is an

MAO-B inhibitor

used mainly in the management of Parkinson's disease (PD) and inhibits the breakdown of dopamine secreted by the dopaminergic neurons. MAO-B inhibitors should be trialled as a potential adjunctive therapy if patients continue to have symptoms despite optimal treatment on levodopa or if they develop dyskinesia. Common side effects of MAO-B inhibitors include fatigue, constipation and a dry mouth.

Anticholinergics

have some limited use in the management of PD and can be trialled if symptoms of tremor or dystonia occur associated with the wearing-off or peak-dose effect of other treatments. They have little effect on the other symptoms of PD and therefore are not commonly recommended. Selegiline is not an anticholinergic.

COMT inhibitors

are an alternative adjust medication that can be used instead of MAO-B inhibitors in the management of PD. COMT or catechol-o-methyl transferase enzyme is involved in the breakdown of dopamine and therefore inhibitors are used to increase levels. Examples of COMT inhibitors include entacapone and tolcapone.

Dopamine agonists

are commonly used as adjuncts in PD if levodopa management is unsuccessful. Common examples include bromocriptine, ropinirole and cabergoline. Dopamine agonists have been associated with pulmonary, retroperitoneal and cardiac fibrosis and therefore patients should have an echo, chest x-ray, ESR and creatine performed prior to commencing treatment.

Selective serotonin reuptake inhibitors

(SSRI) are used mainly in the management of depression. As this is a common feature in PD patients SSRIs may be prescribed however, they have no effect on other features of PD. The use of SSRI with many of the drugs commonly used in the management of PD can increase the risk of serotonergic effect leading to serotonin syndrome therefore caution must be taken and patients warned of this possible interaction. Selegiline is not a SSRI."
12,"A 43-year-old woman attends the emergency department with acute confusion, left sided leg weakness and behavioural disturbance. She has a past medical history of multiple sclerosis for which she is taking natalizumab.

She is haemodynamically stable. On examination she is not orientated to time or place and is being aggressive, which her husband says is completely out of character. She has 3/5 weakness in her left leg. The rest of the examination is unremarkable.

Her blood tests are:


Hb	136 g/L	Male: (135-180)
Female: (115 - 160)
Platelets	336 * 109/L	(150 - 400)
WBC	14.2 * 109/L	(4.0 - 11.0)
Na+	140 mmol/L	(135 - 145)
K+	4.6 mmol/L	(3.5 - 5.0)
Urea	5.2 mmol/L	(2.0 - 7.0)
Creatinine	106 µmol/L	(55 - 120)
CRP	78 mg/L	(< 5)

Which is the most likely diagnosis?","[""Bacterial meningitis"", ""Autoimmune encephalitis"", ""Intracranial haemorrhage"", ""Progressive multifocal leukoencephalopathy"", ""Toxoplasmosis""]",Progressive multifocal leukoencephalopathy,3,"Natalizumab can cause reactivation of the JC virus causing progressive multifocal leukoencephalopathy (PML)

Progressive multifocal leukoencephalopathy (PML) is associated with natalizumab treatment in multiple sclerosis (MS).  It is caused by reactivation of the JC virus due to immunodeficiency secondary to natalizumab (it can also occur with a few other MS modifying drug treatments and HIV). The reactivation of the JC virus causes demyelination and the symptoms a patient has depends on the site and extent of the demyelination. The most common symptoms are confusion, behavioural change, ataxia, hemiparesis and visual deficits.

Bacterial meningitis can cause confusion and behavioural disturbance but is unlikely to cause left leg weakness. Additionally there is no mention of pyrexia and the inflammatory markers, while slightly up, are not significantly raised.

There is no preceding history of minor infection to suggest autoimmune encephalitis. The symptoms are not typical for autoimmune encephalitis which tends to develop subacutely (over days) rather than acutely.

There is no history of a headache to suggest intracranial haemorrhage and this is unlikely to cause unilateral weakness.

There are no risk factors for exposure to toxoplasmosis and there are no systemic symptoms to suggest this either."
13,A 38-year-old woman comes for review. Six months ago she fractured her left wrist whilst skiing. The fracture was treated using a cast and repeat x-rays showed that the bone had healed well. Unfortunately for the past few weeks she has been plagued with ongoing 'shooting pains' in her left hand associated with swelling. On examination the left hand is extremely tender to even light touch. Her left hand is also slightly swollen compared to the right. What is the most likely diagnosis?,"[""Depression"", ""Conversion disorder"", ""Complex regional pain syndrome"", ""Ulnar nerve injury"", ""Osteomyelitis""]",Complex regional pain syndrome,2,
14,"A 25-year-old man is referred to neurology by his GP. Over the last six months he has been experiencing neck pain and stiffness and arm weakness. He is normally fit and well and denies any history of trauma, bowel or bladder problems or erectile dysfunction. He drinks five pints of beer per week.

On examination, there is a small area of erythema with central blistering on his right elbow which he had not noticed previously. Pin-prick sensation is reduced in the C5-6 dermatomes bilaterally. Fine touch, proprioception and vibration sensation are intact throughout. Forearm flexion is weak bilaterally with reduced biceps tendon reflexes. Forearm extension is weak on the right with a brisk triceps reflex. He is alert and orientated. His cranial nerves are intact. His coordination and gait are normal.

What is the most likely diagnosis?","[""Friedreich's ataxia"", ""Multiple sclerosis"", ""Subacute combined degeneration of the spinal cord"", ""Syringobulbia"", ""Syringomyelia""]",Syringomyelia,4,"Syringomyelia classically presents with cape-like loss of pain and temperature sensation due to compression of the spinothalamic tract fibres decussating in the anterior white commissure of the spine

The correct answer is syringomyelia.

This patient is presenting with symptoms consistent with a lesion around the C4-C5 level affecting the anterior white commissure, anterior horns and the corticospinal tract.

The spinothalamic tract (pain and temperature sensation) decussates 1-2 spinal levels above the level of entry in the anterior white commissure. This results in loss of pain/pinprick sensation on examination and a possible unnoticed burn injury e.g. from reaching inside an oven.

The anterior horns carry lower motor neurones. These are being affected bilaterally at the level of the lesion, resulting in a lower motor neurone pattern of weakness around the C4-5-6 myotome. In this case it is causing incomplete paresis (rather than paralysis) of the biceps because biceps is supplied by C5-7 via the musculocutaneous nerve. The corticospinal tract carries upper motor neurones to lower spinal levels. Compression at C4-5 is causing an upper motor neurone pattern below the level of the lesion.

Friedreich's ataxia is a genetic progressive neurodegenerative disorder. It causes degeneration of the corticospinal tracts, dorsal columns and spinocerebellar tracts, as well as hypertrophic cardiomyopathy and diabetes. Symptoms include ataxia, slurred speech, spasticity, dysphagia, limb sensory loss and vision and hearing loss. Symptoms are usually apparent by adolescence and the absence of ataxia makes Friedreich's ataxia less likely.

While multiple sclerosis (MS) is a cause of sensory disturbance upper motor neurone lesions, diagnosis requires lesions separated in space and time - the lesions may be asymmetrical and at different spinal levels. The lesion pattern here is more suggestive of syringomyelia. Additionally, MS does not typically cause lower motor neurone lesions (apart from cranial nerve lesions and some reports of demyelination affecting the ventral horns).

Subacute combined degeneration of the cord (SACD) causes a lesion of the dorsal columns, then later the corticospinal tracts and spinothalamic tract. SACD occurs due to vitamin B12, vitamin E and copper deficiency. It causes loss of vibration and proprioception (later other sensory modalities), sensory gait ataxia, distal muscle weakness and dementia. SACD is more common in older adults with malabsorption or poor nutrition.

Syringobulbia is a similar disorder to syringomyelia where a syrinx affects the brainstem. It causes cranial nerve abnormalities e.g. trigeminal pain and temperature sensation loss, nystagmus, dysphagia, palatal weakness and tongue atrophy."
15,Which of the following is least associated with Parkinsonism?,"[""Chlorpromazine"", ""Progressive supranuclear palsy"", ""Dementia pugilistica"", ""Lead poisoning"", ""Wilson's disease""]",Lead poisoning,3,
16,"You are the neurology doctor and have been asked to review a 35-year-old woman who has been involved in a road traffic collision and sustained a significant head injury.

On your arrival she is asleep, she has some slight twitching movements in her right arm and leg. On waking these movements become more violent, her right arm and leg repetitively flinging out with varying amplitude.

Given the probable diagnosis, where is the lesion most likely to be?","[""Left basal ganglia"", ""Left motor cortex"", ""Psychosomatic"", ""Right basal ganglia"", ""Right motor cortex""]",Left basal ganglia,0,"Hemiballism results in involuntary, sudden, jerking movements which occur contralateral to the side of the lesion

This patient is displaying symptoms of hemiballismus - characterised by unilateral, repetitive, uncontrollable limb movements. These often decrease in intensity when the patient is relaxed or asleep.

Left basal ganglia

is the correct answer. The lesion is contralateral to the side experiencing the movements. In hemiballismus, the lesion is most commonly found in the basal ganglia.

Left motor cortex

is incorrect, a lesion here would cause a decrease in function of the right side of the body.

Psychosomatic

is incorrect. Although these movements reduce in sleep they are still there but at a lower intensity.

Right basal ganglia

is incorrect. In hemiballismus, the lesion is on the contralateral side. You would expect a right-sided basal ganglia lesion to cause left-sided movement disorder.

Right motor cortex

is incorrect. A lesion here would lead to decreased function of the left side of the body."
17,"In patients with Guillain-Barre syndrome, respiratory function should be monitored with:","[""Oxygen saturations"", ""PEFR"", ""Flow volume loop"", ""Arterial blood gases"", ""Forced vital capacity""]",Forced vital capacity,4,"FVC is used to monitor respiratory function in Guillain-Barre syndrome

The correct answer is

Forced vital capacity

. In Guillain-Barre syndrome (GBS), respiratory failure is a major cause of morbidity and mortality. Forced vital capacity (FVC) is the most sensitive and specific measure of respiratory muscle strength, which can be affected in GBS due to progressive muscle weakness. FVC less than 20 ml/kg or a rapid decrease in FVC indicates impending respiratory failure and is an indication for intubation.

Oxygen saturations

are not a reliable indicator of respiratory function in GBS patients. Although hypoxaemia may occur in severe cases, it is usually a late sign indicating alveolar hypoventilation secondary to muscle weakness. Oxygen saturation can remain normal until respiratory failure is imminent.

PEFR

(Peak expiratory flow rate) measures the maximum speed of expiration but does not provide information about lung volumes or capacities. It's mainly used to monitor patients with obstructive airway diseases like asthma, rather than neuromuscular conditions like GBS where the problem lies with muscular strength rather than airway obstruction.

A

Flow volume loop

provides useful information about both inspiratory and expiratory flow rates and lung volumes. However, it requires patient cooperation and effort, making it less reliable in severely weak patients with GBS who may not be able to perform the manoeuvre effectively.

Finally,

Arterial blood gases

(ABGs) can provide valuable information about oxygenation, ventilation, and acid-base status. However, they do not give direct information about muscle strength or lung volumes. Changes in ABGs such as hypercapnia may reflect advanced disease when ventilatory capacity has been significantly compromised."
18,"A 58-year-old lady presents to clinic with a 6-month history of limb weakness and falls. She has hypercholesterolaemia and takes simvastatin.

On examination, there is wasting of the intrinsic hand muscles and left biceps with fasciculations in the left biceps and shoulder girdle. There is a generalised weakness with brisk left biceps and bilateral knee reflexes and a right extensor plantar response. The sensation is normal throughout. Examination of the cranial nerves was normal.

What is the most likely diagnosis?","[""Compressive cervical myelopathy"", ""Motor neurone disease"", ""Multifocal motor neuropathy with conduction block"", ""Myopathy"", ""Myasthenia gravis""]",Motor neurone disease,1,
19,"A 15-year-old girl is referred to the neurology clinic with a 3-month history of brief episodes of 'zoning out'. Her mother reports that during these episodes, the patient stares blankly, is unresponsive, and occasionally has eyelid fluttering. Each episode lasts about 10-15 seconds, after which she continues her activities with no recollection of the event. These episodes occur multiple times daily and have affected her school performance. Her past medical history is unremarkable. An EEG shows 3 Hz spike-and-wave discharges during hyperventilation.

What is the most appropriate first-line treatment?","[""Carbamazepine"", ""Ethosuximide"", ""Lamotrigine"", ""Levetiracetam"", ""Sodium valproate""]",Ethosuximide,1,"Absence seizures: ethosuximide is first-line

Ethosuximide

is the correct first-line treatment for this patient with typical absence seizures. The clinical presentation of brief episodes of unresponsiveness with eyelid fluttering, lasting 10-15 seconds with immediate recovery, is characteristic of absence seizures. This is further confirmed by the EEG finding of 3 Hz spike-and-wave discharges during hyperventilation, which is the classic EEG pattern in absence epilepsy. According to NICE guidelines, ethosuximide is recommended as the first-line treatment for absence seizures due to its high efficacy and favorable side effect profile in this specific seizure type. Ethosuximide works by inhibiting T-type calcium channels in thalamic neurons, which are implicated in the generation of absence seizures. It has been shown to provide seizure freedom in approximately 70-80% of patients with absence epilepsy and is particularly effective in children and adolescents with this seizure type.

Carbamazepine

is not appropriate for absence seizures and may actually exacerbate them. While carbamazepine is effective for focal seizures and generalized tonic-clonic seizures, it can worsen absence seizures by increasing the frequency of spike-wave discharges. This paradoxical effect makes carbamazepine contraindicated in patients with absence epilepsy, and using it in this patient could lead to worsening of her seizure control and potentially precipitate absence status epilepticus.

Lamotrigine

is considered a second-line treatment for absence seizures according to NICE guidelines. While it can be effective for absence seizures, it is not as efficacious as ethosuximide for this specific seizure type. Lamotrigine has a broader spectrum of action and is useful in patients with multiple seizure types. However, it requires slow titration due to the risk of serious skin reactions, particularly in children and adolescents, making it less ideal as a first-line option when a more specific and rapidly effective treatment like ethosuximide is available.

Levetiracetam

is also considered a second-line treatment for absence seizures. While it has a broad spectrum of action against various seizure types, including absence seizures, studies have shown that it is less effective than ethosuximide for pure absence epilepsy. Levetiracetam may be considered if the patient has concurrent seizure types or if first-line treatments are ineffective or not tolerated. However, it is not the optimal first choice for a patient presenting with typical absence seizures alone.

Sodium valproate

, although historically used for absence seizures with good efficacy, is no longer recommended as a first-line treatment in females of childbearing potential due to significant teratogenic risks. The MHRA and NICE have strengthened their advice against sodium valproate use in females younger than 55 years unless specific conditions are met. Given that this patient is a 15-year-old girl who will soon enter her reproductive years, sodium valproate should be avoided if possible, especially when equally effective alternatives with better safety profiles, such as ethosuximide, are available."
20,"A 17-year-old girl presents to the emergency department after experiencing a generalised tonic-clonic seizure at 7:30 am. She reports having had three similar episodes over the past year, all occurring shortly after waking up. Her mother mentions that she has noticed her daughter occasionally dropping objects in the morning, particularly when tired. The patient stayed up late studying for exams the night before the seizure. Neurological examination is normal. An EEG shows generalised polyspike-wave discharges.

What is the most likely diagnosis?","[""Benign rolandic epilepsy"", ""Juvenile myoclonic epilepsy"", ""Lennox-Gastaut syndrome"", ""Temporal lobe epilepsy"", ""West syndrome""]",Juvenile myoclonic epilepsy,1,"Juvenile myoclonic epilepsy is classically associated with seizures in the morning/following sleep deprivation

Juvenile myoclonic epilepsy

is the correct diagnosis based on the clinical presentation. This syndrome typically presents in adolescence (ages 12-18) with a characteristic triad of myoclonic jerks (causing the patient to drop objects), absence seizures, and generalised tonic-clonic seizures. A key feature is the strong association with seizures occurring shortly after awakening or following sleep deprivation, which is evident in this case where the seizure occurred at 7:30 am and was preceded by a late night studying. The EEG finding of generalised polyspike-wave discharges is also classic for juvenile myoclonic epilepsy. This condition is more common in females and typically has good response to treatment with sodium valproate, though lifelong therapy is usually required. The patient's normal neurological examination is also consistent with this diagnosis, as structural brain abnormalities are not typically present.

Benign rolandic epilepsy

is incorrect. While this is a common childhood epilepsy syndrome, it typically presents with focal seizures that often occur during sleep and involve orofacial symptoms such as facial twitching, drooling, and speech arrest. The EEG would show centrotemporal spikes rather than generalised polyspike-wave discharges. Additionally, benign rolandic epilepsy usually resolves by adolescence, making it less likely in a 17-year-old with recent onset seizures.

Lennox-Gastaut syndrome

is incorrect. This severe epilepsy syndrome typically begins between ages 1-5 years and is characterised by multiple seizure types including atypical absences, tonic, and atonic seizures. It is almost always associated with intellectual disability and developmental delay, which are not mentioned in this patient. The EEG would show slow spike-and-wave complexes rather than the polyspike-wave pattern described.

Temporal lobe epilepsy

is incorrect. This form of focal epilepsy typically presents with complex partial seizures characterised by automatisms, altered awareness, and often an aura. The seizures are not typically provoked by sleep deprivation or occur specifically upon awakening. The EEG would show temporal lobe abnormalities rather than generalised discharges.

West syndrome

is incorrect. This is an epileptic encephalopathy of infancy characterised by infantile spasms, developmental regression, and a characteristic EEG pattern called hypsarrhythmia. It typically presents between 3-12 months of age, making it incompatible with this 17-year-old patient's presentation."
21,"A 23-year-old man presents with recurrent headaches. These typically occur 2 or 3 times a month and are characterised by severe, right-sided headaches which are throbbing in nature and last around 8-12 hours. When he gets the headaches he finds it hard to carry on working and tends to go and lie down in a dark room. The headaches so far have responded poorly to paracetamol.

Which one of the following medications should be prescribed to help reduce the frequency of these headaches?","[""Ibuprofen"", ""Pizotifen"", ""Propranolol"", ""Zolmitriptan"", ""Carbamazepine""]",Propranolol,2,"Migraine

This is a classic history of migraine, prophylaxis should be offered with propranolol or topiramate.

Zolmitriptan is used in the acute treatment of migraine, not for prophylaxis."
22,A 40-year-old woman presents with recurrent episode of vertigo associated with a feeling or 'fullness' and 'pressure' in her ears. She thinks her hearing is worse during the attacks. Clinical examination is unremarkable. What is the most likely diagnosis?,"[""Meniere's disease"", ""Benign paroxysmal positional vertigo"", ""Acoustic neuroma"", ""Cholesteatoma"", ""Somatisation""]",Meniere's disease,0,
23,A 31-year-old woman presents with a 4 month history of headache. She has brought a headache diary which demonstrates that her symptoms are present on around 20-25 days of each month. The headache is typically unilateral and she is currently taking paracetamol 1g qds and ibuprofen 400mg tds everyday to try and relieve her symptoms. A diagnosis of medication overuse headache is suspected. What is the most appropriate management?,"[""Add metoclopramide + start propranolol"", ""Gradually withdraw analgesics + start propranolol"", ""Abruptly stop analgesics"", ""Gradually withdraw analgesics"", ""Continue analgesics + start propranolol""]",Abruptly stop analgesics,2,"Medication overuse headache

This answer may seem counterintuitive but it is line with recent guidelines from SIGN, please see the link provided."
24,"A 70-year-old woman with Parkinson’s disease and atrial fibrillation presents with gradually worsening confusion over the past week. She has been noted to wander occasionally at home, with increasing forgetfulness, and reports difficulty with balance and mobility. Her regular medications include levodopa, rivastigmine, and apixaban.

Upon examination, the patient appears drowsy at times but is more alert during certain parts of the assessment.

What is the most likely cause of her clinical findings?","[""Extradural haematoma"", ""Intracerebral haemorrhage"", ""Levodopa"", ""Rivastigmine"", ""Subdural haematoma""]",Subdural haematoma,4,"Fluctuating confusion/consciousness? - subdural haematoma

Subdural haematoma

is correct. This 70-year-old woman has multiple risk factors for developing a subdural bleed. With increasing age, cerebral atrophy stretches the bridging veins, making them more vulnerable to tearing. Parkinson’s disease increases the likelihood of falls, even minor ones that may go unnoticed. Long-term anticoagulation with apixaban reduces clotting capacity, so even small venous bleeds can continue to expand. These factors together predispose her to a subdural haematoma. The gradual onset of confusion, forgetfulness, wandering, impaired balance, and fluctuating drowsiness over the course of a week is characteristic of this condition, in which venous bleeding produces a slowly enlarging collection in the subdural space.

Extradural haematoma

is incorrect. An extradural haematoma is caused by bleeding into the space between the dura mater and the skull, most often due to a temporal bone fracture that ruptures the middle meningeal artery. The arterial source results in rapid expansion of the haematoma, producing features of raised intracranial pressure such as headache, vomiting, and reduced consciousness. Some patients experience a characteristic lucid interval. In contrast, this patient has a week-long history of fluctuating confusion and drowsiness without acute neurological collapse, which is much more typical of a subdural haematoma caused by slow venous bleeding.

Intracerebral haemorrhage

is incorrect. Intracerebral haemorrhage generally causes sudden focal neurological deficits such as hemiparesis, dysphasia, or hemianopia, often with reduced consciousness. Although anticoagulation increases the risk, this patient’s presentation is characterised by progressive confusion without focal neurological signs. The week-long fluctuating symptoms in the stem do not fit this diagnosis.

Levodopa

is incorrect. Levodopa commonly produces hallucinations, vivid dreams, or dyskinesias, especially in elderly Parkinson’s patients. However, the stem highlights progressive confusion, forgetfulness, and fluctuating drowsiness rather than psychiatric or motor complications. Thus, the clinical features are not consistent with levodopa toxicity.

Rivastigmine

is incorrect. Rivastigmine, a cholinesterase inhibitor, is indicated for the treatment of dementia associated with Parkinson’s disease, where it may provide modest improvements in memory and executive function. Adverse effects are predominantly gastrointestinal (nausea, vomiting, diarrhoea, anorexia, weight loss) and, less commonly, bradycardia or syncope due to enhanced cholinergic activity. It is not associated with a subacute, progressive decline in cognition accompanied by fluctuating consciousness. The patient’s presentation is more consistent with a structural intracranial pathology, such as a subdural haematoma."
25,"An 84-year-old male presents to the emergency department with a loss of some of his vision and a loss of feeling in his left arm.

Upon upper and lower limb neurological examination there is nil of note. However, you notice he does not look at you whilst you are on his left-hand side and talking to him.

Cranial nerve examination reveals a visual field deficit found on direct confrontation, with blind spots in the bottom left quarter in both eyes.

His capillary blood glucose is 5.6.

His blood results are as follows:


Hb	145 g/L	Male: (135-180)
Female: (115 - 160)
Platelets	200 * 109/L	(150 - 400)
WBC	7.2 * 109/L	(4.0 - 11.0)
Na+	137 mmol/L	(135 - 145)
K+	4.2 mmol/L	(3.5 - 5.0)
Urea	5.1 mmol/L	(2.0 - 7.0)
Creatinine	90 µmol/L	(55 - 120)
CRP	3 mg/L	(< 5)

Which lobe of the brain has been affected?","[""Left frontal"", ""Left parietal"", ""Left temporal"", ""Right parietal"", ""Right temporal""]",Right parietal,3,"Inferior homonymous quadrantanopias are caused by lesions of the superior optic radiations in the parietal lobe

Right parietal is correct as damage to this region may cause the following symptoms which are present in this case: left-sided hemi-spatial neglect and left-sided homonymous inferior quadrantanopia. Other signs of parietal lobe damage include: loss of sensation like touch, alexia, agraphia, acalculia,, apraxias or astereognosis (inability to identify things placed in the hand).

Left parietal is incorrect, because damage to the left would cause right sided signs and symptoms not seen in this case.

Left temporal lobe is incorrect as damage to this region may cause the following: a change in behavior and emotions, forgetfulness, disruption in the sense of smell, taste, and hearing, language and speech disorders, including Wernicke's (receptive) dysphasia or superior homonymous quadrantanopia. Right temporal lobe is also incorrect as damage to this region would not cause the symptoms described in this case.

Left frontal lobe is incorrect as damage to the frontal lobe may result in: anosmia, Broca's (expressive) dysphasia, changes in personality and motor deficits on the right-side of the body."
26,"A 30-year-old lady presents with acute occipital headache associated with vomiting, photophobia and stiff neck. There is no history of rash or fever. She has a past medical history of phaeochromocytoma for which she had surgery. She reports that her father died of kidney cancer and her brother is blind in his right eye due to a bleed in the eye.

What is the unifying diagnosis?","[""Polycystic kidney disease"", ""Von Hippel Lindau disease"", ""Multiple endocrine neoplasia type 1"", ""Tuberous sclerosis"", ""Alport syndrome""]",Von Hippel Lindau disease,1,
27,A 52-year-old man is reviewed in the neurology clinic. He has been referred due to the development of difficultly in finding the right words whilst speaking. His comprehension of normal conversation has however remained normal. Where is the likely lesion?,"[""Anterior temporal lobe"", ""Posterior temporal lobe"", ""Parietal lobe"", ""Lateral part of frontal lobe (inferior frontal gyrus)"", ""Medial part of frontal lobe (cingulate gyrus)""]",Lateral part of frontal lobe (inferior frontal gyrus),3,
28,"A 34-year-old Afro-Caribbean woman attends the gynaecology clinic with a history of worsening abdominal pain and pelvic discomfort over the last two months. She reports irregular menstrual cycles, but no weight loss or fever.

Pelvic ultrasound reveals a 6 cm heterogeneous mass in her right ovary. Following surgical intervention, histology shows a well-circumscribed cystic lesion containing keratinized material, hair follicles, and various epithelial and mesenchymal tissues.

What among the following is a complication associated with this patient's condition?","[""Anti-NMDA receptor encephalitis"", ""Dermatomyositis"", ""Hyperparathyroidism"", ""Ovarian hyperstimulation syndrome"", ""Paraneoplastic cerebellar degeneration""]",Anti-NMDA receptor encephalitis,0,"Ovarian teratoma is associated with Anti-NMDA receptor encephalitis

Anti-NMDA receptor encephalitis

is the correct answer. The patient has mature ovarian teratoma. The combination of a cystic structure with keratinized material, hair follicles, and diverse tissue types strongly indicates that the mass is a mature cystic teratoma. Up to half of all adult female patients with anti-NMDA receptor encephalitis have ovarian teratomas detected, with a higher prevalence noted in Afro-Caribbean populations. Anti-NMDA receptor encephalitis is a type of paraneoplastic syndrome that typically presents with prominent psychiatric manifestations, including agitation, hallucinations, delusions, and disordered thinking; seizures; insomnia; dyskinesias; and autonomic instability. The treatment for anti-NMDA encephalitis involves immunosuppression using intravenous steroids, immunoglobulins, rituximab, cyclophosphamide or plasma exchange – either alone or in combination. Additionally, resection of any identified teratoma serves as a therapeutic intervention.

Dermatomyositis

is not the correct answer. Dermatomyositis is an autoimmune myopathy characterised by muscle weakness coupled with distinctive skin manifestations such as a violaceous eyelid rash (heliotrope rash) and erythematous papules over the joints (Gottron's papules). While dermatomyositis may be associated with underlying malignancies – notably lung cancers like small-cell lung cancer – it does not have an established link to ovarian teratomas. Therefore, it is not the appropriate diagnosis in this scenario.

Ovarian hyperstimulation syndrome

arises as a complication from fertility treatments that often involve the administration of gonadotropins to stimulate ovarian activity. It is characterised by excessive ovarian response leading to enlarged ovaries, abdominal distension and ascites. However, this condition is unrelated to mature cystic teratomas which are independent ovarian neoplasms. Thus, ovarian hyperstimulation syndrome does not constitute the correct diagnosis.

Hyperparathyroidism

is an incorrect choice in this context as it typically relates to disorders affecting the parathyroid glands such as adenomas or hyperplasia rather than being commonly associated with mature cystic teratomas. Although certain ovarian cancers like clear cell and small cell carcinomas may produce parathyroid hormone-related peptide leading to hypercalcaemia, this finding does not pertain specifically to mature cystic teratomas. Consequently, hyperparathyroidism does not represent a relevant association in this case.

Paraneoplastic cerebellar degeneration

primarily occurs in association with certain malignancies such as small-cell lung cancer and manifests through neurological symptoms attributable to cerebellar degeneration. It does not bear a direct relationship with mature cystic teratomas which are more frequently linked with anti-NMDA receptor encephalitis. Henceforth, paraneoplastic cerebellar degeneration is not the appropriate answer here."
29,A 61-year-old woman presents with bilateral tinnitus. She reports no change in her hearing or other ear-related symptoms. Ear and cranial nerve examination is unremarkable. Which medication is she most likely to have recently started?,"[""Nitrofurantoin"", ""Nifedipine"", ""Repaglinide"", ""Quinine"", ""Bendroflumethiazide""]",Quinine,3,
30,Which one of the following is least characteristic of Wernicke's encephalopathy?,"[""Ataxia"", ""Confusion"", ""Ophthalmoplegia"", ""Confabulation"", ""Nystagmus""]",Confabulation,3,
31,A 25-year-old female with a history of bilateral vitreous haemorrhage is referred due to progressive ataxia. What is the likely diagnosis?,"[""Neurofibromatosis type I"", ""Neurofibromatosis type II"", ""Tuberose sclerosis"", ""Von Hippel-Lindau syndrome"", ""Sarcoidosis""]",Von Hippel-Lindau syndrome,3,
32,"A 10-year-old is referred to neurology due to episodes her GP feels are epileptiform. Her mother reports that she appears to just 'stop', sometimes even in mid conversation, for several seconds at random times during the day. During these episodes she can be unresponsive to questioning and has no recollection of them.

Which of these drugs is contraindicated in this condition?","[""Ethosuximide"", ""Sodium valproate"", ""Lamotrigine"", ""Carbamazepine"", ""Clonazepam""]",Carbamazepine,3,"Carbamazepine is contraindicated in absence seizures

These are absence seizures. Ethosuximide is the gold standard treatment and valproate, lamotrigine and clonazepam can all be useful.

Carbamazepine is contraindicated and can worsen absence seizures (along with phenytoin, vigabatrin and gabapentin)."
33,"A 67-year-old female with stable rheumatoid arthritis attends a clinic for her annual review. She reports that she has noticed a loss of sensation in both her hands over the last 4 months and that it has been getting worse. In addition to arthritis, she also has hypertension and diabetes. She is currently taking infliximab, metformin, glipizide, and amlodipine. Her last HbA1c was 53 mmol/mol.

On examination, you note bilateral loss of temperature and pain sensation on the medial aspect of both hands and elbows. Proprioception and vibration sensation are preserved.

What is the most likely diagnosis?","[""Amyotrophy"", ""Diabetic neuropathy"", ""Mononeuritis multiplex"", ""Syringomyelia"", ""B12 deficiency""]",Syringomyelia,3,"Syringomyelia classically presents with cape-like loss of pain and temperature sensation due to compression of the spinothalamic tract fibres decussating in the anterior white commissure of the spine

Although syringomyelia classically presents with cape-like loss of pain and temperature sensation, it can cause the loss of these modalities anywhere depending on its location in the spinal cord.

Diabetic neuropathy refers to various types of nerve damage associated with diabetes mellitus. Symptoms can include motor changes such as weakness; sensory symptoms such as numbness, tingling, or pain; or autonomic changes such as urinary symptoms.

Amyotrophy is a nerve disorder which is a complication of diabetes mellitus. It affects the thighs, hips, buttocks and legs, causing pain and muscle wasting.

B12 deficiency is associated with both peripheral neuropathy and subacute combined degeneration (dorsal column is usually affected  = loss of proprioception and vibration sense).

Mononeuritis multiplex is a painful, asymmetrical, asynchronous sensory and motor peripheral neuropathy involving isolated damage to at least 2 separate nerve areas. Multiple nerves in random areas of the body can be affected. Causes include diabetes mellitus, vasculitides, sarcoidosis and rheumatoid arthritis."
34,"A 54 year-old woman presents with severe headache after a collapse while at a wedding reception. She had been dancing when she abruptly fell to the ground. On examination she is neurologically intact, but clearly finds it difficult to concentrate and is in some discomfort due to her headache. She is afebrile and denies chest pain. She reports that she had about 3 glasses of wine tonight and she normally drinks 10-12 units weekly. Her husband reports that she was unconscious for about one minute and was drowsy and confused on waking.


ECG	Normal sinus rhythm

What is the most appropriate management from the options below?","[""Urgent CT brain"", ""Referral to first-fit clinic"", ""Intravenous ceftriaxone and aciclovir"", ""Referral for outpatient ambulatory ECG monitoring"", ""Discharge with alcohol cessation advice""]",Urgent CT brain,0,
35,"A 42-year-old man attends the clinic with a one-month history of worsening weakness in his right arm and leg, along with difficulties in maintaining balance. A neurological examination revealed right-sided hemiparesis with increased tone, brisk deep tendon reflexes, and an up-going plantar reflex. He has a past medical history of multiple sclerosis which is treated with natalizumab.

An MRI scan is performed:


MRI head	Multiple areas of demyelination predominantly involving the subcortical white matter and deep grey matter

What pathogen is likely implicated?","[""BK virus"", ""Herpes simplex virus type 1"", ""Herpes simplex virus type 2"", ""JC virus"", ""Varicella-zoster virus""]",JC virus,3,"Natalizumab can cause reactivation of the JC virus causing progressive multifocal leukoencephalopathy (PML)

JC virus

is correct. The patient's history of multiple sclerosis was treated with natalizumab and the new neurological symptoms suggest progressive multifocal leukoencephalopathy (PML). PML is a rare and often fatal viral disease characterized by damage to the white matter of the brain. It's caused by reactivation of the John Cunningham virus (JC virus), which is typically harmless except in cases of immune deficiency, such as in patients receiving immunosuppressant therapies like natalizumab.

BK virus

is incorrect. The BK virus is implicated in immunosuppression-related haemorrhagic cystitis.

Herpes simplex virus type 1

is incorrect. This pathogen is the most common cause of viral encephalitis. The chronicity and radiological findings in this case do not support this diagnosis. Herpes simplex virus encephalitis is classically characterized by the involvement of the temporal lobe, insular cortex and cingulate gyrus.

Herpes simplex virus type 2

is incorrect. This is a less common cause of viral encephalitis and is an unlikely diagnosis for the reasons discussed above.

Varicella-zoster virus

is incorrect. The chronicity and radiological findings in this case do not support this diagnosis. For MRI, the common findings for Varicella-zoster virus encephalitis are oedematous changes with hyperdensity in the temporal lobes and inferior frontal lobes."
36,"A 35-year-old woman is seen in the emergency department with right-sided facial weakness. She first noticed the weakness yesterday morning but did not think it was anything serious and so did not seek medical attention. She has been brought in today by her friend who is concerned that the weakness has become worse overnight . Her observations are unremarkable. Cranial nerve exam reveals unilateral weakness of the facial muscles in the distribution of the VII nerve affecting the entire right side of the face. She has no other focal neurology in the face, arms or legs and the skin is intact with no lesions. Bloods done on arrival are normal.

Given the underlying diagnosis what is the most appropriate management of this patient?","[""CT head"", ""Aspirin"", ""Prednisolone"", ""Aciclovir"", ""Prednisolone + Aciclovir""]",Prednisolone,2,"All patients with a Bell's palsy should be given oral prednisolone within 72 hours of onset

This patient has Bell's Palsy. This is a clinical diagnosis of exclusion and in the absence of symptoms/signs that are atypical for Bell's Palsy, neuroimaging is not indicated.

Obviously, upper motor neuron (UMN) facial nerve weakness (with forehead sparing) raises concern about the possibility of a stroke and would demand neuroimaging to exclude this. However, in the context of an isolated lower motor neurone facial nerve weakness, with typical features of Bell's Palsy this is not necessary at this stage.

The treatment of choice for Bell's Palsy is prednisolone (1mg/kg) for 10 days and this should be started within 72 hours of symptom onset. Prednisolone has been shown to increase the likelihood of complete recovery."
37,"A 75-year-old man attends the falls clinic with a 1-month history of increased falls. He reports falling five times over the past month. Previously, he was independently mobile, but now requires the assistance of a walking frame. His wife reports intermittent episodes of confusion followed by lucid periods.

He has a history of hypertension, alcoholic fatty liver disease, and gout.

On examination, he has normal power and sensation in the upper limbs. In the lower limbs, power is generally good, but he has a shuffling gait. Cranial nerve examination is unremarkable except for an inability to abduct his left eye on lateral gaze.

What is the most likely diagnosis?","[""Hepatic encephalopathy"", ""Lewy body dementia"", ""Normal-pressure hydrocephalus"", ""Subdural haematoma"", ""Wernicke's encephalopathy""]",Subdural haematoma,3,"Fluctuating confusion/consciousness? - subdural haematoma

In the elderly, especially those with a history of alcohol misuse, recurrent falls and fluctuating confusion should raise concern for a subdural haematoma. The left abducens (cranial nerve VI) palsy may represent a false localising sign due to raised intracranial pressure or midline shift from a space-occupying lesion. A CT head should be performed to assess for a subdural haematoma, which typically appears as a crescent-shaped collection of blood, most often due to rupture of bridging veins.

Hepatic encephalopathy

is a differential in patients with alcohol-related liver disease. However, in the absence of decompensation features (e.g. ascites, jaundice) and the presence of a focal cranial nerve deficit, it is less likely.

Lewy body dementia

can present with fluctuating cognition, hallucinations, and Parkinsonism (e.g. shuffling gait, rigidity). However, it would not explain the acute onset or cranial nerve palsy.

Normal-pressure hydrocephalus

presents with the classic triad of gait disturbance (typically a magnetic, broad-based gait), cognitive impairment, and urinary incontinence. It tends to develop gradually, whereas this case is more acute and focal.

Wernicke’s encephalopathy

is possible given the history of alcohol misuse. It typically presents with ophthalmoplegia, ataxia, and confusion. However, the isolated abducens palsy without nystagmus or cerebellar signs, and the pattern of fluctuating confusion, point more towards a structural lesion such as a subdural haematoma."
38,"A 76 year-old man is brought in to the Emergency Department with confusion, a temperature of 39.9 degrees Celsius and rigidity. From a recent clinic letter you see he lives alone at home and depends on help from his daughter, who has recently had a prolonged stay in hospital for appendicitis. Upon her discharge she went to see him, found him unwell and called 999. She had called him and he had been well the day before. He has a background of hypertension and Parkinson's disease for which he takes ramipril, amlodipine and 'a Parkinson's tablet' which he does not have with him. His chest x-ray and urine dip are clear and he is unable to give a history. A CT brain shows no acute abnormality.

What is the most appropriate intervention?","[""Broad spectrum antibiotics"", ""Neurosurgical referral"", ""Bromocriptine"", ""Intravenous aciclovir"", ""Cyproheptadine""]",Bromocriptine,2,
39,A 52-year-old man is prescribed apomorphine. What type of receptors does apomorphine act on?,"[""Opioid receptors"", ""GABA receptors"", ""Cholinergic receptors"", ""Dopamine receptors"", ""Muscarinic receptors""]",Dopamine receptors,3,"Apomorphine - dopamine receptor agonist

Apomorphine is one of the older dopamine receptor agonists. Newer agents such as ropinirole and cabergoline have since been developed"
40,"A 44-year-old male is seen in Neurology clinic after presenting with a subacute history of a headache. His headache seems to be worse on recumbency and coughing/sneezing.

On examination, upper and lower limbs are normal with intact cranial nerves. On closer examination of the oropharynx, there is evidence of palatal myoclonus. A CT scan confirms a space occupying lesion. Where is the lesion likely located?","[""Temporal lobe"", ""Olivary nucleus"", ""Parietal lobe"", ""Occipital lobe"", ""Frontal lobe""]",Olivary nucleus,1,
41,"A 24-year-old patient is referred to the neurology clinic. She has been experiencing intermittent jerking of her right upper limb. There is no loss of awareness during these episodes. They occur frequently and she finds them distressing. Her past medical history is unremarkable other than an episode of hypoxia at birth.

The examination at the time of review is unremarkable.


MRI brain	Encephalomalacia affecting the left motor cortex

Despite the use of levetiracetam, her symptoms persist.

What is the most appropriate medication to choose at this point?","[""Carbamazepine"", ""Clobazam"", ""Lamotrigine"", ""Lorazepam"", ""Sodium valproate""]",Lamotrigine,2,"Focal seizures not responding to first-line drug - try lamotrigine or levetiracetam (i.e. the first-line drug not already tried) and if neither help then carbamazepine

Lamotrigine

is the correct answer. The patient presents with simple focal seizures (i.e. seizures affecting one part of the body with preserved awareness). This is likely a consequence of perinatal hypoxic brain injury in this context. The first choice medication in this circumstance to prevent further seizures is either lamotrigine or levetiracetam. If one fails to adequately control seizures, the other is generally trialled.

Carbamazepine

is incorrect. This is a possible option to treat refractory focal seizures that have not responded to either lamotrigine or carbamazepine. It is not the first-line option.

Clobazam

is incorrect. This is typically used as an add-on therapy in difficult-to-control epilepsy on standard treatment. It would not be used as first-line treatment or monotherapy.

Lorazepam

is incorrect. This is used in acute active (typically generalized seizures) treatment. In this context, the patient is not seizing and requires treatment to prevent further seizures. Lorazepam is addictive, short-acting and can cause drowsiness so this would not be appropriate.

Sodium valproate

is incorrect. This medication is effective in most forms of epilepsy. However, it is teratogenic and is a less suitable option for women of childbearing age."
42,A 62-year-old man is seen in the rapid access transient ischaemic attack clinic following three episodes over the past two weeks of transient left sided weakness. What is the most appropriate advice to give with regards to driving?,"[""Cannot drive for 12 months"", ""Cannot drive until investigations complete"", ""Inform DVLA but can continue driving"", ""Cannot drive for 3 months"", ""Cannot drive for 1 month""]",Cannot drive for 3 months,3,"DVLA advice post multiple TIAs: cannot drive for 3 months

The correct answer is

Cannot drive for 3 months

. According to DVLA guidelines, following multiple TIAs, patients must not drive for 3 months from the date of the most recent attack. This is because multiple TIAs indicate a significant risk of a more serious cerebrovascular event. The patient must also inform the DVLA of their condition. After the 3-month period, they may resume driving if there have been no further episodes and any underlying conditions are appropriately managed.

Cannot drive for 12 months

is incorrect. A 12-month driving restriction is typically applied in cases of stroke where there are persistent neurological deficits, or in certain cases of epilepsy. This duration is excessive for TIAs with full recovery.

Cannot drive until investigations complete

is incorrect. While investigations are important to determine the cause of TIAs and initiate appropriate treatment, the driving restriction is based on the time since the last event rather than the completion of investigations.

Inform DVLA but can continue driving

is incorrect. Multiple TIAs represent a significant risk to road safety, and immediate cessation of driving is required. Simply informing the DVLA without stopping driving would be dangerous and against current guidelines.

Cannot drive for 1 month

is incorrect. This duration is insufficient for multiple TIAs. A one-month restriction might be appropriate for a single TIA, but multiple events within a short period indicate a higher risk and require a longer period of driving cessation."
43,"A 64-year-old man is referred to the neurology clinic. For the past few months, he has been bumping into door frames on his right-hand side. He describes difficulty seeing objects in the upper right part of his vision. He also reports brief, stereotyped episodes of smelling burnt rubber, followed by an intense feeling of déjà vu. Neurological examination is otherwise unremarkable.

What is the most likely location of the lesion?","[""Left parietal lobe"", ""Left temporal lobe"", ""Optic chiasm"", ""Right occipital cortex"", ""Left optic tract""]",Left temporal lobe,1,"Superior homonymous quadrantanopias are caused by lesions of the inferior optic radiations in the temporal lobe

The correct answer is

Left temporal lobe

. This patient's symptoms are consistent with a right superior homonymous quadrantanopia, often described as a 'pie in the sky' visual field defect. The visual pathway fibres for the superior visual field travel in the inferior optic radiations, which loop anteriorly into the temporal lobe (Meyer's loop) before projecting to the occipital cortex. A lesion affecting these fibres will cause a contralateral superior quadrantanopia. The mnemonic PITS (Parietal-Inferior, Temporal-Superior) is helpful for remembering this relationship. In this case, a right superior defect points to a left temporal lobe lesion. This localisation is strongly supported by the patient's other symptoms. The olfactory hallucination (smelling burnt rubber) and déjà vu are classic features of a temporal lobe seizure, also known as an uncinate fit, which originates from the uncus in the medial temporal lobe. Therefore, a single lesion in the left temporal lobe can explain both the visual disturbance and the seizure activity.

Left parietal lobe

is incorrect. A lesion in the left parietal lobe would damage the superior optic radiations. These fibres carry information from the inferior visual field. This would result in a contralateral (right) inferior homonymous quadrantanopia, often described as a 'pie on the floor' defect. The PITS mnemonic (Parietal-Inferior) helps to recall this. While a parietal lobe lesion could cause other neurological signs, such as sensory inattention or components of Gerstmann's syndrome, it would not typically cause the olfactory hallucinations and déjà vu described in the scenario, which are highly specific for temporal lobe pathology.

Optic chiasm

is an incorrect choice. Lesions compressing the optic chiasm, such as a pituitary adenoma, characteristically cause a bitemporal hemianopia. This is because the decussating nasal fibres from both eyes, which are responsible for the temporal visual fields, are affected. The visual field defect described by the patient is homonymous (affecting the same side of the visual field in both eyes) and quadrantic, which localises the lesion posterior to the optic chiasm (i.e., retrochiasmal).

Right occipital cortex

is incorrect. A lesion in the right occipital cortex would cause a contralateral, i.e., left-sided, visual field defect (a left homonymous hemianopia or quadrantanopia). The patient's symptoms are on the right side, which localises the lesion to the left cerebral hemisphere. While the occipital cortex is a common site for lesions causing quadrantanopias, the laterality is wrong in this option. Furthermore, isolated occipital lobe lesions would not typically cause the seizure semiology described.

Left optic tract

is incorrect. A lesion of the left optic tract, which is located between the optic chiasm and the lateral geniculate nucleus, would cause a right homonymous hemianopia. This would affect the entire right visual hemifield, not just the superior quadrant. While the laterality is correct, the pattern of visual field loss is different. Additionally, optic tract lesions typically produce an incongruous hemianopia (the defect is asymmetrical between the two eyes), and are not typically associated with the specific seizure phenomena described, which point more specifically to the temporal lobe cortex."
44,"A 68-year-old man presents to the emergency department with sudden-onset difficulty in speaking and comprehending language. He also has significant weakness of the right arm. He has a past medical history of diabetes and hypertension.

After examination, a CT head scan shows left-sided cerebral hypoattenuation, indicating ischaemia.

Given the likely diagnosis, he is referred to the appropriate team and spends a considerable amount of time in hospital. After discharge, the community team follows him up and wishes to measure his level of disability and dependence with regards to daily living.

Which of the following is best for this purpose?","[""Barthel scale"", ""FAST test"", ""MUST"", ""ROSIER scale"", ""Waterlow score""]",Barthel scale,0,"The Barthel index is a scale that measures disability or dependence in activities of daily living in stroke patients

The correct answer is the Barthel scale, or Barthel index. This patient has had a stroke - the Barthel scale allows for the measurement of disability or dependence in activities of daily living in stroke patients.

FAST is an acronym, often advertised to the general public, used to help recognise the early signs of stroke and improve responsiveness to their needs. It stands for facial drooping, arm weakness, speech difficulties and 'time to call the emergency services'. It would not be used in the longer-term assessment of post-stroke disability.

The MUST, or 'Malnutrition Universal Screening Tool', is used to identify malnourished adults or those at risk of malnutrition. Whilst it may be useful in stroke patients, especially in those who have difficulty with food intake post-stroke, it is not specifically measuring disability in stroke patients as the Barthel scale does.

The ROSIER scale, or 'Recognition of Stroke in the Emergency Room', is used in an emergency setting to differentiate acute stroke from stroke mimics. It would not play a role in longer-term stroke assessment.

The Waterlow score is used to estimate the risk of development of a pressure sore in a patient, factoring in variables such as mobility. Whilst it also may be useful in a stroke patient who has lost their mobility, it is not specifically designed to assess disability in stroke patients like the Barthel score."
45,"A 19-year-old female university student presents to the first seizure clinic after her flatmate became worried she had a fit first thing in the morning after a night out.

This seizure is the first she has had in her entire life. She does not drink or take recreational drugs but did feel sleep-deprived and dizzy prior to the seizure. The flatmate shows a video that reveals the seizure appearing to be tonic-clonic in nature, involving arms and legs, no incontinence, no tongue-biting and no post-ictal drowsiness.

Blood tests, lumbar puncture, CT head, MRI brain and electroencephalogram (EEG) are all unremarkable.

How long should this patient be advised they cannot drive for?","[""1 month"", ""2 years"", ""3 months"", ""6 months"", ""12 months""]",6 months,3,"Patients cannot drive for 6 months following a first unprovoked or isolated seizure if brain imaging and EEG normal

6 months is the correct option. The above seizure at this stage is most likely a result of vasovagal syncope due to exhaustion and sleep deprivation. Vasovagal syncope can result in collapse and subsequent jerking movements of the limbs, with a lack of epileptic seizure-associated symptoms such as incontinence, tongue-biting or post-ictal confusion. If the brain imaging and EEG are normal after a first seizure the patient must be informed that they cannot drive for 6 months after the date of the seizure.

1 month is incorrect as it is not a length of period for a driving ban for any seizures.

3 months is incorrect as it is not a length of period for a driving ban for any seizures.

12 months is an incorrect option in this case. 12 months driving ban applies to individuals who have had an epilepsy diagnosis or due to an abnormality in imaging or EEG. Epileptics who have had no seizures whilst awake for 12 months can return to driving if the Driving and Vehicle Licensing Agency (DVLA) are satisfied with the absence of seizures.

2 years is incorrect in this case as this option is too long for this type of seizure described."
46,Which one of the following is not a recognised adverse effect of phenytoin use?,"[""Slurred speech"", ""Nystagmus"", ""Gynaecomastia"", ""Diplopia"", ""Ataxia""]",Gynaecomastia,2,
47,"A 44-year-old woman presents to her neurologist with complaints of stiffness and involuntary spasms of her muscles. She has a background of relapsing-remitting multiple sclerosis. She takes natalizumab. She does not smoke or drink alcohol. She lives with her husband and two children.

On examination, there is evidence of increased tone in the upper limbs in a flexor distribution.

From the list below, what is the appropriate initial choice of medication to relieve her symptoms?","[""Dantrolene"", ""Diazepam"", ""Gabapentin"", ""Ropinirole"", ""Tizanidine""]",Gabapentin,2,"Baclofen and gabapentin are first-line for spasticity in multiple sclerosis

Gabapentin is the correct answer. This patient has symptoms and signs of spasticity secondary multiple sclerosis as evidenced by increased tone and rigidity in her upper limbs. The first-line treatment for spasticity in MS is either gabapentin or baclofen.

Dantrolene is incorrect. This is a second-line option for the treatment of spasticity in MS. It is a muscle relaxant. It is also used in the treatment of malignant hyperthermia.

Diazepam is incorrect. This benzodiazepine medication is a second-line option in the management of MS-associated spasticity if gabapentin or baclofen fail.

Tizanidine is incorrect. This is a short-acting muscle relaxant that can be used second line in spasticity associated with MS.

Ropinirole is incorrect. This medication is used to treat Parkinson's disease. There is increased tone in MS-associated spasticity but this is due to loss descending inhibition from the brain to the spinal cord, such that muscles become overactive and causes and ongoing level of contraction and resistance felt to passive stretch. This is a different mechanism to the increased tone associated with Parkinson's disease and therefore ropinirole is inappropriate."
48,A 62-year-old man is admitted to the Emergency Department with a left hemiplegia. His symptoms started around 5 hours but he initially thought he had slept in an awkward position. He has no past medical history of note but on examination is found to have and irregular pulse of 150 / min. The ECG confirms atrial fibrillation. A CT head is immediately arranged and reported as normal. What is the most appropriate initial management?,"[""Aspirin"", ""Aspirin + dipyridamole"", ""Alteplase"", ""Warfarin"", ""Aspirin + warfarin""]",Aspirin,0,
49,"A 28-year-old woman presents with a headache. For the four weeks, she has noticed an increased frequency of headaches, occurring nearly every day. She has a history of migraines but explains these headaches feel different. She usually takes paracetamol and sumatriptan, which she has taken every few days for the past couple of months.

Given the most likely diagnosis, what is the most appropriate management option?","[""Discontinue paracetamol and sumatriptan immediately"", ""Slowly withdraw both paracetamol and sumatriptan"", ""Withdraw paracetamol first, followed by sumatriptan"", ""Withdraw sumatriptan first, followed by paracetamol"", ""Withdraw sumatriptan only""]",Discontinue paracetamol and sumatriptan immediately,0,"Medication overuse headache

Discontinue paracetamol and sumatriptan immediately is the correct answer. Given her history of migraines and her frequent increased use of paracetamol and triptans, the most likely cause of her headaches is medication overuse. Therefore, as she had been taken simple analgesia and triptans only, these can be stopped abruptly.

Reducing the dose/ frequently gradually is incorrect. Gradual withdrawal is only required in opioid analgesia where as in this scenario the patient is taking paracetamol and triptans only.

Increasing the dose of sumatriptan would not be helpful here. As explained, the scenario points more towards medication overuse headaches, rather than worsening migraines.

Increasing the dose of paracetamol is also incorrect for the same reason."
50,"A 45-year-old woman with known multiple sclerosis for several years has been experiencing worsening muscle stiffness and difficulty in producing smooth movements. She has been taking baclofen for a year now but has had no effect.

What is the next best medication to help with these symptoms?","[""Botox"", ""Dantrolene"", ""Diazepam"", ""Gabapentin"", ""Tizanidine""]",Gabapentin,3,"Baclofen and gabapentin are first-line for spasticity in multiple sclerosis

Spasticity in multiple sclerosis is a result of demyelination along the nerves of the brain and spinal cord that control movement. Sometimes the stiffness caused by spasticity is slight and can actually be helpful by giving individuals more support to stand or turn. Mild spasticity is not painful. However, when spasticity is more severe, it can become painful. The simplest and most effective treatment is exercises guided by physiotherapy. First-line medications include baclofen and gabapentin.

Gabapentin is recommended as one of the first drugs to try in the treatment of spasms and spasticity by the NICE multiple sclerosis guideline. It is an anticonvulsant and used to treat neuropathic pain, but in higher doses can be effective against muscle spasms.

Diazepam is a muscle relaxant that can reduce stiffness and spasms. Because of side effects at higher doses, it may be more useful at night. Diazepam is no longer widely used to treat multiple sclerosis spasms and stiffness but can help some people if other treatments have not worked.

Botulinum toxin is a drug that is used to treat spasticity and spasms and bladder symptoms in multiple sclerosis. However, it is not used as first-line for spasticity and can be considered if conventional treatments prove ineffective.

Dantrolene sodium is useful for spasticity it acts by decreasing muscle tone, clonus, and muscle spasm. However, it is not used as first-line and can be considered if conventional treatments prove ineffective.

Tizanidine appears to reduce clinical spasticity and hyperreflexia in multiple sclerosis patients although no change in functional status was detected. Tizanidine may well serve as an alternate antispastic agent, alone or in combination with other agents."
51,"A 42-year-old woman presents with a two-week history of vertical diplopia and difficulty walking downstairs. She notes that the diplopia partially improves when she tilts her head to the right. She denies any history of trauma, diabetes, or hypertension, but reports a history of a viral illness two weeks before the onset of symptoms.

On examination, there is an upward deviation of the left eye at rest, worsened on a downward gaze. A compensatory right head tilt is observed. No proptosis or ptosis are present.

What is the most likely diagnosis?","[""Abducens nerve palsy"", ""Myasthenia gravis"", ""Oculomotor nerve palsy"", ""Superior oblique myokymia"", ""Trochlear nerve palsy""]",Trochlear nerve palsy,4,"Fourth cranial nerve (trochlear nerve) supplies the superior oblique muscle - this muscle is crucial for rotating the eye downward and outward → enables the eye to look down when it is adducted

Trochlear nerve palsy

is the correct diagnosis, as the patient's vertical diplopia, upward deviation of the left eye (hypertropia), exacerbation of symptoms on downward gaze, and compensatory head tilt are characteristic features of trochlear nerve palsy. The trochlear nerve (cranial nerve IV) innervates the superior oblique muscle, which facilitates depression and intorsion of the eye. A recent viral illness is a recognised risk factor for isolated cranial nerve palsies due to inflammation or ischemic events. The lack of systemic symptoms, proptosis, or ptosis further corroborates the diagnosis of trochlear nerve palsy. The head tilt helps to improve ocular alignment by compensating for weakness in the superior oblique muscle – a distinctive clinical sign that differentiates trochlear nerve palsy from other disorders.

Abducens nerve palsy

is an incorrect diagnosis because abducens nerve palsy typically presents with horizontal diplopia owing to weakness in the lateral rectus muscle, which impairs abduction of the affected eye. Patients usually exhibit an esotropia (inward deviation of the affected eye) that becomes more pronounced when gazing towards the lesioned side. In this case, however, the patient's predominant complaints of vertical diplopia, upward eye deviation, and compensatory head tilt strongly suggest the involvement of the trochlear nerve rather than abducens nerve dysfunction.

Myasthenia gravis

is also incorrect. While myasthenia gravis can cause diplopia, its hallmark is fluctuating symptoms that intensify with fatigue. It often affects multiple extraocular muscles leading to variable limitations in eye movements and ptosis; neither are present in this scenario. The persistent hypertropia, compensatory head tilt and recent viral illness indicate a trochlear nerve palsy rather than an autoimmune mechanism as seen in myasthenia gravis.

Oculomotor nerve palsy

does not fit with this presentation either. Oculomotor nerve palsy generally results in ptosis and impaired adduction, elevation and depression of the affected eye, leading to a 'down-and-out' resting position. Pupillary involvement may suggest a compressive etiology such as an aneurysm. However, this patient's upward deviation of the eye (not down-and-out) and compensatory head tilt do not align with oculomotor nerve palsy signs. Moreover, trochlear nerve palsy provides a better explanation for vertical diplopia and symptom exacerbation during downward gaze.

Superior oblique myokymia

is not consistent with this patient’s presentation since it causes episodic monocular vertical oscillations rather than constant vertical diplopia. Patients often report sensations akin to 'quivering' within their eye – not described here. The continuous nature of this patient’s diplopia alongside upward deviation of her eye and alleviation through head tilting are indicative signs of trochlear nerve palsy rather than myokymia."
52,"A 62-year-old woman presents to the Emergency Department with a 3-hour history of severe headache and double vision. She describes the headache as sudden onset and the worst she has ever experienced. On examination, she has a right-sided ptosis, a dilated right pupil that is unreactive to light, and her right eye is deviated downward and outward. She is unable to adduct, elevate, or depress her right eye. Her blood pressure is 168/92 mmHg. She has no other neurological deficits.

What is the most likely diagnosis?","[""Migraine with aura"", ""Posterior communicating artery aneurysm"", ""Cavernous sinus thrombosis"", ""Diabetic third nerve palsy"", ""Myasthenia gravis""]",Posterior communicating artery aneurysm,1,"Painful third nerve palsy = posterior communicating artery aneurysm

Posterior communicating artery aneurysm

is the most likely diagnosis in this case. The patient presents with a classic triad of sudden severe headache ('thunderclap headache'), painful complete third nerve palsy with pupillary involvement, and no other significant neurological deficits. The oculomotor nerve (CN III) passes in close proximity to the posterior communicating artery, and an aneurysm at this location can compress the nerve, causing a painful third nerve palsy. Importantly, the pupillary fibres run superficially in the nerve and are affected early in compressive lesions, leading to pupillary dilatation. The combination of ptosis, eye deviation (down and out due to unopposed action of the fourth and sixth cranial nerves), and pupillary dilatation is highly suggestive of a complete third nerve palsy. Given the acute onset and severe headache, an aneurysm with possible subarachnoid haemorrhage must be urgently considered, and the patient requires immediate neuroimaging (CT angiography or MR angiography).

Migraine with aura

can present with headache and visual disturbances, but would not cause a third nerve palsy with pupillary involvement. While ophthalmoplegic migraine is a rare condition that can cause transient oculomotor nerve palsy, it typically occurs in younger patients, develops gradually over hours to days, and is a diagnosis of exclusion. The sudden onset of severe headache with neurological deficits in this patient requires urgent investigation for a more serious underlying cause.

Cavernous sinus thrombosis

typically presents with multiple cranial nerve palsies (III, IV, V1, V2, and VI), proptosis, chemosis, and often signs of infection such as fever. Patients usually have risk factors such as facial infection or sinusitis. The isolated third nerve palsy without other cavernous sinus syndrome features makes this diagnosis less likely in this case.

Diabetic third nerve palsy

is characteristically pupil-sparing because the ischaemia affects the central portion of the nerve while sparing the superficial pupillomotor fibres. This patient has pupillary involvement, which makes a compressive rather than ischaemic aetiology more likely. Additionally, diabetic third nerve palsies typically have a less acute onset and are not usually associated with severe headache.

Myasthenia gravis

can cause ptosis and ophthalmoplegia, but the pattern is typically variable and fluctuating rather than fixed. Pupillary function is preserved in myasthenia gravis as the pupils are not under voluntary muscle control. The acute onset, severe headache, and pupillary involvement all argue against myasthenia gravis in this case."
53,"A 42-year-old gentleman is seen in General Practice with double vision, weakness and a dry mouth.

He has a known history of type 1 diabetes, hypothyroidism and small cell lung cancer.

On examination, you note a bilateral ptosis and proximal muscle weakness in the upper limbs with absent reflexes. With sustained isometric contraction of the upper limbs, you note an improvement in the weakness. He also has weakness of neck flexion and eyelid elevation after sustained upgaze.

What is the likely autoantibody associated with this condition?","[""Anti-Musk antibody"", ""Anti-mitochondrial antibody"", ""Anti-voltage-gated calcium channel antibody"", ""Anti-Jo1 antibody"", ""Anti-Mi2 antibody""]",Anti-voltage-gated calcium channel antibody,2,
54,"A 40-year-old man presents with a one-week history of progressive weakness in both legs, difficulty walking, and mild numbness in his lower limbs. He also describes a sensation of tightness around his chest and urinary incontinence. Two months ago, while in Thailand, he had unprotected sex and developed low-grade fever, sore throat, fatigue, and generalised lymphadenopathy.

Neurological exam shows decreased sensation to light touch, temperature, and pinprick below the T6 level, lower limb weakness (3/5), hyperreflexia, and upgoing plantar responses.

What is the most likely diagnosis?","[""Acute demyelinating polyneuropathy"", ""HIV vacuolar myelopathy"", ""Miller Fisher syndrome (MFS)"", ""Syringomyelia"", ""Transverse myelitis""]",Transverse myelitis,4,"Transverse myelitis can be caused by viral infection - such as varicella, herpes simplex, EBV and HIV

Transverse myelitis

is the correct answer. Transverse myelitis is an inflammatory condition of the spinal cord that causes rapid-onset motor and sensory deficits below the level of the lesion. This patient’s acute onset of progressive lower limb weakness, sensory disturbances (decreased sensation to light touch, temperature, and pinprick), urinary incontinence, and chest tightness is highly suggestive of transverse myelitis. The band-like sensation, often described as tightness or pressure around the torso, is commonly associated with the sensory disturbance seen in transverse myelitis. The patient’s recent travel history, unprotected sex, and prior systemic symptoms (fever, sore throat, lymphadenopathy) further support a viral cause, such as from HIV, EBV, or other infections. Primary HIV-associated acute transverse myelitis can arise early in the course of infection, particularly during seroconversion, whereas HIV vacuolar myelopathy and opportunistic infections are more common in uncontrolled or advanced HIV disease. Therefore, transverse myelitis is the most likely diagnosis in this case.

Acute demyelinating polyneuropathy

, such as Guillain-Barré syndrome (GBS), typically presents with ascending weakness and sensory changes in a symmetric pattern. It is more commonly associated with distal muscle weakness and reflex loss. However, this patient presents with progressive lower limb weakness, sensory loss below T6, and chest tightness, which are more indicative of a central nervous system lesion. Furthermore, the patient’s fever, sore throat, and lymphadenopathy, along with the acute onset of symptoms, are not consistent with GBS.

HIV vacuolar myelopathy

is a progressive neurological disorder caused by chronic HIV infection, typically affecting the spinal cord and leading to spastic paraparesis, sensory disturbances, and bowel/bladder dysfunction. However, this condition typically progresses over months to years, rather than presenting acutely. The patient’s acute onset of symptoms, including fever and lymphadenopathy, alongside a history of unprotected sex, points to a more acute process. HIV vacuolar myelopathy generally occurs later in HIV disease, often in the setting of uncontrolled or advanced disease, which is not consistent with this patient’s presentation.

MFS

is a variant of Guillain-Barré syndrome characterised by ataxia, ophthalmoplegia, and areflexia. While it can present acutely, the patient's symptoms—particularly the lower limb weakness and sensory changes below the T6 level—do not align with MFS. The absence of cranial nerve involvement, especially ophthalmoplegia, and the presence of hyperreflexia and upgoing plantar responses further differentiate this from MFS. This makes MFS an unlikely diagnosis in this case.

Syringomyelia

involves the formation of a cyst or cavity within the spinal cord, often leading to a 'cape-like' distribution of sensory loss, usually in the upper limbs, along with motor weakness. While this patient has sensory disturbances and weakness, the clinical presentation—especially the band-like chest tightness and clear sensory loss below T6—does not align with the characteristic presentation of syringomyelia. Moreover, syringomyelia generally presents more insidiously over time, rather than acutely, as seen in this patient."
55,"A 30-year-old woman is taken to the emergency department by her wife due to severe agitation and hallucinations. On further probing, she appears to be having delusions and her thinking is very disordered. Whilst being examined, she experiences a seizure. An MRI scan of the head demonstrates abnormalities in the frontal and temporal lobes.

The medical team are called to review and, suspecting a rare condition, perform a specialist blood test which later comes back with the following result:


Anti-NMDA receptor antibodies	Positive

Given the likely underlying cause, which of the following scans is most important to perform?","[""CT scan of the abdomen"", ""Chest X-ray"", ""High-resolution CT scan of the chest"", ""Pelvic ultrasound"", ""Positron emission tomography (PET) scan of the head""]",Pelvic ultrasound,3,"Ovarian teratoma is associated with Anti-NMDA receptor encephalitis

The correct answer is pelvic ultrasound. The condition being described here is anti-NMDA receptor encephalitis, given the presence of confusion, seizures and altered mental state, as well as the antibodies found in the serum. It is a paraneoplastic syndrome, with the most common cause in female patients being ovarian teratomas. The diagnostic tool of choice for these is pelvic ultrasound.

A CT scan of the abdomen is therefore incorrect. CT scans of the area are very sensitive in the diagnosis of ovarian teratoma but are generally avoided due to ionising radiation.

A chest X-ray would not aid in the diagnosis of ovarian teratoma. There are, however, several paraneoplastic syndromes associated with chest malignancies, but not anti-NMDA receptor encephalitis.

Similarly, a high-resolution CT scan of the chest would not provide any benefit in the diagnosis of ovarian teratoma.

A PET scan of the head may be used to aid the diagnosis of anti-NMDA receptor encephalitis, especially if CT or MRI scans of the head are initially normal. However, the question asks about the underlying cause - ovarian teratoma - and so pelvic ultrasound is needed."
56,"A 65-year-old man with a history of Parkinson's disease is referred to the respiratory clinic with shortness of breath. He has never smoked. Spirometry is performed:


	Percentage
predicted
FEV1	71%
FVC	74%

Which one of the following drugs is most likely to be responsible?","[""Levodopa"", ""Entacapone"", ""Ropinirole"", ""Selegiline"", ""Pergolide""]",Pergolide,4,
57,You review a 70-year-old woman four days after she was admitted with a suspected stroke. Unfortunately she has been left with right sided sensory loss affecting her arms more than the legs and a right sided homonymous hemianopia. Functionally she has difficulty dressing her self. Examination of her cranial nerves is unremarkable. What area is the stroke most likely to have affected?,"[""Middle cerebral artery"", ""Lacunar"", ""Anterior cerebral artery"", ""Posterior cerebral artery"", ""Posterior inferior cerebellar artery""]",Middle cerebral artery,0,"Contralateral hemiparesis and sensory loss with the upper extremity being more affected than the lower, contralateral homonymous hemianopia and aphasia - middle cerebral artery

The correct answer is

Middle cerebral artery

. This patient presents with a classic middle cerebral artery (MCA) stroke syndrome. The MCA supplies a large portion of the lateral cerebral hemisphere, including the lateral frontal, temporal, and parietal lobes. The patient's symptoms of right-sided sensory loss affecting the arms more than the legs is consistent with involvement of the left primary sensory cortex in the parietal lobe, which has a larger representation for the upper limbs compared to the lower limbs. The difficulty with dressing herself suggests apraxia, which is also consistent with parietal lobe involvement. While the homonymous hemianopia is more typically associated with posterior cerebral artery territory, it can occur with large MCA strokes that extend posteriorly to involve the optic radiations.

Lacunar

is incorrect. Lacunar strokes are small infarcts (typically <15mm) in the deep white matter, basal ganglia, or brainstem, caused by occlusion of small penetrating arteries. They typically present with one of five classic syndromes: pure motor hemiparesis, pure sensory stroke, ataxic hemiparesis, dysarthria-clumsy hand syndrome, or sensorimotor stroke. The combination of sensory loss, homonymous hemianopia, and apraxia (difficulty dressing) indicates a larger cortical stroke rather than a lacunar infarct.

Anterior cerebral artery

is incorrect. The anterior cerebral artery (ACA) supplies the medial surface of the frontal and parietal lobes, including the lower limb motor and sensory cortices. ACA strokes typically cause contralateral lower limb weakness and sensory loss, with relative sparing of the face and upper limb. This patient's presentation with arm sensory loss greater than leg involvement is the opposite pattern to what would be expected in an ACA stroke. Additionally, homonymous hemianopia is not a feature of ACA territory infarcts.

Posterior cerebral artery

is incorrect. While the posterior cerebral artery (PCA) does supply the occipital lobe and medial temporal lobe, and PCA strokes commonly cause homonymous hemianopia, they typically do not cause the pattern of sensory loss described (arms more than legs) or the functional difficulty with dressing (suggesting parietal lobe involvement). PCA strokes may cause visual field defects, alexia, colour agnosia, and sometimes memory impairment, but not the combination of symptoms presented in this case.

Posterior inferior cerebellar artery

is incorrect. The posterior inferior cerebellar artery (PICA) supplies the inferior cerebellum and lateral medulla. PICA territory infarcts typically present with Wallenberg syndrome (lateral medullary syndrome), characterised by ipsilateral facial sensory loss, ipsilateral Horner's syndrome, ipsilateral cerebellar signs, ipsilateral palatal weakness, and contralateral spinothalamic sensory loss. The patient's presentation with homonymous hemianopia and cortical sensory loss affecting the arm more than the leg is not consistent with a PICA territory infarct."
58,"A 59-year-old man with no significant past medical history is admitted to hospital following an ischaemic stroke. He presented outside of the thrombolysis window and is treated with aspirin for the first few days. His blood pressure is 130/80 mmHg, fasting glucose is 5.6 mmol/l and fasting cholesterol is 3.9 mmol/l. He makes a good recovery and has regained nearly all of his previous functions upon discharge. Following recent NICE guidelines, which of the following medications should he be taking upon discharge (i.e. after 14 days)?","[""Aspirin + statin"", ""Aspirin + dipyridamole + statin + ramipril"", ""Clopidogrel + statin"", ""Aspirin + dipyridamole"", ""Aspirin + dipyridamole + statin""]",Clopidogrel + statin,2,
59,"A 58-year-old man is referred to the urgent neurology clinic following an episode of unresponsiveness 2 days ago. He recalls a sudden onset of disorientation and word-finding difficulty which resolved after 30 minutes. His past medical history includes hypertension and type 2 diabetes for which he takes ramipril, amlodipine, indapamide, metformin, and gliclazide. He is an ex-smoker.

On examination, his heart rate is 76bpm and regular with a blood pressure of 135/80mmHg. There is reduced pin-prick sensation over the hands and feet in a glove and stocking distribution, but the remainder of his neurological examination is unremarkable.

What is the most appropriate treatment for the secondary prevention of his symptoms?","[""Aspirin"", ""Aspirin and dipyridamole"", ""Clopidogrel"", ""Sitagliptin"", ""Warfarin""]",Clopidogrel,2,"Antiplatelets

This patient has had a transient ischaemic attack. A TIA is a transient episode of neurological dysfunction caused by focal brain, spinal cord, or retinal ischaemia without acute infarction. The immediate treatment of choice is to load with aspirin 300mg. However, this question asks about the most appropriate treatment for secondary prevention. NICE guidelines recommend clopidogrel 75mg daily as the standard antiplatelet therapy for patients with a TIA.

Aspirin is used in the initial setting of an acute TIA. In regards to secondary prevention, aspirin 75mg daily may be used if clopidogrel and alternative antiplatelets such as dipyridamole are contraindicated or not tolerated. However, it is not the first line.

The addition of modified-release dipyridamole 200mg twice daily with aspirin 75mg is another alternative treatment that can be considered if clopidogrel is not tolerated. However, there is nothing in the question to suggest contraindication or intolerance to clopidogrel as of yet.

In addition to antiplatelet therapy, NICE guidelines recommend lipid modification, including atorvastatin use, and tight control of anti-hypertensive and diabetic medication. This patient has reduced sensation in a glove and stocking distribution suggesting poorly controlled diabetes. However, without additional information including drug doses and an HbA1c level, it is difficult to determine whether additional anti-diabetic medication is needed at this stage.

The need for anticoagulation is indicated depending on the presence of atrial fibrillation or atrial flutter and the patient's CHADSVASC and HAS-BLED scores. This patient's heart rate is regular which excludes the need for warfarin therapy."
60,"A 44-year-old woman presents to her Neurology clinic due to ongoing headaches. She has been troubled by frontal headaches for six months. These have proved refractory to analgesia, and she feels they are getting more frequent and more intense. She is currently taking codeine and paracetamol four times a day; ibuprofen three times a day, and sumatriptan for particularly severe episodes. Her neurologist suspects that her headaches may be caused by medication overuse, and suggests that she should try coming off her medications.

What is the most appropriate way in which to withdraw her analgesia?","[""Gradually withdraw all analgesia"", ""Stop all analgesia abruptly"", ""Stop codeine; gradually wean paracetamol, ibuprofen and sumatriptan"", ""Stop paracetamol and ibuprofen; gradually wean sumatriptan and codeine"", ""Stop paracetamol, ibuprofen and sumatriptan; gradually decrease codeine""]","Stop paracetamol, ibuprofen and sumatriptan; gradually decrease codeine",4,"Medication overuse headache

The correct answer is

stop paracetamol, ibuprofen and sumatriptan; gradually decrease codeine

. Medication overuse headaches may be seen in patients who have been taking regular analgesia for headaches for a sustained period (usually months). They are exacerbated by increased doses of analgesics, and the definitive treatment is to withdraw analgesia altogether. The correct way in which to do this is to stop triptans and simple analgesia such as paracetamol and NSAIDs abruptly, but withdraw any opioid analgesia gradually.

Gradually withdraw all analgesia

is incorrect as this patient's paracetamol, ibuprofen and sumatriptan can all be stopped abruptly.

Stop all analgesia abruptly

is incorrect as this patient's codeine should be tapered down gradually to reduce the risk of discontinuation symptoms.

Stop codeine; gradually wean paracetamol, ibuprofen and sumatriptan

is incorrect as codeine should be withdrawn gradually, whilst her other analgesia should be stopped instantly.

Stop paracetamol and ibuprofen; gradually wean sumatriptan and codeine

is incorrect as sumatriptan can be stopped abruptly in this patient."
61,"A 42-year-old woman is referred to the clinic having been diagnosed with a phaeochromocytoma after originally presenting with episodes of headaches, tachycardia and sweating. Given its relatively rare frequency, the patient is screened for an underlying cause.

Following investigations an autosomal dominant condition that predisposes patients to neoplasia is confirmed. The syndrome is due to an abnormal gene located on the short arm of chromosome 3 and is associated with visceral cysts and tumours.

What cancer is most commonly associated with this patient's syndrome?","[""Adrenal cortex"", ""Ovarian"", ""Pancreatic"", ""Parafollicular cells"", ""Renal cell""]",Renal cell,4,"Phaeochromocytoma, renal cell cancer → ?Von Hippel-Lindau syndrome

This patient has presented with a phaeochromocytoma secondary to the rare genetic disorder Von Hippel-Lindau syndrome (VHL). This syndrome is a result of a mutation in the VHL tumour suppressor gene situated on chromosome 3 and predisposes patients to visceral cysts and tumours. The commonest cancer associated with the condition is

renal cell

carcinoma and therefore this should be screened for in any patient confirmed with VHL syndrome.

VHL syndrome is mostly associated with phaeochromocytoma, a tumour of the adrenal gland affecting the inner medulla region, not the outer

adrenal cortex

. As the medulla region is responsible for the release of catecholamines such as adrenaline, norepinephrine, and dopamine, phaeochromocytomas result in a massive increase in these hormones and the classic features of tachycardia, hypertension and sweating etc.

VHL syndrome is associated with malignancies and cysts of multiple organs, specifically endocrine organs, however, defects of the

ovaries

are not commonly associated with the condition.

Pancreatic

cyst is one of the most common features of VHL syndrome however malignancy of the organ is rare and far less common than renal cell cancers.

Although predominately endocrine organs the thyroid and parathyroid are not commonly affected in VHL syndrome and therefore

parafollicular cell

cancer is rare."
62,"A 54-year-old man is admitted to the Emergency Department with a left hemiplegia. His symptoms started around 5 hours ago and he has had no headache, visual disturbance or loss of consciousness. On examination a dense left hemiplegia is noted. Blood pressure is 120/78 mmHg, GCS is 15/15 and pupils are equal and reactive to light. An urgent CT scan is performed shortly after his arrival. This demonstrates no abnormality. What is the most appropriate initial management?","[""Enoxaparin"", ""Alteplase"", ""Dexamethasone"", ""Warfarin"", ""Aspirin""]",Aspirin,4,"Stroke thrombolysis - 'standard criteria' is within 4.5 hours and haemorrhage excluded (but other patients may be eligible based on imaging)

This patient has had an ischaemic stroke. He is however outside the thrombolytic window and should therefore be treated with aspirin"
63,"A 45-year-old woman presents with pain associated with muscle spasticity in the context of relapsing-remitting multiple sclerosis. Baclofen is initiated with the aim of reducing spasticity.

What is the mechanism of action of this medication?","[""Gamma-aminobutyric acid (GABA) receptor agonist"", ""Gamma-aminobutyric acid (GABA) receptor antagonist"", ""N-methyl-D-aspartate receptor (NMDA) receptor agonist"", ""N-methyl-D-aspartate receptor (NMDA) receptor antagonist"", ""Muscarinic M3 receptor antagonist""]",Gamma-aminobutyric acid (GABA) receptor agonist,0,"Baclofen is an agonist of GABA receptors that acts in the central nervous system

Baclofen is an agonist of GABA receptors and is used as a muscle relaxant to treat spasticity conditions such as multiple sclerosis and cerebral palsy.

An example of a GABA antagonist is flumazenil. Baclofen is an agonist rather than antagonist at GABA receptors.

An example of an NDMA agonist is the toxin responsible for

Amanita muscaria

poisoning. Baclofen exerts its effects at GABA rather than NMDA receptors.

An example of an NMDA antagonist is memantine, used in moderate to severe Alzheimer's dementia. Baclofen exerts its effects at GABA rather than NMDA receptors.

An example of a commonly used muscarinic M3 receptor antagonist is buscopan, used to treat pain associated with bowel wall spasm and respiratory secretions during end-of-life care. Baclofen exerts its effects at GABA rather than muscarinic receptors."
64,"A 75-year old gentleman presents with a short history of neck pain, paraesthesia in his finger tips and progressive leg weakness. Following a MRI scan of his spine, he is diagnosed with degenerative cervical myelopathy due to a C4/5 disc prolapse. Which of the following is the most appropriate management?","[""Cervical decompressive surgery"", ""Cervical nerve root injection"", ""Analgesia and referral to physiotherapy"", ""Analgesia and review in 4 weeks time"", ""Analgesia, a hard cervical collar and review in 4 weeks""]",Cervical decompressive surgery,0,
65,"A 28-year-old woman is referred to the neurology clinic after experiencing two seizures in the past month. During these episodes, she reports a strange smell followed by lip smacking and unresponsiveness lasting approximately 2 minutes. She has no significant medical history and takes no regular medications. Her neurological examination is normal. An MRI brain shows a small area of focal cortical dysplasia in the right temporal lobe. An EEG demonstrates right temporal epileptiform discharges.

What is the most appropriate first-line antiepileptic medication?","[""Carbamazepine"", ""Ethosuximide"", ""Lamotrigine"", ""Phenytoin"", ""Sodium valproate""]",Lamotrigine,2,"Focal seizures: lamotrigine or levetiracetam are first-line

Lamotrigine

is the correct answer. This patient is presenting with focal seizures, characterised by the aura (strange smell) followed by automatisms (lip smacking) and altered awareness. The MRI findings of focal cortical dysplasia in the temporal lobe and the EEG showing right temporal epileptiform discharges further support the diagnosis of focal epilepsy. According to NICE guidelines, lamotrigine or levetiracetam are recommended as first-line treatments for focal seizures. Lamotrigine is particularly appropriate in this case as it has a favourable side effect profile and is suitable for a woman of childbearing age. The patient has had two seizures and has a structural abnormality on brain imaging, which are clear indications for initiating antiepileptic treatment according to current guidelines. Lamotrigine is typically started at a low dose and gradually titrated up to minimise the risk of adverse effects, particularly skin rashes.

Carbamazepine

is not the most appropriate first-line choice for this patient. While carbamazepine is effective for focal seizures, it is considered a second-line agent according to current NICE guidelines, after lamotrigine or levetiracetam. Carbamazepine has more drug interactions than lamotrigine and can induce liver enzymes, potentially affecting hormonal contraception. It also carries a higher risk of idiosyncratic reactions and may cause hyponatraemia. In women of childbearing potential, there are also concerns about teratogenicity, although less so than with sodium valproate.

Ethosuximide

is not appropriate for this patient. Ethosuximide is specifically indicated as first-line therapy for absence seizures (petit mal), which are a type of generalised seizure characterised by brief lapses in awareness without convulsions. This patient is clearly experiencing focal seizures with temporal lobe origin as evidenced by the aura, automatisms, and the EEG findings. Ethosuximide would not be effective for controlling focal seizures and would leave the patient at risk of continued seizures and potential progression to secondary generalisation.

Phenytoin

is not recommended as first-line therapy for newly diagnosed epilepsy according to current guidelines. It has a narrow therapeutic window requiring blood level monitoring, complex pharmacokinetics, numerous drug interactions, and significant adverse effects with long-term use including gingival hyperplasia, hirsutism, and osteoporosis. These cosmetic side effects can be particularly problematic for young women. Additionally, phenytoin has been associated with teratogenicity, making it less suitable for women of childbearing age.

Sodium valproate

is contraindicated as first-line therapy in women of childbearing potential according to strengthened MHRA guidance. This is due to the significant risk of congenital malformations and neurodevelopmental disorders in children exposed to valproate in utero. The MHRA advises that valproate must not be started in people (male or female) younger than 55 years unless two specialists independently consider and document that there is no other effective or tolerated treatment. Given that there are effective alternatives (lamotrigine or levetiracetam) for focal seizures, sodium valproate would be inappropriate in this 28-year-old woman."
66,"A 42-year-old woman with a history of myasthenia gravis is admitted to the Emergency Department. She is currently taking pyridostigmine but there has been a significant worsening of her symptoms following antibiotic treatment for a chest infection. On examination she is dyspnoeic and cyanotic with quiet breath sounds in both lungs. Other than respiratory support, what are the two treatments of choice?","[""IV methylprednisolone or plasmapheresis"", ""IV methylprednisolone or intravenous immunoglobulins"", ""Plasmapheresis or atropine"", ""IV methylprednisolone or atropine"", ""Plasmapheresis or intravenous immunoglobulins""]",Plasmapheresis or intravenous immunoglobulins,4,
67,"A 59-year-old man presents following a loss of consciousness while at work. He reports new-onset horizontal diplopia and a 2-week history of severe headache. The headache is worst in the morning and when lying down. It is mild in intensity at the time of interview and had been gradually worsening over the past few months. Examination reveals left-sided ptosis and the left eye is abducted, depressed and intorted when the right eye is in the primary position of gaze. There is anisocoria present, with the left pupil fixed and mydriatic compared to the right. The patient is sent for neuroimaging.

What is the most likely cause of this presentation?","[""Demyelination secondary to multiple sclerosis"", ""Ischaemic neuropathy"", ""Ophthalmoplegia secondary to migraine"", ""Subarachnoid haemorrhage"", ""Uncal herniation""]",Uncal herniation,4,"Raised ICP can cause a third nerve palsy due to herniation

Intracranial

herniation

may occur when there is a pressure gradient between two different intracranial compartments. Signs of uncal herniation may include loss of consciousness, hypertension, bradycardia and Cheyne-Stokes respiration. In this patient's case, there is likely to be an underlying supratentorial space-occupying lesion. The indolent history of headaches which are worst in the morning is typical of a slowly developing cause of raised ICP. The recent onset of loss of consciousness and diplopia is likely to represent herniation, a life-threatening complication of raised ICP.

Demyelination secondary to multiple sclerosis

is unlikely to present with headaches and loss of consciousness. It also typically affects central pathways causing nuclear or intranuclear lesions, with the most common example being intranuclear ophthalmoplegia.

Ischaemic neuropathy

is unlikely to cause loss of consciousness. It also typically causes a pupil sparing lesion though some mild anisocoria may be present.

Ophthalmoplegia secondary to migraine

is a possible differential diagnosis for headaches with a third nerve palsy, however, it is important to exclude alternative life-threatening causes first. Loss of consciousness is a worrying sign which is unlikely to be seen in migraines, and the patient's headaches seem more typical for raised intracranial pressure.

Subarachnoid haemorrhage

is one of the most important differentials to exclude when evaluating a patient with a third nerve palsy with pupillary involvement. Typically they will have features of a sudden-onset, severe headache, though this may not always be present. In this vignette, the patients' headache came on gradually and was mild at the time of presentation."
68,"A 32-year-old woman is brought to her GP by her husband who is worried about her behaviour. He is concerned that the patient seems to be mentally 'slowing down' and seems increasingly disorientated and clumsy. The patient has been diagnosed with multiple sclerosis and was started on a new medication by her neurologist two months ago. On examination, she has dysarthria and an ataxic gait. A neurology consultation was sought, and the reactivation of a certain polyomavirus was found to be the cause of the new symptoms.

What medication had the patient taken that might lead to such a reactivation?","[""Beta-interferon"", ""Glatiramer acetate"", ""Natalizumab"", ""Ocrelizumab"", ""Riluzole""]",Natalizumab,2,"Natalizumab can cause reactivation of the JC virus causing progressive multifocal leukoencephalopathy (PML)

The correct answer is

natalizumab

, which can cause reactivation of the John Cunningham virus (JC) leading to progressive multifocal leukoencephalopathy (PML). The symptoms of progressive ataxia, dysarthria, cognitive impairment and generalised weakness raise the possibility of progressive multifocal leukoencephalopathy (PML) and this is further supported by the identification of a polyomavirus cause. Natalizumab is a recombinant monoclonal antibody used in the management of multiple sclerosis (MS). It can cause reactivation of the (JC) virus, which causes PML when it infects the oligodendrocytes.

Beta-interferon

can be used in the management of MS but is very rarely associated with PML. It is not as effective as newer medications such as natalizumab.

Riluzole

is not used in the treatment of MS, it used in the management of motor neurone disease.

Glatiramer acetate

is an immunomodulating drug used to treat MS that is less effective than newer monoclonal antibody therapies such as natalizumab. There is no association with PML.

Ocrelizumab

is a humanized anti-CD20 monoclonal antibody is used to treat MS but is only very rarely associated with PML."
69,"You review a 47-year-old man in clinic. He has been referred with difficult to control hypertension despite taking a combination of lisinopril, indapamide and amlodipine. Whilst examining the patient you note over 15 large cafe-au-lait spots on his trunk. Some axillary freckling is also present. His blood pressure (despite medication) is 170/94 mmHg and pulse 90/min.

Routine bloods are ordered:


Hb	15.2 g/dl
Platelets	201 * 109/l
WBC	5.2 * 109/l


Na+	141 mmol/l
K+	4.3 mmol/l
Urea	6.1 mmol/l
Creatinine	88 µmol/l

Urine dipstick is normal. Which one of the following investigations is most likely to be diagnostic?","[""MRI brain"", ""24 hr urinary cortisol"", ""Glucose tolerance test with growth hormone measurements"", ""Renal arteriography"", ""24 hr urinary collection of catecholamines""]",24 hr urinary collection of catecholamines,4,
70,"A 64-year-old woman presents with migraine and her daughter says that she noticed that when she asked her mum to repeat a phrase she said she could not.

The patient has been having migraines for years and they have always been accompanied by a visual aura of flashing lights and nil else. There are no focal neurological signs and CT brain is unremarkable.

Upon further questioning, the patient can follow simple and complex commands (open eyes and touch left hand to right ear) and when asked can name 4 animals in a minute. She is also fluent and understandable when asking her general questions. However, when the patient is asked to repeat 3 simple words and a sentence she cannot.

What is this type of dysphasia?","[""Anomic dysphasia"", ""Broca's dysphasia"", ""Conductive dysphasia"", ""Transcortical motor dysphasia"", ""Wernicke's dysphasia""]",Conductive dysphasia,2,"Conduction dysphasia: speech fluent, but repetition poor. Comprehension is relatively intact

Conductive dysphasia is correct as this dysphasia is characterised by word finding difficulties (hence only 4 animals named) and difficulty in repeating phrases. However, people with conduction difficulties still have intact language comprehension and relatively fluent speech and the sentence structure is intact, but may lack meaning.

Anomic dysphasia is incorrect as this describes a dysphasia with characteristic word finding difficulties with the use of generic fillers (e.g. 'thing') or circumlocution. People with this dysphasia are fluent, their comprehension is intact and repetition of words/phrases good.

Broca's dysphasia is incorrect as this describes a dysphasia where the speech is non-fluent and repetition of words is also poor. Comprehension is normal in Broca's.

Transcortical motor dysphasia is incorrect. This dysphasia presents similarly to Broca's dysphasia, but in transcortical motor there are strong repetition skills; speech is non-fluent and comprehension intact.

Wernicke's dysphasia is incorrect as this results from damage to Wernicke's area in the temporal lobe and impairs language comprehension, repetition of words and phrases. In Wernicke's dysphasia speech is fluent with intact sentence structure but lacks meaning."
71,"A 66-year-old woman is taken to the emergency department by her son, who suspects that she may have had a stroke.

On examination, she has right-sided facial pain and temperature sensation loss. She has left-sided arm and leg pain, with associated temperature sensation loss of the left arm and leg. Ataxia is also demonstrated, as well as nystagmus.

Given the findings, which artery is most likely to have been affected?","[""Anterior cerebral artery"", ""Anterior inferior cerebellar artery"", ""Middle cerebral artery"", ""Posterior cerebral artery"", ""Posterior inferior cerebellar artery""]",Posterior inferior cerebellar artery,4,"Lateral medullary syndrome can be caused by PICA strokes

The cluster of signs and symptoms described here are indicative of lateral medullary syndrome, also known as Wallenberg syndrome. This is most commonly due to blockage of the posterior inferior cerebellar artery, causing ischaemia of the lateral part of the medulla oblongata in the brainstem. The loss of temperature sensation, and pain, arise from the involvement of the lateral spinothalamic tract.

Strokes involving the anterior cerebral artery classically present with contralateral hemiparesis and sensory deficits, with the lower extremities being affected worse than upper. The opposite side of the face being affected in this scenario points more towards lateral medullary syndrome here.

A stroke involving the anterior inferior cerebellar artery would present with symptoms similar to lateral medullary syndrome - this artery supplies the pons and the cluster of signs is known as lateral pontine syndrome. In addition to the findings of lateral medullary syndrome, facial paralysis and deafness would be expected, which are not described in this scenario.

Middle cerebral artery involvement would present with contralateral hemiparesis, with upper extremities affected more than lower. Contralateral homonymous hemianopia may also be present, and aphasia. These are not mentioned in this scenario.

Posterior cerebral artery involvement would present with contralateral homonymous hemianopia with macular sparing, and visual agnosia."
72,A 60-year-old gentleman with a background of lumbar spondylosis and chronic back pain presents with gradually worsening bilateral upper limb paraesthesias and leg stiffness. Which one of the investigations below is diagnostic for his likely condition?,"[""Nerve conduction studies and EMG"", ""MRI Cervical spine"", ""MRI Lumbar Spine"", ""CT C-spine"", ""AP and lateral C-spine radiographs""]",MRI Cervical spine,1,
73,Which one of the following is least associated with myotonic dystrophy?,"[""Dysphagia"", ""Aortic regurgitation"", ""Diabetes mellitus"", ""Testicular atrophy"", ""Learning difficulties""]",Aortic regurgitation,1,"D

The correct answer is

Aortic regurgitation

. Myotonic dystrophy is a type of muscular dystrophy that affects muscles and other body systems. It presents with muscle stiffness (myotonia) and muscle weakness, but it also has systemic manifestations including cataracts, endocrine changes, and cardiac abnormalities. However, the cardiac abnormalities associated with myotonic dystrophy are typically arrhythmias and conduction defects rather than valvular heart diseases such as aortic regurgitation.

Discussing the incorrect answers:

Dysphagia

is indeed associated with myotonic dystrophy. This condition affects several types of muscle tissue, including those in the gastrointestinal tract which can lead to dysphagia or difficulty swallowing.

Diabetes mellitus

is another condition linked to myotonic dystrophy. The disease can affect the function of the pancreas leading to insulin resistance and eventually diabetes mellitus.

Testicular atrophy

is also seen in males with myotonic dystrophy due to disruption in hormonal regulation.

Finally,

learning difficulties

are often present in congenital forms of myotonic dystrophy. Cognitive impairment may range from attention deficits to intellectual disability depending on the severity of the disease."
74,"A worried mother brings in her 13-year-old girl who has been dropping things in the morning due to sudden jerks in her arms. Her teacher has also reported that in the first hours of class she sometimes seems to 'zone out' and not listen at all. Her mother is worried that she may have epilepsy, as the child's aunt does. The child has been otherwise developing normally and is clinically well today.

What is the most likely diagnosis?","[""Atonic seizures"", ""Focal seizures"", ""Infantile spasms"", ""Juvenile myoclonic epilepsy"", ""Lennox-Gastaut syndrome""]",Juvenile myoclonic epilepsy,3,"Juvenile myoclonic epilepsy is classically associated with seizures in the morning/following sleep deprivation

Juvenile myoclonic epilepsy (JME), also known as Janz syndrome, typically presents in teenage years with a triad of:

Myoclonic seizures (sudden, shock-like muscle jerks), present in all cases by definition, these may cause patients to drop things.
Generalised tonic-clonic seizures, present in 2/3 of the cases, may develop later.
Absence seizures (daytime 'staring spells'), present in 1/3 of the cases.

All of the different types of seizures in JME are more likely to occur in the morning, within hours of waking, and are worsened/triggered by sleep deprivation. JME is more common in girls. Up to 50% of cases may be photosensitive. EEG may show generalised spike and wave or polyspike and slow-wave discharges. Treatment is with sodium valproate.

Atonic seizures are a type of generalised seizures characterised by loss of tone. While dropping things can be a feature in atonic seizures, they are more commonly described as 'drop attacks', where patients suddenly fall or limp, or their head may slump. Atonic seizures would not explain the staring spells.

Focal seizures (partial seizures) can be divided into focal aware (simple partial), awareness unknown, or focal impaired awareness (complex partial). They may be motor (e.g. Jacksonian march), non-motor (e.g. jamais vu) or have other features such as aura. In this child, the presence of 'staring spells' (absence seizures) rules out partial seizures, as they are a generalised form of seizures.

Infantile spasms (West's syndrome) are brief spasms in the first few months of life (up to 6 months) associated with progressive developmental delay and a poor prognosis. This child does not have developmental delay and her age makes this diagnosis extremely unlikely.

Lennox-Gastaut syndrome may be the progression into early childhood (onset around 1-5 years) of infantile spasms, typically presenting with falls, jerks and atypical absence seizures and in most cases associated with considerable developmental delay. Again, this child does not have developmental delay and her age makes this diagnosis less likely."
75,"A 35-year-old woman presents with a three-month history of progressive stiffness and weakness in her legs, associated with difficulty walking and urinary urgency. She recalls a transient episode of visual loss in her left eye three years ago, which resolved spontaneously.

Neurological examination reveals bilateral spasticity, hyperreflexia, and ongoing plantar reflexes.

MRI of the brain reveals multiple periventricular hyperintensities and spinal imaging shows a short-segment lesion in the thoracic spinal cord.

Which is the strongest evidence to confirm the diagnosis?","[""Antibodies to aquaporin-4 in serum"", ""Cerebrospinal fluid (CSF) oligoclonal bands not present in serum"", ""Gadolinium enhancement of the spinal lesion"", ""Longitudinally extensive spinal cord lesion"", ""T2 hyperintensities in the basal ganglia""]",Cerebrospinal fluid (CSF) oligoclonal bands not present in serum,1,"Multiple sclerosis is a cause of spastic paraparesis

Cerebrospinal fluid (CSF) oligoclonal bands not present in serum

is the correct answer because the detection of oligoclonal bands (OCBs) exclusively in cerebrospinal fluid, with their absence in serum, is a characteristic feature of multiple sclerosis (MS). This finding suggests local production of IgG within the central nervous system. OCBs are found in approximately 95% of individuals diagnosed with MS and serve as an important diagnostic marker when considered alongside clinical presentation and imaging results. The patient's clinical symptoms, such as spastic paraparesis and urinary issues, together with MRI findings indicative of MS, make the presence of OCBs a significant factor in confirming this diagnosis.

Antibodies to aquaporin-4 in serum

is an incorrect option since these antibodies are indicative of neuromyelitis optica spectrum disorder (NMOSD), which can present with similarities to MS. NMOSD typically features severe optic neuritis that is often bilateral and extensive spinal cord lesions extending over three or more vertebral segments. In contrast, the MRI observations of periventricular lesions and a shorter spinal lesion align more closely with MS rather than NMOSD.

Gadolinium enhancement of the spinal lesion

is incorrect because although gadolinium uptake indicates active inflammation and supports the presence of an inflammatory demyelinating disease, it lacks specificity for MS. Gadolinium enhancement can be seen in various conditions including NMOSD, sarcoidosis, or other inflammatory diseases. While it signifies active disease pathology, it does not specifically confirm MS.

Longitudinally extensive spinal cord lesion

is an incorrect choice as this refers to a lesion that extends across three or more vertebral segments, which is typical for NMOSD rather than MS. Given that this patient has a short-segment lesion on spinal imaging consistent with MS pathology, the presence of a longitudinally extensive lesion would not be expected and therefore does not aid in diagnosing MS.

T2 hyperintensities in the basal ganglia

is also incorrect due to its nonspecific nature; such findings may be associated with various other conditions such as vascular diseases, toxic-metabolic disorders, or neurodegenerative processes. Basal ganglia hyperintensities are not commonly seen in MS and thus do not support its diagnosis."
76,A 41-year-old man presents with a two week history of headaches around the left side of his face associated with watery eyes. He describes having about two episodes a day each lasting around 30 minutes. On examination he has a red left eye and a partial left ptosis. There is no past medical history of note other than migraines as a child. What is the likely diagnosis?,"[""Atypical migraine"", ""Cluster headache"", ""Trigeminal neuralgia"", ""Acute angle closure glaucoma"", ""Cavernous sinus thrombosis""]",Cluster headache,1,"Episodic eye pain, lacrimation, nasal stuffiness occurring daily - cluster headache

The correct answer in this case is

Cluster headache

. Cluster headaches are characterised by severe unilateral pain around the eye or temple, often accompanied by autonomic symptoms such as watery eyes, nasal congestion, and ptosis. They typically occur in clusters, with multiple attacks per day for several weeks followed by a remission period. The patient's presentation of two episodes a day each lasting around 30 minutes, along with the presence of autonomic features like red left eye and partial left ptosis, strongly suggest cluster headache.

Atypical migraine

is an incorrect answer because although migraines can present with unilateral headaches, they usually last for hours to days and are associated with nausea, vomiting, photophobia or phonophobia. Additionally, migraines do not typically present with autonomic features like watery eyes and ptosis.

Trigeminal neuralgia

is also an incorrect answer as it presents with sudden onset of severe facial pain that lasts for seconds to minutes and is triggered by specific activities such as talking or chewing. The pain in trigeminal neuralgia does not have the same temporal pattern as the patient's symptoms and does not involve autonomic features.

Acute angle closure glaucoma

is an incorrect option because while it can cause severe headache and red eye, it would also present with other symptoms such as blurred vision, halos around lights, and a fixed mid-dilated pupil. Additionally, the pain in acute angle closure glaucoma is continuous rather than episodic.

Finally,

cavernous sinus thrombosis

is unlikely given the patient's presentation. Cavernous sinus thrombosis presents with severe headache along with other neurological signs such as ophthalmoplegia (eye movement restriction), proptosis (bulging of the eye), decreased visual acuity or even altered mental status due to the involvement of the cavernous sinus. The patient's symptoms do not match this clinical picture.

In summary, the patient's presentation of episodic severe unilateral headaches associated with autonomic features is most consistent with a diagnosis of cluster headache."
77,"A 28-year-old man presents with hearing loss which has progressively worsened over the past 6 months. On thing for examination, air conduction is better compared to bone conduction in both ears, and Weber's test does not lateralise. You also note a bilateral loss of the corneal reflex.

What is the most likely diagnosis?","[""Li-Fraumeni syndrome"", ""Neurofibromatosis type 1 (NF1)"", ""Neurofibromatosis type 2 (NF2)"", ""Tuberous sclerosis"", ""Von Hippel-Lindau syndrome""]",Neurofibromatosis type 2 (NF2),2,"Loss of corneal reflex - think acoustic neuroma

Neurofibromatosis type 2 (NF2)

is correct. The clinical features are suggestive of bilateral acoustic neuromas. Weber's and Rinne's tests are consistent with bilateral sensorineural hearing loss. Bilateral vestibular schwannomas are frequently seen in NF2.

Li-Fraumeni syndrome

is incorrect. Li-Fraumeni syndrome (LFS) is an inherited predisposition to a wide range of certain cancers caused by pathogenic TP53 germline variants. Both children and adults are susceptible to developing multiple cancers, most notably soft-tissue and bone sarcomas, breast cancer, brain tumours, adrenocortical carcinoma and leukaemia. Acoustic neuromas are not classically associated with this condition.

Neurofibromatosis type 1 (NF1)

is incorrect. NF1 is a multisystem disorder characterized by multiple cafe au lait macules, intertriginous freckling, multiple cutaneous neurofibromas, and learning disability or behaviour problems. Acoustic neuromas are not classically associated with this condition.

Tuberous sclerosis

is incorrect. This condition can manifest in multiple organ systems with the cutaneous and renal systems being the most commonly affected. Renal angiomyolipoma, cysts, and carcinoma can also occur. Acoustic neuromas are not classically associated with this condition.

Von Hippel-Lindau syndrome

is incorrect. Von Hippel-Lindau (VHL) syndrome is characterized by hemangioblastomas of the brain, spinal cord, and retina; renal cysts and clear cell renal cell carcinoma. Acoustic neuromas are not classically associated with this condition."
78,"Whilst on the acute medicine unit ward round a 30-year-old woman with known relapsing-remitting multiple sclerosis, who is currently suffering from profuse bloody diarrhoea secondary to isolated shigella toxin, states that she feels dizzy and has blurry vision which is worse when looking to the right. She also reports a painful left eye.

Upon ocular examination: external eye examination is normal. Visual acuity is normal on right, but says her left eye can only make out blurry shapes. Both pupils are normal size, however the right reacts quickly to your pen-torch and the left slowly with an associated relative afferent pupillary defect. Visual field examination was normal. When testing the extraocular muscles the left eye was slow at adducting and a couple of beats of horizontal jerk nystagmus were noted on the right with abduction. On fundoscopy the right was normal and on the left disc pallor was seen.

Where on an MRI head would you see evidence of demyelination in this young woman?","[""Left parietal lobe"", ""Left paramedian area of the midbrain and pons"", ""Optic chiasm"", ""Right occipital cortex"", ""Right paramedian area of the midbrain and pons""]",Left paramedian area of the midbrain and pons,1,"The medial longitudinal fasciculus is located in the paramedian area of the midbrain and pons

Left paramedian area of the midbrain and pons is correct as the left medial longitudinal fasciculus (MLF) is located in this region. The left sided lesion to the MLF is evidenced by the conjugate gaze palsy with the ipsilateral left eye unable to adduct and the contralateral right abduction nystagmus. The described clinical manifestation is more complex, with optic neuritis of the left eye evident from the pain, reduced visual acuity, RAPD and optic disc pallor on this side. Therefore demyelination of the left optic nerve would also be seen on MRI.

Left parietal lobe is incorrect as a lesion of the left parietal lobe optic radiation would typically cause an inferior homonymous quadrantanopia.

Optic chiasm is incorrect as a lesion at the optic chiasm would result in a loss of both temporal (peripheral) visual fields.

Right occipital cortex is incorrect as active disease or damage in the right occipital cortex would generally cause visual disturbances and a homonymous hemianopia (if in inferior bank of occipital cortex would cause superior homonymous quadrantanopia, whereas superior bank would cause inferior homonymous quadrantanopia) and the visual field examination in this case is normal.

Right paramedian midbrain and pons is incorrect as a lesion in this region would affect the right side of the medial longitudinal fasciculus and cause the mirror opposite of the symptoms described above."
79,"A 72-year-old man with a past medical history of hypertension and a previous non-alcoholic fatty liver disease presented to the emergency department of a tertiary centre hospital at 09:00 am with a dense right-sided hemiparesis.

The patient's wife reports that she had difficulty waking him this morning at 08:00 am and noted a right-sided facial droop with associated weakness of the right arm. She called an ambulance immediately. Before going to bed last night at 21:00 pm, the patient was well and walking around as normal

On examination, the patient was found to have a dense hemiparesis affecting the right arm and lower part of the face with associated increased tone and sensory loss. Plantars were downgoing. The patient was dysarthric and communication was difficult. Pupils are equal and reactive.

The patient's blood pressure is 154/80 mmHg.

A CT scan was performed


CT angiogram head	Area of low attenuation in the area of the left middle cerebral artery with mild evidence of swelling in the left parietal area. Reduced perfusion from the proximal left middle cerebral artery suggestive of a subacute infarct of the proximal left middle cerebral artery. No evidence of bleed or haemorrhagic transformation


ECG	Atrial fibrillation, no acute ST changes

What is the most appropriate next management?","[""Refer to interventional radiology for thrombectomy"", ""Referral to neurosurgical team for decompressive craniotomy"", ""Thrombolysis with alteplase"", ""Start apixaban 5mg twice daily and manage conservatively"", ""Aspirin 300mg once daily and manage conservatively""]",Refer to interventional radiology for thrombectomy,0,"Large artery acute ischaemic stroke? Consider mechanical clot retrieval

The correct answer is to refer the patient to the interventional radiology team for thrombectomy. In the scenario presented the patient has had a 'wake-up stroke' and has been previously well in the last 24 hours. The NICE guidelines (NG 128) recommend that thrombectomy can be offered to patients with a confirmed ischaemic stroke of the anterior circulation confirmed on CT angiogram or MR angiogram if the patient was last known to be well in the last 24 hours. Importantly, this also includes 'wake-up' strokes.

Referral to the neurosurgical team is incorrect as the most appropriate next management. Neurosurgical intervention may be required for a decompressive craniectomy, however, this is usually only necessary in cases of haemorrhagic strokes or within the first 48 hours of an ischaemic stroke where there is evidence of a compressive effect. In this case, more immediate management of the clot is required.

Thrombolysis with alteplase is indicated for patients in whom it is not contraindicated within the first 4.5 hours of symptom onset. It is not indicated in the case of 'wake-up strokes'. In this scenario, the last time the patient was known to be well is over 4.5 hours and hence this option would not be indicated. If there was no access to a local thrombectomy service then conservative management would have to be considered at this point.

Starting apixaban at this stage would not be appropriate. The patient has atrial fibrillation and has a CHA²DS²-VASc score of 4 and so would be a candidate for long term anticoagulation, however, anticoagulation is not indicated in the acute phase.

Starting aspirin 300mg as soon as possible is indicated in patients who have a confirmed stroke. However, the patient should be referred to the thrombectomy service in the first instance and it would be appropriate to withhold aspirin until a decision is made about this treatment. The patient should also be considered for thrombectomy before being simply managed conservatively."
80,"A 33-year-old Indian man presented with a 5-day history of fevers, vomiting and dizziness. He had recently come back from a trip to Kerala and had been treated with a two-week course of clarithromycin for a bout of prolonged severe sinusitis by his GP. This was due to the fact that he had been suffering from severe frontal headaches, difficulty sleeping and periorbital swelling. He has a background of tuberculosis (TB) and is currently on treatment with rifampicin and isoniazid.

On examination, there was some slurring dysarthria and mild coarse nystagmus to the left. His observation shows a temperate of 38.3ºC, pulse 93 beats per minute, blood pressure 120/80mmHg and oxygen saturation 93% on room air.

What is the most likely diagnosis?","[""TB meningitis"", ""Cerebellar metastases"", ""Cerebellar haemorrhage"", ""Cerebellar abscess"", ""Chronic sinusitis""]",Cerebellar abscess,3,"Cerebellar abscesses are most commonly caused by otogenic diseases like mastoiditis and sinusitis infections

Brain abscesses are focal areas of intracerebral pus collection which occur due to a number of causes. In particular, cerebellar abscesses most commonly occur due to infections such as mastoiditis and sinusitis infections.

Cerebellar haemorrhage is a more acute vascular event which would have a quicker onset and likely present with stronger neurological signs with sudden onset headache, dizziness, vomiting, vertigo, truncal ataxia and impairment of consciousness.

Chronic sinusitis is referred to when the cavities around nasal passages - known as sinuses - remain inflamed and swollen for at least 12 weeks, in spite of various treatment attempts.

TB meningitis would present with fever and chills, neck stiffness, photophobia associated with mental changes.

Cerebellar metastases would present with headaches (the most common symptom of brain metastases), nausea, vomiting, difficulty walking, seizures with speech disturbance."
81,"A 38-year-old woman presents to neurology clinic after being referred by her GP. She has a past medical history of crohn's disease which is currently well controlled on a vegan diet.

She describes a 2-month history of gradual onset numbness in both feet.

On examination, the patient's gait is ataxic. Romberg's test is positive. There is loss of proprioception and vibration sense to the mid shin bilaterally. Plantars are upgoing bilaterally, with absent ankle jerks.

You suspect the patient has subacute combined degeneration of the spinal cord. Which part of the nervous system is affected?","[""The posterior and anterior spinocerebellar tracts of the spinal cord"", ""The cerebellum"", ""The dorsal column and lateral corticospinal tracts of the spinal cord"", ""The lateral corticospinal tract of the spinal cord"", ""The dorsal column and ventral spinothalamic tracts of the spinal cord""]",The dorsal column and lateral corticospinal tracts of the spinal cord,2,"In subacute combined degeneration of the spinal cord, the dorsal columns and lateral corticospinal tracts are affected

Subacute combined degeneration of the spinal cord (SACD) occurs as a result of vitamin B12 deficiency. Vitamin B12  is absorbed in the terminal ileum, along with intrinsic factor.

Patients at high risk of vitamin B12 deficiency include:

Vegans (due to decreased dietary intake)
History of gastric or intestinal surgery
Pernicious anaemia
Malabsorption (especially crohn's disease as it often affects the terminal ileum)
Medications including proton-pump inhibitors and metformin can also reduce absorption of vitamin B12.

SACD affects the dorsal columns and lateral corticospinal tracts of the spinal cord, resulting in loss of proprioception and vibration sense, followed by distal paraesthesia. It typically presents with a mixture of upper and lower motor neuron signs, classically with extensor plantars, brisk knee reflexes, and absent ankle jerks. Therapy with vitamin B12 results in partial to full recovery, depending on the duration and extent of neurodegeneration.

In a patient with both vitamin B12 and folic acid deficiency, the vitamin B12 deficiency must be treated first to avoid precipitating subacute combined degeneration of the cord."
82,"A 34-year-old female presents due to a number of 'funny-dos'. She describes a sensation that her surroundings are unreal, 'like a dream'. Following this she has been told that she starts to smack her lips, although she has no recollection of doing this. What is the most likely diagnosis?","[""Myoclonic seizure"", ""Focal aware seizure"", ""Focal impaired awareness seizure"", ""Focal to bilateral seizure"", ""Absence seizure""]",Focal impaired awareness seizure,2,
83,"A 37-year-old man is admitted to the neurology ward with a 10-day history of worsening headache and nausea. He has no significant medical history but recently underwent dental extraction for a molar abscess. On examination, he is alert but has left-sided facial weakness and mild papilloedema. CT brain shows a solitary ring-enhancing lesion in the right frontal lobe with surrounding oedema. What is the most appropriate initial intravenous antibiotic regimen?","[""IV vancomycin + meropenem"", ""IV flucloxacillin + gentamicin"", ""IV amoxicillin + aciclovir"", ""IV 3rd-generation cephalosporin + metronidazole"", ""IV piperacillin-tazobactam alone""]",IV 3rd-generation cephalosporin + metronidazole,3,"Brain abscess: IV 3rd-generation cephalosporin + metronidazole

IV 3rd-generation cephalosporin + metronidazole

is the correct answer as this combination provides broad-spectrum cover against both aerobic and anaerobic bacteria, including Streptococci and anaerobes commonly implicated in brain abscesses, especially those arising from oral or dental sources. UK guidelines recommend this regimen as first-line empirical therapy for brain abscess prior to culture results. The addition of metronidazole ensures adequate coverage of anaerobic organisms which are frequently encountered in abscesses related to dental sepsis.

IV vancomycin + meropenem

could be considered if there was suspicion of resistant organisms (e.g., post-neurosurgical infection or immunocompromised patients), but it is not first-line for community-acquired brain abscess following dental infection. Meropenem does provide good CNS penetration, but vancomycin targets Gram-positive organisms like MRSA rather than typical causative pathogens seen here.

IV flucloxacillin + gentamicin

would be used primarily for staphylococcal infections, such as endocarditis or bone/joint infections, and lacks sufficient anaerobic coverage needed for an abscess likely seeded from oral flora. Gentamicin also has poor CNS penetration and would not be effective monotherapy for a cerebral abscess.

IV amoxicillin + aciclovir

might be used empirically where viral encephalitis (such as HSV) or Listeria is suspected, particularly in older adults or immunosuppressed individuals, but does not provide adequate anaerobic cover nor target typical pathogens in this scenario.

IV piperacillin-tazobactam alone

, while broad-spectrum and covering some anaerobes, may not achieve optimal concentrations within the CNS compared to a third-generation cephalosporin plus metronidazole. It is more often reserved for severe hospital-acquired infections."
84,A 14-year-old male is noted to have optic atrophy on fundoscopy. Neurological exam reveals dysarthric speech and nystagmus. Knee and ankle jerks are absent but there is an extensor plantar response. What is the likely diagnosis?,"[""Leber's optic atrophy"", ""Ataxic telangiectasia"", ""Friedreich's ataxia"", ""Subacute combined degeneration of the cord"", ""Multiple sclerosis""]",Friedreich's ataxia,2,
85,"A 27-year-old woman with a background of dystonia of unknown cause has attended the neurology clinic with her mother for review.

For the past 12 months, she has been having increasingly frequent and worsening muscle rigidity and spasms that have been difficult to control.

Today she is being considered for insertion of an intrathecal baclofen pump to try and improve her symptoms.

Which receptor does it act on?","[""Gamma Aminobutyric Acid (GABA)"", ""Muscarinic acetylcholine (mACh)"", ""N-methyl-D-aspartate (NMDA)"", ""Serotonin-3 (5-HT3)"", ""α-amino-3-hydroxy-5-methyl-4-isoxazolepropionic acid (AMPA)""]",Gamma Aminobutyric Acid (GABA),0,"Baclofen is an agonist of GABA receptors that acts in the central nervous system

Baclofen is a

GABA

agonist, more specifically, a GABA

B

agonist, that is used to treat muscle spasticity. It can be given orally or intrathecally.

There are five

muscarinic acetylcholine

receptors, M

1

to M

5

, which each having a variety of functions. There are multiple agonists, such as pilocarpine, and antagonists, such as atropine, oxybutynin, and ipratropium.

NMDA

receptors are more commonly associated with their antagonistic response. Agents such as ketamine bind to NMDA receptors causing hallucinogenic effects as well as anaesthesia.

Agonists of

5-HT3

include ethanol, however, antagonists are more widely known, such as olanzapine, ondansetron, lamotrigine, and quinine.

AMPA

receptors are more commonly associated with inhaled anaesthetics, such as sevoflurane, as well as barbiturates, such as sodium thiopental."
86,"A 32-year-old woman presents to the emergency department with a constant, global headache that has progressively worsened over the past month. The pain is more severe in the morning and exacerbates when she coughs or strains. She currently takes only the combined oral contraceptive pill.

On neurological examination, bilateral papilloedema is noted but no other abnormalities are found. Her body mass index (BMI) is 35 kg/mÂ².

A CT scan of her head shows no abnormalities.

What is the mechanism of action of the medication most likely to be prescribed?","[""Blockage of voltage sensitive sodium channels"", ""Carbonic anhydrase inhibitor"", ""Glucocorticoid receptor agonist"", ""Inhibition of prostaglandin synthesis"", ""Serotonin receptor antagonist""]",Carbonic anhydrase inhibitor,1,"Acetazolamide is a carbonic anhydrase inhibitor that is used to treat idiopathic intracranial hypertension

Carbonic anhydrase inhibitor

is the correct answer. The patient presents with a chronic headache that worsens in the morning and upon coughing or straining, which suggests elevated intracranial pressure. A CT scan of the head rules out a mass lesion. Clinical examination confirms papilloedema. Given her multiple risk factors for idiopathic intracranial hypertension'including contraceptive pill use, age, gender, and weight'this is the most likely diagnosis. Acetazolamide, a carbonic anhydrase inhibitor, is indicated for treatment.

Blockage of voltage-sensitive sodium channels

is incorrect. This describes the mechanism of action of carbamazepine, which is utilised in managing trigeminal neuralgia. Trigeminal neuralgia typically causes brief shock-like pains within the distribution of the trigeminal nerve and occurs episodically. It does not present with papilloedema; thus, this option is not applicable.

Glucocorticoid receptor agonist

is incorrect. Prednisolone acts through this mechanism and may be used to alleviate headaches associated with giant cell arteritis'a condition predominantly affecting patients over 50 years old. As this patient falls outside of the typical age range for this diagnosis, selecting glucocorticoid receptor agonist as the appropriate treatment would be inappropriate.

Inhibition of prostaglandin synthesis

is incorrect. Indomethacin functions through this mechanism and serves as a non-steroidal anti-inflammatory drug (NSAID) for treating short-lasting unilateral neuralgiform headache attacks. These headaches are characterised by intense sharp pain but do not involve papilloedema; therefore, this choice is incorrect.

Serotonin receptor antagonist

is incorrect. Triptans operate via serotonin antagonism and are used primarily for acute migraine management; however, migraines usually manifest as episodic and unilateral rather than constant and global pain without associated papilloedema, rendering this option invalid."
87,A 29-year-old man with a history of schizophrenia is taken to the local Emergency Department as he is generally unwell. He is currently taking olanzapine and citalopram. On examination he is noted to have a temperature of 37.0ºC and his blood pressure is 170/100 mmHg. Which other examination finding would best support a diagnosis of neuroleptic malignant syndrome?,"[""Ataxia"", ""Hyperreflexia"", ""Muscle rigidity"", ""Tremor"", ""Papilloedema""]",Muscle rigidity,2,
88,"A 72-year-old man becomes confused at the end of a charity walk for Alzheimer's. He is brought to the hospital by paramedics because he repeatedly asked other attendees on the walk why he was there and how he had got there. There is no past medical history of note and he takes no regular medication. He is orientated in time and person and knows he has been brought to the hospital. His blood pressure is 123/82 mmHg, his pulse is 70 beats per minute and regular. The neurological exam is unremarkable, routine blood tests and CT head are normal. He gradually recovers over the course of 3hrs.

What is the most appropriate intervention?","[""Aspirin"", ""Clopidogrel"", ""Reassurance"", ""Rivaroxaban"", ""Warfarin""]",Reassurance,2,
89,You are working on the neurology ward. A 32-year-old woman with two young children has just been diagnosed with a chronic neurological disease after presenting with acute double vision. Two years ago she had an episode of acute vertigo which she put down to labyrinthitis. She has had an MRI scan of her brain and spine. She wants to know what sort of disease course she should expect. Which of the following patterns is most likely for the first several years of the disease?,"[""Symptoms affecting peripheral nervous system first, and central nervous system later"", ""Occasional flares of new symptoms in different areas of the body with variable recovery in between"", ""A slow and gradual accumulation of symptoms over the next 20 years"", ""Symptoms gradually ascending up her body starting with foot drop"", ""Rapid accumulation of new symptoms initially but slowing after around 10 years""]",Occasional flares of new symptoms in different areas of the body with variable recovery in between,1,"The most common pattern for progression of multiple sclerosis is relapsing-remitting

The correct answer is 2. This woman is likely to have multiple sclerosis (MS). She has distinct lesions in different areas of her brain and spine, which have developed at different times.

There are four disease patterns in MS (clinically isolated syndrome, relapsing-remitting MS, primary progressive MS, and secondary progressive MS). The most likely disease course is relapsing and remitting - the occasional onset of new symptoms with complete or partial recovery in between episodes and the gradual accumulation of disability.

NICE: multiple sclerosis

https://www.nice.org.uk/guidance/CG186/chapter/1-Recommendations#providing-information-and-support"
90,"A 56-year-old man presented to the emergency department with a sudden-onset occipital headache and slurred speech. He described a constant throbbing pressure like headache and associated visual disturbances. His past medical history consists of type-2 diabetes mellitus and hypertension.

On examination, he had an irregularly irregular pulse. Assessment of his cranial nerves demonstrated left homonymous hemianopia. Power was grossly intact across the limbs and his gait was normal.

Which of the following initial investigations would be most appropriate?","[""Carotid doppler"", ""Echocardiogram"", ""T2-weighted MRI head scan"", ""Non-contrast CT head scan"", ""24-hour holter monitoring""]",Non-contrast CT head scan,3,"Non-contrast CT head scan is the first line radiological investigation for suspected stroke

Non-contrast CT head (NCCT) scan is the first-line radiological investigation for suspected stroke due to its speed of imaging, widespread availability, and low cost. More importantly, to rule out an intracranial haemorrhage or a large infarct.

Echocardiography (both transthoracic and transesophageal) is an extensively used and versatile technique that gives comprehensive information on thromboembolic risk in patients with stroke but is not a first-line investigation. It does form an important part of stroke work-up.

Conventional MRI sequences such as T2 weighted images offer little benefit over NCCT in their sensitivity to stroke detection within the first hours. However, newer sequences, notably diffusion-weighted MRI and perfusion-weighted imaging offer considerable increases in diagnostic sensitivity and are better validated than CT scanning in defining pathophysiological parameters such as tissue viability in acute ischaemic stroke, which often end up being second-line investigations.

Carotid doppler scanning helps determine stroke risk and the need for preventive measures including surgical intervention but would offer limited value as a first-line investigation. A carotid doppler scan is undertaken if you are considered to be at risk of having a stroke due to reduced blood flow in the carotid arteries.

24-hour Holter monitoring and 12-lead electrocardiogram (ECG) are used to reveal the arrhythmic causes of stroke such as atrial fibrillation but would not be conducted in the acute phase."
91,You are examining a patient who complains of double vision. Whilst looking forward the patient's right eye turns downwards and outwards. On attempting to look to the patient's left the patient is unable to adduct the right eye and double vision worsens. On looking right the angle of the squint is less. What is the most likely underlying problem?,"[""Left 3rd nerve palsy"", ""Left 6th nerve palsy"", ""Right 3rd nerve palsy"", ""Right 4th nerve palsy"", ""Right 6th nerve palsy""]",Right 3rd nerve palsy,2,
92,You are asked to perform a neurological exam of the lower limbs on a patient with multiple sclerosis. Which one of the following findings is least typical?,"[""Decreased tone"", ""Patellar clonus"", ""Upgoing plantars"", ""Weakness"", ""Brisk reflexes""]",Decreased tone,0,
93,A 34-year-old man who is known to suffer from focal impaired awareness seizures is reviewed in the neurology clinic. He has not been able to tolerate either carbamazepine or sodium valproate. What is the most appropriate next line drug?,"[""Phenytoin"", ""Lamotrigine"", ""Ethosuximide"", ""Topiramate"", ""Clonazepam""]",Lamotrigine,1,
94,"A 50-year-old man presents with a 2-month history of a progressive headache that is worse in the morning, nausea and reduced appetite. He adds that he has also been bumping into hanging objects more often.

On examination of his cranial nerves, he is found to have a left superior homonymous quadrantanopia. His visual acuity is normal.

It is suspected that he might have a space-occupying lesion and an urgent MRI brain has been arranged.

Based on the ophthalmological finding, where is the lesion likely to be located?","[""Left parietal lobe"", ""Left temporal lobe"", ""Right occipital lobe"", ""Right parietal lobe"", ""Right temporal lobe""]",Right temporal lobe,4,"Superior homonymous quadrantanopias are caused by lesions of the inferior optic radiations in the temporal lobe

Homonymous superior quadrantanopia is caused by damage to the contralateral inferior parts of the posterior visual pathway - the inferior optic radiation (Meyer loop) of the temporal lobe.

Patients with this visual field defect may present with symptoms such as bumping into objects in their blind quadrant-field (e.g. objects positioned above their head on the 'blind' side, or the upper portion of their television or computer screen), as well as symptoms of the underlying cause (e.g. a brain tumour). The right temporal lobe - which is usually the non-dominant lobe - is also involved in learning and remembering non-verbal information, so patients may report problems with this.

As you only need 'half a macula' for visual acuity, these patients normally report normal visual acuity.

Visual field defects associated with the other listed options are as follows:

Left parietal lobe = right inferior homonymous quadrantanopia
Left temporal lobe = right superior homonymous quadrantanopia
Right occipital lobe = left homonymous hemianopia with macular sparing
Right parietal lobe = left inferior homonymous quadrantanopia"
95,"A 34-year-old male rugby player presents to the GP surgery with a 5-day history of sudden onset severe pain in the right shoulder and upper arm, which has now subsided but followed by a 1-day history of weakness in the shoulder. On examination, there is reduced power in the deltoid muscle. There is a full range of passive movement of the shoulder joint. The rest of the neurological examination is normal.

What is the most likely diagnosis?","[""Shoulder joint dislocation"", ""Osteoarthritis"", ""Adhesive capsulitis"", ""Brachial neuritis"", ""Cervical artery dissection""]",Brachial neuritis,3,"Brachial neuritis is characterized by acute onset unilateral severe pain followed by shoulder and scapular weakness several days later

Brachial neuritis is characterized by acute onset of unilateral severe pain followed by shoulder and scapular weakness several days later.

The clinical information rules out dislocation.

The patient is too young to have significant osteoarthritis and the presentation is too acute to be osteoarthritis. Osteoarthritis would also present with joint pain on passive movement which is not the case here.

Cervical artery dissection is a cause of stroke. It would present with upper motor neurone signs and pain is not such a prominent component."
96,What is the mechanism of action of sumatriptan?,"[""5-HT3 agonist"", ""5-HT2 antagonist"", ""5-HT2 agonist"", ""5-HT1 antagonist"", ""5-HT1 agonist""]",5-HT1 agonist,4,"Triptans are serotonin 5-HT1

Triptans are specific agonists of 5-HT

1B/1D

receptors."
97,"A 40-year-old man presents with a progressive deterioration in vision over the past 2 weeks. On examination, there is ophthalmoplegia, his gait is noticeably ataxic and there is a generalised loss of the deep tendon reflexes. He returned from Turkey two weeks ago where he describes having a simple viral illness involving a sore throat and fever that lasted for around 1 week and resolved shortly before his return home. He drank more alcohol than normal during the holiday, having around 3 glasses of wine each night. What is the cause of his poor vision?","[""Guillain-Barre syndrome"", ""Acute motor axonal neuropathy"", ""Chronic inflammatory demyelinating polyneuropathy"", ""Alcoholic polyneuropathy"", ""Miller-Fisher variant""]",Miller-Fisher variant,4,
98,"A 64-year-old woman presents to her GP with a five-day history of feeling right earache and feeling generally unwell. In the last day she has developed painful blistering around the ear and her husband has told her that her facial movements appear different. Her past medical history includes hypertension, for which she takes amlodipine.

On examination, a vesicular rash is noted around the right ear and the patient has a visible right-sided facial palsy. Her observations are normal and she is apyrexial.

Given the likely diagnosis, which of the following is the most appropriate treatment plan?","[""Corticosteroids"", ""Intravenous aciclovir"", ""Intravenous aciclovir and intravenous corticosteroids"", ""Oral aciclovir"", ""Oral aciclovir and oral corticosteroids""]",Oral aciclovir and oral corticosteroids,4,"Treatment of Ramsay Hunt syndrome consists of oral aciclovir and corticosteroids

The diagnosis here is that of Ramsay Hunt syndrome, given the palsy and characteristic auricular pain and rash. Management includes both antivirals and corticosteroids; given that the patient is systemically well on examination and observations are normal, these can be given orally rather than intravenously.

The other options are therefore incorrect; aciclovir is sometimes used alone for Ramsay Hunt syndrome, but the general consensus is to use corticosteroids in addition to the antiviral agent.

Corticosteroid alone would be used in Bell's palsy - however, the diagnosis is much more likely to be Ramsay Hunt syndrome here, given the rash and ear pain."
99,How long should a patient stop driving for following a stroke?,"[""No restriction unless physical/visual impairment"", ""1 month"", ""3 month"", ""6 months"", ""12 months""]",1 month,1,"DVLA advice post stroke or TIA: cannot drive for 1 month

The correct answer is

1 month

. According to the UK Driver and Vehicle Licensing Agency (DVLA), patients who have suffered a stroke are advised not to drive for 1 month. This guideline allows time for any immediate post-stroke complications to resolve and for the patient's medical condition to stabilise."
100,"A 35-year-old man is referred to the neurology outpatient department with one month of progressive weakness. He had a diarrhoeal illness preceding events. He is from Ghana.

On examination, power is 4/5 at hip flexion and knee extension and this improves to 5/5 after a brief period of exercise. The knee reflexes are absent. The facial muscles and cranial nerves are normal.


Creatinine kinase	420 U/L	(40-320)

EMG testing demonstrates an increment in muscle action potentials after exercise.

What is the likely diagnosis?","[""Guillain-Barre syndrome"", ""Inclusion body myositis"", ""Lambert-Eaton syndrome"", ""Myasthenia gravis"", ""Polymyositis""]",Lambert-Eaton syndrome,2,"Lambert-Eaton syndrome or myasthenia gravis? Weakness in Lambert Eaton improves after exercise, unlike myasthenia gravis; which worsens after exercise

Lambert-Eaton syndrome (LES)

is the correct answer. The patient presents with weakness of the lower limbs in a lower motor neuron pattern (weakness, areflexia) but this improves on exercise. Additionally, EMG testing demonstrates an increment in muscle action potentials after exercise. From the listed options, Lambert-Eaton syndrome is the only disorder that has these characteristic features. It is associated with small-cell lung cancer in approximately 60% of cases but can also present as an idiopathic disorder in younger patients where it is presumed to be autoimmune in origin.

Guillain-Barre syndrome

is incorrect. This can cause a lower motor neuron distribution of weakness in the lower limbs and is often associated with a preceding infective illness (e.g. diarrhoea). However, the weakness would not clinically improve with exercise and the EMG would not show an increment in muscle action potentials after exercise. These findings are more suggestive of Lambert-Eaton syndrome.

Inclusion body myositis

is incorrect. Typically, it is the finger flexors rather than the hip flexors that are affected in this disorder. The weakness is distal rather than proximal. Additionally, it affects an older age group and the EMG will be normal.

Myasthenia gravis

is incorrect. This is a classic differential diagnosis of LES. However, in this disorder, the weakness is fatiguable, which means it worsens with exercise. Therefore, LES is more likely.

Polymyositis

is incorrect. This could cause proximal myopathy and an elevated CK level. However, reflexes are normal in myositis and weakness would worsen with exercise rather than improve. Patients from Africa often have more elevated levels of creatinine kinase and in this context, the raised CK levels are likely reflective of this fact."
101,You are a CT1 in Acute Medicine covering a general medical ward at night. You are asked to see a 60-year-old patient with known myasthenia gravis who is complaining of increased breathlessness and fatigue. Which of the following antibiotics is most likely to be responsible for a myasthenic crisis?,"[""Metronidazole"", ""Doxycycline"", ""Gentamicin"", ""Clarithromycin"", ""Amoxicillin""]",Gentamicin,2,
102,"A 26-year-old is referred to the neurology clinic having presented with progressive weakness mainly of the upper limbs, shoulders and hip girdle. The weakness is more prominent on his left side. He has also developed some associated facial weakness in particular affecting his ability to smile and close his eyes. He has no problems with eye movement, swallowing or cognition.

Investigation reveals tortuosity of the retinal arterioles and a reduction in high-frequency hearing.

On review of the patient's family history, his father suffered from the same issues but his mother and sister have no similar symptoms.

What condition has the patient most likely presented with?","[""Amyotrophic lateral sclerosis"", ""Becker muscular dystrophy"", ""Facioscapulohumeral muscular dystrophy"", ""Myasthenia gravis"", ""Myotonic dystrophy""]",Facioscapulohumeral muscular dystrophy,2,"Facioscapulohumeral muscular dystrophy: facial weakness (e.g. difficulty closing eyes, smiling, blowing), winged scapula and weakness of the shoulderm upper arm and hip girdle muscles

Facioscapulohumeral muscular dystrophy

(FSHMD) is a form of muscular dystrophy mainly resulting in weakness of the facial muscles, the upper arms and the hip girdle. Symptoms normal develop from the age of 15 to 30 years and weakness can be asymmetrical. Other associated symptoms of FSHMD include high frequency-hearing loss and abnormality of the retinal arteries (although vision is rarely affected). Unlikely other forms of muscular pathologies, FSHMD is rarely associated with contracture, respiratory issues or weakness affecting eye and tongue movement. As an autosomal dominant genetic disease, children of affected parents (in this case the patient's father) have a 50% chance of inheriting the genetic abnormality and therefore the condition (the patient is affected but his sister is not). There is no cure for FSHMD and management is supportive.

Amyotrophic lateral sclerosis

(ALS), a form of motor neurone disease, is a neurodegenerative condition causing progressive loss of voluntary muscle control. As the disease progresses patients commonly develop global weakness with difficulty speaking and swallowing.  Approximately 50% of patients suffer at least mild cognitive issues. Most cases of ALS are sporadic with no clear cause or family history.

Becker muscular dystrophy

is another form of dystrophy associated with slowly progressive muscle weakness of the legs and pelvis. Weakness of the upper limbs is less severe than in other muscular dystrophies and facial weakness, hearing and ocular vessel changes are not associated with the condition. Becker's muscular dystrophy is an x-linked recessive genetic disorder which would present with a similar family tree as seen in this case (only the male member being affected) however an autosomal dominant condition such as FSHMD may present in the same manner with a 50% chance of offspring being affected regardless of sex.

Myasthenia gravis (MG)

is a neuromuscular disease due to auto-immune antibodies that inhibit or destroy nicotinic acetylcholine receptors (AChR) at the junction between the nerve and muscle. Patients normal experience fatigable weakness of eye movements and ptosis (drooping of the eyelids) instead of issues closing the eyes. Again MG is not associated with hearing and ocular vessel changes.

Myotonic dystrophy

(MD) is another form of dystrophy but, as the name suggests, is commonly associated with myotonia which is the delayed relaxation of muscles after contraction. The typical age of onset of MD is 40 years and non-muscular issues include cataracts, intellectual impairment and cardiac conduction abnormalities."
103,"A 23-year-old woman gives birth to a baby boy. She has a complex past medical history of bipolar disorder, epilepsy and anti-phospholipid syndrome. She is also taking codeine and naproxen frequently for chronic back pain following a car accident. When preparing her discharge letter, she informs you that she intends to breastfeed her baby.

Out of her regular medications below, which is the only drug that can be continued whilst breastfeeding?","[""Aspirin"", ""Codeine"", ""Lamotrigine"", ""Lithium"", ""Naproxen""]",Lamotrigine,2,"Breast feeding is acceptable with nearly all anti-epileptic drugs

Lamotrigine is the correct answer. Nearly all anti-epileptic drugs are considered safe for use in breastfeeding - however, breastfed infants should be monitored for apnoea, lethargy and poor weight gain.

Aspirin is incorrect. Aspirin is found in breast milk, conveying risk of metabolic acidosis and Reye's syndrome to infants.

Codeine is incorrect. Codeine is excreted in breast milk and hence should be avoided when breastfeeding.

Lithium is incorrect. Evidence shows lithium is transferred to neonates in breast milk and can potentially cause renal and thyroid dysfunction. The guidance is generally to avoid where possible when breastfeeding.

Naproxen is demonstrated to be present in breast milk, more readily than other NSAIDs. Although there is generally inconclusive evidence, there are several case reports of increased risk of bleeding and thrombocytopaenia linked to naproxen in breast milk. Alternative NSAIDs such as ibuprofen are therefore recommended in breastfeeding patients."
104,"A 20-year-old male patient presents to the GP surgery with a 2-year history of upper back pain, shoulder and arm weakness. On inspection, you notice that he has an asymmetric smile. On further examination, there is marked weakness and wasting of the right facial muscles, right trapezius, deltoid and biceps muscles. There is also winging of the right scapula. There is some weakness and wasting of the same muscle groups on the left side but to a much lesser extent. A type of muscular dystrophy is suspected.

What is the inheritance pattern of this condition?","[""Autosomal dominant"", ""Autosomal recessive"", ""X-linked recessive"", ""X-linked dominant"", ""Idiopathic""]",Autosomal dominant,0,"Facioscapulohumeral muscular dystrophy is an austosomal dominent disorder

This patient presents with the classic appearance of facioscapulohumeral muscular dystrophy, which is an autosomal dominant disorder. There is typically an asymmetric pattern.

The other inheritance patterns are not applicable to this condition.

This condition is not idiopathic."
105,"An 18-year-old girl with a known Chiari 1 malformation presents to her General Practitioner with loss of sensation in both of her arms and forearms, and on the back of her neck. On testing, she specifically can't feel pain and temperature but can detect fine touch, proprioception and vibration.

Which of the following abnormalities has this patient most likely have?","[""Syringomyelia"", ""Hydrocephalus"", ""Brain stem compression"", ""Cerebellar compression"", ""Peripheral neuropathy""]",Syringomyelia,0,"Chiari malformations are often associated with syringomyelia due to disturbed cerebrospinal fluid flow at the foramen magnum

Chiari 1 malformation is a condition characterised by herniation of the cerebellar tonsils through the foramen magnum. It causes symptoms by compressing the brainstem, cerebellum and by disturbing the flow of cerebrospinal fluid (CSF). Disturbed CSF flow either causes hydrocephalus (uncommon) or syringomyelia (common; ~50%).

Syringomyelia is a dilatation of a CSF space within the spinal cord. It occurs within the cervical and thoracic segments and causes compression of the spinothalamic tracts decussating in the anterior white commissure. This results in dissociative loss of sensation of pain, temperature and non-discriminative touch. There is classically a 'cape-like' distribution of this sensory loss."
106,A man is recovering after having an operation to remove a meningioma in his left temporal lobe. What sort of visual field defect is he at risk of having following the procedure?,"[""Right inferior homonymous quadrantanopia"", ""Right superior homonymous quadrantanopia"", ""Left inferior homonymous quadrantanopia"", ""Right homonymous hemianopia with macula sparing"", ""Left superior homonymous quadrantanopia""]",Right superior homonymous quadrantanopia,1,"Visual field defects:

The correct answer is

Right superior homonymous quadrantanopia

. This is because the left temporal lobe, where the meningioma was located, contains Meyer's loop of the optic radiation. Damage to this area during surgery can result in a visual field defect known as 'pie in the sky', which is formally called the right superior homonymous quadrantanopia. This condition manifests as a loss of vision in the upper-right quadrant of both eyes.

The first option,

Right inferior homonymous quadrantanopia

, would be expected if there was a lesion in the parietal lobe, not the temporal lobe. The parietal lobe contains the superior optic radiation, and damage here affects the lower contralateral visual field.

Left inferior homonymous quadrantanopia

and

Left superior homonymous quadrantanopia

are incorrect because they suggest damage to the right hemisphere of the brain. In this scenario, we know that it is specifically the left temporal lobe that has been affected by surgery.

Finally,

Right homonymous hemianopia with macula sparing

would suggest a lesion at or around the primary visual cortex (occipital lobe). This type of visual field loss involves an entire half-field (right side) in both eyes rather than just one quadrant. Macular sparing often occurs due to dual blood supply from the middle cerebral artery and posterior cerebral artery to the macular region of the visual cortex. However, this does not correlate with our case as the patient had surgery on the left temporal lobe for meningioma removal."
107,"A 32-year-old man presents to the neurology clinic with a 2-year history of progressive weakness in his hands, making it difficult to grip objects. He also reports muscle stiffness that worsens in cold weather. On examination, he has bilateral ptosis, frontal balding, and distal muscle weakness. His father had similar symptoms and died from cardiac complications at age 55.

What is the most likely diagnosis?","[""Amyotrophic lateral sclerosis"", ""Duchenne muscular dystrophy"", ""Myotonic dystrophy"", ""Polymyositis"", ""Inclusion body myositis""]",Myotonic dystrophy,2,"D

Myotonic dystrophy

is the most likely diagnosis in this case. The patient presents with the classic features of myotonic dystrophy (dystrophia myotonica) including distal muscle weakness, myotonia (muscle stiffness worse in cold), bilateral ptosis, and frontal balding. The family history is also highly suggestive, with his father having similar symptoms and dying from cardiac complications, which is consistent with the autosomal dominant inheritance pattern of myotonic dystrophy. Cardiac involvement is common in myotonic dystrophy and can lead to conduction defects and sudden death. The onset in the third decade is also typical for myotonic dystrophy type 1 (DM1). DM1 is characterized by the 'D's of dystrophia myotonica: distal weakness initially, autosomal dominant inheritance, diabetes (though not mentioned in this case), and dysarthria (which may develop later).

Amyotrophic lateral sclerosis

(ALS) typically presents with a combination of upper and lower motor neuron signs, including fasciculations, hyperreflexia, and spasticity alongside weakness. The patient's presentation with myotonia and the characteristic facial features (ptosis, frontal balding) are not consistent with ALS. Additionally, ALS is not typically inherited in an autosomal dominant pattern and does not usually present with myotonia.

Duchenne muscular dystrophy

is an X-linked recessive disorder that presents in early childhood with proximal muscle weakness, particularly affecting the pelvic girdle. It progresses rapidly, with most patients wheelchair-bound by adolescence and rarely surviving beyond the third decade. The late onset, distal weakness, and autosomal dominant inheritance pattern in this case are inconsistent with Duchenne muscular dystrophy.

Polymyositis

is an inflammatory myopathy characterized by proximal muscle weakness that develops over weeks to months. It is not hereditary and does not present with myotonia or the characteristic facial features seen in this patient. Additionally, polymyositis is often associated with elevated creatine kinase levels and responds to immunosuppressive therapy.

Inclusion body myositis

typically affects older adults (>50 years) and presents with a characteristic pattern of weakness affecting the quadriceps and finger flexors. It is not inherited in an autosomal dominant pattern and does not feature myotonia or the facial characteristics described in this case. The early age of onset in this patient would be unusual for inclusion body myositis."
108,"A 44-year-old man was admitted to the medical unit with vomiting, drowsiness and headache. On examination he was febrile, squinting to bright lights and had severe pain when extending his knee when his hip was lifted off the bed. He was started on IV cefotaxime and IV dexamethasone and underwent a lumbar puncture.

What is the most common long-term complication of this condition?","[""Encephalitis"", ""Hydrocephalus"", ""Sensorineural hearing loss"", ""Seizures"", ""Cerebral abscess""]",Sensorineural hearing loss,2,"Sensorineural hearing loss is the most common complication following meningitis

The correct answer is

Sensorineural hearing loss

. This is because the patient's symptoms and management suggest a diagnosis of bacterial meningitis, which is an infection of the meninges in the brain. The most common long-term complication of bacterial meningitis, according to UK guidelines, is sensorineural hearing loss. It occurs due to damage to the cochlear nerve or inner ear structures during inflammation. Sensorineural hearing loss can be bilateral or unilateral, and may range from mild to profound.

Encephalitis

is not the most common long-term complication of bacterial meningitis. Encephalitis refers to inflammation of the brain parenchyma itself, often caused by viral infections such as Herpes simplex virus. While it can occur as a complication in severe cases of bacterial meningitis, it is not as frequent as sensorineural hearing loss.

Hydrocephalus

, an abnormal accumulation of cerebrospinal fluid (CSF) in the ventricles of the brain, can also occur following bacterial meningitis due to obstruction of CSF outflow pathways by inflammatory exudates. However, this tends to present acutely during illness rather than being a long-term complication.

The option

Seizures

can be seen in acute stages of bacterial meningitis due to irritation of the cerebral cortex but are less likely as a long-term sequelae unless there has been significant brain damage or formation of scar tissue leading to epilepsy.

Finally,

Cerebral abscess

, while a serious potential complication, is relatively rare compared with sensorineural hearing loss following bacterial meningitis. Cerebral abscesses are usually secondary to direct spread from paranasal sinuses or middle ear infections or hematogenous spread from distant sites like endocarditis but are not typically associated with meningitis."
109,"A 64-year-old man is referred to the neurological clinic with rapidly progressive dementia. Up until two months ago he was able to carry out most activities of daily life and only had very mild memory issues but now, he has developed features of advanced dementia.

A diagnosis of Creutzfeldt-Jakob disease (CJD) is suspected after an MRI displays hyperintense signals in the basal ganglia and thalamus. An EEG performed also shows biphasic, high amplitude sharp waves in keeping with the sporadic form of the condition.

What is the other most common symptom which characterises this condition?","[""Hemi-spatial neglect"", ""Myoclonus"", ""Resting tremor"", ""Urinary incontinence"", ""Visual hallucinations""]",Myoclonus,1,"Creutzfeldt-Jakob disease is characterised by rapid onset dementia and myoclonus

Creutzfeldt-Jakob disease (CJD) is a fatal, degenerative brain disorder caused by infectious prion proteins. These misfolded proteins can result in normally folded proteins also becoming misfolded. The key features of CJD included rapidly progressive dementia and

myoclonus

that, although maybe absent at the initial onset of the disease, occurs in approximately 90% of CJD cases.

Hemi-spatial neglect

is a neuropsychological condition where a patient develops an attention and awareness deficit of one side of their body/vision. The condition commonly results from damage to one hemisphere with the contralateral side being affected. As such it is most often associated with stroke or trauma. As CJD affects the brain diffusely this feature is very rare.

A

resting tremor

is the involuntary, often rhythmic movement of the body/a body part affecting patients especially whilst not performing intentional movements (at rest). It can be caused by several neurological issues but is most commonly associated with the degenerative condition Parkinson's disease. CJD is not a movement disorder and therefore tremors are not commonly associated with the condition.

Urinary incontinence

can occur with all forms of dementia however mainly in the advanced stages. It also makes up one of the features in the classic triad found in normal pressure hydrocephalus (the other two features being gait deviation and dementia).

Visual hallucinations

can potentially occur in advanced dementia but is most commonly associated with Lewy body dementia where abnormal clumps of proteins form in neurons throughout the brain. Although they may occur in CJD, myoclonus is far more common and one of the key features of the condition."
110,"A 29-year-old female has just given birth a baby boy who weighs 3.1kg. The baby unfortunately develops bleeding via the umbilicus, mucous membranes, gastrointestinal tract. The mother has a past medical history of epilepsy.

What anti-epileptic is most likely implicated?","[""Sodium valproate"", ""Carbamazepine"", ""Lamotrigine"", ""Levetiracetam"", ""Phenytoin""]",Phenytoin,4,"Phenytoin induces vitamin K metabolism, which can cause a relative vitamin K deficiency, creating the potential for heamorrhagic disease of the newborn

Phenytoin induces vitamin K metabolism, which can cause a relative vitamin K deficiency, creating the potential for hemorrhagic disease of the newborn. The most common sites of bleeding are the umbilicus, mucous membranes, gastrointestinal tract, and venepunctures.

Sodium valproate causes a 20-fold increase in neural tube defects.

Carbamazepine also increases the risk of neural tube defects.

Recent studies have shown that lamotrigine and levetiracetam do not significantly increase risk of birth defects during pregnancy."
111,"A 29-year-old woman with a past history of hypothyroidism presents to the surgery complaining of weakness, particularly of her arms, for the past four months. She has also developed double vision towards the end of the day, despite having a recent normal examination at the opticians. What is the most likely diagnosis?","[""LambertEaton myasthenic syndrome"", ""Polymyositis"", ""Polymyalgia rheumatica"", ""Multiple sclerosis"", ""Myasthenia gravis""]",Myasthenia gravis,4,
112,"A 25-year-old man presents with a tonic-clonic seizure which self-terminated after 3 minutes. This is the first time he has had a seizure. There were no obvious precipitants. He does not have a family history of seizures. A neurological examination was unremarkable.

An MRI brain is requested:


MRI	No structural or vascular abnormalities identified

An EEG is also performed:


EEG	No seizure activity; Unremarkable examination

How long should the patient be advised to not drive?","[""12 months"", ""4 weeks"", ""6 months"", ""Indefinitely"", ""No restriction""]",6 months,2,"Patients cannot drive for 6 months following a first unprovoked or isolated seizure if brain imaging and EEG normal

6 months

is correct. Following a first seizure, if there are no relevant structural abnormalities on brain imaging and no definite epileptiform activity on EEG the patient should be advised to inform the DVLA and not drive for 6 months.

12 months

is incorrect. For first seizures, if the patient has epileptiform activity on EEG or a structural abnormality on imaging, then they should be advised to not drive for 12 months.

4 weeks

is incorrect. Indications for 4 weeks of driving barring include a single episode, of explained and treated syncope.

Indefinitely

is incorrect. There are no indications for lifelong barring of driving.

No restriction

is incorrect. Indications for this would include simple faints."
113,"A 26-year-old Asian woman with no medical background presented with altered mental state, headaches, and seizures. She had a dermal filler injection of her lip for aesthetic purposes performed 1-month prior to her acute presentation. Upon clinical review, she underwent imaging of her brain with an initial CT scan. The scan revealed the presence of tenuous low-density changes within regions of the anterior and medial temporal lobe as well as the island of Reil.

What is the most likely diagnosis in this case?","[""Cytomegalovirus encephalitis"", ""Herpes simplex virus encephalitis"", ""Japanese encephalitis"", ""Limbic encephalitis"", ""Varicella zoster virus encephalitis""]",Herpes simplex virus encephalitis,1,"CT head showing temporal lobe changes - think herpes simplex encephalitis

This is a typical case of herpes simplex encephalitis with characteristic clinical signs and findings on CT imaging given the presence of tenuous low-density changes within regions of the anterior and medial temporal lobe as well as the island of Reil.

Cytomegalovirus (CMV) encephalitis is a CNS infection that almost always develops in the context of profound immunosuppression and there is no evidence to suggest that here given the absence of prior medical history, therefore is the incorrect answer.

Japanese encephalitis is a disease spread which spreads via mosquito bites. Symptoms usually take 5-15 days to occur and involve fever, headache, vomiting, confusion, and difficulty moving. There is no travel history here and given her symptoms on presentation this is unlikely to be the case. In addition, imaging regardless of MRI or CT scanning shows classical bilateral thalamic involvement.

Limbic encephalitis encompasses a group of autoimmune conditions which cause inflammation of predominantly the limbic system and other regions of the brain. The cardinal sign of limbic encephalitis is a severe impairment of short-term memory; other symptoms may include confusion, psychiatric symptoms, and seizures. Brain magnetic resonance imaging shows medial temporal lobe abnormalities typical of autoimmune limbic encephalitis in suspected cases, it should be noted that other diseases can have a similar appearance on imaging.

Varicella-zoster virus (VZV) reactivation is one of the most common neurological infectious diseases and VZV the second most frequent virus causing encephalitis or meningitis. It develops following reactivation of the latently persistent virus in nerve ganglia after initial infection with chickenpox. This is unlikely to be the case here."
114,"A 72-year-old man presents to the Emergency Department. Whilst walking back from a friends house he slipped on some ice and fell backwards, landing on his right arm and banging his head on the kerb in the process. His past medical history includes atrial fibrillation for which he takes bisoprolol and warfarin. A routine INR taken four days ago was 2.2. There are no signs of any external injury to his right arm or scalp. What is the most appropriate course of action with relation to his head injury?","[""Arrange a CT head scan to be performed within 8 hours"", ""Discharge with standard head injury advice"", ""Admit for 24 hours of observation"", ""Admit for 8 hours of observation"", ""Discharge with standard head injury advice + advise he stops warfarin for 5 days""]",Arrange a CT head scan to be performed within 8 hours,0,
115,"A 15-year-old girl and her mother present to the clinic. They describe an episode last week to you. She had been at a sleepover at her friend's house and studying hard for her school examinations. In the morning, when she returned home, she was drinking a cup of tea with her mother and her arm suddenly jerked and the tea flew everywhere. She remained conscious throughout. Her mother also described intermittent 'blank spells' where she notices her daughter staring blankly for a few seconds before recovering. The girl is otherwise well.

What is the most likely diagnosis?","[""Benign rolandic epilepsy"", ""Juvenile myoclonic epilepsy"", ""Lennox-Gestaut syndrome"", ""Typical absence seizures"", ""West's syndrome""]",Juvenile myoclonic epilepsy,1,"Juvenile myoclonic epilepsy is classically associated with seizures in the morning/following sleep deprivation

The description of preceding absence episodes followed by myoclonus is most typical of juvenile myoclonic epilepsy. As in this case, the condition most typically occurs in adolescent females following a period of sleep deprivation, suggested by exam stress and sleepovers in this vignette. There is usually a good response to sodium valproate.

Benign rolandic epilepsy typically occurs in younger children than in this vignette. It also more commonly presents with paraesthesia than myoclonus and absence episodes.

Lennox-Gestaut syndrome presents in early childhood in children younger than described in this vignette. Although it also presents with absence episodes and jerks 90% of children have an underlying learning difficulty, which is not described in this vignette.

Although this vignette describes absence episodes, typical absence seizures occur in younger children and are not associated with the myoclonus described in this vignette.

West's syndrome is also known as infantile spasms. This condition occurs in infancy, unlike in this vignette. Children display a typical spasm beginning with flexion of the head, trunk and limbs followed by extension of the arms, which can repeat many times in a row. This condition is also associated with progressive learning difficulties, which is not described in this vignette."
116,"A 17-year-old male presents to the emergency department (ED) following a head injury during a rugby match.

His parents who witnessed the injury tell you he lost consciousness immediately after the collision for a number of minutes. He was then alert and himself for a couple of hours. They have now bought him to ED as he became drowsy and was complaining of a headache.

On examination his Glasgow coma scale (GCS) is 12, the pupils are unequal and there is a clear swelling on the right side of the head.

Given the likely diagnosis of an intracranial haemorrhage, which vessel has most likely been damaged?","[""Bridging veins"", ""Carotid artery"", ""Circle of Willis"", ""Dural artery"", ""Middle meningeal artery""]",Middle meningeal artery,4,"Extradural or subdural haemorrhage? Extradural = lucid period, usually following major head injury. Subdural = fluctuating consciousness, often following trivial injury in the elderly or alcoholics

This is a classic presentation of an extradural haemorrhage with a  Lucid interval after which the patient deteriorates.

Tearing of bridging veins is the primary pathology in a subdural haematoma.

Carotid artery - is not intracranial.

The Circle of Willis is the most common location for berry aneurysms to burst - this results in a subarachnoid haemorrhage and would classically present with a 'thunderclap headache'/

Dural artery - does not exist.

Damage to the middle meningeal artery is the primary pathology in extradural haematomas."
117,"A 36-year-old man presents with 4 days of progressive limb weakness and difficulty mobilising. He describes the upper arms and legs as having been affected first, followed by the lower limbs and now the digits. Alongside this, he is also experiencing double vision. He has no significant past medical history but did experience suspected food poisoning with diarrhoea 2 weeks ago.

On examination, power is 1/5 in all limbs. Tendon reflexes are reduced. Ophthalmoplegia is evident on cranial nerve examination.

What antibody is classically associated with the underlying condition?","[""Anti muscle-specific tyrosine kinase (anti-MuSK)"", ""Anti-GM1"", ""Anti-GQ1b"", ""Anti-acetylcholine receptor (anti-AChR)"", ""Anti-voltage-gated calcium channel (anti-VGCC)""]",Anti-GQ1b,2,"Miller Fisher syndrome - areflexia, ataxia, ophthalmoplegia

This patient's presentation is most suggestive of Miller-Fisher syndrome (MFS), a variant of Guillain-Barre syndrome (GBS). This is an immune-mediated demyelination of the peripheral nervous system, classically triggered by an infection such as

Campylobacter jejuni

- the history of diarrhoea alludes to this. As seen here, MFS presents with descending paralysis, rather than the ascending paralysis seen in other forms of GBS, along with ophthalmoplegia and areflexia. It is most strongly associated with the

anti-GQ1b

antibody, which is present in 90% of cases.

Anti-MuSK

antibody is incorrect. This is associated with myasthenia gravis (MG), not MFS. MG would instead present with excessive fatiguability and diurnal variation, and reflexes would be preserved. This scenario is more in keeping with MFS.

The

anti-GM1

antibody is associated with GBS. However, it is only present in 25% of patients. With regard to MFS specifically, anti-GQ1b is the correct answer.

The

anti-AChR

antibody is associated with MG. This would instead present with diurnal variation, excessive fatiguability and preserved reflexes, whereas the scenario here is more fitting with MFS.

The

anti-VGCC

antibody is associated with Lambert-Eaton myasthenic syndrome (LEMS). This is typically a paraneoplastic disorder and is often a differential of MG, although LEMS typically shows improvement following exercise, rather than excessive fatiguability. The history of diarrhoea in this scenario, along with descending paralysis, favours a diagnosis of MFS."
118,"A 58-year-old man is brought into the emergency department by ambulance. He reports that he has been feeling progressively weak over the previous few days, initially being unable to climb stairs, which he put down to a recent diarrhoeal illness. He was forced to call for an ambulance today as he was unable to lift himself from a chair.

Routine biochemistry and haematology investigations come back normal, as does a chest x-ray. An arterial blood gas is shown below:


pH	7.29	7.35 - 7.45
pO2	10.9 kPa	10.6 - 13
pCO2	7.2 kPa	4.6 - 6.0

He begins to tire, and is intubated and taken to the intensive care unit. A lumbar puncture shows elevated protein only.

Which of the following is the most appropriate treatment?","[""Aciclovir"", ""Cyclophosphamide"", ""IV immunoglobulins"", ""Methylprednisolone"", ""Plasmapheresis""]",IV immunoglobulins,2,"IVIG is generally used first-line for Guillain-Barre syndrome

This patient has developed Guillain-Barre syndrome (GBS), as demonstrated by his progressive weakness, starting in his legs, and subsequent respiratory failure. Mechanical ventilation is required in around 15% of cases. While it classically presents following an infection, 33% of cases are not linked with recent infection.

The first-line treatment is IV immunoglobulins (IV Ig), which neutralise the antibodies that result in GBS. This is therefore the correct answer.

Aciclovir is an antiviral that is not used in GBS. Rarely, transverse myelitis secondary to HSV can cause paralysis and be treated with aciclovir, though this is less likely than GBS in this case.

Cyclophosphamide is used as chemotherapy for malignancies and for immune suppression. It has no role in the treatment of GBS.

Methylprednisolone is useful in cases of spinal cord injury, according to a recent Cochrane review.  However, steroids are not a part of GBS management, and may in fact slow recovery.

Plasmapheresis is the other treatment modality that has a proven survival benefit in GBS. It works by removing harmful antibodies from circulation. It is not considered first-line as it is generally less available, frequently slower to initiate, and is equally effective to IV Ig. There is no additional benefit to plasmapheresis combines with IV Ig."
119,A 24-year-old female presents to her GP due to increased frequency of migraine attacks. She is now having around four migraines per month. Which type of medication would it be most appropriate to prescribe to reduce the frequency of migraine attacks?,"[""Specific 5-HT2 agonist"", ""5-HT1 antagonist"", ""Tricyclic antidepressant"", ""Beta-blocker"", ""Specific 5-HT1 agonist""]",Beta-blocker,3,"Migraine

The correct answer is beta-blocker. According to NICE guidelines, beta-blockers (specifically propranolol) are recommended as first-line prophylactic treatment for migraine. Beta-blockers work by blocking beta-adrenergic receptors, reducing neuronal excitability and preventing vasodilation of cerebral vessels. They are particularly suitable for this patient as she is experiencing frequent migraines (four per month), which meets the threshold for considering prophylactic treatment.

Specific 5-HT2 agonist

is incorrect. 5-HT2 receptor agonists are not used in migraine treatment. In fact, 5-HT2 receptor activation can cause vasoconstriction and might potentially worsen migraine symptoms.

5-HT1 antagonist

is incorrect. 5-HT1 antagonists would counteract the desired effect in migraine treatment. 5-HT1 receptor activation is actually beneficial in acute migraine treatment, as demonstrated by the effectiveness of triptans (5-HT1 agonists).

Tricyclic antidepressant

is incorrect. While tricyclic antidepressants (such as amitriptyline) can be used for migraine prophylaxis, they are typically considered as second-line treatment after beta-blockers according to UK guidelines. They may be particularly useful if the patient has concurrent depression or tension-type headaches.

Specific 5-HT1 agonist

is incorrect. While drugs in this class (triptans) are indeed used in migraine treatment, they are for acute treatment of migraine attacks rather than prophylaxis. They work by causing vasoconstriction and reducing inflammation through 5-HT1 receptor activation, but are not suitable for preventing migraine attacks."
120,"A 67-year-old man presents to the GP 4 days after a self-resolving episode of acute right-sided weakness and slurred speech lasting 20 minutes. He has hypertension and hyperlipidaemia. He has no history of coagulopathy and takes no anticoagulation.

His pulse is 70 bpm and regular, his blood pressure is 140/95 mmHg, and his oxygen saturation is 96% breathing air. An examination of the cranial nerves and upper and lower limbs are normal.

Which option is the best next immediate step for the GP to take?","[""Arrange non-contrast CT head before giving treatment"", ""Give 300 mg aspirin and refer for specialist assessment within 24 hours"", ""Refer for specialist assessment within 24 hours"", ""Start lifelong aspirin and modified-release dipyridamole"", ""Start lifelong clopidogrel""]",Give 300 mg aspirin and refer for specialist assessment within 24 hours,1,"If a patient has had a suspected TIA, they should be given aspirin 300mg whilst awaiting specialist review, unless contraindicated

Give 300 mg aspirin and refer for specialist assessment within 24 hours

is correct. This patient’s acute right-sided weakness and slurred speech, which resolved within 20 minutes, are characteristic of a transient ischaemic attack (TIA). Urgent intervention is required because TIAs are strong predictors of future strokes. Since he presents within 7 days, current guidelines recommend immediate 300 mg aspirin to reduce stroke risk, followed by a same-day specialist assessment to confirm the diagnosis. The aspirin is continued until this assessment takes place, after which, it may be stopped and secondary prevention may be initiated. Haemorrhage rarely causes TIA and makes up around 5% of minor strokes, and if one were present, their symptoms would likely persist. As this patient has no coagulopathy and is not on anticoagulation, a CT head is unnecessary before treatment. Current evidence does not suggest a significantly increased risk of worsening haemorrhage when giving people with TIA aspirin before a specialist assessment. Initiating aspirin promptly reduces recurrent stroke risk, and referral ensures further risk stratification, including assessment for carotid artery disease.

Arrange non-contrast CT head before giving treatment

is incorrect. A CT head is not required before treatment in this patient, as he has no coagulopathy and is not on anticoagulation. Haemorrhagic causes are rare in TIA, accounting for < 5% of minor strokes, and symptoms would likely persist rather than resolve. CT is unlikely to show small ischaemic changes, and delaying treatment for imaging would increase stroke risk. Brain imaging decisions are made at the specialist assessment, where diffusion-weighted MRI is the preferred modality. A CT head would be necessary if the patient had persistent deficits, anticoagulation use, or suspected haemorrhage.

Refer for specialist assessment within 24 hours

is incorrect. While urgent specialist referral is essential, immediate 300 mg aspirin should also be given to reduce stroke risk. TIAs indicate high future stroke risk, and delaying antiplatelet therapy leaves the patient vulnerable to further events. Aspirin prevents thrombus formation and is safe in TIA, as haemorrhage is rare, and symptoms would persist if present. The aspirin course continues until the specialist review, after which long-term secondary prevention is determined.

Start lifelong aspirin and modified-release dipyridamole

is incorrect. This patient has not yet been formally diagnosed with a TIA, and long-term secondary prevention should only be initiated after specialist confirmation. Current guidelines recommend clopidogrel as the first line for TIA prevention, with aspirin plus dipyridamole considered for those who cannot tolerate clopidogrel. The immediate priority is acute management with 300 mg aspirin and urgent referral.

Start lifelong clopidogrel

is incorrect. Clopidogrel is first-line for long-term secondary prevention of TIA and stroke but should only be initiated after specialist confirmation of the diagnosis. At this stage, the patient requires immediate aspirin and urgent referral for further assessment, including imaging and risk stratification. Starting clopidogrel prematurely could delay appropriate specialist-guided management."
121,A 24-year-old woman presents for advice. Over the past few months she has been having increasing problems with migraine around the time of menstruation. Her current migraine started around 6 hours ago and has not responded to a combination of paracetamol and aspirin. What is the most appropriate next step to relieve her headache?,"[""Codeine"", ""Ergotamine"", ""Sumatriptan"", ""Venlafaxine"", ""Norethisterone""]",Sumatriptan,2,
122,"A 35-year-old male presents to the emergency department with a headache, fever and right-hand weakness. There was no photophobia or neck stiffness. He was currently being treated for a sinus infection by his GP with oral amoxicillin. He had no significant past medical history and was on no regular medications.

Observations were heart rate 84/min, blood pressure 136/72mmHg, respiratory rate 18/min, temperature 38.4ºC, oxygen saturation of 97% on air. He was mildly tender over the right forehead. Neurological examination revealed power was 2/5 in his right hand.

A CT brain was organized, which demonstrated an intracerebral lesion with an outer hypodense and inner hyperdense rim.

Given the likely diagnosis, what is the most appropriate initial medication treatment for this patient?","[""Chemotherapy"", ""IV co-amoxiclav"", ""IV flucloxacillin"", ""Pyrimethamine + sulfadiazine"", ""IV 3rd generation cephalosporin + metronidazole""]",IV 3rd generation cephalosporin + metronidazole,4,"Brain abscess: IV 3rd-generation cephalosporin + metronidazole

Chemotherapy is the wrong answer. The differential diagnosis for a ring-enhancing lesion does include cerebral metastases but in the clinical context of fever and recent sinus infection, a brain abscess is far more likely.

IV co-amoxiclav is incorrect. There are more suitable antibiotic choices for brain abscesses, which have better central nervous system penetration.

IV flucloxacillin is incorrect. This antibiotic predominantly has activity against gram-positive organisms. Brain abscesses may be caused by gram-positive, gram-negative and anaerobic bacteria.

Pyrimethamine + sulfadiazine is the wrong answer. This is the treatment for cerebral toxoplasmosis. In the absence of a history of immunosuppression, this is not the likely diagnosis.

IV 3rd generation cephalosporin and metronidazole is the correct answer. 3rd generation cephalosporins have excellent central nervous system penetration."
123,A 63-year-old woman with motor neuron disease is reviewed in clinic. Which one of the following interventions will have the greatest effect on survival?,"[""Regular chest physiotherapy"", ""Total parental nutrition"", ""Riluzole"", ""Antioxidant supplementation"", ""Non-invasive ventilation""]",Non-invasive ventilation,4,"Motor neuron disease - treatment: NIV is better than riluzole

The correct answer to this question is

Non-invasive ventilation

. Non-invasive ventilation (NIV) has been shown to provide the greatest effect on survival in patients with motor neuron disease. The National Institute for Health and Care Excellence (NICE) recommends offering NIV to people with motor neuron disease who have respiratory symptoms or signs, or if their forced vital capacity is less than 80% predicted. This intervention helps to alleviate symptoms of nocturnal hypoventilation, improve quality of life, and prolong survival.

Regular chest physiotherapy

is an incorrect option. Although it can be beneficial for maintaining lung function and managing secretions in some patients with motor neuron disease, there is no evidence that regular chest physiotherapy alone significantly extends survival in these patients.

Total parental nutrition

also does not significantly impact survival in motor neuron disease. While it may be required in later stages of the disease when swallowing becomes difficult, total parenteral nutrition only serves as a means of providing essential nutrients and does not alter the course of the disease itself.

The option

Riluzole

is incorrect because although riluzole is currently the only medication approved by the Medicines and Healthcare products Regulatory Agency (MHRA) for treating motor neuron disease, its effect on survival is modest. It has been shown to extend life by only a few months.

Lastly,

Antioxidant supplementation

does not have a significant effect on survival either. While there are theories suggesting antioxidants might help reduce oxidative stress associated with motor neuron disease, clinical trials have yet to demonstrate a clear benefit in terms of survival or slowing progression of the disease. Therefore, antioxidant supplementation cannot be considered as having the greatest effect on survival compared to other options listed here."
124,"A 24-year-old female presents with a headache. She has a past history of epilepsy and is known to suffer from migraines, but has previously managed attacks with a combination of paracetamol and metoclopramide. This combination is however not working for the current episode.

What second line medication is it most appropriate to use?","[""Codeine + paracetamol"", ""Pizotifen"", ""Zolmitriptan + paracetamol"", ""Methysergide"", ""Ergotamine""]",Zolmitriptan + paracetamol,2,"Migraine

Epilepsy is not a contraindication to the use of triptans. Opioids are not recommended in the management of migraine"
125,A 24-year-old man is seen in the 'First Seizure' clinic. He has been referred by the local the Emergency Department following a single episode of a witnessed seizure. Which one of the following factors would be least relevant when deciding whether to start anti-epileptic drugs after a single seizure?,"[""Brain imaging shows a structural abnormality"", ""The patient has a neurological deficit"", ""The EEG shows unequivocal epileptic activity"", ""The patient is less than 45 years old"", ""The patient considers the risk of having a further seizure unacceptable""]",The patient is less than 45 years old,3,
126,Which one of the following is not a recognised causes of miosis?,"[""Old age"", ""Pontine haemorrhage"", ""Holmes-Adie pupil"", ""Argyll-Robertson pupil"", ""Horner's syndrome""]",Holmes-Adie pupil,2,
127,"A 58-year-old is brought in by ambulance with acute left-sided weakness affecting his face, arm and lower limb. He reports these symptoms came on suddenly 2 hours ago whilst cleaning his garage.

He has a past medical history of type two diabetes for which he takes metformin. He works as a solicitor and is usually fit and well.

On examination, heart rate is 80 beats/min, blood pressure 160/80mmHg, oxygen saturations 98% on air, respiratory rate 18/min, temperature 36.5ºC, and blood glucose level 6.5. His pulse is regular, heart sounds normal, chest clear, and abdomen soft non tender.

Examination of the neurological system reveals reduced power 2/5 in the left upper limb, and power 3/5 in the left lower limb. Power is 5/5 in the right upper and lower limbs. Sensation is intact throughout.
There is a left-sided facial droop with forehead sparing. Examination of the visual fields reveals a homonymous hemianopia.

The patient is taken urgently for a CT head, which reveals no intracranial haemorrhage.

CT angiography is performed which demonstrates an occlusion of the right proximal middle cerebral artery.

What is the correct definitive management of this patient?","[""Anti-hypertensives"", ""Thrombolysis"", ""Thrombolysis and thrombectomy"", ""Aspirin 300mg and fondaparinux"", ""Aspirin 300mg only""]",Thrombolysis and thrombectomy,2,"A combination of thrombolysis AND thrombectomy is recommend for patients with an acute ischaemic stroke who present within 4.5 hours

This patient has presented with an acute ischaemic stroke of the anterior cerebral circulation, as manifested by a unilateral hemiparesis and homonymous hemianopia.

The CT angiogram confirms this diagnosis by demonstrating an occlusion of the proximal middle cerebral artery.

NICE updated their stroke guidelines in 2019 to include thrombectomy.

The guidelines state that thrombectomy should be offered as soon as possible and within 6 hours of symptom onset, together with intravenous thrombolysis (if within 4.5 hours), to people who have:

Acute ischaemic stroke and confirmed occlusion of the proximal anterior circulation demonstrated by computed tomographic angiography (CTA) or magnetic resonance angiography (MRA)

We are told that the symptoms came on 2 hours ago, therefore the patient is within the thrombolysis window of 4.5 hours. As the patient has presented within the time window, the correct answer is thrombolysis and thrombectomy.

Aspirin 300mg should be given, but alone this is not the most appropriate management.

Blood pressure should not be lowered in the acute phase of a stroke unless there are complications such as hypertensive encephalopathy or to facilitate thrombolysis."
128,"A 28-year-old woman undergoes a spontaneous vaginal delivery at 37 weeks gestation. Unfortunately, her newborn develops widespread scalp and skin bruising 12 hours post-delivery. Her past medical history includes gastro-oesophageal reflux disease, depression, pre-eclampsia, and epilepsy. Her drug history includes aspirin, folic acid, omeprazole, phenytoin, and sertraline. She has also been on low molecular weight heparin (LMWH) throughout the antenatal period due to a previous unprovoked deep vein thrombosis.

Which drug was most likely implicated?","[""Aspirin"", ""Low molecular weight heparin (LMWH)"", ""Omeprazole"", ""Phenytoin"", ""Sertraline""]",Phenytoin,3,"Phenytoin induces vitamin K metabolism, which can cause a relative vitamin K deficiency, creating the potential for heamorrhagic disease of the newborn

The foetus most certainly has an early onset (<24 hours) haemorrhagic disease of the newborn. The early onset form of this disease is usually a consequence of maternal medications.

Phenytoin

is correct. Phenytoin induces vitamin K metabolism, which can cause a relative vitamin K deficiency, creating the potential for haemorrhagic disease of the newborn. Some guidelines recommend vitamin K supplementation of 10 to 20 mg orally per day starting at 36 weeks gestation and 1 mg given IM or IV to the newborn.

Aspirin

is incorrect.  Low-dose aspirin is often used during pregnancy, most commonly to prevent or delay the onset of pre-eclampsia. Daily low-dose aspirin use in pregnancy is considered safe and is associated with a low likelihood of serious maternal, or fetal complications. The most recent Cochrane meta-analysis did not find an increased risk of neonatal intracranial haemorrhage or other neonatal hemorrhagic complications. Therefore, this is a less likely cause.

Low molecular weight heparin (LMWH)

is incorrect. Unfractionated heparin (UFH) and low molecular weight heparin (LMWH) do not cross the placenta and are safe for the foetus.

Omeprazole

is incorrect. Omeprazole has been shown to cross the human placenta, however, it is not associated with neonatal bleeding.

Sertraline

is incorrect. Selective serotonin reuptake inhibitors (SSRIs) have been reported to inhibit serotonin uptake into platelets, resulting in decreased platelet function and increased bleeding risk. However, the clinical features, in this case, are more in keeping with haemorrhagic disease of the newborn."
129,"A 25-year-old woman is started on carbamazepine by her neurologist for partial seizures. She initially has a good response but 1-month later, her symptoms return.

What is the process through which this medication has lost its effect?","[""Acetylator status"", ""Autoinduction"", ""Cytochrome P450 enzyme inhibition"", ""First-pass metabolism"", ""Zero-order kinetics""]",Autoinduction,1,"Carbamazepine is known to exhibit autoinduction. hence when patients start carbamazepine they may see a return of seizures after 3-4 weeks of treatment

Autoinduction

is the process through which a drug induces the enzymes responsible for its own metabolism, thereby reducing its efficacy. Carbamazepine begins to induce CYP3A4 (an enzyme involved with its own metabolism) within 6-10 days of starting the drug. The longer that the drug is given the more rapidly it is metabolised.

Acetylator status

of the person affects the metabolism of a number of drugs, but not carbamazepine.

Cytochrome P450 enzyme inhibition

is the process through which some drugs inhibit the effect of cytochrome P450, thereby reducing the metabolism of all drugs metabolised by the same P450 isoenzyme. Carbamazepine does not inhibit the P450 system, it induces the P450 system via 'autoinduction'.

First-pass metabolism

describes how hepatic metabolism causes a drug concentration to be significantly reduced before it reaches the systemic circulation. This does not apply to carbamazepine.

Zero-order kinetics

describes how the rate of drug elimination is constant regardless of the concentration. This does not apply to carbamazepine but does apply to phenytoin and salicylates."
130,"A 35-year-old woman presents to her GP with three weeks of tingling in her right hand and left foot. She has no significant past medical history and is on no regular medications. One year previously, she had an episode of visual blurring in her left eye that lasted for a week before resolving. She did not seek medical attention at the time.

On clinical examination, there was reduced sensation in her right hand and left foot. Flexing her neck elicited paraesthesia in the upper limbs. Her vision was normal.

Which of the following clinical features is more common early in the course of this disease?","[""Cognitive decline"", ""Difficulty swallowing"", ""Lethargy"", ""Muscle contractures"", ""Speech disturbance""]",Lethargy,2,"Lethargy is a very common early symptom of multiple sclerosis

Lethargy is the correct answer. All of the other features are more common in advanced multiple sclerosis."
131,"A 65-year-old man presents to the hospital with a sudden acute change in his vision he noticed whilst watching the TV. The patient is known to have hypertension and atrial fibrillation however reports poor adherence to his regular medication.

On eye examination, there are no clear sclera changes. Visual field examination reveals a homonymous quadrantanopia with a loss of the right inferior aspect of the vision. All eye movements are normal, pupils are equal and reactive to light and fundoscopy appears normal.

Where is this patient's lesion most likely located?","[""Left superior optic radiations in the parietal lobe"", ""Left superior optic radiations in the temporal lobe"", ""Right inferior optic radiations in the parietal lobe"", ""Right inferior optic radiations in the temporal lobe"", ""Right superior optic radiations in the parietal lobe""]",Left superior optic radiations in the parietal lobe,0,"Inferior homonymous quadrantanopias are caused by lesions of the superior optic radiations in the parietal lobe

This patient has most likely presented with an ischaemia stroke resulting in a lesion to a specific cerebral region. As with all cerebral injuries, a lesion to one side will affect the visual field on the contralateral side. In homonymous quadrantanopias, lesions of the superior parietal lobe result in inferior defects whereas lesions of the inferior temporal lobe result in superior defects. This patient, therefore, has a lesion of the

left superior optic radiations in the parietal lobe

.

The superior optic radiations are located in the parietal lobe, not the temporal lobe and therefore

left superior optic radiations in the temporal lobe

do not exist.

As this patient's visual field defect is on the right side the lesion should therefore be located on the contralateral left side. Also, the inferior optic radiations are located in the temporal, not the parietal lobe so a lesion of the

right inferior optic radiations in the parietal lobe

is incorrect.

As this patient's defect is on the right, the lesion must be on the left side and therefore the

right inferior optic radiations in the temporal lobe

are incorrect.

Again, as this patient's defect is on the right, the lesion must be on the left side and therefore the

right superior optic radiations in the parietal lobe

are incorrect."
132,"A 70-year-old man presents to the emergency department following an episode of right-sided body weakness. The weakness developed gradually, and he was not able to use his right arm and leg for about 3 hours before resolved spontaneously. The patient reports a similar episode 4 days ago.

He has a past medical history of diabetes mellitus and hypertension for the past 8 years. His BMI is 32 kg/m². Current medications include metformin, sitagliptin, amlodipine, rosuvastatin, and aspirin.

A plain CT brain performed was unremarkable, while a CT angiogram revealed 40% stenosis of the left internal carotid artery.

Which of the following is the most appropriate treatment strategy to help prevent further complications?","[""Continue antiplatelet therapy with aspirin only"", ""Carotid angioplasty"", ""Addition of clopidogrel"", ""Fibrinolytic therapy with alteplase"", ""Carotid endarterectomy""]",Addition of clopidogrel,2,"Antiplatelets

Transient ischaemic attack (TIA) is defined as a transient episode of neurologic dysfunction caused by focal brain, spinal cord, or retinal ischaemia, without acute infarction. This patient had a TIA as evidenced by a reversible episode of transient right-sided body weakness. Moreover, he has a history of a similar episode within the last 7 days and his past medical history is significant for diabetes and hypertension. Therefore, this patient should be started on dual antiplatelet therapy with aspirin and clopidogrel to reduce the incidence of further episodes and the risk of an ischaemic stroke.

Recent evidence has demonstrated the benefit of using dual antiplatelet therapy over aspirin alone for secondary prevention of stroke in such patients.

Carotid stenting would not normally be the preferred strategy given the patient's advanced age as there is a high risk of peri-procedural adverse events such as embolic stroke.

Thrombolytic therapy with alteplase is the preferred treatment in acute ischaemic stroke. This patient has had a TIA with his symptoms resolved and therefore he is not eligible for alteplase therapy. It is important to get a CT scan quickly because thrombolytic therapy is most effective when given within 4.5 hours after the onset of symptoms.

Carotid endarterectomy is the preferred intervention in such patients having greater than 70% stenosis of the internal carotid artery."
133,"A 46-year-old man presented with a sudden onset of lower extremity paraesthesias, with an urge to move his legs when lying in bed or sitting for long periods. These symptoms worsened in the evening, particularly when he lies in bed trying to sleep at night. He ended up walking for some time in order to relieve these complaints. He has no past medical history of chronic kidney or chronic liver disease.

What is the most important blood test given the likely diagnosis?","[""Alanine transaminase"", ""Creatine kinase"", ""Serum ferritin"", ""Serum potassium"", ""Haemoglobin A1c""]",Serum ferritin,2,"Restless legs syndrome - ferritin is the single most important blood test

Restless leg symptoms are exacerbated by decreased iron stores as shown by recent studies. Patients with a new diagnosis of restless leg syndrome or patients with a recent exacerbation of symptoms should check their serum ferritin levels.

Creatine kinase levels are usually elevated when there is muscle inflammation or myositis. An example being rhabdomyolysis where the breakdown of skeletal muscle tissue occurs causing muscle pain, tenderness, weakness and swelling; is associated with significantly elevated levels of creatine kinase. There isn't described in this case.

Alanine transaminase may be useful to check to rule out any underlying chronic liver disease or cirrhosis which could exacerbate the restless leg symptoms. This is less likely to be abnormal given the absence of chronic liver disease.

Potassium contributes to muscle function. Restless leg syndrome and muscle spasms can commonly be symptoms of low potassium predominantly in women. Some doctors recommend a potassium supplement to prevent restless leg syndrome. This is less likely to be the case here.

Haemoglobin A1c is important to check since uncontrolled high blood sugars in people with diabetes can cause nerve damage, and may lead to diabetic peripheral neuropathy. Damage to the nerves of the feet and lower leg from peripheral neuropathy is a contributor to restless leg syndrome."
134,"A 27-year-old man presents with a sudden onset occipital headache earlier in the day. He describes it as the worst headache of his life and has vomited twice. He has no past medical history.

Blood pressure is 121/72 mmHg, heart rate 102 bpm, temperature 36.1ºC, and respiratory rate 20/min.

There is nuchal rigidity and photophobia but no rash. Cranial nerve examination is normal.


Hb	155 g/L	Male: (135-180)
Platelets	166 * 109/L	(150 - 400)
WBC	4.9 * 109/L	(4.0 - 11.0)
CRP	4 mg/L	(< 5)

Eight hours after the onset of headache a CT head without contrast is performed and has just been reported as normal.

What is the most appropriate next step?","[""CT angiography of the head"", ""Perform a lumbar puncture immediately"", ""Perform a lumbar puncture in 16 hours"", ""Perform a lumbar puncture in 4 hours"", ""Start antibiotics for meningitis""]",Perform a lumbar puncture in 4 hours,3,"If subarachnoid haemorrhage is suspected but a CT head done > 6 hours after symptom onset is normal, a lumbar puncture should be done to confirm or exclude the diagnosis

This history and examination are strongly suggestive of subarachnoid haemorrhage (SAH). The 2022 NICE guidelines state that a CT head without contrast can exclude SAH if performed within 6 hours of the onset of symptoms. In this case, a CT is performed at 8 hours and therefore a lumbar puncture to test for xanthochromia should be performed 12 hours after the onset of symptoms. Therefore,

perform a lumbar puncture in 4 hours

is correct.

A

CT angiography of the head

is of little benefit to diagnose or exclude SAH. NICE guidelines only support the use of CT head without contrast. However, CT angiography of the head would be indicated if a SAH is confirmed either with the non-contrast scan or via detection of xanthochromia in the CSF. This is to identify the cause of the bleeding and to guide treatment.

Perform a lumbar puncture immediately

would not be appropriate as 12 hours have not yet passed since the onset of symptoms. At this stage, spectrophotometry may be falsely negative for xanthochromia.

Perform a lumbar puncture in 16 hours

would not be appropriate because it creates an unnecessary delay in the diagnosis. In some cases, it may be appropriate to wait for senior support to perform a lumbar puncture but delaying the lumbar puncture to 24 hours after the onset of headache would be unnecessary.

Whilst headache and meningism are associated with bacterial meningitis, the absence of temperature and normal white cell count and CRP makes this less likely. The description of thunderclap headache is also far more suggestive of SAH than meningitis. Therefore, there is no indication to

start antibiotics for meningitis

."
135,Which type of motor neuron disease carries the worst prognosis?,"[""Relapsing-remitting"", ""Progressive bulbar palsy"", ""Progressive muscular atrophy"", ""Spinocerebellar ataxia"", ""Amyotrophic lateral sclerosis""]",Progressive bulbar palsy,1,
136,"A 61-year-old female with a long-standing history of type 2 diabetes mellitus, hypertension and hypercholesterolemia developed a sudden onset weakness of her right lower leg while preparing breakfast. Her son brought her to the emergency department where she told the attending doctor that she had a similar episode two days ago but resolved after 1 hour. She can speak well and fully understand what the doctor tells her. On examination, the doctor finds that the patient also had decreased touch sensation on her right leg. A non-contrast computed tomography (CT) scan is unremarkable but a repeat CT scan after 12 hours showed an area of hypo-attenuation in a region of the brain. Which of the following arteries of the cerebral circulation is the most likely to be occluded in this patient?","[""Posterior cerebral artery"", ""Anterior cerebral artery"", ""Middle cerebral artery"", ""Basilar artery"", ""Posterior inferior cerebellar artery""]",Anterior cerebral artery,1,"Contralateral hemiparesis and sensory loss with the lower extremity being more affected than the upper - anterior cerebral artery

The most likely diagnosis in this patient is a stroke given the long history of diabetes, hypertension, and hypercholesterolemia which are all risk factors for an ischemic stroke. There is also a likely episode of a transient ischemic attack in this patient, which is an episode of stroke-like symptoms resolving in less than 24 hours. There are no risk factors for a hemorrhagic stroke in this patient, such as the use of warfarin or a blood clotting disorder. An ischemic stroke is usually only seen on CT at the earliest after 6 hours following an ischemic episode and this explains why the CT scan was unremarkable at the time of admission. However, 12 hours later the brain tissue swells and this produces an area of hypo-attenuation visible on CT scan.

1: An ischemic stroke due to an obstruction of the posterior cerebral artery would result in a contralateral hemianopia with macular sparing. This is because the posterior cerebral artery supplies blood to occipital lobe which is responsible for visual processing. However, the region receiving information from the macula also has a dual blood supply from the deep branches of the middle cerebral artery.

2: The anterior cerebral artery supplies the motor and sensory cortices preferably on the medial side of the cerebral hemisphere and results in symptoms in the lower limbs.

3: The middle cerebral artery supplies the motor and sensory cortices but would be more likely to affect the region supplying the upper limbs than the lower limbs. The face can also be affected when the middle cerebral artery is occluded resulting in a unilateral droop. In addition, the language centers can be affected if the stroke occurs on the dominant side of the brain or hemineglect can happen if the stroke occurs on the non-dominant side.

4: An Ischemic stroke of the areas supplied by the basilar artery can result in more severe neurological impairment such as locked-in syndrome or quadriplegia. This is because of the extremely important areas of the brainstem such as the pons, medulla, and midbrain which receive blood from the basilar artery.

5: An occlusion of the posterior inferior cerebellar artery would have produced swallowing impairment, hoarseness of the voice as well as a loss of the gag reflex."
137,"A 38-year-old woman is seen in the neurology clinic with a four-week history of progressive neurological symptoms. She has a diagnosis of relapsing-remitting multiple sclerosis and has been receiving her initial disease-modifying therapy for approximately 3 years.

Neurological examination reveals truncal and limb ataxia, as well as weakness in her right arm and leg.

A brain MRI reveals hyperintense lesions on T2-weighted images.

Serological testing identifies antibodies to the JC virus.

What medication is most likely to be responsible for this clinical presentation?","[""Adalimumab"", ""Fingolimod"", ""Natalizumab"", ""Ocrelizumab"", ""Rituximab""]",Natalizumab,2,"Natalizumab can cause reactivation of the JC virus causing progressive multifocal leukoencephalopathy (PML)

Natalizumab

is the correct answer. The patient exhibits a subacute deterioration in neurological function, featuring ataxia and hemiplegia. The presence of antibodies to the JC virus signifies an increased risk of developing progressive multifocal leukoencephalopathy (PML). Both clinical examination findings and MRI imaging are indicative of PML as the underlying pathology. Natalizumab, along with ocrelizumab, fingolimod, and rituximab, is used in the management of multiple sclerosis (MS). Of these options, natalizumab carries the highest association with PML development, making it the most likely agent in this scenario. It should be noted that PML remains a rare complication and predominantly affects patients who are seropositive for anti-JC virus antibodies.

Adalimumab

is not the correct choice. While PML has been reported in association with adalimumab use, it is not indicated for MS treatment. Past concerns suggested a potential link between adalimumab and MS induction among individuals with rheumatoid arthritis; however, evidence supporting this association is not definitive.

Fingolimod

does not represent the best answer. Although it is an approved therapy for MS and carries a risk for PML development, its association with PML is less frequent than that observed with natalizumab. Furthermore, this medication may cause transient exacerbation of MS symptoms upon initiation; yet since this patient has been undergoing treatment for three years prior to symptom onset, fingolimod is less likely to be implicated.

Ocrelizumab

also does not fit as the best response. While it serves as a therapeutic option for MS and possesses a lower risk profile for inducing PML relative to natalizumab, patients are sometimes transitioned to ocrelizumab from natalizumab when there is an elevated concern regarding JC virus reactivation.

Rituximab

is incorrect as well. This CD20 monoclonal antibody is utilized across various autoimmune conditions and haematological malignancies but infrequently causes PML compared to natalizumab. Moreover, rituximab typically represents an alternative rather than first-line therapy in MS management'often reserved for refractory cases or when other treatments are contraindicated or inappropriate."
138,Which one of the following side-effects is not recognised in patients taking sodium valproate?,"[""Alopecia"", ""Weight gain"", ""Hepatitis"", ""Induction P450 system"", ""Teratogenicity""]",Induction P450 system,3,
139,"An 18-year-old woman presents for a routine neurology review. She has a longstanding history of seizures, occurring several times per day. During these episodes, she completely stops what she is doing and becomes unresponsive to voice or tactile stimulation. Her eyelids rapidly flutter for approximately 20 seconds, before the episode finishes. She is able to quickly resume activity after this.

She has trialled a number of different medications over the years, with varying degrees of success.

What medication is likely to have been avoided throughout?","[""Carbamazepine"", ""Ethosuximide"", ""Lamotrigine"", ""Levetiracetam"", ""Sodium valproate""]",Carbamazepine,0,"Carbamazepine is contraindicated in absence seizures

This patient's history is a clear description of absence seizures. These may start during early school age if part of childhood absence epilepsy (CAE), or during puberty if part of juvenile absence epilepsy (JAE). A number of anticonvulsants may be used to manage the condition. However,

carbamazepine

should be avoided as it is known to exacerbate absence seizures.

Ethosuximide

is generally considered a first-line agent in the management of absence seizures. It is not contraindicated in their management.

Lamotrigine

is not contraindicated in the management of absence seizures. It may be used as a second-line option, particularly in females.

Levetiracetam

is another second-line agent in the management of absence seizures, alongside lamotrigine, especially in females.

Sodium valproate

is a second-line option for absence seizures - not contraindicated. It is generally used in males, given its teratogenicity."
140,A 21-year-old female is seen in the first seizure clinic in the outpatient department. Both the EEG and MRI brain are normal. A decision is made not to start her on anti-epileptic medication. What restrictions on driving should she be informed about?,"[""No restrictions but inform DVLA"", ""No restrictions, no need to inform DVLA if not on medication"", ""Cannot drive for 1 month from date of seizure"", ""Cannot drive for 6 months from date of seizure"", ""Cannot drive for 1 year from date of seizure""]",Cannot drive for 6 months from date of seizure,3,"Patients cannot drive for 6 months following a first unprovoked or isolated seizure if brain imaging and EEG normal

The correct answer is

Cannot drive for 6 months from date of seizure

. According to DVLA guidelines, after a first unprovoked seizure, a person must not drive for 6 months from the date of the seizure, and they must notify the DVLA. This applies regardless of whether anti-epileptic medication is started or not. The 6-month restriction allows time to assess the risk of seizure recurrence and ensures road safety.

No restrictions but inform DVLA

is incorrect. Simply informing the DVLA without any driving restriction would be unsafe and does not comply with current guidelines. There must be a period of driving cessation after a seizure to ensure public safety.

No restrictions, no need to inform DVLA if not on medication

is incorrect. The requirement to notify the DVLA and stop driving applies regardless of whether medication is prescribed. The occurrence of a seizure itself, not the treatment, is what determines the driving restrictions.

Cannot drive for 1 month from date of seizure

is incorrect. This duration is too short to adequately assess the risk of seizure recurrence. A one-month restriction would be insufficient to ensure road safety.

Cannot drive for 1 year from date of seizure

is incorrect. While a one-year driving ban applies in some circumstances (such as in cases of established epilepsy or when seizures occur exclusively during sleep), it is excessive for a single unprovoked seizure where investigations are normal. The evidence-based guideline of 6 months provides an appropriate balance between safety and maintaining quality of life."
141,"The following drugs commonly exacerbate myasthenia gravis, except:","[""Methotrexate"", ""Gentamicin"", ""Beta-blockers"", ""Quinidine"", ""Penicillamine""]",Methotrexate,0,
142,"A 55-year-old man with motor neurone disease (MND) attends the clinic. He has lost a substantial amount of weight over the past 3 months. His current BMI is 14.2 kg/m². He has an extremely poor appetite and dysphagia to both solids and liquids.

Pulmonary function tests are as follows:


Forced vital capacity (sitting)	84% predicted	(>80% predicted)
Forced vital capacity (lying)	80% predicted	(>80% predicted)

What is the best form of nutritional support for this patient?","[""Nasogastric tube"", ""Nasojejunal tube"", ""Percutaneous gastrostomy tube (PEG)"", ""Radiologically inserted gastrostomy (RIG)"", ""Total parenteral nutrition""]",Percutaneous gastrostomy tube (PEG),2,"Percutaneous gastrostomy tube (PEG) is the preferred way to support nutrition in patents with motor neuron disease

Percutaneous gastrostomy tube (PEG)

is correct. The use of a PEG is the preferred way to support nutrition and has been associated with prolonged survival in patients with MND.

Nasogastric tube

is incorrect. A nasogastric feeding tube may be used as an emergency measure however it is not recommended for long-term use.

Nasojejunal tube

is incorrect. Nasojejunal tubes are generally recommended if the stomach needs to be bypassed (e.g. due to severe gastro-oesophageal reflux disease, very high risk of aspiration, gastric outflow obstruction or following gastric surgery). None of these indications are present in this case.

Radiologically inserted gastrostomy (RIG)

is incorrect. A PEG is the standard and most reliable way to perform a gastrostomy but it is not possible in all patients, in which case a RIG is a very safe alternative. A PEG is inserted via endoscopy and thus conscious sedation is required, and patients need to be able to lie comfortably flat for 30 minutes. In MND patients with significant respiratory weakness lying flat might be very difficult, and such patients might also be very sensitive to even small doses of sedatives. If a PEG is felt unsafe to do, then a RIG is an excellent alternative since it can be performed without sedation and the patient sat up. In this case, the patient does not have a significant demonstrable respiratory muscle weakness given the normal forced vital capacity (FVC) and thus a PEG is the preferred modality.

Total parenteral nutrition

is incorrect. Total parenteral nutrition (TPN) should only be commenced in patients who do not have a functioning GI tract or who have disorders requiring complete bowel rest. Neither of these criteria applies in this case."
143,"A 67-year-old man is reviewed in the falls clinic. Over the past few months he has sustained a number of falls. His daughter reports that he is starting to 'shuffle around the house' and has particular problems going up and down stairs. She also notes that he appears to be confused at times and often forgets his grandchildren's names.

On examination he appears to move and follow commands slowly. There is a resting tremor in the left hand more so than the right. Some rigidity is also noted when examining his arms. Examination of the cranial nerves is unremarkable other than a problem following movement in the vertical plane.

What is the most likely diagnosis?","[""Parkinson's disease"", ""Motor neuron disease"", ""Multiple system atrophy"", ""Dementia with Lewy bodies"", ""Progressive supranuclear palsy""]",Progressive supranuclear palsy,4,"Progressive supranuclear palsy: postural instability, impairment of vertical gaze, parkinsonism, frontal lobe dysfunction

The most likely diagnosis in this case is

Progressive supranuclear palsy

. This is because the patient presents with a combination of falls, shuffling gait, cognitive impairment, and difficulty following movement in the vertical plane. Progressive supranuclear palsy is a neurodegenerative disease characterized by parkinsonism (bradykinesia, rigidity, and postural instability), pseudobulbar palsy, and supranuclear ophthalmoplegia (typically vertical gaze palsy).

Parkinson's disease

is another possible diagnosis given the patient's resting tremor, rigidity and bradykinesia; however, it does not typically present with early cognitive impairment or vertical gaze palsy. Parkinson's disease is characterized by motor symptoms including resting tremor ('pill-rolling' type), bradykinesia (slowness of movement), rigidity (cogwheel or lead pipe), and postural instability. Non-motor symptoms such as autonomic dysfunction and mild cognitive impairment can also be seen but usually occur later in the course of the disease.

Motor neuron disease

is unlikely to be the correct diagnosis as it primarily affects motor neurons causing muscle weakness and atrophy without cognitive impairment or ocular findings like vertical gaze palsy. Motor neuron diseases include amyotrophic lateral sclerosis (ALS) which affects both upper and lower motor neurons leading to progressive muscle weakness, spasticity, fasciculations, dysarthria, dysphagia, and ultimately respiratory failure.

Multiple system atrophy

is a rare neurodegenerative disorder that shares some features with Parkinson's disease such as parkinsonism; however, it also involves autonomic dysfunction (such as orthostatic hypotension) and cerebellar ataxia. While multiple system atrophy may cause gait disturbances similar to those seen in this patient, it does not typically present with cognitive impairment or vertical gaze palsy.

Dementia with Lewy bodies

is characterized by fluctuating cognition, visual hallucinations, and parkinsonism. Although the patient exhibits some cognitive impairment and parkinsonism, he does not have visual hallucinations, and the presence of vertical gaze palsy makes dementia with Lewy bodies less likely than progressive supranuclear palsy."
144,"A 28-year-old woman presents to the emergency department with a 3-day history of fever, malaise, and a painful rash that began on her face and chest before spreading to her limbs. The rash consists of target-like lesions with central blistering. She has painful oral ulceration and conjunctival injection. She was started on lamotrigine 6 weeks ago following her first generalised tonic-clonic seizure. Examination reveals widespread epidermal detachment affecting approximately 8% of her body surface area.

What is the most appropriate immediate management?","[""Discontinue lamotrigine and start high-dose corticosteroids"", ""Discontinue lamotrigine and provide supportive care"", ""Continue lamotrigine and start topical corticosteroids"", ""Discontinue lamotrigine and start intravenous immunoglobulin"", ""Continue lamotrigine and start oral antihistamines""]",Discontinue lamotrigine and provide supportive care,1,"A rare but recognised adverse effect of lamotrigine therapy is Stevens-Johnson syndrome

Discontinue lamotrigine and provide supportive care

is the correct answer. This patient presents with classic features of Stevens-Johnson syndrome (SJS), a severe cutaneous adverse reaction characterised by target-like lesions, mucosal involvement, and epidermal detachment affecting less than 10% of body surface area. Lamotrigine is a well-recognised cause of SJS, particularly within the first 8 weeks of treatment. The immediate priority is discontinuation of the offending drug and supportive care including fluid management, wound care, pain control, and monitoring for complications such as secondary infection. Early recognition and drug cessation is crucial as continued exposure can lead to progression to toxic epidermal necrolysis. Supportive care in a burns unit or intensive care setting may be required depending on severity.

Discontinue lamotrigine and start high-dose corticosteroids

is incorrect. While drug discontinuation is essential, the use of systemic corticosteroids in SJS/TEN remains controversial. Current evidence suggests corticosteroids may increase the risk of complications including secondary infection and delayed healing, and they are generally not recommended in established SJS/TEN.

Continue lamotrigine and start topical corticosteroids

is incorrect. Continuing the causative medication would be dangerous and could lead to progression to toxic epidermal necrolysis, which carries significant mortality. Topical treatments are insufficient for this systemic condition.

Discontinue lamotrigine and start intravenous immunoglobulin

is partially correct regarding drug cessation but IVIG use in SJS/TEN lacks strong evidence and is not considered first-line treatment. Some studies suggest potential benefit but this remains controversial.

Continue lamotrigine and start oral antihistamines

is incorrect. This approach fails to address the serious nature of SJS and continuing the causative drug could be life-threatening. Antihistamines are inadequate treatment for this severe condition."
145,A patient is given ondansetron for chemotherapy related nausea. What is the most likely side-effect?,"[""Constipation"", ""Dry mouth"", ""Insomnia"", ""Visual disturbance"", ""Pruritus""]",Constipation,0,
146,"A 40-year-old woman has lost her mobility over the last three years.

On examination of the lower limbs, there is Medical Research Council (MRC) grade 3 power throughout both legs. Tone is increased and reflexes are brisk. On examination of the upper limbs, there is MRC 5 on the left and 4+ on the right.

Which of the following is most likely to have lead to her leg weakness?","[""Multiple sclerosis"", ""Guillain-Barre syndrome (GBS)"", ""Central pontine myelinolysis"", ""Charcot-Marie-Tooth disease"", ""Miller Fisher syndrome""]",Multiple sclerosis,0,"Multiple sclerosis is a cause of spastic paraparesis

GBS is a polyneuropathy and therefore causes lower motor neurone signs.

Central pontine myelinolysis is a disease of the brainstem and therefore typically causes quadraparesis (in this case the arms are mostly spared). The weakness would be expected to come on more rapidly.

Charcot-Marie-Tooth is a hereditary neuropathy. Onset is typically much earlier than this case.

Miller Fisher syndrome is a variant of GBS that typically affects the cranial nerves."
147,"A 32-year-old woman presents to the neurology clinic with a 6-week history of progressive stiffness and weakness in both legs, causing difficulty walking. She has no bowel or bladder symptoms. Examination reveals increased tone and brisk reflexes in both lower limbs, with bilateral extensor plantar responses. Upper limb examination is normal. Sensation is intact throughout. MRI brain from last year showed several periventricular white matter lesions; she did not attend follow-up at that time. Which diagnosis most likely explains her current presentation?","[""Multiple sclerosis"", ""Primary lateral sclerosis"", ""Transverse myelitis"", ""Cervical spondylotic myelopathy"", ""Hereditary spastic paraplegia""]",Multiple sclerosis,0,"Multiple sclerosis is a cause of spastic paraparesis

Multiple sclerosis

is the best answer because it commonly affects young women and can present with signs of upper motor neuron (UMN) dysfunction in the lower limbs, such as spastic paraparesis. The presence of prior periventricular white matter lesions on MRI supports dissemination in space—a key MS diagnostic criterion according to UK guidelines. Although sensory symptoms are common, pure motor presentations do occur if plaques predominantly involve corticospinal tracts; relapses may also be incomplete or show gradual progression over weeks. The absence of upper limb findings further localises pathology to the spinal cord or brain affecting leg fibres.

Primary lateral sclerosis

is a rare motor neurone disease variant causing slowly progressive UMN signs without lower motor neuron involvement or significant sensory changes, typically presenting after age 40 and progressing over years rather than weeks. It would not explain the prior white matter lesions on MRI nor fit this patient's age and subacute course.

Transverse myelitis

usually causes bilateral sensory loss below a spinal level, often with bladder/bowel dysfunction due to involvement of both ascending and descending tracts across a transverse segment of cord. This patient has no sensory deficit or sphincter disturbance, making isolated transverse myelitis unlikely.

Cervical spondylotic myelopathy

, while capable of causing spastic paraparesis via cord compression, generally occurs in older adults due to degenerative changes; it rarely causes isolated lower limb UMN signs without any upper limb involvement or preceding neck symptoms at this age.

Hereditary spastic paraplegia

presents as a slowly progressive familial disorder beginning in childhood or early adulthood, characterised by insidious onset rather than subacute progression over weeks and would not account for previous disseminated white matter lesions on MRI."
148,"An 18-year-old man presents to the emergency department with fever, headache, photophobia and neck stiffness. He is started on ceftriaxone and the sepsis 6 bundle is completed within 30 minutes.

The following day the microbiologist calls with blood culture results:


Peripheral blood culture	Gram-negative diplococcus

What is the most common complication of this condition?","[""Focal neurological deficit"", ""Hydrocephalus"", ""Seizures"", ""Sensorineural hearing loss"", ""Waterhouse-Friderichsen syndrome""]",Sensorineural hearing loss,3,"Sensorineural hearing loss is the most common complication following meningitis

Meningococci (Neisseria meningitidis) are gram-negative diplococci that cause meningitis and meningococcal septicemia. Symptoms, usually severe, include headache, nausea, vomiting, photophobia, lethargy, petechial/purpuric rash, multiple organ failure, shock, and disseminated intravascular coagulation.

Sensorineural hearing loss

is correct. Sensorineural hearing loss is the most common complication following meningitis.

Whilst

all the other options

can occur as complications, they are much less common than sensorineural hearing loss."
149,A 59-year-old man is diagnosed with Parkinson's disease after being referred with a tremor and bradykinesia. His symptoms are now affecting his ability to work as an accountant and are having a general impact on the quality of his life. What treatment is he most likely to be offered initially?,"[""Levodopa"", ""MAO-B inhibitor"", ""COMT inhibitor"", ""Dopamine antagonist"", ""Dopamine agonist""]",Levodopa,0,"Levodopa should be offered for patients with newly diagnosed Parkinson's who have motor symptoms affecting their quality of life

The correct answer is

Levodopa

. In the management of Parkinson's disease, Levodopa is considered the most effective treatment for motor symptoms such as tremor and bradykinesia. It is commonly used as a first-line therapy when symptoms significantly impact daily activities or work. Levodopa works by increasing dopamine concentrations in the brain, which helps to alleviate motor symptoms.

MAO-B inhibitor

is not the initial treatment for Parkinson's disease with significant functional impairment. MAO-B inhibitors, such as selegiline and rasagiline, work by inhibiting the enzyme monoamine oxidase B (MAO-B) that breaks down dopamine in the brain. They can help to improve motor symptoms but are usually less effective than Levodopa. MAO-B inhibitors are generally used for early-stage Parkinson's disease when symptoms are mild and do not significantly affect daily activities.

COMT inhibitor

is also not recommended as an initial treatment for significant functional impairment due to Parkinson's disease. COMT inhibitors, such as entacapone and tolcapone, block catechol-O-methyltransferase (COMT), an enzyme involved in breaking down dopamine. These medications are typically used in combination with Levodopa to prolong its effect and reduce motor fluctuations experienced by some patients on long-term Levodopa therapy.

A

dopamine antagonist

would be an inappropriate choice for treating Parkinson's disease, as it would worsen the patient's condition rather than improve it. Dopamine antagonists work by blocking dopamine receptors in the brain, which would further decrease dopamine activity and exacerbate motor symptoms.

Finally, a

dopamine agonist

, such as pramipexole or ropinirole, could be considered an alternative initial treatment option for some patients with Parkinson's disease; however, it is less likely to be offered initially in this case. Dopamine agonists directly stimulate dopamine receptors, mimicking the effects of dopamine. They are generally used for younger patients or those with mild symptoms as they have a lower risk of motor complications compared to Levodopa. In this scenario, the patient's symptoms are significantly affecting his ability to work and his quality of life, making Levodopa the most appropriate initial treatment option."
150,"A 28-year-old woman attends the emergency department with a tonic-clonic seizure. She has a history of epilepsy. She has switched from levetiracetam to carbamazepine approximately 4 weeks ago. Her epilepsy has been well controlled during this period. However, over the last 24 hours, she has had three tonic-clonic seizures witnessed by her husband.

Blood tests are as follows:


Na+	140 mmol/L	(135 - 145)
K+	4.2 mmol/L	(3.5 - 5.0)
Urea	4.2 mmol/L	(2.0 - 7.0)
Creatinine	61 µmol/L	(55 - 120)
CRP	2 mg/L	(< 5)

A CT brain is performed:


CT brain	Unremarkable

What mechanism explains why her seizures have returned?","[""Auto-induction"", ""Auto-inhibition"", ""Michaelis-Menten kinetics"", ""Tachyphylaxis"", ""Zero-order kinetics""]",Auto-induction,0,"Carbamazepine is known to exhibit autoinduction. hence when patients start carbamazepine they may see a return of seizures after 3-4 weeks of treatment

Auto-induction

is correct. Carbamazepine induces its own metabolism via the hepatic microsomal enzyme system CYP3A4 system. This process is known as auto-induction. The half-life of carbamazepine decreases considerably as auto-induction takes place. In practical terms, this means that carbamazepine levels fall significantly (by about 50%) after several weeks of treatment, which may result in seizure recurrence within this period of auto-induction. For this reason, the dose should be increased every 2 weeks.

Auto-inhibition

is incorrect. Carbamazepine induces its own metabolism, rather than inhibiting it.

Michaelis-Menten kinetics

is incorrect. Michaelis-Menten kinetics describes enzymatic reactions where a maximum rate of reaction is reached when drug concentration achieves 100% enzyme saturation. This results in non-linear elimination kinetics. Carbamazepine elimination follows dose-dependent first-order kinetics.

Tachyphylaxis

is incorrect. Tachyphylaxis is defined as a rapidly diminishing response to successive doses of a drug, rendering it less effective. The effect is common with drugs acting on the nervous system. However, carbamazepine is not known to cause tachyphylaxis.

Zero-order kinetics

is incorrect. Carbamazepine elimination follows dose-dependent first-order kinetics."
151,A 67-year-old man is reviewed in the neurology clinic due to concerns about increasing clumsiness. Examination reveals an ataxic gait and increased upper limb tone with cog-wheel rigidity. Blood pressure is 135/80 lying and 95/70 standing. What is the most likely diagnosis?,"[""Motor neuron disease"", ""Progressive supranuclear palsy"", ""Parkinson's disease"", ""Multiple sclerosis"", ""Multiple system atrophy""]",Multiple system atrophy,4,
152,"A 20-year-old man presents to the neurology clinic with a 6 month history of deteriorating gait.

On examination he has a wide based gait, with past pointing and high arched feet. Knee and ankle reflexes are absent, but he has an extensor plantar response bilaterally. Fundoscopy reveals a pale optic disc. There is no impairment of cognition.

What is the most likely diagnosis?","[""Wilson's disease"", ""Friedrich's ataxia"", ""Charcot-Marie-Tooth disease"", ""Motor neuron disease"", ""Bardet-Biedl syndrome""]",Friedrich's ataxia,1,
153,Which one of the following drugs is used in the management of multiple sclerosis?,"[""Beta-interferon"", ""Gamma-interferon"", ""Infliximab"", ""Rituximab"", ""Alpha-interferon""]",Beta-interferon,0,
154,"A 61 year-old man presents to the respiratory clinic with a 2-month history of progressive weakness and shortness of breath. He finds it difficult to stand from sitting, and struggles climbing stairs. He is an ex-smoker with chronic obstructive pulmonary disease (COPD). He had a recent exacerbation one month ago for which he was treated by the GP with a course of oral prednisolone, during which time his weakness transiently improved. On examination you note a left-sided monophonic wheeze and reduced breath sounds at the left lung base. Blood tests and a chest x-ray are requested.


Hb	145 g/L
WCC	10.9 109/l
Na+	138 mmol/L
K+	4.3 mmol/L
Urea	6.8 mmol/L
Creatinine	93 mmol/L
Calcium	2.62 mmol/L
Phosphate	1.44 mmol/L


Chest x-ray	Hyperexpanded lungs, left lower lobe collapse, bulky left hilum

What is the most likely cause of this patient's weakness?","[""Myasthenia gravis"", ""Steroid-induced myopathy"", ""Lambert-Eaton myasthenic syndrome"", ""Hypercalcaemia"", ""Motor neurone disease""]",Lambert-Eaton myasthenic syndrome,2,
155,A 45-year-old woman presents complaining of visual disturbance. Examination reveals a left congruous homonymous hemianopia. Where is the lesion most likely to be?,"[""Optic chiasm"", ""Left occipital cortex"", ""Right optic tract"", ""Right occipital cortex"", ""Left optic tract""]",Right occipital cortex,3,"Visual field defects:

The correct answer is the

right occipital cortex

. A homonymous hemianopia refers to a visual field defect that affects the same (homonymous) side of the visual field in both eyes. The term 'congruous' means that the pattern of vision loss is nearly identical in both eyes. This type of visual field loss is typically caused by a lesion located past the optic chiasm, at or beyond the optic tract. In this case, since it's a left congruous homonymous hemianopia, it indicates damage to the right side of the brain as each half of our brain processes information from the opposite (contralateral) side of our body and visual field. Specifically, it points towards a lesion in the right occipital cortex where primary visual processing occurs.

Optic chiasm

is incorrect because lesions here usually cause bitemporal hemianopia due to the crossing over of nasal retinal fibres from both eyes at this point.

Left occipital cortex

would result in a right congruous homonymous hemianopia, not left, due to contralateral processing.

A lesion in

right optic tract

could theoretically produce left homonymous hemianopia but it would be incongruous rather than congruous because different parts of the visual field are processed at different levels along this pathway.

Finally,

left optic tract

, like the left occipital cortex, would lead to a right-sided vision defect due to contralateral processing."
156,"A 46-year-old male presented to the emergency department with a 3-week history of 'tightness' and 'stiffness' in his upper and lower limbs. He reports that he feels as if he has 'pulled a muscle' in his left leg. He has a background medical history of well-controlled type two diabetes mellitus, multiple sclerosis, hypertension and hypercholesterolaemia.

On examination, he has brisk deep tendon reflexes and hypertonia.

Given the likely diagnosis, what is the first-line treatment?","[""Baclofen"", ""Botulinum toxin injection"", ""Diazepam"", ""Physiotherapy"", ""Pregabalin""]",Baclofen,0,"Baclofen and gabapentin are first-line for spasticity in multiple sclerosis

Baclofen is the correct answer. This patient has a history and examination consistent with increased muscle spasticity secondary to multiple sclerosis. Baclofen and gabapentin are the first-line treatments for spasticity in multiple sclerosis.

Botulinum toxin injection is an incorrect answer. Botulinum toxin injection is not a first-line treatment for spasticity in multiple sclerosis. Its role in the management of spasticity in multiple sclerosis is still under investigation.

Diazepam is an incorrect answer. Diazepam is a second-line treatment for spasticity in multiple sclerosis.

Physiotherapy is an incorrect answer. It is not a first-line treatment for spasticity in multiple sclerosis, however, it is a very useful adjunct treatment to the first-line agent's baclofen and gabapentin.

Pregabalin is an incorrect answer. Gabapentin, not pregabalin, is one of the first-line treatments for spasticity in multiple sclerosis."
157,"A 65-year-old man presents with a six-week history of progressive bradykinesia, mild bilateral slowness, reduced arm swing, and difficulty with daily activities. His medical history includes functional dyspepsia, hypertension, and type 2 diabetes, for which he is on medications. He recently moved to a new GP, where his medications were reviewed and adjusted.

Neurological examination shows bradykinesia, with bilaterally decreased arm swing, shuffling gait, and slow initiation of movement, but no eye movement abnormalities, tremor, rigidity, or postural instability.

What is the most likely diagnosis?","[""Corticobasal degeneration (CBD)"", ""Drug-induced parkinsonism (DIP)"", ""Idiopathic Parkinson's disease (IPD)"", ""Multiple system atrophy - Parkinsonian type (MSA-P)"", ""Progressive supranuclear palsy (PSP)""]",Drug-induced parkinsonism (DIP),1,"Drug-induced parkinsonism compared to Parkinson's disease:

DIP

is the correct answer. The patient’s symptoms of progressive bradykinesia, with bilateral features but without rigidity or tremor, and difficulty with daily activities are consistent with drug-induced parkinsonism, which may result from medications taken for his existing conditions. While the specific medications are not mentioned, certain drugs, such as dopamine antagonists (e.g. prokinetics, commonly used for functional dyspepsia), can cause parkinsonian features. The patient's recent medication review and adjustment could have involved such medications, leading to the development of his symptoms. Unlike IPD, which usually starts asymmetrically, DIP typically presents with bilateral motor signs and is reversible if the offending drug is discontinued. The absence of rigidity and tremor, in the context of bilateral slowness, strongly supports DIP over IPD. Furthermore, the relatively rapid onset of symptoms over six weeks is more characteristic of DIP than the typically slower, insidious progression seen in IPD.

CBD

typically presents with asymmetric parkinsonism and may be associated with cortical features such as alien limb phenomenon or apraxia, which are absent in this patient. The absence of these features and the bilateral onset of symptoms point more toward DIP. Furthermore, the possibility of a new drug introduction also makes DIP more plausible than CBD.

IPD

commonly presents with asymmetric Parkinsonism, typically starting on one side of the body. The bilateral onset and lack of tremor or rigidity in this patient, coupled with the recent medication changes, make DIP a more likely diagnosis than IPD. Furthermore, IPD generally progresses more slowly than a 6-week period and asymmetrically, which does not match this patient's presentation.

MSA-P

presents with Parkinsonism, but it is usually accompanied by early signs of autonomic dysfunction (e.g., orthostatic hypotension, urinary incontinence) or cerebellar symptoms (e.g., ataxia). These features are absent in this patient. Furthermore, MSA-P typically progresses more rapidly than DIP, and the absence of postural instability makes MSA-P less likely. The recent medication review and adjustment, which may have involved drugs known to cause parkinsonism, strongly points to DIP rather than MSA-P.

PSP

typically presents with vertical gaze palsy and early postural instability, neither of which are seen in this patient. The lack of distinguishing features, such as postural instability or vertical gaze palsy, make PSP unlikely. The association with medication review and adjustment further suggests DIP."
158,A 64-year-old man with a history of Parkinson's disease is reviewed in clinic and a decision has been made to start him on cabergoline. Which one of the following adverse effects is most strongly associated with this drug?,"[""Optic neuritis"", ""Transient rise in liver function tests"", ""Pulmonary fibrosis"", ""Renal failure"", ""Thrombocytopenia""]",Pulmonary fibrosis,2,
159,"A 52-year-old gentleman with no past medical history presents to the emergency department accompanied by his wife. His wife reported finding him confused earlier in the day. Repetitive questioning was a prominent feature. He was able to recognise his wife and correctly reported his address and date of birth to paramedics. On arrival to the emergency department, he had recovered and was back to his normal self. The event lasted approximately 3 hours. A full neurological examination was normal. What is the most likely diagnosis?","[""Epilepsy"", ""Transient psychogenic amnesia"", ""Transient global amnesia"", ""Brain tumour"", ""Transient ischaemic attack""]",Transient global amnesia,2,
160,"A 78-year-old male presents to the emergency department with impairment of his speech. He has a background medical history of type two diabetes mellitus, hypertension, hypercholesterolemia, and a 50-pack year smoking history.

On examination, his speech is non-fluent. It is halting and effortful. He has difficulty naming examples within a category, he can only name 4 types of animals in 1 minute. He is unable to repeat the phrases 'baby hippopotamus' and 'British constitution'. However, he is able to follow 3 stage commands. He has normal tone, power, coordination, and reflexes throughout.

Neurological imaging reveals an acute localised infarct.

Where is this infarct most likely to be found?","[""Angular gyrus"", ""Arcuate fasciculus"", ""Inferior frontal gyrus"", ""Transverse temporal gyri (Heschl's gyri)"", ""Brodmann area 22 in the superior temporal gyrus""]",Inferior frontal gyrus,2,"Broca's dysphasia: speech non-fluent, comprehension normal, repetition impaired

Inferior frontal gyrus is the correct answer. This is the location of Broca's area. This patient has non-fluent speech, normal comprehension, and impaired repetition which is consistent with Broca's dysphasia. The animal naming test (ANT1) used in this scenario is a semantic fluency test that consists of naming as many animals as possible in 1 minute. A normal ANT1 score is typically considered to be >14. Comprehension remains relatively intact in Broca's dysphasia. In this scenario the patient is able to complete 3 stage commands, however, he may have difficulty if asked more complex comprehension questions, such as, 'If a seal was killed by a polar bear which one is still alive?'. It is also important to note that this patient may maintain automatic speech, such as counting to 10, as this function is thought to be located in an area distinct from Broca's area.

Angular gyrus is an incorrect answer. Lesions in the angular gyrus are associated with Gerstmann syndrome. Gerstmann syndrome is characterised by dysgraphia or agraphia, dyscalculia or acalculia, finger agnosia, and left-right disorientation. Infrequently lesions in this area may produce dysphasia, however, they are unlikely to cause the characteristic signs of 'Broca's dysphasia' as seen in this scenario.

Arcuate fasciculus is an incorrect answer. Lesions in this area result in conduction aphasia. Conduction aphasia is characterised by fluent speech, relatively intact comprehension, and poor repetition. Lesions in this region would not account for the halting and effortful seen in this scenario.

Transverse temporal gyri (Heschl's gyri) is an incorrect answer. This area is part of the primary auditory cortex. Interestingly, these gyri are the first cortical structures to process incoming auditory information. Lesions in the primary auditory cortex would certainly not account for this patient's non-fluent speech. A lesion here would also likely result in impaired comprehension which is not observed here.

Brodmann area 22 in the superior temporal gyrus is an incorrect answer. Wernicke's area is traditionally thought to reside in Brodmann area 22, which is located in the superior temporal gyrus. This area 'forms' the speech before 'sending it' to Broca's area. Lesions result in sentences that make no sense, word substitution, and neologisms but speech remains fluent - 'word salad'. Additionally, comprehension is also impaired. Wernicke's dysphasia is a sharp contrast to the effortful speech seen in Broca's dysphasia. It is completely inconsistent with the scenario above."
161,"A 36-year-old woman presents with a progressively worse tingling sensation in the legs and poor balance. She has no significant past medical history.

On examination, proprioception and vibration sense are both heavily reduced in the lower limbs. Distal paraesthesia is evident. Knee reflexes are brisk.

A blood film is taken which demonstrates macrocytic anaemia and hypersegmented neutrophils.

Given the likely diagnosis, which parts of the spinal cord are affected?","[""Anterior corticospinal tract and lateral corticospinal tract"", ""Dorsal column and lateral corticospinal tract"", ""Anterior tract and dorsal column"", ""Spinothalamic tract and dorsal column"", ""Spinothalamic tract and lateral corticospinal tract""]",Dorsal column and lateral corticospinal tract,1,"In subacute combined degeneration of the spinal cord, the dorsal columns and lateral corticospinal tracts are affected

The diagnosis here is that of subacute combined degeneration of the cord. The blood film points towards B12 deficiency, the cause of this condition. The dorsal column and lateral corticospinal tract are affected, and so this is the correct answer. These tracts are responsible for joint position and vibration sense, which are typically lost first in this condition, followed by distal paraesthesia and upper motor neuron signs in the legs. This correlates with the scenario mentioning the loss of proprioception and vibration sense on examination, as well as brisk knee reflexes - an upper motor neuron lesion finding.

The anterior and lateral corticospinal tracts are incorrect. Whilst the lateral corticospinal tract is involved, the anterior tract is not. The anterior corticospinal tract is usually small and controls the movements of axial muscles. It is not typically affected by this condition.

The spinothalamic tract and dorsal column are also incorrect. The dorsal column is affected but the spinothalamic tract is not. The spinothalamic tract is responsible for pain and temperature sensation, which are not affected in subacute combined degeneration of the cord.

The spinothalamic tract and lateral corticospinal tract is also, therefore, an incorrect combination."
162,A 24-year-old woman with Charcot-Marie-Tooth disease (type 1) asks how likely it is that any future children will have the disease. What is the most accurate answer?,"[""Three times as likely as background population"", ""25%"", ""Between 5 - 10%"", ""Same as background population"", ""50%""]",50%,4,
163,Which of the following drugs is least likely to cause peripheral neuropathy?,"[""Amiodarone"", ""Vincristine"", ""Trimethoprim"", ""Isoniazid"", ""Nitrofurantoin""]",Trimethoprim,2,
164,A 19-year-old presents as she would like to start a combined oral contraceptive pill. During the history she states that in the past she has had migraine with aura. She asks why the combined oral contraceptive pill is contraindicated. What is the most appropriate response?,"[""Theoretical risk of ischaemic stroke"", ""Significantly increased risk of ischaemic stroke"", ""Increased frequency of migraines"", ""Migraine is an independent risk factor for venous thromboembolism"", ""Increased severity of migraines""]",Significantly increased risk of ischaemic stroke,1,
165,"A 30-year-old female patient with a history of relapsing-remitting multiple sclerosis presents with new-onset double vision. She reports that in the last week, she has noticed double vision when trying to focus on objects on the left side of her visual field. She reports no double vision when looking to the right.

On examination, asking the patient to track the examiner's finger and look to the left (i.e. left horizontal conjugate gaze) elicits double vision, with the patient reporting that images appear 'side by side.' In addition, there is a failure of the right eye to adduct past the midline, and nystagmus is noted in the left eye. Asking the patient to look to the right elicits no symptoms or abnormal findings. Asking the patient to converge her eyes on a nearby, midline object elicits no abnormalities and the patient is able to abduct both eyes.

The lesion that is most likely responsible for this patient's symptoms is located in which part of the nervous system?","[""Calcarine sulcus of the occipital lobe"", ""Lateral area of medulla"", ""Nucleus of the oculomotor nerve"", ""Optic nerve"", ""Paramedian area of midbrain and pons""]",Paramedian area of midbrain and pons,4,"The medial longitudinal fasciculus is located in the paramedian area of the midbrain and pons

The vignette describes an internuclear ophthalmoplegia (INO) which results from a lesion in the medial longitudinal fasciculus (MLF) located in the paramedian area of the midbrain and pons. The medial longitudinal fasciculus connects the abducens nerve nucleus (CN VI) in the paramedian pontine reticular formation (PPRF) with the contralateral oculomotor nerve nucleus (CN III) and coordinates horizontal conjugate gaze. Central nervous system demyelinating disorders, such as multiple sclerosis, are a common cause of INO, and bilateral INO in particular is typically associated with multiple sclerosis.

All of the listed options will result in visual disturbances but are incorrect for the following reasons:

A lesion of the occipital lobe causes a contralateral homonymous, macular-sparing quadrantanopia or hemianopia, depending on the extent of the lesion.

A lateral medullary lesion (aka Wallenberg syndrome) typically results from a vascular insult from a PICA or vertebral artery stroke, and may cause an ipsilateral Horner's syndrome marked by ptosis, miosis, and anhidrosis.

Optic neuritis is a common manifestation of multiple sclerosis, but typically presents with blurred vision, colour desaturation, and eye pain. The symptoms would not be expected to improve on covering the unaffected eye, as is the case in binocular diplopia demonstrated in this patient.

Finally, a lesion affecting the oculomotor nerve nucleus would also affect the ipsilateral eye's ability to abduct on horizontal conjugate gaze. However, the key distinguishing feature on physical examination is the test of convergence: asking the patient to focus on a nearby object in the midline which requires abduction of both eyes. The patient's ability to converge exonerates an oculomotor nerve or oculomotor nucleus lesion."
166,"A 46-year-old man presents to the emergency department with a painful red eye that has developed over the past few hours. He describes the vision in the eye as blurred and feels generally nauseous, having vomited twice already. He describes seeing 'haloes' around lights.

His past medical history includes hypertension, asthma, migraines, and hypercholesterolaemia. He takes ramipril, amlodipine, atorvastatin, topiramate, montelukast, and inhalers.

What medication is most likely to have precipitated his presentation?","[""Amlodipine"", ""Atorvastatin"", ""Montelukast"", ""Ramipril"", ""Topiramate""]",Topiramate,4,"Topiramate can precipitate acute angle closure glaucoma

This patient's presentation is highly suggestive of acute angle closure glaucoma (AACG), given the painful red eye, blurred vision, nausea, and vomiting, as well as the description of 'haloes'. This requires immediate management. Several drugs are known to precipitate AACG. Of the drugs listed, the most likely candidate is

topiramate

, which the patient is taking for migraine prophylaxis. Topiramate is thought to cause AACG due to ciliary body oedema and forward displacement of the lens.

Amlodipine

is a calcium-channel blocker used to control hypertension. It is not known to precipitate AACG.

Atorvastatin

is a statin used to control hypercholesterolaemia. It is not linked to AACG.

Montelukast

is a leukotriene receptor antagonist used in the management of asthma. It does not have a known association with AACG.

Ramipril

is an angiotensin-converting enzyme inhibitor used in the management of hypertension. It is not linked to AACG."
167,"A 58-year-old female presents to general practice complaining of weakness in her legs. She reports increasing difficulty climbing stairs and getting up from sitting positions.

On taking a history, you note she has no significant past medical history but has smoked for most of her adult life.

On examination, you note a waddling gait, reduced strength in proximal muscles of all limbs and reduced tendon reflexes. there is no wasting, fasciculations, sensory abnormalities or ocular symptoms. On repetitive movements, her weakness appears to initially improve.

Given the likely diagnosis, the presence of which of the following antibodies in the blood would be diagnostic?","[""ACh receptor antibodies"", ""Anti-Mi-2 antibodies"", ""Antinuclear antibody"", ""Rheumatoid factor"", ""Voltage-gated calcium-channel antibodies""]",Voltage-gated calcium-channel antibodies,4,"Lambert-Eaton syndrome or myasthenia gravis? Weakness in Lambert Eaton improves after exercise, unlike myasthenia gravis; which worsens after exercise

ACh receptor antibodies are associated with Myasthenia Gravis (MG). MG can present with isolated proximal muscle weakness, however, more commonly presents with ocular symptoms i.e. ptosis. MG is characterized by increased fatigability with exercise, unlike this patient whose weakness initially improves with exercise.

Anti-Mi-2 antibodies are associated with dermatomyositis. Another differential for proximal muscle weakness, but usually also presents with systemic upset and rash.

Antinuclear antibody is used in the diagnosis of various autoimmune conditions, in particular, systemic lupus erythema which would present differently.

Rheumatoid factor (RF) is used as a marker of inflammatory and autoimmune activity. RF is commonly used alongside other tests to aid the diagnosis of rheumatoid arthritis. Rheumatoid factor has no role in the diagnosis of Lambert-Eaton Myasthenic Syndrome (LEMS). This patient has no joint symptoms, which makes the diagnosis of rheumatoid disease less likely.

Voltage-gated calcium-channel antibodies are suggestive of Lambert-Eaton Myasthenic Syndrome (LEMS). LEMS is characterized by weakness, particularly of the proximal muscles, which improves (initially) with exercise. This condition generally presents in later life, unlike MG which has peaks in the 3rd and 6th decades. LEMS is often associated with an underlying malignancy, most commonly small cell lung cancer. This patients smoking history gives another clue in favour of this diagnosis."
168,"A 72-year-old man with a background of diabetes and a previous myocardial infarction presents with abnormal vision.

Examination reveals an inferior homonymous quadrantanopia.

What is the most likely site of the lesion?","[""Inferior optic radiation in the parietal lobe"", ""Inferior optic radiation in the temporal lobe"", ""Inferior to the optic chiasm"", ""Superior optic radiation in the parietal lobe"", ""Superior to the optic chiasm""]",Superior optic radiation in the parietal lobe,3,"Inferior homonymous quadrantanopias are caused by lesions of the superior optic radiations in the parietal lobe

For the purpose of exams, inferior homonymous quadrantanopias are caused by lesions of the

superior optic radiations in the parietal lobe

. In reality, however, occipital lobe lesions may also present with this pattern of visual field loss.

PITS refers to which part of the visual field is affected: parietal-inferior visual field / temporal-superior visual field. However, the optic radiations are 'opposite' to the visual fields!

A lesion of the

inferior optic radiation in the temporal lobe

would cause a superior homonymous quadrantanopia.

There is no

inferior optic radiation in the parietal lobe

. The parietal lobe carries fibres from the superior optic radiation, which transports information from the inferior visual field.

Lesions to the

superior to the optic chiasm

(for example a craniopharyngioma, most commonly found in children although it can also occur in adults) would cause bitemporal hemianopia rather than a quadrantanopia.

Lesions

inferior to the optic chiasm

(for example a pituitary tumour) would cause bitemporal hemianopia rather than a quadrantanopia."
169,"A 45-year-old woman is found unconscious. Her neighbour tells you that she was taking multiple medications for depression and schizophrenia. She is brought in to the emergency department where she is unconscious, febrile at 40ºC, systolic blood pressure of 180mmHg, heart rate 140/min, and has muscle rigidity and no myoclonus.

Her CK is 68,000 iu/L.

What is the most likely diagnosis?","[""Serotonin syndrome"", ""Neuroleptic malignant syndrome"", ""Catatonia"", ""Malignant hyperthermia"", ""Acute dystonia""]",Neuroleptic malignant syndrome,1,
170,"A 37-year-old carpenter presents to his GP with a history of clumsiness at work worsening over the last 6 months. He has noticed 'fumbling' for tools on several occasions and is particularly concerned he has fallen repeatedly due to 'tripping over his feet'.

He is normally fit and well apart from well controlled type 1 diabetes and has no other symptoms. Insulin is his only medication. There is no family history of illness.

On examination of this patient's reflexes he has absent ankle jerks and extensor plantars. Sensation is intact.

Which of the following is a possible cause for his symptoms?","[""Diabetic neuropathy"", ""Myasthenia gravis"", ""Progressive supranuclear palsy"", ""Motor neuron disease"", ""Guillain Barre syndrome""]",Motor neuron disease,3,"Extensor plantars + absent ankle jerk → mixed UMN + LMN signs- motor neuron disease, subacute combined degeneration of cord, syringomyelia

Extensor plantars + absent ankle jerk → mixed UMN + LMN signs- motor neuron disease, subacute combined degeneration of cord, syringomyelia.

Diabetic neuropathy, myasthenia gravis and Guillain Barre syndrome would cause lower motor neuron signs only.

Progressive supranuclear palsy would present with Parkinsonism and falls."
171,"A 55-year-old man presents with a worsening early morning headache. He has now also developed persistent nausea. A systematic enquiry was otherwise unremarkable. On examination, you note that he is unable to recognise simple objects when his eyes are closed. A neurological examination was otherwise unremarkable.

What area of the brain is affected?","[""Inferior frontal gyrus"", ""Lateral geniculate nucleus"", ""Medial geniculate nucleus"", ""Parietal lobe"", ""Temporal lobe""]",Parietal lobe,3,"Parietal lobe lesions may cause astereognosis

Parietal lobe

is correct. Astereognosis is defined as the inability to identify objects by touch, despite intact elementary tactile, proprioceptive, and thermal sensation. It occurs due to a lesion in the parietal lobe.

Inferior frontal gyrus

is incorrect.  Lesions in this part of the brain result in Broca's dysphasia characterised by non-fluent speech but normal comprehension.

Lateral geniculate nucleus

is incorrect. This is a component of the thalamus which is a very important component of the visual pathway. A lesion of this nucleus produces moderately to completely congruent visual field defects.

Medial geniculate nucleus

is incorrect. The medial geniculate nucleus is part of the auditory thalamus and represents the thalamic relay between the inferior colliculus and the auditory cortex. Although the medial geniculate nucleus is a well-known integration centre for the central auditory pathways, auditory symptoms caused by damage to these nuclei are rarely described. However, there are some case reports of auditory hallucinations.

Temporal lobe

is incorrect. The function of the temporal lobe centres around auditory stimuli, memory, and emotion."
172,"A 74-year-old man presents to the emergency department with frank hemoptysis. He is a chronic smoker and states that he has lost 8kg of weight over the past two months. He also complains of tingling and numbness of the inner aspect of his right forearm and little finger.

On examination, there are decreased breath sounds in the upper right lung field. There is wasting of the hypothenar eminence of his right hand and clawing of the fourth and fifth digits. Observations are within normal limits.

What nerve roots are predominantly responsible for his neurological symptoms?","[""C3 and C4"", ""C4 and C5"", ""C5 and C6"", ""C7 and C8"", ""C8 and T1""]",C8 and T1,4,"Klumpke's paralysis: T1 nerve root damage

The correct answer is

C8 and T1

. The patient's symptoms of tingling and numbness of the inner aspect of his right forearm and little finger, wasting of the hypothenar eminence and clawing of the fourth and fifth digits suggest lower brachial plexus injury. This is often referred to as Klumpke's paralysis, which typically results from damage to nerve roots C8 and T1. This clinical scenario hints at a Pancoast tumour, a type of lung cancer that can invade the lower part of the brachial plexus causing these neurological signs.

Symptoms of

C3 and C4 involvement

are neck pain and pain over the trapezius muscle, which is not present in the given case, making involvement of these nerve roots unlikely.

C4 and C5 nerve root involvement

is not the correct option as damage to the C4 and/or C5 nerve roots typically presents with shoulder abduction weakness and decreased sensation over the lateral aspect of the upper limb.

C5 and C6 nerve root involvement

is also known as Erb's palsy. The most common cause is birth trauma, which occurs due to traction of the baby's neck at the time of delivery. The resulting deformity is called a 'waiter's tip hand', where the affected arm hangs limply with the shoulder in adduction, internal rotation of the upper arm and pronation of the forearm. The deformity in the given scenario has clawing of the fourth and fifth digits, which does not occur in Erb's palsy.

C7 and C8 involvement

is incorrect as C7 involvement would have sensory loss over the third digit and triceps weakness, which does not appear in this case. However, C8 nerve root involvement could be part of the clinical picture, given the patient's symptoms. C8 and T1 nerve roots will cause the clinical signs mentioned in the case, but C7 involvement is unlikely."
173,Which one of the following is least recognised as an adverse effect of phenytoin use?,"[""Megaloblastic anaemia"", ""Peripheral neuropathy"", ""Alopecia"", ""Osteomalacia"", ""Coarsening of facial features""]",Alopecia,2,
174,"A 28-year-old woman with suspected multiple sclerosis has been reviewed in the outpatient neurology clinic with new diplopia when looking the right.

On examination of the patient's eye movements, the left eye does not adduct on rightward gaze and the right eye exhibits nystagmus. All other eye movements are normal. The pupils are equal and reactive to light.

The neurologist arranges an MRI scan of the brain.

Where is the lesion likely to be seen on MRI imaging?","[""Right abducens nerve"", ""Left paramedian area of the midbrain and pons"", ""Left ventromedial periaqueductal grey matter at the level of the superior colliculus"", ""Right paramedian area of the midbrain and pons"", ""Right ventromedial periaqueductal grey matter at the level of the superior colliculus""]",Left paramedian area of the midbrain and pons,1,"The medial longitudinal fasciculus is located in the paramedian area of the midbrain and pons

The patient here has presented with a typical history and examination of internuclear ophthalmoplegia. Internuclear ophthalmoplegia occurs due to lesions in the medial longitudinal fasciculus (MLF), which is located in the paramedian area of the midbrain and the pons. Multiple sclerosis is an autoimmune disorder of demyelination, hence highly myelinated tracts such as the MLF are often affected.

In order to generate conjugate eye movements, a signal is sent from the paramedian pontine reticular formation (PPRF) to the pontine abducens nucleus. A signal is then sent from the abducens nucleus to the ipsilateral lateral rectus muscle via the abducens nerve and to the contralateral oculomotor nucleus to control the contralateral medial rectus muscle. Fibres from the abducens nucleus cross the midline of the brainstem and form a highly myelinated tract, the MLF, which travels up the contralateral side of the brainstem, through the paramedian area of the midbrain and pons to the oculomotor nucleus. The contralateral medial rectus muscle is then innervated from the oculomotor nucleus in the midbrain. The eye which fails to adduct is ipsilateral to the lesion in the MLF as the oculomotor nucleus does not receive a signal from the contralateral abducens nucleus to adduct. This results in a failure of conjugate gaze and diplopia.

The horizontal nystagmus of the right eye above is explained by Hering's law of equal innervation, whereby the 'weak, medial rectus muscle prompts the cortex to increase innervation to the oculomotor nucleus. This prompts an equally increased, and in this case, excessive innervation to the contralateral abducens nucleus, resulting in horizontal nystagmus of the right eye.

A lesion of the right abducens nerve is incorrect. The right abducens nerve is functioning in the scenario above as the patient can look to the right. The fact that the right eye exhibits nystagmus is related to Hering's law as mentioned above.

The ventromedial periaqueductal grey matter at the level of the superior colliculus is home to the nucleus of the oculomotor nerve. The nerve nuclei of the oculomotor nerve innervate ipsilaterally, emerging from the medial aspect of the cerebral peduncles. Hence a lesion of the left oculomotor nucleus would affect the left eye and lesion of the right oculomotor nucleus would affect the right eye. Lesions of the oculomotor nuclei would result in a more profound ophthalmoplegia with the eye often resting in the 'down and out' position, due to unopposed lateral rectus and superior oblique contraction."
175,"A 33-year-old man is seen in the Emergency Department with a fall. He is a known alcoholic and drank a bottle of vodka and 2 cans of cider in the last 24 hours. He is started on a chlordiazepoxide reducing regimen by the junior doctor. He is post-taken by the medical consultant who examines him requests that he is urgently started on Pabrinex as he has features consistent with Wernicke's encephalopathy.

Which of the following is a feature of Wernicke's encephalopathy?","[""Dysarthria"", ""Retrograde amnesia"", ""Ophthalmoplegia"", ""Confabulation"", ""Tremor""]",Ophthalmoplegia,2,"Confusion, gait ataxia, nystagmus + ophthalmoplegia are features of Wernicke's encephalopathy

A useful mnemonic to remember the features of Wernicke's encephalopathy is

CAN OPEN

C

onfusion

A

taxia

N

ystagmus

O

phthamoplegia

PE

ripheral

N

europathy

Retrograde amnesia and confabulation are features of Korsakoff's psychosis

Dysarthria and tremor are multifactorial symptom of neurological/systemic disease"
176,"A 62-year-old man in a hospital neurology clinic has 6 months of an evening urge to move his legs with unpleasant sensations, relieved by movement and disrupting sleep. His partner reports repetitive leg jerks during the night. He has type 2 diabetes and a past gambling disorder. Examination is normal. He takes metformin and sertraline.

Ferritin	120 µg/L	(30 - 400)
What is the most appropriate initial pharmacological treatment?","[""Gabapentin"", ""Pramipexole"", ""Ropinirole"", ""Levodopa"", ""Clonazepam""]",Gabapentin,0,"Restless leg syndrome - pregabalin or gabapentin are first-line

Gabapentin

: This is the best initial pharmacological treatment for restless legs syndrome (RLS) in this scenario. Current UK practice and guidelines increasingly favour alpha-2-delta ligands (gabapentin or pregabalin) as first-line pharmacotherapy for persistent RLS because they effectively reduce sensory discomfort and periodic limb movements while avoiding the high rates of augmentation and impulse-control disorders seen with dopamine agonists. His ferritin is normal, so iron replacement is not indicated, and non-pharmacological measures alone have failed, given 6 months of sleep-disrupting symptoms. Gabapentin is particularly suitable here as it also addresses neuropathic-type discomfort and is useful if coexisting pain is suspected (e.g., in diabetes). The patient’s history of gambling disorder is a red flag for dopamine agonists, which can precipitate or worsen impulsive behaviours. Gabapentin’s main adverse effects are dizziness, somnolence and ataxia; dose adjustment is required in chronic kidney disease, but no severe renal impairment is presented. It has no significant interaction with sertraline. Overall, an alpha-2-delta ligand is first-line, and gabapentin is an evidence-based, guideline-consistent choice.

Pramipexole

: Although pramipexole is effective and historically used for RLS, it is no longer preferred as first-line due to the substantial risk of augmentation (earlier onset/worsening of symptoms, spread to arms, higher doses needed) and impulse-control disorders (e.g., pathological gambling, hypersexuality). This patient’s past gambling disorder is a clear contraindication to favouring a dopamine agonist when alternatives exist. In UK practice, pramipexole is typically reserved for cases where alpha-2-delta ligands are unsuitable or ineffective, after careful counselling about risks. It would not be the most appropriate initial choice when gabapentin or pregabalin can be used, particularly with a normal ferritin and persistent nocturnal symptoms. While pramipexole can be considered in carefully selected patients, the clinical context here strongly argues against it as first-line.

Ropinirole

: Similar to pramipexole, ropinirole is a non-ergot dopamine agonist that reduces RLS symptoms but carries the same key problems: augmentation with long-term use and a significant risk of impulse-control disorders. Given the patient’s history of gambling disorder, a dopamine agonist poses avoidable risk. UK guidance has shifted away from routine first-line dopamine agonists for exactly these reasons, especially in individuals vulnerable to behavioural adverse effects. Ropinirole is therefore not the most appropriate initial treatment. It may be considered in selected cases where alpha-2-delta ligands are contraindicated or poorly tolerated, with close monitoring for augmentation and impulsivity, but that is not the case here.

Levodopa

: Levodopa can provide short-term relief and is sometimes used for intermittent RLS (e.g., occasional episodes or pre-travel dosing), but it has high rates of augmentation and rebound with regular nightly use. For a patient with chronic nightly symptoms causing sleep disturbance over months, levodopa is not recommended as first-line. It is generally avoided for regular use in RLS due to these complications, and better long-term tolerance exists with alpha-2-delta ligands. In this case—persistent symptoms, normal ferritin, and a behavioural risk profile that disfavors dopamine agents—levodopa would be an inferior initial choice compared to gabapentin.

Clonazepam

: Benzodiazepines are not first-line for RLS. While clonazepam may improve sleep continuity and can reduce arousals associated with periodic limb movements, it does not target the core pathophysiology of RLS and carries risks of sedation, cognitive impairment, falls (especially in older adults), and dependence. UK practice generally reserves benzodiazepines for very selected cases (e.g., refractory insomnia due to RLS/PLMS) when other options have failed or are contraindicated. In a 62-year-old with clear RLS features, normal ferritin, and prior gambling disorder, clonazepam is not the most appropriate initial choice. An alpha-2-delta ligand such as gabapentin is preferred as first-line therapy."
177,A 34-year-old accountant presents with a one week history of pain around his right eye occurring once or twice a day. They are described as being very severe and lasting between 10-30 minutes each. He also describes a feeling of a blocked nose. What is the treatment of choice to treat this current episode?,"[""Ibuprofen"", ""Acetazolamide + topical pilocarpine"", ""Prednisolone"", ""Subcutaneous sumatriptan"", ""Ergotamine""]",Subcutaneous sumatriptan,3,"Cluster headache - acute treatment: subcutaneous sumatriptan + 100% O2

The correct answer is subcutaneous sumatriptan. This patient is presenting with cluster headache, characterised by severe unilateral periorbital pain lasting 10-30 minutes, occurring in clusters with associated autonomic features (in this case nasal congestion).

Subcutaneous sumatriptan

is the first-line acute treatment for cluster headache according to NICE guidelines, as it provides rapid relief within 10-15 minutes. It works by acting as a selective 5-HT1B/1D receptor agonist, causing vasoconstriction of cranial blood vessels and inhibition of neurogenic inflammation.

Ibuprofen

would be ineffective in treating cluster headache due to the rapid onset and short duration of attacks. By the time NSAIDs would take effect, the attack would likely be over. Additionally, the severity of cluster headache pain typically requires stronger medication.

Acetazolamide and topical pilocarpine

are used in the treatment of acute angle-closure glaucoma, not cluster headache. While eye pain is a feature of both conditions, the episodic nature and associated symptoms in this case are not consistent with glaucoma.

Prednisolone

can be used as a transitional treatment in cluster headache to provide prophylaxis while other preventative medications are initiated, but it is not appropriate as an acute treatment for individual attacks.

Ergotamine

, while historically used for cluster headache, is now considered second-line due to its side effect profile and the superiority of triptans. It has a higher risk of adverse effects including ergotism, and is contraindicated in patients with cardiovascular disease."
178,"A 38-year-old woman presented with blurring of her vision on lateral gaze. She has previously suffered an episode pain on moving her eyes with difficulty in seeing red colours 6 months ago which resolved spontaneously after a week.

She was seen in a neurology clinic and examined by a neurologist. On rightward gaze the left eye failed to adduct and the right eye exhibited nystagmus. Leftward, upward and downward gazes were unremarkable. The pupils are equal and both reactive to light.

The peripheral examination was unremarkable.

An MRI brain scan is subsequently performed and the report is awaited.

Where is the lesion most likely located from this presentation?","[""Medial longitudinal fasciculus"", ""Optic chiasm"", ""Oculomotor nerve"", ""Optic radiation"", ""Periventricular area""]",Medial longitudinal fasciculus,0,"Internuclear ophthalmoplegia is due to a lesion in the medial longitudinal fasciculus

The most likely diagnosis for this patient is multiple sclerosis. Here she is presenting with internuclear ophthalmoplegia. Internuclear ophthalmoplegia occurs due to a lesion in the medial longitudinal fasciculus. The medial longitudinal fasciculus is a highly myelinated tract which communicates information from the vestibular nucleus to the oculomotor, trochlear and abducens nuclei to coordinate eye movements. She previously suffered an episode of what is very likely to be optic neuritis. This points further to a diagnosis of multiple sclerosis. Internuclear ophthalmoplegia is a disorder of conjugate lateral gaze in which the eye on the side of the lesion in the medial longitudinal fasciculus fails to adduct and the contralateral eye exhibits nystagmus. Multiple sclerosis is a disorder which affects the axonal myelin sheath and hence highly myelinated areas are commonly affected.

A lesion of the optic chiasm is more likely to present with bitemporal hemianopia or tunnel vision. There would be no effect on eye movements and the visual disturbance is typically painless.

A lesion of the optic radiation will present with homonymous hemianopia or quadrantanopia depending on which lobe the lesion is located. The control of eye movements is confined to the nuclei of the brainstem.

Periventricular lesions commonly present with numbness of the hands or feet and impaired motor function. Cranial nerves are not involved.

Lesions of the oculomotor nerve would cause a more significant ophthalmoplegia with the eye in the 'down and out' position. You would also expect to see ptosis and mydriasis in the affected eye. Lesions of the oculomotor nerve can be seen in multiple sclerosis but the presentation does not fit here."
179,"A 38-year-old man is referred to the neurology outpatient department by his general practitioner with reports of a recurrent sense of dejÃ  vu. He has no significant past medical history otherwise.

During the course of the examination, he appears to start smacking his lips. This occurs for approximately sixty seconds. After the event, he has transient difficulty with fluently expressing words, which resolves without intervention.

Given the likely diagnosis, to which part of the brain can the pathology be localized?","[""Frontal lobe"", ""Occipital lobe"", ""Parietal lobe"", ""Temporal lobe"", ""Whole brain""]",Temporal lobe,3,"Lip smacking + post-ictal dysphasia are localising features of a temporal lobe seizure

The temporal lobe is correct. The combination of a recurrent sense of dejÃ  vu associated with episodes of lip-smacking and postictal dysphasia suggest a temporal lobe seizure.

The frontal lobe is incorrect. Partial seizures affecting the frontal lobe give rise to predominantly motor symptoms e.g. head/leg movements, posturing, post-ictal weakness or a Jacksonian march.

The occipital lobe is incorrect. Seizures affecting this part of the brain typically cause visual symptoms such as floaters/flashes.

The parietal lobe is incorrect. Seizures in this region tend to be associated with paraesthesia.

Whole-brain is incorrect. Seizures affecting the whole brain are by definition generalized and would therefore cause a loss of consciousness and a generalized tonic-clonic seizure."
180,"A 21-year-old man presents with progressive hearing loss as well as an on-off ringing affecting both ears. The patient is otherwise well with no other medical conditions. He does however reports that both his father and grandparents had similar issues at a young age and eventually required surgical intervention.

External and otoscope examinations are normal however Rinne and Weber's tests reveal a bilateral conductive hearing loss.

What is the most likely diagnosis?","[""Alport syndrome"", ""Cerumen"", ""Cholesteatoma"", ""Microtia"", ""Otosclerosis""]",Otosclerosis,4,"Otosclerosis is characterised by conductive hearing loss, tinnitus and positive family history

This patient has presented with features in keeping with the condition of the middle ear

otosclerosis

. In otosclerosis, the normal bones of the ear's bony labyrinth are replaced by vascular spongy bone. There is normally a family history of the condition as it is caused by a combination of genetic and environmental factors (e.g. viral infections), with patients experiencing symptoms from their 20s onwards. As otosclerosis is due to a disruption of the bony labyrinth, with the stapes at the oval window becoming fixated, it results in progressive conductive deafness however otoscope examination will commonly reveal a normal tympanic membrane. Treatment is dependant on the extent of the otosclerosis and hearing loss but can range from hearing aids to a stapedectomy, where a portion of the sclerotic stapes footplate is removed and replaced with an implant.

Alport syndrome

is an inherited defect of type IV collagen, normally presenting in childhood. The condition typically results in progressive renal failure and a sensorineural hearing loss, not a conductive hearing loss as described here. Other features of the syndrome include ocular issues, smooth muscle tumours (leiomyomas) and rarely aortic dissection.

Cerumen

is the medical term for ear wax, referring to the secretion from the ceruminous and sebaceous glands of the outer ear. Excessive cerumen can result from several conditions and causes a conductive hearing loss however the waxy substance will be present in the ear canal and therefore seen on otoscope examination.

A

cholesteatoma

is a collection of keratinised squamous epithelium that forms within the middle ear space. Symptoms develop as the collection progressively expands causing destruction of the surrounding tissues and bone resulting in retraction or perforation of the tympanic membrane as well as chronic drainage from the ear secondary to infection. As such in cholesteatoma, otoscopic examination of the ear will nearly always be abnormal.

Microtia

is a congenital deformity of unclear cause where the external aspect of the ear is underdeveloped. Microtia can be unilateral or bilateral and is graded based on the extent of the underdevelopment. If significant, children can have reduced hearing as sound is unable to travel into the inner ear. As a deformity of the external ear examination will be abnormal in microtia."
181,A 71-year-old woman is presecribed ondansetron to help treat nausea which has not responded to either metoclopramide or cyclizine. What is the mechanism of action of ondansetron?,"[""5-HT3 antagonist"", ""5-HT2 antagonist"", ""Dopamine antagonist"", ""NK1 receptor antagonist"", ""Antihistamine""]",5-HT3 antagonist,0,
182,"A 28-year-old woman with a history of systemic lupus erythematosus (SLE) presents with jerky, irregular movements which seem to move from one limb to another. Her symptoms are continuous and there are no other neurological features such as impairement of consciousness. Where is the neurological lesion most likely to be?","[""Cerebellum"", ""Temporal lobe"", ""Hippocampus"", ""Thalamus"", ""Caudate nucleus""]",Caudate nucleus,4,"C

The correct answer is

Caudate nucleus

. The clinical presentation describes chorea, which is characterised by irregular, flowing, non-rhythmic involuntary movements that appear to move from one body part to another. In patients with SLE, this presentation is known as chorea associated with SLE or lupus chorea. The caudate nucleus, part of the basal ganglia, plays a crucial role in motor control, and its dysfunction leads to these characteristic choreiform movements. The pathophysiology involves autoantibody-mediated damage to the caudate nucleus, disrupting the normal inhibitory control of movement.

Cerebellum

lesions typically present with ataxia, intention tremor, dysmetria, and dysdiadochokinesia. These symptoms are different from the choreiform movements described in the case. Cerebellar lesions produce more uncoordinated, poorly controlled voluntary movements rather than the involuntary, flowing movements seen in chorea.

Temporal lobe

involvement would typically present with different symptoms, primarily affecting memory, hearing, and emotional processing. Common manifestations include complex partial seizures, auditory hallucinations, or memory disturbances, none of which are described in this case.

Hippocampus

lesions primarily affect memory formation and consolidation. Patients typically present with anterograde amnesia and difficulties forming new memories. The hippocampus is not directly involved in motor control, making this an unlikely location for the described movement disorder.

Thalamus

lesions typically present with sensory deficits, as it is the major relay centre for sensory information. While the thalamus does play a role in motor function, isolated thalamic lesions are more commonly associated with sensory symptoms or thalamic pain syndrome rather than choreiform movements."
183,"An 84-year-old gentleman is seen in Neurology clinic with an abnormal gait. On questioning, you find that he has impairment of short-term memory and spatial awareness on the Montreal Cognitive Assessment. He is accompanied by his wife who reports that he has been having occasional incontinence of urine recently.

On examination, you notice that he has a magnetic gait and a postural tremor.

What is the likely underlying diagnosis?","[""Lewy body dementia"", ""Idiopathic Parkinson's disease"", ""Multiple systems atrophy"", ""Normal pressure hydrocephalus"", ""Prion disease""]",Normal pressure hydrocephalus,3,"Urinary incontinence + gait abnormality + dementia = normal pressure hydrocephalus

The answer is normal pressure hydrocephalus which usually presents with a triad of urinary incontinence, dementia, parkinsonian-like or magnetic gait.

Lewy body dementia would present with visual hallucinations, idiopathic Parkinson's disease is not necessarily immediately associated with urinary incontinence as a prominent feature. Multiple systems atrophy typically has a cerebellar component and Prion disease is linked typically with myoclonus and a rapidly progressive dementia in a younger age demographic."
184,"A 25-year-old male is brought to the emergency department after being struck on the side of the head with a bottle in a nightclub. According to one of his accompanying friends, he was knocked unconscious initially but then regained consciousness. An ambulance was called after the patient lost consciousness again. The admission CT head scan shows an intracranial haemorrhage.

What is the most likely intracranial haemorrhage based on the history?","[""Extradural haematoma"", ""Acute subdural haematoma"", ""Contusion"", ""Concussion"", ""Diffuse axonal injury""]",Extradural haematoma,0,"Patients with an intracranial extradural haematoma may experience a lucid interval in which they briefly regain consciousness after the injury before progressing into a coma

An extradural haematoma is typically caused by blunt-force, low-impact traumatic head injury. Patients may regain consciousness initially following the injury but progressively slip into a coma as the haematoma continues to expand.

An acute subdural haematoma is typically caused by high-impact injuries (such as a road traffic accident or severe fall) and is often accompanied with diffuse injuries (such as diffuse axonal injury). Patients are either comatose from the outset and do not have the classical lucid interval that is seen in patients with extradural haematomas.

Contusions are a common consequence of traumatic head injury. Over the two to three days following a head injury, contusions can expand and swell (caused by oedema). This effect is termed 'blossoming'. This is a slower process than the neurological deterioration seen in extradural haematoma, which is typically minutes to hours.

Diffuse axonal injury is associated with acceleration and deceleration forces (such as those imposed by a road traffic accident). Coma is of immediate onset and recovery typically takes weeks to months."
185,"A 65-year-old gentleman is admitted to the medical take with a progressively worsening headache for 3 weeks. On closer questioning, he reveals it is worse first thing in the morning but also exacerbated by recumbency and coughing. He is also complaining of intermittent visual disturbances and on fundoscopic examination, there is papilloedema of the right disc but optic atrophy on the left.

A subsequent CT scan is performed revealing a space occupying lesion. Where is the space occupying lesion most likely situated?","[""Left temporal"", ""Right frontal"", ""Right temporal"", ""Left frontal"", ""Left parietal""]",Left frontal,3,
186,"A 67-year old male recently attended A&E, with a 3 month history of bilateral paraesthesias and twitching affecting the thumb, first finger and lateral forearm. He denied any trauma. A MRI scan of his spine was performed and revealed cervical canal stenosis with mild cord compression. He was discharged and advised to see his GP for follow-up. Which of the following is the most appropriate initial step in management?","[""Refer to spinal surgery services"", ""Refer for locally commissioned cervical root injections and review after 6 weeks"", ""Enlist on the weekly minor ops clinic for carpal tunnel decompression"", ""Commence neuropathic analgesia in the first instance and consider surgical evaluation if this does not work"", ""Refer to physiology services and review in 6 weeks""]",Refer to spinal surgery services,0,
187,A 69-year-old man is diagnosed as having Parkinson's disease. Which one of the following psychiatric problems is most likely to occur in this patient?,"[""Tics"", ""Psychosis"", ""Mania"", ""Dementia"", ""Depression""]",Depression,4,"Parkinson's disease - most common psychiatric problem is depression

Depression

is the correct answer as it is the most common psychiatric manifestation in Parkinson's disease (PD), affecting up to 50% of patients. The pathophysiology involves both the psychological impact of living with a progressive neurodegenerative condition and neurochemical changes, particularly involving dopaminergic, noradrenergic, and serotonergic systems. Depression often precedes the motor symptoms of PD and significantly impacts quality of life.

Tics

are not typically associated with Parkinson's disease. Tics are sudden, repetitive movements or vocalisations that are more commonly seen in conditions such as Tourette's syndrome or other tic disorders. The movement disorders in PD are characterised by tremor, rigidity, and bradykinesia rather than tics.

Psychosis

, while it can occur in PD, is less common than depression and typically develops later in the disease course. It is often associated with dopaminergic medication use and usually manifests as visual hallucinations or delusions. It affects approximately 20-30% of PD patients, making it less likely than depression.

Mania

is rarely associated with Parkinson's disease. When it does occur, it is usually iatrogenic, resulting from dopaminergic therapy, particularly in the context of dopamine dysregulation syndrome. It is not a typical primary manifestation of PD.

Dementia

, while common in advanced PD (affecting up to 80% of patients after 20 years), typically develops in the later stages of the disease. It is not usually the first psychiatric manifestation and is less common than depression in the overall course of PD. The cognitive decline in PD typically involves executive function, attention, and visuospatial abilities."
188,"A 56-year-old man presents to the Diabetes clinic for review. He has a history of poorly-controlled type 2 diabetes mellitus, which was first diagnosed fifteen years ago, and primary open angle glaucoma. He is taking latanoprost, metformin, sitagliptin and once-daily insulin glargine. His most recent HbA1c reading was 98mmol/mol.

At his last clinic review three months previously, he had complained of a burning, painful sensation in both his feet. He had been started on gabapentin, which he had uptitrated gradually to the maximum licensed dose. In spite of this, he reports no discernible improvement in the burning sensation in his feet.

What is the most appropriate management option with respect to his neuropathy?","[""Continue gabapentin, start duloxetine"", ""Continue gabapentin, start codeine"", ""Stop gabapentin, start amitriptyline"", ""Stop gabapentin, start duloxetine"", ""Refer to pain management clinic""]","Stop gabapentin, start duloxetine",3,"Drugs for neuropathic pain are typically used as monotherapy, i.e. if not working then drugs should be switched, not added

This patient has presented with painful neuropathy secondary to poorly-controlled type 2 diabetes. In this scenario, NICE advocate starting any of pregabalin, duloxetine, gabapentin  or amitriptyline as first-line therapy. However, in the instance of treatment failure, as is the case here, a new medication for neuropathic pain should be started instead of, not in combination with the original agent. As such, stopping gabapentin and starting duloxetine is the best option here.

Continuing gabapentin whilst starting duloxetine is in contravention of the principle of using drugs for neuropathic pain as monotherapy.

Codeine is unlikely to be an effective additional analgesic for this patient's neuropathic pain.

Substituting gabapentin for amitriptyline would be a possible treatment strategy for some patients. However, for this patient, starting an antimuscarinic agent risks precipitating an exacerbation of symptoms from glaucoma.

Were this patient's symptoms refractory to a second neuropathic analgesic, it may be appropriate to consider a pain management clinic referral. However, at this stage, NICE advise trialling an alternative neuropathic pain medication, and thus a pain clinic referral would be somewhat premature."
189,A 52-year-old man with a history of epilepsy is reviewed. Since having his medication change he has experienced a 'numbness' of his hands and feet. On examination he has reduced sensation in a glove-and-stocking distribution associated with a reduced ankle reflex. He is also noted to have lymphadenopathy in the cervical and inguinal region and some bleeding around the gums. Which one of the following medications is he most likely to have been taking?,"[""Carbamazepine"", ""Phenytoin"", ""Topiramate"", ""Sodium valproate"", ""Lamotrigine""]",Phenytoin,1,
190,"A 76-year-old man presents to the Emergency Department, this is his 5th attendance in 2 months. His past medical history includes hypertension, hypercholesterolaemia and chronic alcohol use. You have never seen him and prior to entering the cubicle the registrar tells you to give his usual treatment of fluids, Pabrinex and discharge back home. You manage to take a minimal history from the patient but he denies falling or a history of head trauma. You examine him as best you can. He has an ataxic gait, horizontal nystagmus and dysmetria.

What is an important cause of his symptoms not to be missed?","[""Alcohol withdrawal"", ""Extradural haemorrhage"", ""Subdural haemorrhage"", ""Vestibular neuronitis"", ""Cerebellar stroke""]",Cerebellar stroke,4,"Cerebellar stroke patients can present like they are 'drunk'

Patients with cerebellar strokes can present like the are drunk and those with alcohol misuse this diagnosis can be missed.

Alcohol withdrawal can range from mild, moderate and severe/delirium tremens depending on the symptoms. Mild to moderate withdrawal may start as early as 4 to 6 hours after the last drink, and peak at 24 to 36 hours. Severe withdrawal symptoms occur after 24 hours and usually peak at day 2. Delirium tremens generally occurs after 3 days of abstinence or decreased drinking.

Vestibular neuronitis is characterised by acute, spontaneous, and prolonged vertigo, commonly after a viral infection. Hearing loss and tinnitus are not features but may be present in labyrinthitis.

Extradural and subdural haemorrhage may be present. Extradural haemorrhages usually present with with a history of trauma, like a blow to the pterion impacting on the middle meningeal artery. Subdural haemorrhages are seen in patients with chronic alcohol intake and the elderly and may present with a reduced GCS or confusion, particularly if they are on anticoagulants."
191,"A 23-year-old patient is about to be discharged following an admission to hospital following a seizure. The patient had a witnessed tonic-clonic seizure lasting four minutes. There were no clear provoking factors. Significantly, the patient denied proceeding trauma and the use of alcohol or recreational drugs.

All blood tests were unremarkable, including FBC, U+Es, LFTs, glucose, clotting and TFTs. A CT head and MRI head were both unremarkable, with no structural abnormalities. An EEG was performed which showed no seizure activity.

How long must the patient abstain from driving?","[""1 month"", ""12 months"", ""3 months"", ""6 months"", ""The patient is not restricted from driving""]",6 months,3,"Patients cannot drive for 6 months following a first unprovoked or isolated seizure if brain imaging and EEG normal

6 months

is the correct answer. Following a first unprovoked seizure, a patient should not drive for 6 months provided there are no structural abnormalities on imaging and there is no epileptiform activity on EEG.

1 month

is the incorrect answer. Patients cannot drive for 1 month after a stroke or TIA.

12 months

is the incorrect answer. Patients cannot drive for 12 months after a seizure if there is abnormal brain imaging or an abnormal EEG.

3 months

is the incorrect answer. Patients cannot drive for 3 months if they have multiple TIAs over a short period.

The patient is not restricted from driving

is the incorrect answer. Patients cannot drive for 6-12 months after a seizure depending on brain imaging and EEG result."
192,"A 25-year-old man presents for review. For the past year he has been experiencing headaches. These are now occurring around 5-6 times per month and typically 'last all day' when they occur. They are not associated with any form of aura. A typical headache is described as a severe throbbing on both sides of his head associated with nausea and lethargy. When he gets such a headache he typically goes to bed so he can 'sleep it off' as activity such as walking or climbing the stairs makes it worse. Before going to bed he typically takes one of his father's diclofenac tablets which seem to help.

Neurological examination is unremarkable.

What is the most likely diagnosis?","[""Migraine"", ""Cluster headache"", ""Medication-overuse headache"", ""Tension headache"", ""Raised intracranial pressure""]",Migraine,0,
193,Which one of the following is a contraindication to the use of a triptan in the management of migraine?,"[""Concurrent pizotifen use"", ""Patients older than 55 years"", ""A history of epilepsy"", ""Previous intracranial tumour"", ""A history of ischaemic heart disease""]",A history of ischaemic heart disease,4,"Cardiovascular disease is a contraindication to triptan use

The correct answer is

A history of ischaemic heart disease

. Triptans, such as sumatriptan, are serotonin agonists used in the acute treatment of migraines. They cause vasoconstriction of cranial blood vessels and inhibit the release of vasoactive peptides. However, they can also cause coronary artery vasospasm and are therefore contraindicated in patients with a history of ischaemic heart disease due to the increased risk of myocardial infarction.

Concurrent pizotifen use

is not a contraindication for triptans. Pizotifen is a prophylactic medication used in preventing migraines. It works by antagonising serotonin (5-HT2) receptors and histamine (H1) receptors. There are no known adverse interactions between pizotifen and triptans.

Age does not preclude the use of triptans, thus

patients older than 55 years

can safely use this medication for migraine management unless there are other contraindications like cardiovascular diseases which tend to be more prevalent in this age group.

A history of epilepsy

also does not pose a contraindication to triptan use. While some studies have suggested that migraine may be associated with an increased risk of epilepsy, there's no evidence that triptans increase seizure risk or exacerbate epilepsy.

Finally, having a

previous intracranial tumour

does not necessarily mean that a patient cannot take triptans. The decision would depend on several factors including the type and location of the tumour, any residual effects or complications from it or its treatment, and whether it has caused any vascular instability. Nonetheless, it's not an absolute contraindication for triptan use."
194,"A 59-year-old man presents with recurrent attacks of vertigo and dizziness. These attacks are often precipitated by a change in head position and typically last around half a minute. Examination of the cranial nerves and ears is unremarkable. His blood pressure is 120/78 mmHg sitting and 116/76 mmHg standing. Given the likely underlying disorder, what is the most appropriate next step to help confirm the diagnosis?","[""Epley manoeuvre"", ""Tilt table test"", ""24 hour ECG monitoring"", ""MRI of the cerebellopontine angle"", ""Dix-Hallpike manoeuvre""]",Dix-Hallpike manoeuvre,4,"BPPV: Dix-Hallpike manoeuvre is diagnostic

This patient has classical symptoms of benign paroxysmal positional vertigo. A positive Dix-Hallpike manoeuvre is an appropriate next step and would help support the diagnosis.

The change in blood pressure on standing is not significant."
195,"In the treatment of migraine, sumatriptan is an example of a:","[""Beta-blocker"", ""Alpha-blocker and a partial 5-HT2 agonist"", ""Specific 5-HT1 agonist"", ""5-HT2 antagonist"", ""Tricyclic antidepressant""]",Specific 5-HT1 agonist,2,"Migraine

The correct answer is

Specific 5-HT1 agonist

. Sumatriptan is a member of the triptan class, which are specific serotonin (5-HT1) receptor agonists. They work by constricting blood vessels in the brain that are involved in causing migraine headaches. Sumatriptan does not have significant affinity for 5-HT2 or other 5-HT receptors and hence it doesn't act as an antagonist or partial agonist at these receptors.

Discussing the incorrect answers:

Beta-blocker

is incorrect because sumatriptan does not block beta-adrenergic receptors, which are the target for beta-blockers like propranolol. Beta-blockers are often used in the prophylaxis of migraines but they do not treat acute migraine attacks.

Alpha-blocker and a partial 5-HT2 agonist

is also incorrect. While alpha-blockers such as prazosin can be used in managing conditions like hypertension and benign prostatic hyperplasia, they do not have a role in treating migraines. Additionally, sumatriptan does not act as a partial 5-HT2 agonist.

The option

5-HT2 antagonist

is incorrect because, as mentioned earlier, sumatriptan specifically targets 5-HT1 receptors and has no significant action on 5-HT2 receptors.

Finally,

Tricyclic antidepressant

is incorrect because sumatriptan does not belong to this class of drugs. Tricyclic antidepressants like amitriptyline can be used to prevent migraines but they work through different mechanisms than sumatriptan, primarily by inhibiting the reuptake of serotonin and noradrenaline thereby increasing their concentration in the synaptic cleft."
196,A 33-year-old female with multiple sclerosis complains that her vision becomes blurred during a hot bath. What is this an example of?,"[""Uhthoff's phenomenon"", ""Oppenheim's sign"", ""Werdnig-Hoffman's sign"", ""Lambert's sign"", ""Lhermitte's sign""]",Uhthoff's phenomenon,0,"Uhthoff 's phenomenon where neurological symptoms are exacerbated by increases in body temperature is typically associated with multiple sclerosis

This is Uhthoff's phenomenon. Lhermitte's sign describes paraesthesiae in the limbs on neck flexion

Oppenheim's sign is seen when scratching of the inner side of leg leads to extension of the toes. It is a sign of cerebral irritation and is not related to multiple sclerosis

Werdnig-Hoffman's disease is also known as spinal muscular atrophy"
197,"A 62-year-old woman is taken to the emergency department by her son, after she reported experiencing sudden-onset weakness of the legs.

On examination, she has spastic paresis bilaterally of the lower limbs. A full neurological examination is conducted and she is also found to have loss of pain and temperature sensation of the lower limbs.

Which of the following is the most likely diagnosis?","[""Anterior spinal artery syndrome"", ""Brown-Sequard syndrome"", ""Multiple sclerosis"", ""Subacute combined degeneration of the cord"", ""Syringomyelia""]",Anterior spinal artery syndrome,0,"Bilateral spastic paresis and loss of pain and temperature sensation - anterior spinal artery occlusion

The correct answer is anterior spinal artery syndrome - this is due to occlusion of the anterior spinal artery. This is a rare occurrence, affecting the lateral corticospinal and spinothalamic tracts and the level of and below the lesion. It results in bilateral spastic paresis and bilateral loss of temperature and pain sensation.

Brown-Sequard syndrome is also rare and refers to hemisection of the cord. This would affect the lateral corticospinal tract, spinothalamic tract and dorsal columns. It results in a unique picture of ipsilateral spastic paresis below the lesion, ipsilateral loss of proprioception and vibration sensation, and contralateral loss of pain and temperature sensation. The scenario described here is more in keeping with anterior spinal artery occlusion.

Multiple sclerosis usually presents asymmetrically, with varying tracts involved - rather than symmetrically as seen here.

Subacute combined degeneration of the cord (usually due to vitamin B12 deficiency) affects the lateral corticospinal tract, dorsal columns and spinocerebellar tracts. It also results in bilateral spastic paresis, similarly to the condition seen here, but would lead to bilateral loss of proprioception and vibration sensation, rather than pain and temperature sensation.

Syringomyelia affects the ventral horns and lateral spinothalamic tract. It results in flaccid paresis, rather than spastic paresis, but also causes loss of pain and temperature sensation."
198,"A 25 year-old man presents with worsening bilateral sensorineural deafness. A trial of steroid therapy by his GP had been unsuccessful. He has an MRI scan which demonstrates bilateral lesions at the cerebellopontine angles. He recalls that his father had some form of brain tumours, but can't remember what. His father also has hearing impairment.

Which of the following chromosomes is likely to have a defect on genetic analysis?","[""3"", ""16"", ""17"", ""X"", ""22""]",22,4,
199,A 29-year-old man with myotonic dystrophy has an electrocardiogram. Which one of the following findings is most likely to be present?,"[""Wide QRS complex"", ""Atrial fibrillation"", ""Voltage criteria for left ventricular hypertrophy"", ""Right axis deviation"", ""Prolonged PR interval""]",Prolonged PR interval,4,
200,"A 65-year-old presents to his GP with swollen and tender gums that bleed easily when brushing. He reports that his symptoms have been progressively worsening over the past few months.

His medical history includes hypertension, hyperlipidaemia, and type 2 diabetes and mentions that one of his medications was adjusted shortly before the onset of his symptoms.

On examination, there is significant gum swelling and overgrowth, particularly around the upper and lower anterior teeth, with no signs of infection or ulceration.

What is the most likely medication responsible for his condition?","[""Amlodipine"", ""Atorvastatin"", ""Gabapentin"", ""Lisinopril"", ""Losartan""]",Amlodipine,0,"Gingival hyperplasia: phenytoin, ciclosporin, calcium channel blockers and AML

This patient most likely has gingival hyperplasia, as evidenced by the swollen, tender gums and significant gum overgrowth in the absence of infection, trauma, or changes in oral hygiene. Gingival hyperplasia is a recognised side effect of certain medications, including calcium channel blockers like

amlodipine

. Amlodipine can cause gingival hyperplasia through its effects on fibroblasts, which increase collagen production and reduce its breakdown, leading to excessive gum tissue growth. This condition is typically dose-dependent and more likely in patients with poor oral hygiene or predisposing conditions such as diabetes, as seen in this case.

Atorvastatin

is primarily used to lower cholesterol and does not cause gingival hyperplasia. Its side effects are more commonly related to muscle symptoms (e.g., myalgia) and liver enzyme abnormalities. Although this patient has hyperlipidaemia and is likely on a statin, atorvastatin does not affect fibroblast activity or collagen metabolism, which are central to the development of gingival hyperplasia. The lack of a known link between atorvastatin and gingival tissue changes makes it an unlikely explanation for this patient’s presentation.

Gabapentin

is incorrect because it is not associated with gingival hyperplasia. This medication, commonly used for nerve pain and as an anticonvulsant, may cause side effects such as dizziness, drowsiness, or peripheral oedema, but gum overgrowth is not one of its known adverse effects.

Lisinopril

, an angiotensin-converting enzyme (ACE) inhibitor commonly used to treat hypertension and heart failure, is not associated with gingival hyperplasia. Its side effects typically include cough, hyperkalaemia, and, rarely, angioedema. Lisinopril does not affect fibroblast activity or collagen metabolism, mechanisms that drive gingival hyperplasia. While this patient’s hypertension may warrant the use of an ACE inhibitor, the lack of any documented association between lisinopril and gum overgrowth excludes it as the likely cause of this patient’s condition.

Losartan

, an angiotensin II receptor blocker used for hypertension, does not cause gingival hyperplasia. Its side effects are generally mild and include dizziness, hyperkalaemia, and fatigue. Losartan lacks the direct effects on fibroblasts or collagen metabolism seen with calcium channel blockers. Although this patient is hypertensive, the absence of a known link between losartan and gingival changes makes it an improbable cause of the patient’s gum overgrowth."
201,Which one of the following anti-epileptic drugs is most likely to cause visual field defects?,"[""Lamotrigine"", ""Phenytoin"", ""Ethosuximide"", ""Vigabatrin"", ""Pregabalin""]",Vigabatrin,3,"V for Vigabatrin - V for Visual field defects

The correct answer is

Vigabatrin

. Vigabatrin, an anti-epileptic drug, is most likely to cause visual field defects. This medication inhibits the enzyme GABA transaminase, increasing levels of gamma-aminobutyric acid (GABA) in the brain and thereby reducing seizure activity. However, a significant side effect of vigabatrin is peripheral visual field constriction or even loss. The mechanism behind this is not entirely understood but could be due to retinal toxicity. UK guidelines recommend regular ophthalmological monitoring for patients on vigabatrin.

Lamotrigine

can cause adverse effects like a rash (including Steven-Johnson syndrome), dizziness, headache, blurred vision and diplopia but it does not typically cause visual field defects. It works by blocking sodium channels and decreasing glutamate release (an excitatory neurotransmitter).

Phenytoin

, another anti-epileptic medication that blocks sodium channels, can lead to nystagmus and diplopia if serum levels are high but it doesn't directly cause visual field defects. Other common side effects include ataxia, gingival hyperplasia and hirsutism.

Ethosuximide

is used primarily for absence seizures in children and does not commonly cause visual field defects either. Its main side effects include gastrointestinal discomfort, lethargy, headache and hypersensitivity reactions.

Finally,

Pregabalin

, a drug that binds to voltage-gated calcium channels reducing neurotransmitter release, can also cause blurred vision or diplopia but not visual field defects per se. Other common side effects include dizziness, somnolence and peripheral oedema."
202,"A 5-year-old boy is referred by his GP to the neurology clinic with abnormal movements. His mother noticed that for the last year, the boy is starting to fall over more and more frequently. He has also been having increasingly slurred speech. These have been getting progressively worse. He has had recurrent chest infections in his childhood.

What is the most likely diagnosis?","[""Friedreich's ataxia"", ""Infantile-onset spinocerebellar ataxia"", ""Di-George syndrome"", ""Cerebral palsy"", ""Ataxic telangiectasia""]",Ataxic telangiectasia,4,"Ataxic telangiectasia is characterised by cerebellar ataxia and telangiectasia, onset is in childhood

Ataxic telangiectasia is characterised by cerebellar ataxia and telangiectasia, onset is in childhood. Immune deficiency is also a feature, manifesting in frequent childhood infections.

Friedreich's ataxia and Infantile-onset spinocerebellar ataxia do not present with immunodeficiency.

Cerebral palsy does not present with ataxia.

Di-George syndrome is a cause of immune deficiency but does not usually cause ataxia."
203,"A 72-year-old woman is referred to neurology with a 9-month history of progressive difficulty using her left hand. She reports occasional trembling and stiffness that worsens when anxious. She has noticed her handwriting has deteriorated and she struggles with buttons. She has a history of hypertension and depression. On examination, there is mild hypomimia, subtle rigidity in the left arm, and reduced arm swing on the left when walking. Her gait is otherwise normal.

What is the most likely diagnosis?","[""Corticobasal degeneration"", ""Drug-induced parkinsonism"", ""Essential tremor"", ""Idiopathic Parkinson's disease"", ""Multiple system atrophy""]",Idiopathic Parkinson's disease,3,"Asymmetrical symptoms suggests idiopathic Parkinson's

Idiopathic Parkinson's disease

is the most likely diagnosis in this case. The patient presents with several subtle but characteristic features that point to early Parkinson's disease. The key diagnostic clue is the asymmetrical nature of her symptoms, which predominantly affect her left side. This asymmetry is a hallmark feature of idiopathic Parkinson's disease, distinguishing it from other parkinsonian syndromes. Additional supporting features include the insidious onset over 9 months, hypomimia (reduced facial expression), rigidity, reduced arm swing on the affected side, and micrographia (deterioration in handwriting). The tremor that worsens with anxiety is consistent with the resting tremor of Parkinson's disease, which typically improves with voluntary movement and worsens with stress. Depression, which this patient has, is also common in Parkinson's disease, affecting approximately 40% of patients.

Corticobasal degeneration

is a rare neurodegenerative disorder that can present with asymmetrical rigidity and bradykinesia. However, it typically presents with more pronounced cortical features such as apraxia, alien limb phenomenon, cortical sensory loss, and myoclonus. The absence of these distinctive cortical features makes this diagnosis less likely in this patient. Additionally, corticobasal degeneration usually progresses more rapidly than what is described in this case.

Drug-induced parkinsonism

is an important differential diagnosis to consider, especially in elderly patients on multiple medications. However, drug-induced parkinsonism typically presents with bilateral and symmetrical symptoms of rapid onset, unlike the asymmetrical presentation in this case. The patient's medication history isn't detailed, but the gradual progression and asymmetry make drug-induced parkinsonism less likely.

Essential tremor

is characterized by a bilateral, largely symmetrical action or postural tremor affecting the hands and forearms. Unlike Parkinson's disease, essential tremor typically does not cause bradykinesia, rigidity, or reduced arm swing. The tremor in essential tremor is most prominent during voluntary movement rather than at rest. The patient's presentation with reduced arm swing, rigidity, and hypomimia is inconsistent with essential tremor.

Multiple system atrophy

is a neurodegenerative disorder that can present with parkinsonian features. However, it typically presents with prominent autonomic dysfunction (orthostatic hypotension, urinary incontinence, erectile dysfunction) and cerebellar signs. The absence of these features, along with the asymmetrical presentation, makes multiple system atrophy less likely in this case."
204,"A 65-year-old gentleman presents with progressive dementia and behavioural abnormalities. On closer questioning, he seems to have deficits in concentration, memory and judgement difficulties. There is a family history of psychosis. During the consultation, you notice the patient's gait is ataxic with a notable jerk of his left hand and general hypokinesia. There is also nystagmus during horizontal gaze. Romberg's and Dix-Hallpike tests are negative. What is the most likely diagnosis?","[""Vascular dementia"", ""Lewy body dementia"", ""Sporadic Creutzfeldt-Jakob disease"", ""Alzheimer's disease"", ""Frontotemporal dementia""]",Sporadic Creutzfeldt-Jakob disease,2,
205,"A 33-year-old woman presents to her GP with headaches.

She initially noted unilateral, throbbing headaches that occurred every few weeks and would be relieved by lying in a darkened room.

The patient began to use regular paracetamol, ibuprofen and codeine for these headaches, taking them daily.

She now describes a constant headache that she feels all across her head and is not relieved by lying in a darkened room.

Her neurological examination is unremarkable.

What is the most appropriate management?","[""Stop all analgesia immediately"", ""Taper off current analgesia whilst introducing propranolol"", ""Taper off current analgesia whilst introducing topiramate"", ""Wean down dose of codeine and stop paracetamol/ibuprofen immediately"", ""Wean down dose of paracetamol/ibuprofen and stop codeine immediately""]",Wean down dose of codeine and stop paracetamol/ibuprofen immediately,3,"Medication overuse headache

Wean down dose of codeine and stop paracetamol/ibuprofen immediately

is correct. This patient initially described migraine-like symptoms and began to use daily analgesia. The headache then became a medication overuse headache, the treatment for which is the cessation of the analgesia. The paracetamol and ibuprofen can be stopped abruptly, but the codeine requires gradual dose reduction to avoid withdrawal symptoms.

Stop all analgesia immediately

is incorrect. Whilst the paracetamol and ibuprofen can be stopped abruptly, the codeine must be withdrawn gradually to avoid withdrawal symptoms.

Taper off current analgesia whilst introducing propranolol

is incorrect. The paracetamol and ibuprofen can be stopped abruptly and do not need to be tapered or weaned. Because this patient's primary problem is now medication overuse headache, this must be treated first. The treatment for this involves cessation of current analgesia. Once the analgesia has been withdrawn, propranolol could be introduced

if

the patient was still struggling with migraine symptoms.

Taper off current analgesia whilst introducing topiramate

is incorrect. The paracetamol and ibuprofen can be stopped abruptly and do not need to be tapered or weaned. Because this patient's primary problem is now medication overuse headache, this must be treated first. The treatment for this involves cessation of current analgesia. Once the analgesia has been withdrawn, migraine prophylaxis could be considered if the patient was still struggling with migraine symptoms. Topiramate would, however, not be the first choice as this patient is a female of child-bearing age and topiramate is associated with a risk of teratogenicity. Propranolol would therefore be preferred as prophylaxis if required.

Wean down dose of paracetamol/ibuprofen and stop codeine immediately

is incorrect. These options are the wrong way around; in medication overuse headache the paracetamol and ibuprofen can be stopped abruptly but the codeine dose should be gradually reduced to avoid withdrawal symptoms."
206,"A 22-year-old man complains of hearing problems. You perform an examination of his auditory system including Rinne's and Weber's test:


Rinne's test:	Left ear: bone conduction > air conduction
Right ear: air conduction > bone conduction
Weber's test:	Lateralises to the left side

What do these tests imply?","[""Normal hearing"", ""Left conductive deafness"", ""Right conductive deafness"", ""Left sensorineural deafness"", ""Right sensorineural deafness""]",Left conductive deafness,1,
207,Which one of the following is least associated with Miller-Fisher syndrome?,"[""Anti-GQ1b antibodies"", ""Areflexia"", ""Ataxia"", ""Postural hypotension"", ""Ophthalmoplegia""]",Postural hypotension,3,
208,"A 59-year-old woman presents to the urgent care centre with a 1-day history of facial paralysis. She also complains of some mild ear pain over the last 2 days. On examination, she has a fixed half-smile on the left side of her face. She is unable to raise her left eyelid and has increased sensitivity to sound in her left ear. She denies dizziness or vertigo. The remainder of her cranial nerve examination is normal. ENT examination shows an erythematous left ear canal and vesicles over her soft palate.

Given the likely diagnosis, which of the following is the most appropriate treatment to initiate?","[""Intravenous aciclovir and oral prednisolone"", ""Intravenous ganciclovir"", ""Oral aciclovir and prednisolone"", ""Oral amoxicillin and prednisolone"", ""Oral prednisolone""]",Oral aciclovir and prednisolone,2,"Treatment of Ramsay Hunt syndrome consists of oral aciclovir and corticosteroids

The combination of a facial nerve palsy with a vesicular rash should raise suspicion of Ramsay Hunt syndrome. Vesicles do not necessarily appear in the ear canal and can be present on the anterior 2/3rds of the tongue or the soft palate. Unless the patient is systemically very unwell, oral aciclovir and prednisolone can be given.

Ganciclovir is the treatment of cytomegalovirus.

Amoxicillin would be more appropriate if bacterial otitis media was the cause of her symptoms."
209,"A 48-year-old man is referred to an ear, nose and throat specialist with slowly progressive hearing loss and tinnitus. He has a past medical history of heart failure with preserved ejection fraction and takes regular furosemide. He has a family history of early-onset hearing loss.

On examination, otoscopy is unremarkable bilaterally. There is evidence of hearing loss bilaterally.

Blood tests:


Urea	5.2 mmol/L	(2.0 - 7.0)
Creatinine	89 µmol/L	(55 - 120)

Pure tone audiometry demonstrates bilateral conductive hearing loss.

What is the most likely diagnosis?","[""Alport's syndrome"", ""Furosemide treatment"", ""Glue ear"", ""Meniere's disease"", ""Otosclerosis""]",Otosclerosis,4,"Otosclerosis is characterised by conductive hearing loss, tinnitus and positive family history

Otosclerosis

is the correct answer. The patient has slowly progressive conductive hearing loss, tinnitus and positive family history, making this a likely diagnosis. In this disorder, there is the formation of new bone around the base of the stapes, which is a bone in the middle ear. This results in progressive conductive hearing loss.

Alport's syndrome

is incorrect. This is a disorder that is associated with hearing loss and family history. However, it all causes a progressive decline in renal function, which is not present in this case.

Furosemide treatment

is incorrect. This medication is ototoxic but ototoxicity associated with medications tends to cause sensorineural hearing loss (SNHL) rather than conductive hearing loss. Additionally, furosemide can sometimes be used to treat tinnitus rather than being causative.

Glue ear

is incorrect. This could conceivably cause bilateral conductive hearing loss. However, we would expect abnormal otoscopic findings in this case.

Meniere's disease

is incorrect. This can cause hearing loss and is associated with a  family history in a small number of cases. However, it causes SNHL and is associated with vertigo, which is not present here."
210,"A 41-year-old man presented to the emergency department 24 hours ago with a thunderclap headache. A computed tomography (CT) scan confirmed a spontaneous subarachnoid haemorrhage.

He was admitted to the ward while awaiting neurosurgical intervention and has been commenced on nimodipine.

Despite feeling relatively settled overnight, he reports that he is significantly more nauseous this morning, and has vomited several times in the last 2 hours despite intravenous anti-emetics.

He is apyrexial and his Glasgow Coma Scale of 14 (E3, V5, M6). His pulse is 84/min and his blood pressure is 148/90 mmHg.

What is the next most appropriate intervention?","[""Intravenous labetalol"", ""Hypertonic saline"", ""Rapid sequence induction and intubation"", ""Urgent CT head"", ""Urgent MRI head""]",Urgent CT head,3,"Subarachnoid haemorrhage: if rebleeding is suspected (e.g. sudden worsening of neurological symptoms) → repeat CT

The acute worsening of symptoms (e.g. vomiting, neurological deficit, seizures) in a patient with subarachnoid haemorrhage (SAH) should immediately raise the suspicion of rebleeding. This risk is greatest in the first 24 hours. A repeat CT scan should therefore be arranged immediately and the results discussed with the neurosurgical team.

Guidelines recommend that blood pressure is maintained in the high-normal range in patients with SAH to maintain cerebral perfusion - generally 120-160 mmHg systolic if previously normotensive. Hence intravenous labetalol would be inappropriate. In addition, he is already on nimodipine - a drug which prevents cerebral vasospasm - which in itself can lower blood pressure.

Hypertonic saline is commonly used in raised intracranial pressure, and there is also some evidence of benefit in hyponatraemia occurring as a result of cerebral salt-wasting in the context of subarachnoid haemorrhage. However, it is not first-line fluid therapy (isotonic crystalloids are preferred) and certainly should not be given before repeat imaging has been performed.

Rapid sequence induction and intubation may be needed in a patient with a GCS of 8 or less, or a GCS that is rapidly falling. There is currently no indication for this intervention in this patient.

MRI scans are not the modality of choice in assessing for re-bleeding in SAH and arranging this is likely to lead to unnecessary delay."
211,"A 62-year-old man has firm, non-tender, swollen gums. His past medical history includes chronic myeloid leukaemia, treated with imatinib, and a renal transplant, for which he takes ciclosporin. He also has heart failure, controlled with ramipril, carvedilol, and furosemide.

On examination, there is significant gum swelling and overgrowth, more prominent around the upper and lower anterior teeth. There are no signs of infection or ulceration.

Which option is the most likely underlying cause?","[""Acute transformation of CML (blast crisis)"", ""Carvedilol"", ""Chronic myeloid leukaemia (CML)"", ""Ciclosporin"", ""Imatinib""]",Ciclosporin,3,"Gingival hyperplasia: phenytoin, ciclosporin, calcium channel blockers and AML

Ciclosporin

is correct. Firm, non-tender, swollen gums predominantly around the anterior teeth without ulceration or infection signs are suggestive of ciclosporin-induced gingival hyperplasia. Gingival hyperplasia is a well-known adverse effect of ciclosporin, and is thought to be due to the inhibition of matrix proteases, leading to the accumulation of extracellular matrix components in the gingival connective tissue, causing gingival overgrowth.

Acute transformation of CML (blast crisis)

is incorrect. Although blast crisis can resemble acute leukaemia and cause gingival hyperplasia due to leukaemic infiltration, it typically presents with systemic features such as fatigue, weight loss, fever, or bleeding — none of which are evident here. While the patient has a history of CML, there is no indication of current disease activity or transformation, such as splenomegaly or constitutional symptoms. The isolated gum findings, in the context of ciclosporin use, point strongly towards drug-induced hyperplasia rather than leukaemic relapse.

Carvedilol

is incorrect. Beta-blockers like carvedilol are not known to cause gingival hyperplasia. Their typical adverse effects include bradycardia, hypotension, and fatigue rather than oral mucosal enlargement.

Chronic myeloid leukaemia

is incorrect. Gingival hyperplasia is more commonly linked to acute myeloid leukaemia, where infiltration of the gingiva by malignant cells can occur. CML does not typically cause this presentation, especially in the chronic phase. Given the lack of systemic symptoms or signs of relapse and the patient’s history of treated CML, this is an unlikely cause in this case.

Imatinib

is incorrect. While it may cause oral side effects like dry mouth or reduce platelet numbers, which could cause easy gum bleeding, imatinib is not known to cause gingival hyperplasia. In this case, ciclosporin is the most likely cause."
212,Which one of the following is least associated with the development of chorea?,"[""Haemochromatosis"", ""Ataxic telangiectasia"", ""Carbon monoxide poisoning"", ""SLE"", ""Huntington's disease""]",Haemochromatosis,0,
213,A 25-year-old female with a history of depression presents to her GP with a two day history of numbness affecting the C6 distribution in her right arm. There is no history of neck pain or injury. Neurological examination confirms reduced sensation in that dermatome but is otherwise unremarkable. She reports no similar episodes previously although does describe an episode three months ago of reduced vision and painful movements in her right eye. This resolved spontaneously and she did not seek medical attention. What is the most likely diagnosis?,"[""Somatisation disorder"", ""Huntington's disease"", ""Multiple sclerosis"", ""Syringomyelia"", ""Conversion disorder""]",Multiple sclerosis,2,
214,"An 86-year-old female presents to the emergency department with impairment of her speech. She has a background medical history of type two diabetes mellitus, hypertension, hypercholesterolemia, and a 50-pack year smoking history.

On examination, her speech is fluent but incomprehensible. Her sentences are composed of a random assortment of words, that even she doesn't appear to understand. She is unable to repeat both simple phrases, such as 'he did it' and 'this is it' and complex phrases, such as 'baby hippopotamus' and 'British constitution'. She is unable to follow 1 stage commands. She has normal tone, power, coordination, and reflexes throughout.

Neurological imaging reveals an acute small, localised infarct.

Where is this infarct most likely to be found?","[""Angular gyrus"", ""Arcuate fasciculus"", ""Inferior frontal gyrus"", ""Transverse temporal gyri (Heschl's gyri)"", ""Brodmann area 22 in the superior temporal gyrus""]",Brodmann area 22 in the superior temporal gyrus,4,"Wernicke's dysphasia: speech fluent, comprehension abnormal, repetition impaired

Brodmann area 22 in the superior temporal gyrus is the correct answer. Wernicke's area is traditionally thought to reside in Brodmann area 22, which is located in the superior temporal gyrus. This area 'forms' the speech before 'sending it' to Broca's area. Wernicke's aphasia is characterised by sentences that make no sense, word substitution, and neologisms but fluent speech - known as 'word salad' or 'jargon aphasia'. Comprehension and repetition are usually significantly impaired. This scenario is consistent with Wernicke's aphasia as the patient has unintelligible speech, impaired comprehension (can't follow 2 stage commands), and impaired repetition (can't repeat simple phrases).

Angular gyrus is an incorrect answer. Lesions in the angular gyrus are associated with Gerstmann syndrome. Gerstmann syndrome is characterised by dysgraphia or agraphia, dyscalculia or acalculia, finger agnosia, and left-right disorientation. Infrequently lesions in this area may produce dysphasia, however, they are far less likely to cause the characteristic signs of Wernicke's dysphasia than a lesion in the superior temporal gyrus.

Arcuate fasciculus is an incorrect answer. Lesions in this area result in conduction aphasia. Conduction aphasia is characterised by fluent speech, relatively intact comprehension, and poor repetition. The arcuate fasciculus is a bundle of axons that generally connects Broca's area and the Wernicke's area. It would be expected that a patient with a small lesion here could complete 2 stage commands and thus this scenario is inconsistent with conduction aphasia.

Inferior frontal gyrus is an incorrect answer. This is the location of Broca's area. Broca's dysphasia is characterised by non-fluent speech, normal comprehension, and impaired repetition. The patient in this scenario has fluent speech and this is inconsistent with a diagnosis of Broca's dysphasia.

Transverse temporal gyri (Heschl's gyri) is an incorrect answer. This area is part of the primary auditory cortex. Interestingly, these gyri are the first cortical structures to process incoming auditory information. Although lesions here may cause impaired comprehension, they are far less likely to cause the 'jargon aphasia', as demonstrated above, than lesions in Brodmann area 22 in the superior temporal gyrus."
215,"You are asked to clerk a 72-year-old-man who presented with a fall. He was seen by the stroke team who requested a CT head. This excluded an intracranial haemorrhage and he was started on aspirin. When you enter the cubicle, you notice the patient has a right-sided facial droop.

You start taking a history but find it difficult to understand what he says. He is unable to get the words out easily and his speech is non-fluent as if hesitating before uttering the words.

During the cranial nerve examination, he understood and followed your instructions well. However, he is unable to repeat words after you.

What type of speech disturbance does this patient have?","[""Broca's dysphasia"", ""Conductive dysphasia"", ""Dysarthria"", ""Global aphasia"", ""Wernicke's dysphasia""]",Broca's dysphasia,0,"Broca's dysphasia: speech non-fluent, comprehension normal, repetition impaired

This man had a stroke affecting Broca's area. Patients with damaged Broca's area develop expressive dysphasia. They struggle to get the words out of their mouth despite them knowing what they want to say. They do not have a problem understanding and following instructions but cannot repeat words easily despite understanding them.

Conductive dysphasia presents with fluent speech but an inability to repeat words. This patient had trouble formulating words and his speech was not fluent.

Dysarthria is an inability to coordinate the muscles of speech leading to problems with articulation. They have no problem producing speech but do not pronounce the words well. This patient had trouble producing words rather than articulating them.

Global aphasia is the inability to understand, repeat, and produce speech. This patient was understanding instructions as evidenced by his compliance with the examination.

Wernicke's dysphasia is the inability to understand and produce comprehensible speech. Patients can articulate well and easily produce words, but the sentences do not make sense despite the speech being fluent. This patient understood orders and followed instructions, suggesting he did not have Wernicke's dysphasia."
216,"A 41-year-old female presents with double vision and difficult walking for the last 1 week. She says she has been falling a lot the past week and has double visions when looking left or right. She had a cold 4 weeks ago. On examination, one notes a wide based gait (ataxia), areflexia in the lower limbs and ophthalmoplegia in all directions. There were no other neurological deficits or systemic symptoms such as weight loss noted. Blood tests which included an autoimmune screen were positive for Anti-GQ1b antibodies. What is the most likely diagnosis?","[""Miller Fisher syndrome"", ""Paraneoplastic syndrome"", ""Cerebral venous sinus thrombosis"", ""Vasculitis"", ""Multiple sclerosis""]",Miller Fisher syndrome,0,
217,A 45-year-old female is diagnosed with a glioma in the parietal lobe after being investigated for new onset seizures. Which one of the following features is she most likely to develop?,"[""Visual agnosia"", ""Auditory agnosia"", ""Acalculia"", ""Inability to generate a list"", ""Expressive (Broca's) aphasia""]",Acalculia,2,"Parietal lobe lesions may cause acalculia

The correct answer to this question is

Acalculia

. Acalculia refers to an acquired impairment in numerical and calculation abilities. It is most commonly associated with lesions in the parietal lobe, particularly on the dominant (usually left) side. The parietal lobe plays a crucial role in processing numerical information and performing calculations. Thus, a glioma in this area would likely disrupt these functions, leading to acalculia.

Visual agnosia

is incorrect as this condition typically results from damage to the occipital lobe or posterior parietal lobes. Visual agnosia is characterised by a loss of ability to recognise objects, people, shapes or faces visually despite having intact vision.

Auditory agnosia

, also an incorrect option, usually arises from bilateral damage to the temporal lobes which are responsible for processing auditory information. Auditory agnosia involves difficulty recognising sounds even though hearing is normal.

The option

Inability to generate a list

does not specifically relate to parietal lobe function and thus is also incorrect. This cognitive task generally involves multiple areas of the brain including frontal and temporal regions involved in executive function and memory respectively.

Finally,

Expressive (Broca's) aphasia

is typically caused by damage to Broca's area located in the inferior frontal gyrus of the dominant cerebral hemisphere (typically the left). This condition leads to difficulties with speech production while comprehension remains relatively preserved. Therefore, it would be unlikely for a glioma located in the parietal lobe to cause expressive aphasia."
218,"An 84-year-old female presents to the emergency department with impairment of her speech. She has a background medical history of type two diabetes mellitus, hypertension, hypercholesterolemia, and a 50-pack year smoking history.

On examination, her speech is fluent. She has no difficulty naming examples within a category, she can name 26 types of animals in 1 minute. However, she is unable to repeat both simple phrases, such as 'he did it' and 'this is it' and complex phrases, such as, 'baby hippopotamus' and 'British constitution'. She is able to follow 3 stage commands. She has normal tone, power, coordination, and reflexes throughout.

Neurological imaging reveals an acute small localised infarct.

Where is this infarct most likely to be found?","[""Angular gyrus"", ""Arcuate fasciculus"", ""Inferior frontal gyrus"", ""Transverse temporal gyri (Heschl's gyri)"", ""Brodmann area 22 in the superior temporal gyrus""]",Arcuate fasciculus,1,"Conduction dysphasia: speech fluent, but repetition poor. Comprehension is relatively intact

Arcuate fasciculus is the correct answer. The arcuate fasciculus is a bundle of axons that generally connects Broca's area and the Wernicke's area. Lesions in this area result in conduction aphasia. Conduction aphasia is characterised by fluent speech, relatively intact comprehension and poor repetition. The main deficit in this scenario is impaired repetition. The patient is unable to repeat short sentences with high frequency words, such as, 'he did it' and 'this is it' and low-frequency complex phrases, such as, 'baby hippopotamus' and 'British constitution'. Over-learned sequences, such as, 'one, two, three' are not tested in this scenario and are usually only impaired in severe cases. This patient has relatively intact comprehension as she is able to complete 3 step commands. More complex comprehension questions, such as, 'If a seal was killed by a polar bear which one is still alive?' may cause difficulty for the patient. The animal naming test (ANT1) used in this scenario is a semantic fluency test that consists of naming as many animals as possible in 1 minute. A normal ANT1 score is typically considered to be >14.

Angular gyrus is an incorrect answer. Lesions in the angular gyrus are associated with Gerstmann syndrome. Gerstmann syndrome is characterised by dysgraphia or agraphia, dyscalculia or acalculia, finger agnosia, and left-right disorientation. Infrequently lesions in this area may produce dysphasia, however, they are far less likely to cause the characteristic signs of conduction dysphasia than a lesion in the arcuate fasciculus.

Inferior frontal gyrus is an incorrect answer. This is the location of Broca's area. Broca's dysphasia is characterised by non-fluent speech, normal comprehension and impaired repetition. The patient in this scenario has fluent speech and this is inconsistent with a diagnosis of Broca's dysphasia.

Transverse temporal gyri (Heschl's gyri) is an incorrect answer. This area is part of the primary auditory cortex. Interestingly, these gyri are the first cortical structures to process incoming auditory information. Lesions in the primary auditory cortex would likely result in impaired comprehension which is not observed here.

Brodmann area 22 in the superior temporal gyrus is an incorrect answer. Wernicke's area is traditionally thought to reside in Brodmann area 22, which is located in the superior temporal gyrus. This area 'forms' the speech before 'sending it' to Broca's area. Lesions result in sentences that make no sense, word substitution and neologisms but speech remains fluent - 'word salad'. Comprehension is usually significantly impaired. Comprehension is relatively intact in this scenario as the patient is able to follow 3 step commands and is thus inconsistent with Wernicke's aphasia."
219,"You see a 23-year-old man who complains of sudden unavoidable urges to sleep. When these occur, he can collapse on the spot and immediately lose consciousness. This can be brought on by strong emotions such as fear or laughter.

Which of the following neuropeptides is low in this condition?","[""GABA"", ""Orexin"", ""Cryptochrome"", ""Melatonin"", ""Leptin""]",Orexin,1,"Narcolepsy is associated with low orexin (hypocretin) levels

This condition is narcolepsy. It is characterised by daytime somnolence and dysregulation of sleep. 70% also have cataplexy - a condition in which sudden emotions can trigger collapsing episodes. It is theorised this is due to the destruction of neurons that produce orexin (hypocretin), which promotes wakefulness.

Cryptochrome is also involved in sleep - mostly in how light influences the sleep cycle. Melatonin is a hormone released by the pineal gland that leads to the feeling of sleepiness. Leptin is a neuropeptide most associated with regulating the sensation of hunger."
220,"A 61-year-old man with a chronic cough and gradual weight loss presents to the clinic with gradually worsening proximal myopathy over the past few weeks. A hilar mass has been identified on chest x-ray and he is awaiting referral to the respiratory oncology clinic. Neurological testing confirms weakness which is improved by reinforcement and movement repetition.

Which of the following autoantibodies is most likely to be found?","[""Anti-AChR"", ""Anti-Hu"", ""Anti-Ri"", ""Anti-Yo"", ""Anti-VGCC""]",Anti-VGCC,4,
221,"A 67-year-old woman presents to the Emergency Department with a two-month history of generalized stiffness and difficulty initiating movements, accompanied by occasional mild tremors. She has a medical history of schizophrenia, for which she has been on risperidone for the past six months, as well as hypertension.

On examination, she exhibits bilateral bradykinesia, cogwheel rigidity, and reduced arm swing. No resting tremor or postural instability is noted.

Which feature most favours drug-induced parkinsonism (DIP) rather than idiopathic Parkinson’s disease (PD)?","[""Absence of resting tremor"", ""Bilateral and symmetric onset of motor symptoms"", ""Good response to levodopa"", ""Presence of bradykinesia"", ""Presence of cogwheel rigidity""]",Bilateral and symmetric onset of motor symptoms,1,"Drug-induced parkinsonism compared to Parkinson's disease:

Bilateral and symmetric onset of motor symptoms

is correct as it strongly favours drug-induced parkinsonism (DIP) over idiopathic Parkinson’s disease (PD). DIP, caused by dopamine receptor-blocking drugs like risperidone, typically affects both hemispheres of the brain equally, leading to bilateral symptoms from the outset. This patient’s rapid onset of symmetric bradykinesia and cogwheel rigidity, coupled with her antipsychotic use, is classic for DIP. In contrast, PD often begins unilaterally, with motor symptoms such as tremors or rigidity initially limited to one side of the body.

Absence of resting tremor

is incorrect as it is a feature that can occur in both DIP and early-stage PD. While resting tremor is more common in PD, especially as the disease progresses, its absence does not rule out PD or confirm DIP. In this case, the patient’s lack of tremor does not definitively differentiate between the two conditions. The bilateral nature of the symptoms remains the most distinguishing factor.

Good response to levodopa

is incorrect as idiopathic Parkinson’s disease typically responds well to dopaminergic therapies like levodopa, DIP does not because its underlying mechanism involves dopamine receptor blockade rather than dopamine depletion. Therefore, a good response to levodopa would strongly suggest IP. However, levodopa response is typically assessed after DIP has been distinguished from PD based on clinical features.

Presence of bradykinesia

is incorrect as it is a shared feature of both DIP and PD and therefore does not aid in distinguishing the two. While the patient’s bradykinesia is evident, it must be interpreted in conjunction with other findings such as the symmetry and rapid onset of her symptoms, which point toward DIP. Bradykinesia alone is insufficient to make a definitive diagnosis.

Presence of cogwheel rigidity

is incorrect as it is common to both DIP and PD and, therefore, does not differentiate the two conditions. The presence of cogwheel rigidity in this patient reflects motor dysfunction but does not provide additional clues about whether her parkinsonism is drug-induced or idiopathic. Instead, the symmetry of rigidity in DIP versus asymmetry in PD is more diagnostically significant."
222,A 25-year-old female presents 5 days after discharge from hospital following an admission for suspected meningitis. A lumbar puncture was performed which showed no evidence of infection. Unfortunately she developed a headache 48 hours after discharge. This has now lasted 3 days and has failed to settle with analgesia. Which one of the following treatment options should be considered?,"[""Intrathecal steroids"", ""Repeat lumbar puncture"", ""Course of oral prednisolone"", ""Blood patch"", ""Intravenous fluids on top of oral fluid intake""]",Blood patch,3,
223,"A 58-year-old man presents with a two-day history of drooping of his right eyelid and double vision. He also reports a mild, persistent headache.

On examination, there is right-sided ptosis, a dilated pupil, and impaired adduction, elevation, and depression of the right eye. His visual acuity is intact, and there is no proptosis or conjunctival injection.

He denies any history of diabetes or hypertension.

What is the most likely underlying cause of his symptoms?","[""Basilar artery thrombosis"", ""Cavernous sinus thrombosis"", ""Ischemic microvascular neuropathy"", ""Posterior communicating artery aneurysm"", ""Tolosa-Hunt syndrome""]",Posterior communicating artery aneurysm,3,"Painful third nerve palsy = posterior communicating artery aneurysm

The correct diagnosis is a

posterior communicating artery aneurysm

, which can impinge upon the third cranial nerve, resulting in ptosis, ophthalmoplegia, and mydriasis. The dilated pupil arises from compression of the parasympathetic fibres that run superficially on the nerve, which is a distinguishing characteristic. A mild headache aligns with irritation from an unruptured aneurysm. The absence of vascular risk factors lends further support to a compressive cause rather than ischemia. The triad of ptosis, restricted eye movements, and pupillary dilation strongly indicate a compressive lesion like a posterior communicating artery aneurysm, particularly in a patient without diabetes or hypertension. This condition necessitates prompt imaging (CT or MR angiography) and neurosurgical assessment to preclude rupture.

A

basilar artery thrombosis

is not supported by the presentation as it typically manifests with profound neurological deficits such as altered consciousness, quadriparesis, and widespread cranial nerve palsies. The focal signs of third nerve dysfunction observed in this patient (ptosis, limited eye movements, and dilated pupil) are incompatible with the extensive and devastating symptoms associated with basilar artery thrombosis. Given the localised nature of the third nerve involvement and intact consciousness, basilar artery thrombosis is highly improbable.

The diagnosis of

cavernous sinus thrombosis

does not fit this clinical scenario since it often results in multiple cranial nerve deficits (III, IV, V1, V2, and VI), secondary to cavernous sinus involvement. Typically associated with severe orbital pain, proptosis, and chemosis due to venous stasis; these features are not present in this case. Isolated third nerve palsy negates cavernous sinus thrombosis as a likely diagnosis.

Ischemic microvascular neuropathy

usually occurs in patients with diabetes or hypertension and characteristically spares the pupil because ischemia less frequently affects the peripherally situated parasympathetic fibres within the nerve. However, this patient's pupillary involvement (dilated pupil) points towards a compressive pathology rather than ischemia. The presence of pupillary involvement coupled with no history of vascular risk factors renders ischemic neuropathy an unlikely diagnosis for this patient.

Lastly,

Tolosa-Hunt syndrome

, a rare and inflammatory condition affecting either the cavernous sinus or superior orbital fissure, does not align with our patient’s presentation—it typically presents with severe orbital or retro-orbital pain along with painful ophthalmoplegia affecting multiple cranial nerves (e.g., IV and VI). In contrast to posterior communicating artery aneurysms, Tolosa-Hunt syndrome would also show additional cranial nerve involvements beyond isolated third nerve palsy displayed by our patient who also lacks significant orbital pain; thus making Tolosa-Hunt syndrome an improbable diagnosis in this context."
224,"A 22-year-old man was seen in the Emergency Department after his mother reported three separate seizure episodes. He was unable to remember what happened and was unaware anything was happening at the time. His mother describes the episodes lasting 30 seconds each and no obvious trigger. She reported that he lost consciousness and began chewing and licking his top lip, but did not have any limb movements or incontinence. She also said that after each episode he struggled to 'find his words' for at least a minute.

What type of seizure and localising lobe does the above description correspond most to?","[""Focal awareness impaired, parietal lobe"", ""Focal aware, frontal lobe"", ""Focal awareness impaired, frontal lobe"", ""Focal awareness impaired, temporal lobe"", ""Focal aware, temporal lobe""]","Focal awareness impaired, temporal lobe",3,"Lip smacking + post-ictal dysphasia are localising features of a temporal lobe seizure

A new classification for seizures has replaced the following terms:

Simple partial = focal aware

Complex partial = focal awareness impaired

In this case the seizure is focal awareness impaired from the history.

The localising features of lip-smacking and post-ictal speech problems point towards the temporal lobe

https://www.epilepsy.com/article/2016/12/2017-revised-classification-seizures"
225,"A 65-year-old man attends the emergency department with increasing weakness in both his legs. He states his muscles are increasingly tense and his legs feel spastic. He has also noticed a recurrent burning sensation in both his legs.

On examination, there are absent ankle jerks and extensor planters. There is also impaired proprioception in both legs. When standing up with his eyes closed he loses balance.

What is the likely diagnosis?","[""Brown-Sequard syndrome"", ""Friedrich's ataxia"", ""Multiple sclerosis"", ""Subacute combined degeneration of the spinal cord"", ""Syringomyelia""]",Subacute combined degeneration of the spinal cord,3,"Distal sensory loss, tingling + absent ankle jerks/extensor plantars + gait abnormalities/Romberg's positive → subacute combined degeneration of the spinal cord

Subacute combined degeneration of the spinal cord

is the correct answer. This occurs due to vitamin B12 deficiency and impacts the lateral corticospinal tracts, dorsal column and spinocerebellar tracts. Patients may display symptoms and signs of peripheral neuropathy and loss of dorsal column modalities such as proprioception, vibration and fine touch often affecting their legs initially as seen in this patient. They also describe spastic weakness, in their legs. This vignette describes a positive Romberg test described as the patient losing balance when their eyes were closed. This is characteristically seen in patients with this diagnosis due to proprioception loss, and the dysfunction of the spinocerebellar tracts.

Brown-Sequard syndrome

is incorrect. This describes hemisection of the spinal cord and will impact both sensory tracts and the lateral corticospinal tracts. Patients will often describe a traumatic event and present with ipsilateral motor weakness due to loss of the corticospinal tracts, ipsilateral loss of dorsal column modalities and contralateral loss of spinothalamic modalities. Due to the patient in this vignette presenting with bilateral loss and the absence of any preceding trauma, this diagnosis is unlikely.

Friedrich's ataxia

is incorrect. Friedrich's ataxia is unlikely given that typically presents in childhood or adolescence onset due to its hereditary nature. Patients typically present similar to subacute combined degeneration of the spinal cord however have more dominant cerebellar signs including intention tremor, nystagmus and dysdiadochokinesia. As the patient in this vignette does not have these signs and is a lot older on initial presentation this diagnosis is not likely.

Multiple sclerosis

is incorrect. This diagnosis is unlikely as it again presents much earlier and is more common in females. Furthermore, patients will typically present with upper motor neurone signs as pathology is based purely on the central nervous system. Patients with multiple sclerosis also typically describe general non-specific neurological signs such as fatigue, weight loss, depression and insomnia which is not described here.

Syringomyelia

is incorrect. This diagnosis occurs due to syrinx formation within the spinal cord in the central nervous system. Patients typically present with signs and symptoms affecting the neck, shoulders and arms. On initial presentation, patients often have preservation of the dorsal column modalities with only the spinothalamic sensory modalities affected unlike that seen in this patient. This occurs due to syrinx compression initially of the spinothalamic tracts due to their crossing within the anterior commissure of the spinal cord first before progression to other tracts within the spinal cord."
226,"A 9-year-old boy is referred to a pediatric neurologist for a headache that has been persistent for the past two months. The mother had initially thought that the boy was having a headache because of school stress but recently the boy has been increasingly involved in accidents while riding his bicycle. The boy says that he could not see his other friends when they rode their bicycle next to him. The boy was born via a Caesarean section and had a normal development so far and is doing well at school. After a thorough examination, the doctor finds that the boy also has a visual defect characterized by an inability to perceive the two temporal visual fields. If this boy undergoes surgery for his condition, which part of this child's hypothalamus would be affected causing weight gain after surgery?","[""Supraoptic nucleus of the hypothalamus"", ""Posterior hypothalamus"", ""Anterior hypothalamus"", ""Ventromedial area of the hypothalamus"", ""Paraventricular nucleus of the hypothalamus""]",Ventromedial area of the hypothalamus,3,
227,"A 21-year-old musician is brought to hospital after collapsing on stage. There was no loss of consciousness and he sustained only minor bruising to his knees. Another musician onstage at the time notes he had been laughing at the time before his legs suddenly 'gave way' and his mouth twitched for a few seconds.

The patient reports a similar episode occurring a few days previously. He has been extremely fatigued over the last several months, which he had attributed to touring.

ECG and blood tests are normal.

What is the most likely underlying diagnosis?","[""Gelastic seizures"", ""Narcolepsy"", ""Functional neurological disorder"", ""Tourette's syndrome"", ""Lennox Gaustaut syndrome""]",Narcolepsy,1,"Laughter → fall/collapse ?cataplexy

The event described is characteristic of cataplexy which can feature phasic muscle jerking around the mouth.

In the context of 'extreme fatigue', cataplexy is highly specific for narcolepsy.

Gelastic seizures are not caused by laughter but the outburst of laughter is the seizure itself- this can be caused by brain neoplasms.

Tourette's syndrome presents with verbal and physical 'tics'.

Lennox Gastaut syndrome normally presents in childhood and can cause drop attacks but these are characterised by a single, generalized myoclonic jerk that precedes tonic contraction of axial muscles."
228,"A 68-year-old man presents to his GP with a one-year history of progressive 'slowing'. He describes a general loss of dexterity, smaller handwriting and his wife has described his face as being 'less expressive'. He has noticed a subtle tremor in the left hand over the past few months, which is more pronounced when sat listening to the radio.

On examination, he has mask-like facies, mild left-sided bradykinesia and cogwheel rigidity.

Given the likely diagnosis, which finding points towards idiopathic disease rather than a drug-induced disease?","[""Age of onset"", ""Asymmetrical symptoms"", ""Bradykinesia"", ""Cogwheel rigidity"", ""Micrographia""]",Asymmetrical symptoms,1,"Asymmetrical symptoms suggests idiopathic Parkinson's

From the options above, the only answer which specifically points more towards a diagnosis of idiopathic, rather than drug-induced, Parkinson's, is the fact that the patient has asymmetrical symptoms. Drug-induced parkinsonism is generally symmetrical.

The age of onset is not a differentiating factor - the fact that the man is 68-years-old does not really tell us anything useful about whether or not this is idiopathic or drug-induced.

Bradykinesia is also not a differentiating factor - it is a classic feature of parkinsonism and seen in both idiopathic and drug-induced disease.

Cogwheel rigidity, similarly, is a classic sign of parkinsonism and seen in idiopathic Parkinson's disease, as well as drug-induced parkinsonism.

Micrographia is also seen in both idiopathic and drug-induced disease and so would not particularly help to differentiate the two."
229,A 45-year-old male presents to the acute medical take with a three day history of progressive bilateral leg weakness. Which of the following constellation of signs on examination is the most consistent with a diagnosis of Guillain-Barre Syndrome?,"[""Bradycardia with lower limb hyporeflexia and flaccid paralysis"", ""Tachycardia with lower limb hyporeflexia and spastic paralysis"", ""Bradycardia with lower limb hyperreflexia and spastic paralysis"", ""Tachycardia with lower limb hyporeflexia and flaccid paralysis"", ""Tachycardia with lower limb hyperreflexia and flaccid paralysis""]",Tachycardia with lower limb hyporeflexia and flaccid paralysis,3,
230,A 70 year old man has decompressive surgery for degenerative cervical myelopathy. Three years later he presents with neck pain and hand paraesthesias. Which one of the following management strategies is recommended?,"[""Trial of neuropathic analgesia and cervical nerve root injections"", ""Investigate with nerve conduction studies and EMG in the first instance"", ""Urgent AP/lateral cervical spine radiographs as an MRI scan is contraindicated"", ""Urgent referral to spinal surgery or neurosurgery"", ""Refer to physiotherapy services""]",Urgent referral to spinal surgery or neurosurgery,3,
231,"A 31-year-old man presents around four weeks after a non-specific viral illness characterised by fever, lethargy and sore throat. For the past week he has noticed increasing weakness in his legs which has now started to extend to his arms. On examination he has reduced power, reflexes and slightly reduced sensation in his lower limbs. A few days after admission he becomes short-of-breath. His forced vital capicity (FVC) starts to fall and he is transferred to ITU. Given the likely diagnosis, what is the treatment of choice","[""Neostigmine"", ""Intravenous corticosteroids"", ""Haemofilitration"", ""Intravenous immunoglobulin"", ""Riluzole""]",Intravenous immunoglobulin,3,"IVIG is generally used first-line for Guillain-Barre syndrome

This patient has developed Guillain-Barre syndrome (GBS) secondary to a viral illness, possibly the Epstein-Barr virus. The ascending weakness and areflexia point to a diagnosis of GBS."
232,"A 40-year-old female presents with progressively increasing headaches associated with tinnitus and occasional visual issues. The patient reports the headaches are exacerbated by leaning forward and can take several hours lying in bed to resolve. She has a past medical history of type 2 diabetes and obesity.

Funduscopy reveals swelling of the optic nerves and a raised opening pressure is measured on lumbar puncture.

Which of the following eye defects is most commonly associated with the patient's condition?","[""Eye deviation 'down and out'"", ""Loss of red reflex"", ""Miosis"", ""Proptosis"", ""Relative afferent pupillary defect""]",Eye deviation 'down and out',0,"Raised ICP can cause a third nerve palsy due to herniation

This patient is most likely suffering from raised intracranial pressure (ICP) secondary to idiopathic intracranial hypertension (previously known as benign intracranial hypertension). Common symptoms of raised ICP including headaches, nausea, tinnitus and eye issues. Ocular nerve palsies, such as a third nerve/oculomotor palsy as described by a 'down and out' deviation, can occur as ICP increases. This is due to brain herniation and can result in significant diplopia if left untreated.

The red flex is observed when using an ophthalmoscope as light reflects off the fundus. It is therefore lost when there is a loss of optical media transparency. This can occur in several conditions including cataracts, corneal scars, or vitreous haemorrhage however it is not associated with raised ICP.

Miosis is constriction of the pupils and is commonly associated with specific drug use including opioid and cholinergic agents or in Horner's syndrome where there is a loss of sympathetic chain activity. Raised ICP can cause a third nerve palsy which is associated with mydriasis and not miosis can be seen.

Proptosis is protruding and displacement of the eye orbit anteriorly and can be bilateral in conditions such as Grave's disease or unilateral secondary to orbital tumours or cellulitis. Proptosis is not commonly caused by raised ICP and would be an extremely late sign if present.

Relative afferent pupillary defect (RAPD) is noted as a patient's pupil dilated on the swinging light test when the light is swung from the unaffected eye to the affected eye. It is caused by a lesion of the optic nerve such as in glaucoma, retinal disease, or multiple sclerosis. Although papilloedema can occur in raised ICP, RAPD is very uncommon and would require significant pressure for a prolonged period of time."
233,"A 72-year-old man presents with left-sided hemiparesis, aphasia, and a homonymous hemianopia. Subsequent imaging confirms a large right-sided middle cranial artery territory infarct.

What scoring system can be used to quantify the disability in activities of daily living?","[""ABCD2 score"", ""Barthel index"", ""Guys hospital score"", ""NIH Stroke Scale/Score (NIHSS)"", ""Siriraj stroke score""]",Barthel index,1,"The Barthel index is a scale that measures disability or dependence in activities of daily living in stroke patients

Barthel index

is correct. The Barthel Index measures the extent to which somebody can function independently and has mobility in their activities of daily living i.e. feeding, bathing, grooming, dressing, bowel control, bladder control, toileting, chair transfer, ambulation and stair climbing.

ABCD2 score

is incorrect. The ABCD2 score is a simple clinical prediction tool for use in triaging patients presenting with acute TIA.

Guys hospital score

is incorrect. This scoring system can be used to distinguish between ischemic and haemorrhagic strokes when imaging is not available.

NIH Stroke Scale/Score (NIHSS)

is incorrect. The NIH Stroke Scale/Score (NIHSS) quantifies stroke severity based on weighted evaluation findings.

Siriraj stroke score

is incorrect. This scoring system can be used to distinguish between ischemic and haemorrhagic strokes when imaging is not available."
234,"A 76-year-old man is admitted with a right hemiparesis. He first noticed weakness on his right side around six hours ago. A CT scan shows an ischaemic stroke and aspirin 300mg is commenced. terms of further management in the acute phase, which one of the following values should not be corrected?","[""BP 210/110"", ""Blood glucose 11.2 mmol/l"", ""Oxygen saturation 93%"", ""Temp 38.3ºC"", ""Blood glucose 3.5 mmol/l""]",BP 210/110,0,"Hypertension should not be treated in the initial period following an ischaemic stroke (unless prior to thrombolysis)

Elevated blood pressure should not be treated in the acute phase following a stroke unless complications develop. Other physiological parameters should be kept within normal limits - an aggressive approach with respect to this has been shown to improve outcome"
235,"A 65-year-old female is returned to the surgical ward after an uneventful vaginal hysterectomy. She has no significant past medical history and is not taking any regular medications. She is provided with regular anti-emetics and pain relief as per routine surgical and anaesthetic postoperative instructions.

Three hours after returning to the surgical ward, she complains of palpitations and worsening dyspnoea.

On examination, she appeared agitated with some accessory muscle use.

An updated set of observations are taken:


Heart rate 156 beats per minute
Blood pressure 102/65 mmHg
Oxygen saturations 98% on 3L/min nasal specs
Respiratory rate 24/min

A bedside ECG is performed which reveals polymorphic ventricular tachycardia.

Which of the following postoperative medications is the likely cause of her deterioration?","[""Morphine"", ""Ondansetron"", ""Metoclopramide"", ""Diclofenac"", ""Cyclizine""]",Ondansetron,1,"5-HT3 antagonists such as ondansetron can predispose to prolonged QT interval and increased risk of polymorphic VT

This patient has developed polymorphic ventricular tachycardia (VT) postoperatively, most likely due to the administration of ondansetron. Ondansetron is a 5-HT3 antagonist, a medication commonly used for postoperative nausea and vomiting. It can be associated with prolongation of the QTc interval which can deteriorate into polymorphic VT or torsades de pointes. It is generally treated with a magnesium sulphate infusion.

Morphine is not generally associated with polymorphic  VT, but is more associated with respiratory depression in high doses.

Metoclopramide is a dopamine antagonist also used as an anti-emetic. It is not linked with polymorphic VT, but has been linked with Parkinson like symptoms and movement disorders, particularly in young females.

Diclofenac is an example of a non-steroidal anti-inflammatory medication. Its use tends to be linked with renal dysfunction, but is not linked with VT.

Cyclizine is an antihistamine, also useful in treating nausea. Its use is linked with the development of some tachyarrhythmias, but is not linked to prolongation of the qt interval/ polymorphic VT."
236,"A 25-year-old woman presents with recurrent attacks of 'dizziness'. These attacks typically last around 30-60 minutes and occur every few days or so. During an attack 'the room seems to be spinning' and the patient often feels sick. These episodes are often accompanied by a 'roaring' sensation in the left ear. Otoscopy is normal, Weber's test localises to the right ear, and Rinne's test shows air conduction greater than bone conduction bilaterally.

What is the most likely diagnosis?","[""Acoustic neuroma"", ""Vestibular neuritis"", ""Benign paroxysmal positional vertigo"", ""Multiple sclerosis"", ""Meniere's disease""]",Meniere's disease,4,
237,"An 80-year-old right-handed woman has recently been admitted with an acute ischaemic stroke affecting part of the left hemisphere. She is seen in clinic a month later. She is able to understand questions and produce fluent connected speech, however she frequently substitutes incorrect sounds. When she makes an error she notices but finds it difficult to correct the error. She is unable to repeat phrases.

What type of aphasia does she have?","[""Anomic aphasia"", ""Broca's aphasia"", ""Conduction aphasia"", ""Global aphasia"", ""Wernicke's aphasia""]",Conduction aphasia,2,"Conduction dysphasia: speech fluent, but repetition poor. Comprehension is relatively intact

This woman has likely had a stroke affecting the arcuate fasciculus in her dominant hemisphere, the connection between Wernicke's and Broca's area. She has conduction aphasia, with fluent speech and good comprehension but word finding difficulties and difficulty repeating phrases.

Broca's aphasia results in non-fluent, laboured and halting speech.

Wernicke's aphasia results in neologisms and nonsense sentences which is fluent.

Global aphasia causes severe expressive and receptive deficits.

Anomic aphasia is a deficit of expressive language which results primarily in word finding difficulties."
238,A 24-year-old woman who is 14 weeks pregnant presents with a severe migraine. She has a long history of migraine and stopped propranolol prophylaxis when she found out she was pregnant. Unfortunately the headache has not responded to paracetamol 1g. What is the most appropriate next step?,"[""Ergotamine"", ""Nasal zolmitriptan"", ""Ibuprofen 400mg"", ""Almotriptan 12.5mg"", ""Codeine 30mg""]",Ibuprofen 400mg,2,
239,Which one of the following haematological disorders is most associated with gingival hyperplasia?,"[""Chronic lymphocytic leukaemia"", ""Myelofibrosis"", ""Polycythaemia rubra vera"", ""Haemophilia A"", ""Acute myeloid leukaemia""]",Acute myeloid leukaemia,4,"Gingival hyperplasia: phenytoin, ciclosporin, calcium channel blockers and AML

The correct answer is

Acute myeloid leukaemia

. Gingival hyperplasia, the overgrowth of gum tissue, is a common finding in patients with acute myeloid leukaemia (AML). It can be seen in up to 20% of patients with AML and is particularly associated with monocytic subtypes M4 and M5. This is thought to be due to infiltration of the gingival tissues by leukemic cells. The condition often regresses following successful treatment of the underlying leukaemia.

Chronic lymphocytic leukaemia

is not typically associated with gingival hyperplasia. This type of leukaemia usually presents with lymphadenopathy, splenomegaly, and systemic symptoms such as fatigue, weight loss and fever. Oral manifestations are rare but when they do occur, they usually involve oral ulcers or opportunistic infections rather than gingival hyperplasia.

Myelofibrosis

is a chronic disorder characterised by bone marrow fibrosis leading to extramedullary haematopoiesis - production of blood cells outside the bone marrow such as in the spleen or liver. Common symptoms include anaemia, fatigue, splenomegaly and bone pain. Gingival hyperplasia is not a feature of this condition.

Polycythaemia rubra vera

is a myeloproliferative disorder characterised by an increased number of red blood cells. It may present with headaches, pruritus after bathing in warm water, erythromelalgia (burning pain in hands or feet), and thrombotic events. There are no specific oral manifestations associated with polycythaemia rubra vera.

Finally,

Haemophilia A

, while it does affect the blood system like all these conditions, primarily causes problems due to deficiency or dysfunction of clotting factor VIII leading to increased bleeding tendency rather than causing gingival hyperplasia. Dental procedures may lead to prolonged bleeding in these patients but they do not have an increased risk for gingival hyperplasia compared to the general population."
240,"A 41-year-old woman has acute paraesthesia and weakness in the right upper and lower limbs. Last year, she had similar symptoms and blurred vision, which resolved spontaneously. She has hypertension and alcohol use disorder.

She has spastic weakness in the right upper and lower limbs, a positive Babinski sign, and neck flexion causes electric shock-like sensations down her back. There are no visual signs or symptoms. An MRI shows demyelinating lesions in the periventricular and juxtacortical regions, all with the same intensities.

Which additional finding would best support the likely diagnosis?","[""Atrophy and hyperintensities of the mammillary bodies"", ""Bilateral FLAIR hyperintensities involving the pulvinar thalamic nuclei"", ""Cortical atrophy mostly affecting the hippocampus and medial temporal lobes"", ""Delayed responses on visual evoked potentials"", ""Frontal and temporal lobe atrophy, with relative posterior area preservation""]",Delayed responses on visual evoked potentials,3,"Multiple sclerosis diagnosis that requires demyelinating lesions that are separated in space and time

Delayed responses on visual evoked potentials

(VEPs) is correct. This patient has features suggestive of multiple sclerosis (MS), including acute paraesthesia and weakness, a previous episode of blurred vision, suggesting optic neuritis, upper motor neurone lesion signs (spastic weakness, positive Babinski sign), and Lhermitte’s sign (electric shock on neck flexion). This MRI shows demyelination in typical MS sites (periventricular and juxtacortical areas), but since they are of the same intensity, this only provides evidence of dissemination in space and not time. Therefore, delayed VEPs, despite this patient having no current visual symptoms, can suggest prior optic nerve demyelination, which can demonstrate dissemination in time and aid the diagnosis of MS.

Atrophy and hyperintensities of the mammillary bodies

is incorrect as this finding is more suggestive of Wernicke’s encephalopathy (WE). While this patient has a history of alcohol use disorder, this patient lacks features that suggest WE, such as confusion, ophthalmoplegia, and ataxia.

Bilateral FLAIR hyperintensities involving the pulvinar thalamic nuclei

is incorrect, as this finding is suggestive of variant Creutzfeldt-Jakob (CJD) disease (the 'pulvinar sign') over MS. Variant CJD could be considered if the patient had rapidly progressive dementia and myoclonus, which are not seen here.

Cortical atrophy mostly affecting the hippocampus and medial temporal lobes

is incorrect, as this pattern is more suggestive of Alzheimer's disease (AD) rather than MS. AD tends to present with insidious memory loss and cognitive decline rather than the episodic focal neurological deficits seen in this patient.

Frontal and temporal lobe atrophy, with relative posterior area preservation

is incorrect as this is suggestive of frontotemporal dementia (FTD) rather than MS. FTD tends to present with progressive changes in behaviour and personality (e.g. disinhibition and impulsivity), or language rather than the episodic focal neurological deficits seen here."
241,A 63-year-old man is prescribed selegiline for Parkinson's disease. What is the mechanism of action?,"[""Dopamine receptor antagonist"", ""Dopamine receptor agonist"", ""Monoamine Oxidase-B inhibitor"", ""Antimuscarinic"", ""Catechol-O-Methyl Transferase inhibitor""]",Monoamine Oxidase-B inhibitor,2,"Selegiline - MAO-B inhibitor

The correct answer is

Monoamine Oxidase-B inhibitor

. Selegiline is a selective and irreversible inhibitor of Monoamine Oxidase-B (MAO-B). This enzyme is involved in the breakdown of dopamine in the brain. By inhibiting MAO-B, selegiline increases the availability of dopamine, helping to alleviate symptoms of Parkinson's disease.

The option

Dopamine receptor antagonist

is incorrect. Antagonists block or suppress the action of dopamine receptors rather than enhancing their activity. Using a dopamine receptor antagonist would likely exacerbate Parkinson's symptoms, as this condition is characterized by reduced dopaminergic activity in certain parts of the brain.

The option

Dopamine receptor agonist

is also incorrect. While these drugs do indeed mimic the action of dopamine and can be used in Parkinson's disease management, they are not the mechanism by which selegiline works.

The option

Antimuscarinic

is another incorrect choice. Antimuscarinics work by blocking muscarinic acetylcholine receptors and are used to counteract an imbalance between cholinergic and dopaminergic neurotransmission seen in Parkinson's disease. However, selegiline does not have antimuscarinic properties.

Finally,

Catechol-O-Methyl Transferase inhibitor

is also wrong. These drugs inhibit Catechol-O-Methyl Transferase (COMT), an enzyme that breaks down dopamine and levodopa (a precursor to dopamine often used in treatment). Although COMT inhibitors can be useful adjuncts in treating Parkinson's disease, they represent a different class of drugs from selegiline."
242,"A 35-year-old female was referred by her GP for recurrent urinary tract infections. She has taken 3 courses of antibiotics in the last two months. She is sexually active with her husband and has no vaginal discharge, itch, or genital rash. She has a past medical history of migraines and multiple sclerosis. On examination, her abdomen was soft and non-tender. Her bladder was palpable but there was no suprapubic tenderness.


Temperature 36.5ºC.
Heart rate 89 bpm.
Respiratory rate of 17/min.
Blood pressure 125/85 mmHg.
Saturations 98% on air.

The urine dipstick was normal on admission.

What is the first-line investigation to assess the cause of her recurrent urinary tract infections?","[""CT kidney, ureters, and bladder"", ""Flow cytometry"", ""MRI brain"", ""US bladder"", ""Vaginal swab for microscopy, culture, and sensitivities""]",US bladder,3,"Multiple sclerosis patient with bladder dysfunction - get an ultrasound first to assess bladder emptying

This patient has recurrent urinary tract infections likely due to urinary retention secondary to multiple sclerosis (MS). A post-micturition bladder scan is a first-line investigation to assess bladder emptying in patients with MS.

A CT kidneys ureters bladder would not be an adequate first-line investigation for bladder dysfunction and would expose a young woman to unnecessary radiation.

Flow cytometry is not a first-line indication for bladder dysfunction in MS.

US bladder would assess the patient's bladder emptying and residual volume if done following micturition and would help diagnose bladder dysfunction in MS. It is the first-line investigation.

A vaginal swab is not indicated given that she has one sexual partner and has no symptoms of sexually transmitted infections.

MRI brain to investigate for new brain lesions in multiple sclerosis is not indicated in this acute setting of urinary retention. Note that there is no evidence of new symptoms or new central nervous system lesions."
243,"A 24-year-old man presents to his GP with weakness of the left hand.

He recalls a few weeks ago, he tried to climb a tree when he was drunk but fell, hitting a few branches on the way down. He describes difficulty moving his left hand since then.

On examination, all the fingers of the left hand are flexed into a claw position. There is a loss of sensation along the ulnar aspect of the whole hand and arm.

What is the most likely cause of his symptoms?","[""Carpal tunnel syndrome"", ""Erb's palsy"", ""Klumpke's palsy"", ""Saturday night palsy"", ""Ulnar nerve compression""]",Klumpke's palsy,2,"Klumpke's paralysis: T1 nerve root damage

Klumpke's palsy

is correct. Klumpke's palsy describes when the C8 and T1 nerve roots are damaged early in the brachial plexus. It classically occurs as a birth injury, or when falling from a tree and grabbing onto a branch whilst falling. The weakness affects the intrinsic muscles of the hand and the flexors of the wrist and fingers, resulting in a claw hand, as well as causing sensory loss in the C8 and T1 dermatomes.

Carpal tunnel syndrome

is incorrect. This describes a median nerve entrapment at the wrist. Symptoms include nocturnal hand pain and paraesthesiae, with thenar weakness and wasting occurring later.

Erb's palsy

is incorrect. Erb's palsy describes when the C5 and C6 nerve roots are damaged early in the brachial plexus. There is weakness in the deltoids, infraspinatus, and biceps muscles. Hand and wrist movements are generally not affected.

Ulnar nerve compression

is incorrect. An ulnar nerve palsy occurs after the ulnar nerve has left the brachial plexus. Although this can also cause a clawing of the hand, the pattern of sensory loss is different. In an ulnar nerve palsy, the sensory loss is limited to the hypothenar eminence, little finger, and half the ring finger. In Klumpke's palsy, the sensory loss covers the entire C8 and T1 dermatomes.

Saturday night palsy

is incorrect. This is so-called as it classically occurs after sleeping with the arm slumped over the back of the chair, damaging the radial nerve in the axilla. This results in a wrist drop and finger extension weakness."
244,"A 34-year-old woman who presents with confusion, headache and fever is admitted to the Emergency Department. Shortly after admission she has a seizure. A MRI scan is performed which shows patchy haemorrhagic changes in the temporal lobe. Given the likely diagnosis, what is the treatment of choice?","[""Supportive treatment + intravenous cefotaxime"", ""Supportive treatment + intravenous aciclovir"", ""Supportive treatment + intravenous amphotericin B"", ""Supportive treatment alone"", ""Supportive treatment + intravenous immunoglobulin""]",Supportive treatment + intravenous aciclovir,1,
245,"A 65-year-old man is referred to the care of the elderly clinic with a three-month history of recurrent falls.

On examination, there is bradykinesia, rigidity and a shuffling gait. He has hypomimia.

Which of the following listed clinical features is most characteristic of the idiopathic form of this condition?","[""Asymmetric tremor"", ""Postural hypotension"", ""Symmetrical tremor"", ""Vertical gaze palsy"", ""Visual hallucinations""]",Asymmetric tremor,0,"Asymmetrical symptoms suggests idiopathic Parkinson's

Asymmetric tremor is correct. The patient has features of Parkinsonism (bradykinesia, rigidity, shuffling gait and hypomimia). From the options listed, an asymmetric tremor is most suggestive of the idiopathic form of Parkinsonism.

Postural hypotension is incorrect. While this can occur in idiopathic Parkinsonism it is also a cardinal feature of multiple system atrophy, which is a Parkinson's plus syndrome.

Symmetrical tremor is incorrect. This is more suggestive of drug-induced Parkinsonism.

Vertical gaze palsy is incorrect. This is suggestive of progressive supranuclear palsy, which is another Parkinson's plus syndrome.

Visual hallucinations are incorrect. While this can occur in Parkinson's syndrome, if it occurs early in the course of a Parkinson's syndrome then it is more suggestive of Lewy body dementia."
246,A 65-year-old man is referred to the neurology outpatient clinic due to a resting tremor of his right hand. A diagnosis of Parkinson's disease is made. He is otherwise well and is not currently disabled by his symptoms. What is the most appropriate treatment?,"[""Amantadine"", ""No treatment"", ""New generation dopamine receptor agonist e.g. ropinirole"", ""Conventional dopamine receptor agonist e.g. bromocriptine"", ""Antimuscarinics""]",New generation dopamine receptor agonist e.g. ropinirole,2,
247,"A 29-year-old female presents complaining of double vision and unsteadiness. She has no past medical history of note. On examination she has limited movement of her eyes in all directions. Pupils are 3 mm, equal and reactive to light. Examination of the peripheral nervous system is normal other than reduced reflexes and the plantars are down going. Some past-pointing is also noted. What is the most likely diagnosis?","[""Multiple sclerosis"", ""Conversion disorder"", ""Miller Fisher syndrome"", ""Ataxic telangiectasia"", ""Friedreich's ataxia""]",Miller Fisher syndrome,2,"Miller Fisher syndrome - areflexia, ataxia, ophthalmoplegia

The correct answer to this question is

Miller Fisher syndrome

. Miller-Fisher syndrome is a variant of Guillain-Barre syndrome characterised by the triad of ophthalmoplegia, ataxia, and areflexia. The patient's symptoms of double vision (due to ophthalmoplegia), unsteadiness (ataxia) and reduced reflexes (areflexia) align with this diagnosis. It is important to note that in Miller-Fisher syndrome, the plantar reflexes are usually downgoing as opposed to upgoing seen in upper motor neuron lesions.

Multiple sclerosis

is an incorrect answer. Although multiple sclerosis can present with a multitude of neurological symptoms due to its disseminated nature, it typically does not cause global ophthalmoplegia. Furthermore, the acute onset of symptoms in this case is less typical for multiple sclerosis which usually has a more insidious onset.

Conversion disorder

, also known as functional neurological symptom disorder, could theoretically present with any neurological symptom but should only be considered once organic causes have been ruled out. In this case, there are clear physical findings such as reduced reflexes that suggest an organic cause.

Ataxic telangiectasia

also known as Louis-Bar syndrome presents with progressive cerebellar ataxia, ocular telangiectasias and immunodeficiency leading to sinopulmonary infections. This condition is typically diagnosed in childhood and would not explain the acute onset of symptoms in our patient.

Finally,

Friedreich's ataxia

is a genetic disorder characterised by progressive damage to the nervous system resulting in symptoms ranging from gait disturbance and speech problems to heart disease. However, like Ataxic Telangiectasia it presents earlier in life (usually before puberty) and progresses slowly over time, unlike our patient's presentation."
248,"A 54-year-old woman is admitted to the hospital after an acute confusion episode following taking part in a half marathon in August. She repeatedly asks the same questions and seems unable to retain any new information.

She has a history of ischaemic heart disease and hyperlipidemia. She has not had any head injuries, and physical examination, including a full neurological exam, is normal. A toxicology screen, alcohol level, and basic labs including glucose and electrolytes are normal. CT head is awaited, and it is 13 hours since the onset of symptoms.

What is the most likely diagnosis?","[""Basilar artery thrombosis"", ""Heat stroke"", ""Lacunar syndrome"", ""Rhabdomyolysis"", ""Transient global amnesia""]",Transient global amnesia,4,"Transient global amnesia -  acute onset of anterograde amnesia, patent may keep asking the same questions, resolves within 24 hours

The correct answer is

transient global amnesia (TGA)

. TGA is often precipitated by particularly strenuous activity, high-stress events, or coitus, but it can be seen with migraines. Treatment for TGA is largely supportive. There is no specific therapy for this condition, nor is one necessary. The patient should be examined carefully for any accompanying neurological deficits or evidence of head trauma, both of which would exclude TGA as the diagnosis. The patient should be observed in the hospital until the memory deficit resolves. Although no clear risk factors have been identified, it has been noted more often in patients with a history of ischemic heart disease and hyperlipidemia.

Basilar artery thrombosis

is incorrect. Patients with basilar artery occlusion exhibit acute neurologic signs including motor deficits, hemiparesis or quadriparesis, facial palsies, dizziness, headache, and speech abnormalities-especially dysarthria and difficulty articulating words. Patients may also complain of nausea, vomiting, and changes in vision.

Lacunar syndrome

comprises pure motor hemiparesis, pure sensory stroke, ataxic hemiparesis, sensorimotor stroke, or dysarthria-clumsy hand syndrome.

Heat stroke

is incorrect. Although heat stroke can cause confusion, it tends to be associated with a headache, tachycardia and tachypnoea which are not mentioned in the question stem.

Rhabdomyolysis

is incorrect.  Although important to consider given the history of exercise, confusion tends to be a symptom which occurs in elderly patients with rhabdomyolysis. Younger patients tend to complain of muscular pain and you would expect characteristic changes on blood tests (high potassium, low calcium, high phosphate)."
249,"A 34-year-old man presents with progressive loss of pain and temperature sensations over his arms and shoulders. He also complains of weakness in his hands and legs. His wife notes he had burnt his hands on several occasions without realising. He denies incontinence or peri-anal numbness.

On examination, there is a spastic weakness of the lower limbs and bilateral upgoing plantars. Proprioception and vibration sensations are preserved. He is usually fit and well.

What is the most likely cause of his symptoms?","[""Cervical radiculopathy"", ""Chronic inflammatory demyelinating polyradiculoneuropathy"", ""Multiple sclerosis"", ""Subacute degeneration of the cord"", ""Syringomyelia""]",Syringomyelia,4,"Syringomyelia classically presents with cape-like loss of pain and temperature sensation due to compression of the spinothalamic tract fibres decussating in the anterior white commissure of the spine

The history here of a patient with shawl distribution of pain and temperature loss is typical of

syringomyelia

, where a fluid-filled cyst (known as a syrinx) forms within the spinal cord and blocks the cerebrospinal fluid circulation. The syrinx commonly starts out in the cervical area, extending downwards through the spinal cord. It compresses the decussating spinothalamic tract, affecting pain and temperature sensation, and the corticospinal tract, causing weakness.

Cervical radiculopathy

presents with pain in the neck and shoulder corresponding to a dermatome, most commonly of C7 and C6. Patients may also have muscle weakness of the upper limb, however, it does not affect the lower limb as seen here.

Chronic inflammatory demyelinating polyradiculoneuropathy

is an autoimmune disorder that affects peripheral nerves. Patients present with diminished reflexes and impaired balance and sensation.

Multiple sclerosis

requires signs and symptoms disseminated in time and space, rather than a progressive nature described here.

Subacute degeneration of the cord

is the degeneration of the dorsal columns and the lateral columns of the spinal cord due to demyelination caused by B12 deficiency. Patients would have impaired proprioception and vibration sensations."
250,"A 50-year-old man develops chronic, severe pain after sustaining a brachial plexus injury as a result of motorbike accident. He has had no benefit from paracetamol or ibuprofen. He has had a trial of amitriptyline which was not successful. Following recent NICE guidelines, what is the most appropriate medication to consider?","[""Sertraline"", ""Topical lidocaine"", ""Carbamazepine"", ""Pregabalin"", ""Buprenorphine""]",Pregabalin,3,
251,"An 80-year-old retired female doctor presents to her general practitioner with ongoing sharp stabbing and burning pain on the left side of her face. Six months ago she was diagnosed with Ramsay Hunt syndrome (herpes zoster oticus), whereby after treatment with acyclovir, within 72 hours of the shingles lesions being seen via otoscopy, this woman has no residual facial paralysis or hearing loss.

However, despite 6 months of amitriptyline hydrochloride being titrated up from 10mg ON to the maximum dose of 75mg ON, she is still suffering from moderate post-herpetic neuralgia. The pain is localised to the left side of her face, neck and in her left ear. She has no other medical history and takes no other medications.

What is the next step to alleviate her neuropathic pain?","[""Add on duloxetine"", ""Add on gabapentin"", ""Add on pregabalin"", ""Add on pregabalin and duloxetine"", ""Stop amitriptyline and commence pregabalin""]",Stop amitriptyline and commence pregabalin,4,"Drugs for neuropathic pain are typically used as monotherapy, i.e. if not working then drugs should be switched, not added

Stop amitriptyline and commence pregabalin is the correct option as the patient should be asked which one of the other three remaining drug options (pregabalin, gabapentin or duloxetine) she would like to take for the post-herpetic pain. If the treatment is still not effective or not tolerated then consider switching again until a suitable agent is found. If all 4 drugs have been tried a referral to a specialist pain service is indicated.

Add on duloxetine is incorrect as NICE guidelines state that if not working then neuropathic pain drugs should be switched, not added.

Add on gabapentin is incorrect as NICE guidelines state that if not working then neuropathic pain drugs should be switched, not added.

Add on pregabalin is incorrect as NICE guidelines state that if not working then neuropathic pain drugs should be switched, not added.

Add on pregabalin and duloxetine is incorrect as NICE guidelines state that if not working then neuropathic pain drugs should be switched, not added."
252,"A 66-year-old woman presents with a six-month history of urinary frequency and incontinence. She has a background in relapsing-remitting multiple sclerosis (MS).

A urine dip is normal.

What is the most appropriate next step in her management?","[""Botulinum toxin type A injections"", ""Intermittent self-catheterisation"", ""Micturating cystogram"", ""Oxybutynin"", ""Ultrasound kidneys, ureters and urinary bladder (KUB)""]","Ultrasound kidneys, ureters and urinary bladder (KUB)",4,"Multiple sclerosis patient with bladder dysfunction - get an ultrasound first to assess bladder emptying

The correct answer is

ultrasound kidneys, ureters and urinary bladder (KUB)

.

This patient has neurogenic bladder dysfunction secondary to MS. The next appropriate step in her management is thus to arrange an ultrasound KUB, to assess her bladder emptying - this will then determine what treatment options are available to her.

Botulinum toxin type A injections

is incorrect. NICE guidelines state botulinum injections may be considered for the treatment of urinary incontinence in neurological disease but only in patients (without a significant post-void residual volume) who have found anti-cholinergic medication ineffective.

Intermittent self-catheterisation

is incorrect. Intermittent self-catheterisation is only of benefit if the patient has a significant post-void residual volume and ultrasound KUB is first required to assess this. If the patient does not have a significant post-void residual volume, then intermittent self-catheterisation will not be a beneficial treatment option.

Micturating cystogram

is incorrect. A micturating cystogram is a fluoroscopic study of the lower urinary tract, in which contrast is introduced into the bladder using a catheter. It is used to evaluate the anatomy and function of the lower urinary tract system and tends to be the investigation of choice for suspected vesicoureteral reflux. Whilst it can also be used in the assessment of neurogenic bladder dysfunction, it would not be used as a first-line imaging modality and so is not the appropriate next step in this example.

Oxybutynin

is incorrect. Oxybutynin is an anticholinergic medication, which may be of use in neurogenic bladder dysfunction if there is no significant post-void residual volume. If the patient has a significant post-void residual volume, however, the use of anticholinergic medications will likely precipitate urinary retention. As such, US KUB is required to assess bladder emptying before such drugs are trialled."
253,A 34-year-old man is reviewed in the neurology clinic. He has been established on sodium valproate for primary generalised epilepsy. Despite now taking a therapeutic dose he continues to have seizures and is troubled by weight gain since starting sodium valproate. He asks to stop his current medication and try a different drug. Which one of the following drugs would be the most appropriate second-line treatment?,"[""Lamotrigine"", ""Topiramate"", ""Carbamazepine"", ""Ethosuximide"", ""Phenytoin""]",Lamotrigine,0,
254,"Your next patient is a 37-year-old man who has presented with a 12 hour history of gradual visual loss in the right eye.

He states his vision was normal when he woke this morning but over the course of the day noticed his vision becoming hazy. For the last hour he has had complete loss of vision but is able to distinguish light and dark.

On examination, visual acuity is 6/6 in the left eye, but he is only able to distinguish gross hand movements in the right eye. Ophthalmoscopy shows bleeding within the vitreous cavity.

Past medical history includes a small subarachnoid haemorrhage four years ago and left adrenalectomy for phaeochromocytoma.

He takes doxazosin 4mg and simvastatin 40mg once daily. He has no allergies.

When asking about family history, he explains that he was adopted as a baby and so is unsure if there are any illnesses that run in the family.

What is the most likely diagnosis that would explain the above findings?","[""Neurofibromatosis type I"", ""Neurofibromatosis type II"", ""Sturge-Weber syndrome"", ""Tuberous sclerosis"", ""Von Hippel Lindau syndrome""]",Von Hippel Lindau syndrome,4,"Patients with von Hippel-Lindau syndrome may develop retinal haemangiomas which present as a vitreous haemorrhage

All of the above answers can be grouped into an 'umbrella term' of phakomatoses.

Neurofibromatosis type I (NF1) commonly causes the development of multiple neurofibromas of the skin and cafe au lait spots. NF1 commonly affects the eyes with the appearance of Lisch nodules and optic gliomas of the optic nerve. NF1 is not associated with phaeochromocytoma or vitreous haemorrhage.

Neurofibromatosis type II (NF2) causes schwannomas and meningiomas with people commonly suffering from sensorineural hearing loss secondary to acoustic neuromas. NF2 generally affects the nervous system and doesn't have eye involvement.

Sturge-Weber syndrome is a rare condition associated with developmental delay, port-wine stains, glaucoma and seizures. There is an increased risk in the development of retinoblastoma.

Tuberous sclerosis commonly causes angiofibromas and moles of the skin along with developmental delay. It commonly affects multiple systems of the body, in particular the nervous system with epilepsy and seizures. Eye signs include astrocytic hamartomas.

Von Hippel Lindau syndrome (VHL) is the correct answer. Patients develop multiple cysts and tumours affecting a large number of body systems. Subarachnoid haemorrhage is common secondary to cerebral haemangiomas and vitreous haemorrhage is a common presentation for retinal haemangiomas. Patients are also at increased risk of phaeochromocytoma, clear-cell renal cancer and cysts involving the pancreas, liver and epididymis."
255,"A 55-year-old man is referred to neurology outpatients with reports of a three-month history of weakness in his upper and lower limbs. He has no past medical history. He is right-handed.

On examination, there were fasciculations and muscle atrophy in the right upper limb. Power was 4/5 in the right upper limb and left lower limb. Hyperreflexia of the right biceps reflex was noted along with hyporeflexia of the bilateral knee reflexes. The plantar reflexes were upgoing. The sensation was normal throughout.

Given the likely diagnosis, which of the following treatments will confer a prognostic benefit?","[""Intravenous immunoglobulin"", ""Prednisolone"", ""Pyridostigmine"", ""Riluzole"", ""Surgery""]",Riluzole,3,"Motor neuron disease - riluzole

Riluzole is correct. The patient presents with insidious weakness and mixed upper (hyperreflexia, upgoing plantars) and lower (fasciculations, atrophy, hyporeflexia) motor neuron signs. The most likely cause is motor neurone disease (MND). Given the presentation is limb predominant, this is likely to represent the amyotrophic lateral sclerosis variant of this disease. Riluzole retards the onset of ventilator-dependence in some patients and potentially may increase survival by two to three months.

Intravenous immunoglobulin is incorrect. This treatment may be indicated in conditions such as Guillain-Barre syndrome and inflammatory myopathies, which can present with weakness. However, these conditions are not associated with UMN signs and are therefore less likely.

Prednisolone is incorrect. Corticosteroids steroids are used in a wide variety of neuro-inflammatory conditions including such diseases as inflammatory myositis and multiple sclerosis, which may present with weakness. However, the distribution of weakness and clinical findings, in this case, suggest MND. Steroids have no role in the management of this condition.

Pyridostigmine is incorrect. This is an acetylcholinesterase inhibitor used in the management of myasthenia gravis. The weakness in myasthenia is characterized by fatigability, which is not mentioned in this case. Additionally, upper motor neurone signs are not a feature of this condition.

Surgery is incorrect. A cervical radiculomyelopathy (multilevel degenerative disease of the cervical spine) may present with a combination of LMN and UMN signs. Surgery may be indicated in this case. However, these patients typically have neck pain and sensory signs, which are absent in this case, making the diagnosis less likely."
256,A 65-year-old female is admitted with a right hemiparesis. Examination reveals she is in atrial fibrillation. CT confirms an ischaemic stroke and aspirin 300mg is commenced. If the patient is well and develops no new problems at what point should warfarin be started?,"[""After 14 days"", ""Immediately"", ""After 7 days"", ""Following a repeat CT at 28 days to exclude secondary haemorrhage"", ""Following a repeat CT at 14 days to exclude secondary haemorrhage""]",After 14 days,0,
257,A 34-year-old female with a history of primary generalised epilepsy presents to her GP as she plans to start a family. She currently takes lamotrigine as monotherapy. What advice should be given regarding the prevention of neural tube defects?,"[""Folic acid 400 mcg per day once pregnancy has been confirmed"", ""Folic acid 1 mg per day once pregnancy has been confirmed"", ""Folic acid 5 mg per day starting now"", ""Folic acid 10 mg per day starting now"", ""Folic acid 400 mcg per day starting now""]",Folic acid 5 mg per day starting now,2,"Epilepsy + pregnancy = 5mg folic acid

The correct answer is that folic acid 5 mg per day should be started now. Women taking anti-epileptic medications, including lamotrigine, have an increased risk of having a baby with neural tube defects. The UK epilepsy guidelines recommend that all women with epilepsy who are planning pregnancy should take high-dose folic acid (5 mg daily) before conception and continue until the end of the first trimester. This higher dose is necessary because anti-epileptic drugs interfere with folate metabolism. Starting before conception is crucial as neural tube closure occurs very early in pregnancy, often before the woman knows she is pregnant.

Folic acid 400 mcg per day once pregnancy has been confirmed

is incorrect because this is the standard dose recommended for women without risk factors, and waiting until pregnancy is confirmed would be too late to prevent neural tube defects, which develop in the first few weeks after conception.

Folic acid 1 mg per day once pregnancy has been confirmed

is incorrect for the same reasons - the dose is insufficient for women on anti-epileptic medications, and starting after pregnancy confirmation would be too late to provide optimal protection.

Folic acid 10 mg per day starting now

is incorrect because this dose is unnecessarily high and exceeds the recommended dose for women taking anti-epileptic medications. There is no evidence that doses higher than 5 mg provide additional benefit.

Folic acid 400 mcg per day starting now

is incorrect because although the timing of starting before conception is appropriate, this is the standard dose recommended for women without risk factors and is insufficient for women taking anti-epileptic medications who require the higher 5 mg dose."
258,"A 23-year-old man is admitted following the sudden onset of an occipital headache. He initially thought it was a migraine and delayed presenting to the Emergency Department. On examination GCS is 15/15, neurological examination is unremarkable but neck stiffness is noted. He is apyrexial and no rash is noted. A CT scan done 7 hours after symptom onset is normal.

At what time should a lumbar puncture be done?","[""Immediately"", ""2 hours post-onset of headache"", ""4 hours post-onset of headache"", ""12 hours post-onset of headache"", ""24 hours post-onset of headache""]",12 hours post-onset of headache,3,"To detect a subarachnoid haemorrhage the LP should be done at least 12 hours after the start of the headache

A lumbar puncture should not be done until 12 hours after the onset of the headache to allow time for xanthochromia to develop.

If the patient was acutely unwell or had an altered GCS then discussion with neurosurgery may be appropriate rather than waiting 12 hours."
259,Which one of the following features is most associated with frontal lobe lesions?,"[""Wernicke's aphasia"", ""Gerstmann's syndrome"", ""Perseveration"", ""Cortical blindness"", ""Superior homonymous quadrantanopia""]",Perseveration,2,"Frontal lobe lesions may cause perseveration

The correct answer is

Perseveration

. Perseveration refers to the repetitive and involuntary continuation of a response in the absence of the original stimulus. It is most commonly associated with lesions in the frontal lobe, specifically within the prefrontal cortex. This area is responsible for executive functions including decision making, behaviour regulation, and task flexibility. Damage to this area can disrupt these processes, leading to symptoms such as perseveration.

Wernicke's aphasia

is incorrect as it typically results from damage to Wernicke's area located in the superior temporal gyrus in the dominant cerebral hemisphere, which is usually the left hemisphere. This condition is characterised by fluent but nonsensical speech with a lack of comprehension.

Gerstmann's syndrome

, characterised by agraphia (inability to write), acalculia (difficulty with simple mathematical tasks), finger agnosia (inability to distinguish fingers on hand) and left-right disorientation, results from damage to angular gyrus of parietal lobe rather than frontal lobe.

Cortical blindness

arises from bilateral occipital lobe lesions which interrupt visual input to the primary visual cortex. Patients present with loss of vision but may have preserved pupillary light reflex due to intact brainstem pathways.

Lastly,

Superior homonymous quadrantanopia

, also known as 'pie in the sky', results from an infarct in the territory supplied by inferior branch of MCA affecting contralateral inferior parietal lobule or temporal lobe. The lesion here will affect optic radiations carrying information from superior part of visual field resulting in loss of vision in superior quadrant contralaterally. Thus, this condition does not result from frontal lobe lesions."
260,A 59-year-old man presents with a severe pain deep within his right ear. He feels dizzy and reports that the room 'is spinning'. Clinical examination shows a partial facial nerve palsy on the right side and vesicular lesions on the anterior two-thirds of his tongue. What is the most likely diagnosis?,"[""Meniere's disease"", ""Herpes zoster ophthalmicus"", ""Ramsay Hunt syndrome"", ""Acoustic neuroma"", ""Trigeminal neuralgia""]",Ramsay Hunt syndrome,2,
261,A 73-year-old female with a history of recurrent falls at home and alcohol excess is brought to the Emergency Department due to episodes of confusion over the past 5 days. Between these episodes she is apparently her normal self. On examination her GCS is 14/15 and she has nystagmus on left lateral gaze. What is the most likely diagnosis?,"[""Subdural haemorrhage"", ""Subarachnoid haemorrhage"", ""Meningitis"", ""Herpes simplex encephalitis"", ""Alzheimer's disease""]",Subdural haemorrhage,0,"Fluctuating consciousness = subdural haemorrhage

The combination of falls, alcohol excess, fluctuating episodes of confusion and focal neurology points towards a diagnosis of subdural haemorrhage. The phrase 'fluctuating conscious level' is common in questions and should always bring to mind subdural haemorrhage"
262,"A 53-year-old woman presents to the emergency department with a sudden-onset, severe headache, describing it as the worst of her life. She had been sitting at her desk when the headache came on. She has associated nausea and vomiting.

On examination, she has some neck stiffness and photophobia and appears drowsy. A CT scan shows hyperdense across the basal cisterns and sulci.

Which of the following is indicated in managing the complications of this condition?","[""Amlodipine"", ""Diltiazem"", ""Felodipine"", ""Nifedipine"", ""Nimodipine""]",Nimodipine,4,"Nimodipine is used to prevent vasospasm in aneurysmal subarachnoid haemorrhages

The condition being described here is subarachnoid haemorrhage (SAH), given the sudden-onset severe headache, signs of meningism and CT findings. Nimodipine should be given as a 21-day course to prevent vasospasm - it is a dihydropyridine calcium-channel blocker (CCB) that targets brain vasculature.

Amlodipine is another dihydropyridine CCB but is not used in the management of SAH. It is commonly used as a first-line drug to manage hypertension in those over 55 years old.

Diltiazem is a non-dihydropyridine CCB and is used in the management of angina and hypertension - as a non-dihydropyridine CCB, it also slows the heart rate. It is not indicated for SAH.

Felodipine, like amlodipine, is another dihydropyridine CCB. It is also used to manage hypertension, but not SAH.

Nifedipine is another dihydropyridine CCB. It can also be used to manage hypertension and is also the first-line treatment for the symptoms of Raynaud's syndrome. It is not indicated for SAH."
263,"A 5-year-old girl has been referred to a paediatric neurologist with frequent episodes which her parents describe as 'daydreaming'. They report that she would suddenly stare blankly into space during a conversation or activity and would be unresponsive for approximately 10-15 seconds. These episodes occur several times a day and she has no recollection of the incidents.

An electroencephalogram (EEG) has been arranged which shows generalised spike-wave activity. Results of blood tests and neuroimaging are unremarkable.

Her parents are concerned about the long-term outlook of her condition.

Based on the seizure type, what is the most likely prognosis?","[""<10% probability of being seizure free in adolescence"", ""25-30% probability of being seizure free in adolescence"", ""45-50% probability of being seizure free in adolescence"", ""70-75% probability of being seizure free in adolescence"", ""90-95% probability of being seizure free in adolescence""]",90-95% probability of being seizure free in adolescence,4,"Absence seizures - good prognosis: 90-95% become seizure free in adolescence

The description of this event is very typical of an absence seizure (previously known as petit mal seizure) and is reinforced by the typical EEG findings of generalised spike-wave activity. Many children are treated with ethosuximide or sodium valproate during their childhood years, but the vast majority (90-95%) become seizure-free in adolescence and can be weaned off antiepileptic drugs. This is particularly the case when absence seizures start before the age of 9, as in this patient.

The other percentage options are therefore incorrect."
264,"A 51-year-old man presented to the Emergency Department with painless loss of vision in his right eye. This had been preceded by episodes of floaters.

His past medical history included well-controlled type 2 diabetes mellitus, for which he was not on any medications, and a period of poorly-controlled hypertension five years ago, which had culminated in him requiring surgery.

He recalls that his father had died from kidney cancer in his sixties, but is unable to provide any further past medical history.

What is the most likely unifying diagnosis that explains this presentation?","[""Hereditary haemorrhagic telangiectasia"", ""Multiple endocrine neoplasia type 2 (MEN2)"", ""Neurofibromatosis type 1"", ""Neuromyelitis optica"", ""Von Hippel-Lindau syndrome""]",Von Hippel-Lindau syndrome,4,"Patients with von Hippel-Lindau syndrome may develop retinal haemangiomas which present as a vitreous haemorrhage

This patient has presented with a vitreous haemorrhage, causing painless loss of vision associated with floaters. Although he is diabetic, his diabetes is well-controlled, and is unlikely to be the cause of his vitreous haemorrhage. The unifying diagnosis is von Hippel-Lindau syndrome - an autosomal dominant condition associated with the development of phaeochromocytomas, retinal and cerebellar haemangiomas, and clear cell carcinomas of the kidney. In this case, a retinal haemangioma has ruptured, causing vitreous haemorrhage. The episode of poorly-controlled hypertension, which was treated with surgery, alludes to a resected phaeochromocytoma, whilst the diagnosis of von Hippel-Lindau syndrome is further supported by his father's death from kidney cancer.

Hereditary haemorrhagic telangiectasia (HHT) is a plausible risk factor for vitreous haemorrhage. However, there is no description of mucocutaneous telangiectasia in the question, and HHT would not explain the episode of poorly-controlled hypertension, or family history of kidney cancer.

Multiple endocrine neoplasia type 2 (MEN2) is associated with phaeochromocytomas, but does not explain the sudden loss of vision or paternal kidney cancer.

Neurofibromatosis type 1 also predisposes to the development of phaeochromocytomas, but there is no suggestion of the classic cutaneous features of cafe-au-lait spots or neurofibromas in this patient.

Neuromyelitis optica can be associated with visual loss due to optic neuritis. However, this is often painful, and associated with other symptoms such as spastic paraparesis or loss of urinary continence."
265,A 17-year-old man is referred to dermatology. He has around 10 hyperpigmented macules on his torso which vary in size from 1.5-5 cm in size. His GP also noted some freckles in the groin region. He is also currently under orthopaedic review due to a worsening scoliosis of the spine. His father suffered from similar problems before having a fatal myocardial infarction two years ago. Which chromosome is most likely to have a gene defect?,"[""Chromosome 4"", ""Chromosome 11"", ""Chromosome 16"", ""Chromosome 17"", ""Chromosome 22""]",Chromosome 17,3,"Neurofibromatosis type 1 - chromosome 17

This patient meets the diagnostic criteria for NF1.

One of our registered users sent the following mnemonic to us:

NF1: chromosome 17 - as neurofibromatosis has 17 characters
NF2: chromosome 22 - all the 2's"
266,Lateral medullary syndrome is caused by occlusion of which one of the following blood vessels?,"[""Anterior inferior cerebellar artery"", ""Posterior cerebral artery"", ""Lateral sinus thrombosis"", ""Middle cerebral artery"", ""Posterior inferior cerebellar artery""]",Posterior inferior cerebellar artery,4,"Lateral medullary syndrome - PICA lesion - cerebellar signs,  contralateral sensory loss & ipsilateral Horner's

The correct answer to this question is the

Posterior inferior cerebellar artery

. Lateral medullary syndrome, also known as Wallenberg's syndrome, results from occlusion of the posterior inferior cerebellar artery (PICA). This leads to infarction in the lateral part of the medulla oblongata, causing a constellation of symptoms including dysphagia, hoarseness, vertigo, nystagmus, loss of pain and temperature sensation on the ipsilateral face and contralateral body, among others.

Discussing each incorrect option:

Anterior inferior cerebellar artery

: Occlusion here typically results in lateral pontine syndrome rather than lateral medullary syndrome. Symptoms may include facial weakness and sensory loss due to damage to the facial nucleus and tract; hearing loss due to cochlear nuclei damage; ataxia resulting from middle and superior cerebellar peduncle damage; among others.

Posterior cerebral artery

: Occlusion of this artery often leads to occipital lobe infarction with consequent homonymous hemianopia. Other possible symptoms include visual agnosia or memory impairment but not symptoms typical for Wallenberg's syndrome.

Lateral sinus thrombosis

: This condition does not cause lateral medullary syndrome. It is a form of venous sinus thrombosis which can lead to complications such as intracranial hypertension or cerebral venous infarction. Symptoms are usually related to increased intracranial pressure like headache, vomiting and papilledema.

Middle cerebral artery

: Occlusion here causes one of the most common types of ischemic stroke - middle cerebral artery (MCA) stroke. This typically presents with contralateral hemiparesis and sensory loss (more severe in the face and arm than the leg), homonymous hemianopia and possibly aphasia if dominant hemisphere is affected or neglect if non-dominant hemisphere is affected. These are different from the symptoms seen in Wallenberg's syndrome."
267,A 62-year-old man is referred to the neurology clinic with worsening symptoms over the past few months. The neurologist suspects the patient has progressive supranuclear palsy. Which one of the following features is least likely to be seen in this patient?,"[""Poor response to L-dopa"", ""Impairment of horizontal gaze"", ""Falls"", ""Cognitive impairment"", ""Slurring of speech""]",Impairment of horizontal gaze,1,"Progressive supranuclear palsy: postural instability, impairment of vertical gaze, parkinsonism, frontal lobe dysfunction

Impairment of vertical gaze is seen in progressive supranuclear palsy. Horizontal gaze impairment is sometimes seen later as the disease progresses, but would be atypical in a newly diagnosed patient."
268,"A 54-year-old woman presents with sudden onset of memory loss. Her husband states that for a period of 8 hours she was disoriented in time and place, but could remember who she was and was able to recognise family members. She has no recollection of the events. There is no history of any traumatic events. The mental state examination is otherwise normal.

What is the most likely diagnosis?","[""Bipolar affective disorder"", ""Dissociation"", ""Factitious amnesia"", ""Fugue state"", ""Transient global amnesia""]",Transient global amnesia,4,"Transient global amnesia -  acute onset of anterograde amnesia, patent may keep asking the same questions, resolves within 24 hours

The most likely diagnosis is

transient global amnesia (TGA)

which is characterised by the acute onset of anterograde amnesia (the inability to form new memories). It usually resolves within 24 hours.

Dissociation

is incorrect. Dissociation is a mental process where a person disconnects from their thoughts, feelings, memories or sense of identity.

Fugue state

is incorrect. A dissociative fugue is a temporary state where a person has memory loss (amnesia) and ends up in an unexpected place. People with this symptom can't remember who they are or details about their past. The fugue state can last for days, months or longer. The short duration in this case favours a diagnosis of TGA.

Bipolar affective disorder

is incorrect. There are no clinical features (e.g. mania, or delusions) to suggest an underlying bipolar disorder.

Factitious amnesia

is incorrect. A factitious disorder is a condition in which a person, without a malingering motive, acts as if they have an illness by deliberately producing, feigning, or exaggerating symptoms, purely to attain (for themselves or for another) a patient's role. Although this remains within the differential, there is nothing to suggest a factitious disorder in this case."
269,"A 45-year-old man presents to the Emergency Department with a persistent, generalised headache. He had experienced several episodes of vomiting over the last two days, and remains nauseated.

His past medical history was notable for rheumatoid arthritis, for which he had recently been started on etanercept.

He had received a course of amoxicillin from his GP two weeks previously for a presumed middle ear infection.

During the consultation, he is irritable and easily distracted. On examination, there is no focal neurology, rash, neck stiffness or photophobia.

His observations are as follows: temperature 38.8ºC, respiratory rate 21 breaths per minute, heart rate 102 beats per minute, blood pressure 135/75mmHg, oxygen saturation 97% on air.

A CT head with contrast is performed, which shows a solitary ring-enhancing lesion in the left temporal lobe.

Based on the likely diagnosis, which of the following treatments should be initiated?","[""IV piperacillin/tazobactam"", ""IV cefazolin + metronidazole"", ""IV aciclovir"", ""IV ceftriaxone + metronidazole"", ""IV ceftriaxone""]",IV ceftriaxone + metronidazole,3,"Brain abscess: IV 3rd-generation cephalosporin + metronidazole

The underlying diagnosis explaining this presentation is a brain abscess. The patient's abscess has likely been caused by intracranial extension of his recent middle ear infection. Brain abscesses are a rare complication of otitis media, and this patient is at an enhanced risk of infection due to immunosuppression from etanercept. The correct option is IV ceftriaxone, a third-generation cephalosporin, plus metronidazole.

IV piperacillin/tazobactam would be an appropriate empirical antibiotic regimen for sepsis of unknown origin, but the ring-enhancing lesion on contrast CT provides a credible focus of infection in the central nervous system, making targeted therapy more appropriate.

The first-line treatment for a suspected brain abscess is a 3rd-generation cephalosporin + metronidazole. Cefazolin is a 1st-generation cephalosporin, and does not penetrate the central nervous system as successfully as 3rd-generation cephalosporins.

IV aciclovir would be an appropriate initial treatment for suspected viral encephalitis, which may also present with behavioural change and pyrexia. However, the presence of a ring-enhancing lesion on CT points away from this diagnosis.

IV ceftriaxone would be an appropriate antimicrobial treatment for suspected bacterial meningitis in this age group. However, it lacks sufficient anaerobic cover to be used as monotherapy for a brain abscess."
270,A 72-year-old gentleman with a history of hypertension and stroke presents to the emergency department accompanied by his wife. His wife reported him waking at 7am confused. Repetitive questioning was a prominent feature. He was observed to be rubbing his hands together during the event. He was able to recognise his wife and correctly reported his address and date of birth to paramedics. The event lasted approximately 10 minutes. On arrival to the emergency department he a Glasgow Coma Scale score of 13 (E3 M6 V4). A full neurological examination was otherwise normal. What is the most likely diagnosis?,"[""Epilepsy"", ""Transient psychogenic amnesia"", ""Transient global amnesia"", ""Brain tumour"", ""Transient ischaemic attack""]",Epilepsy,0,
271,Which one of the following features is most associated with temporal lobe lesions?,"[""Astereognosis"", ""Auditory agnosia"", ""Visual agnosia"", ""Disinhibition"", ""Expressive (Broca's) aphasia""]",Auditory agnosia,1,Temporal lobe lesions may cause auditory agnosia
272,"A 45-year-old lady presents with a 2-month history of left-hand weakness. She has no past medical history. On examination, there is a mild weakness of the left upper and lower limbs with a right sided facial weakness which spares the forehead. Where is the lesion?","[""Right cerebrum"", ""Left cerebrum"", ""Right pons"", ""Left pons"", ""Cervical spinal cord""]",Right pons,2,
273,Which of the following investigations is the most important for diagnosing degenerative cervical myelopathy?,"[""Nerve conduction studies and EMG"", ""MRI Cervical spine"", ""CT myelogram"", ""CT C-spine"", ""AP and lateral C-spine radiographs""]",MRI Cervical spine,1,
274,Which of the following statements is most accurate regarding the usefulness of cervical spine radiographs (X-rays) in the assessment of degenerative cervical myelopathy (DCM)?,"[""Cervical spine radiographs should be obtained in all patients suspected of having DCM"", ""Where DCM is suspected, AP (anteroposterior), lateral and oblique cervical spine radiographs should be requested"", ""Cervical spine radiographs are a useful first line investigation where a diagnosis of DCM is suspected"", ""Cervical spine radiographs have a low sensitivity but high specificity for DCM"", ""Cervical spine radiographs cannot diagnose DCM""]",Cervical spine radiographs cannot diagnose DCM,4,
275,"A 13-year-old boy is brought to the clinic by his concerned parents, who report that over the last month, he has been experiencing multiple episodes of sudden, brief lapses in awareness. These episodes were typically very brief, lasting only a few seconds, during which the boy would stare blankly into space and become unresponsive to his surroundings. He is otherwise well and after the episodes ended, the boy would quickly resume his previous activities, often without any recollection of the lapse in awareness.

Based on the likely diagnosis, what medication is contraindicated in the patient?","[""Carbamazepine"", ""Ethosuximide"", ""Lamotrigine"", ""Levetiracetam"", ""Sodium valproate""]",Carbamazepine,0,"Carbamazepine is contraindicated in absence seizures

This child has presented with features and episodes consistent with absence seizures, often referred to as Petit mal. Absence seizures, characterized by brief lapses in awareness, are thought to result from abnormal electrical activity, particularly spike-and-wave discharges in the thalamus, disrupting thalamocortical circuits and causing temporary cortical inhibition. The condition is typically managed with antiepileptic medication; however,

carbamazepine

is contraindicated in absence seizures due to its mechanism of action. Carbamazepine primarily blocks sodium channels, which are less effective in targeting the thalamocortical circuits responsible for absence seizures. Moreover, carbamazepine can exacerbate absence seizures, likely because of its incompatibility with the spike-and-wave discharges characteristic of these seizures. The drug's mechanism may interfere with normal inhibitory processes in the brain, potentially worsening the condition.

Ethosuximide

is often the first-line choice for treating absence seizures due to its specificity for this seizure type and its ability to effectively control the underlying pathophysiology. Absence seizures are characterised by brief lapses in awareness caused by spike-and-wave discharges in the thalamus, which disrupt thalamocortical circuits and result in temporary cortical inhibition. Ethosuximide's mechanism of action is well-suited to this condition. It acts by blocking calcium channels in neurons, particularly in the thalamus. By doing so, it reduces the abnormal burst firing of neurons that leads to the characteristic spike-and-wave pattern, effectively preventing or minimising absence seizures.

Lamotrigine

is an antiepileptic medication often used as a second-line treatment for absence seizures when other medications like ethosuximide have proven ineffective. It also serves as an alternative to sodium valproate in young females who could potentially become pregnant, thus limiting the risk of congenital issues. Lamotrigine's mechanism of action involves inhibiting excessive neuronal firing by blocking voltage-gated sodium channels. While not as specific as some other medications for absence seizures, it can effectively reduce seizure frequency.

Levetiracetam's

exact mechanism of action is not fully understood, but it is believed to modulate neurotransmitter release, potentially reducing excessive neuronal firing. While not the first choice for treating absence seizures, levetiracetam may be considered due to its broad-spectrum antiepileptic properties. However, its use as a second-line treatment depends on individual patient factors and the overall seizure profile. Close monitoring is essential to assess its effectiveness and tolerability.

Sodium valproate

's mechanism of action involves multiple modes, including enhancing the action of inhibitory neurotransmitters, thus regulating excessive neuronal firing. While not typically the initial choice for managing absence seizures, valproate can be effective when primary treatments are unsuitable. However, it's crucial to note that valproate is associated with potential risks during pregnancy, as it can increase the risk of congenital malformations. Therefore, its use in females of childbearing potential should be carefully weighed against the risks, and appropriate contraceptive measures should be taken if it is prescribed."
276,"A 54-year-old man with small cell lung cancer complains of muscle weakness. Each one of the following are features of Lambert-Eaton syndrome, except:","[""Proximal muscles more commonly affected"", ""Hyporeflexia"", ""Dry mouth"", ""Repeated muscle contractions lead to decreased muscle strength"", ""Impotence""]",Repeated muscle contractions lead to decreased muscle strength,3,
277,A 49-year-old man is prescribed procyclidine for Parkinson's disease. What is the mechanism of action?,"[""Antimuscarinic"", ""Dopamine receptor agonist"", ""Decarboxylase inhibitor"", ""Dopamine receptor antagonist"", ""Monoamine Oxidase-B inhibitor""]",Antimuscarinic,0,"Procyclidine - antimuscarinic

The correct answer is

Antimuscarinic

. Procyclidine, a drug commonly used in the treatment of Parkinson's disease, works primarily through an antimuscarinic mechanism of action. It blocks muscarinic acetylcholine receptors in the central and peripheral nervous system. This results in a reduction of cholinergic activity which helps to balance the dopamine-acetylcholine ratio in the brain, thereby alleviating symptoms associated with Parkinson's disease such as tremors, rigidity and bradykinesia.

The option

Dopamine receptor agonist

is incorrect. While it is true that some drugs used for Parkinson's disease work by directly stimulating dopamine receptors (e.g., pramipexole and ropinirole), procyclidine does not fall into this category. Its primary mechanism of action is antimuscarinic, rather than dopaminergic.

Similarly, the option

Decarboxylase inhibitor

is also incorrect. Decarboxylase inhibitors like carbidopa or benserazide are often given alongside levodopa to prevent its peripheral conversion to dopamine before reaching the brain. However, this is not how procyclidine works.

The option

Dopamine receptor antagonist

would be counterproductive in treating Parkinson's disease. These agents block dopamine receptors and are typically used to treat conditions like schizophrenia or bipolar disorder where there may be an overactivity of dopamine neurotransmission. Using a dopamine antagonist would likely worsen symptoms of Parkinson's disease.

Lastly, the option

Monoamine Oxidase-B inhibitor

is also incorrect. While MAO-B inhibitors such as selegiline and rasagiline do have a role in managing Parkinson's disease by slowing down the breakdown of dopamine in the brain, this does not describe the mechanism of action for procyclidine."
278,You are called to review a 55-year-old man on the wards who started fitting around 5 minutes ago. He was admitted three days ago following an acute coronary syndrome. His past medical history includes tonic-clonic epilepsy which is generally well controlled on sodium valproate. On your arrival he is still fitting. Oxygen saturations are 99% on 100% oxygen and his pulse rate is 96/min. Intravenous access is already in-situ. What is the most appropriate next step?,"[""Observe for a further 5 minutes to see if the seizure stops spontaneously"", ""Give IV lorazepam"", ""Give buccal midazolam"", ""Give IV phenytoin"", ""Fast-bleep an anaesthetic doctor""]",Give IV lorazepam,1,"IV lorazepam is the first-line treatment in patients with early status epilepticus

As the patient has intravenous access it is most appropriate to give a benzodiazepine parentally due to the more certain absorption.  Lorazepam may be repeated once after 10 minutes.

Intravenous phenytoin is the next line treatment if the seizure fails to stop. Guidelines vary at when this should happen but generally 20-30 minutes is used as a cut-off."
279,"A 23-year-old woman is diagnosed with absence seizures. She is otherwise normally fit and well. A decision is made to initiate treatment. She has recently given birth to her first child and is breastfeeding.

What should be recommended with regards to the management of her seizures?","[""Prescribe carbamazepine and advise her to continue breastfeeding"", ""Prescribe carbamazepine and advise her to stop breastfeeding"", ""Prescribe ethosuximide and advise her to stop breastfeeding"", ""Prescribe lamotrigine and advise her to continue breastfeeding"", ""Prescribe lamotrigine and advise her to stop breastfeeding""]",Prescribe lamotrigine and advise her to continue breastfeeding,3,"Breast feeding is acceptable with nearly all anti-epileptic drugs

The best answer is to prescribe lamotrigine and advise her to continue breastfeeding. The benefits of breastfeeding are well established and most anti-epileptic drugs are safe in breastfeeding.

For absence seizures, NICE recommend ethosuximide or sodium valproate (except in female patients of child-bearing potential) and if these are unsuitable then lamotrigine can be used.

Carbamazepine can worsen absence seizures so should not be prescribed.

Ethosuximide may cause infant sedation when breast-feeding but can be used with care. However, stopping breastfeeding and prescribing ethosuximide would not be the preferred management."
280,"A 40-year-old woman presents with increasing muscle weakness. She reports the weakness mainly affects her shoulders, hips and upper arms. On questioning, she feels her symptoms are worse after a period of inactivity such as sitting and on repeat movement/exercise her weakness actually improves. She confirms she has associated symptoms of a dry mouth and sometimes has difficulty passing urine.

On examination, she has reduced power of the shoulders and upper arms with reduced reflexes throughout. The rest of her examination including peripheral nerve and cranial nerve exam is normal.

What is directly affected in this patient's most likely condition?","[""Chloride channels"", ""Myelin sheaths"", ""Nicotinic acetylcholine receptors"", ""Voltage-gated calcium channels"", ""Voltage-gated sodium channels""]",Voltage-gated calcium channels,3,"Lambert-Eaton syndrome - antibodies against the voltage-gated Ca2+ channels

This patient has presented with features in keeping with Lambert-Eaton syndrome, a myasthenic syndrome associated with muscle weakness, particularly affecting the limb-girdle region, which generally improves with repetitive contractions. Further features of the condition include hyporeflexia and autonomic disruption such as dry mouth, impotence and difficulty micturating. Lambert-Eaton syndrome is an autoimmune condition due to antibodies directly affecting the presynaptic

voltage-gated calcium channels

in the peripheral nervous system.

Chloride channels

are involved in several regulatory functions within the body including the transport of epithelial fluid in the lung, pancreas and other organs. The main condition associated with chloride channel disruption is the genetic disease cystic fibrosis causing symptoms of mucus thickening and pancreatic insufficiency from birth.

The

myelin sheaths

is affected in several demyelination neurological conditions including multiple sclerosis, transverse myelitis and Guillain-Barre syndrome. In these conditions the myelin surrounding the nerve cell axons is affected, reducing the electrical impulses that are passed along the nervous system. The symptoms seen in these conditions are not improved with repeat use/contractions.

Blockage of the

nicotinic acetylcholine receptors

is the pathophysiology of the neuromuscular disease myasthenia gravis (MG). MG is a similar autoimmune condition to Lambert-Eaton syndrome causing progressive weakness however MG is normally associated with ocular issues including ophthalmoplegia and ptosis. Also, in contrast to Lambert-Eaton syndrome, repeated muscle contraction and activity in MG results in muscle fatigue and a worsening weakness, not an improvement.

Voltage-gated sodium channels

disruption is the pathophysiology in several conditions, in particular neurological syndromes resulting in increased seizure activity such as erythromelalgia and generalised epilepsy with febrile seizures plus (GEFS+) and electrolyte imbalance syndromes such as hyperkalemic and hypokalemic periodic paralysis. The sodium channels are not affected and play no role in Lambert-Eaton syndrome."
281,"A 78-year-old right-handed female is admitted with an acute onset stroke of 2 hours duration. The decision was taken by the stroke team for thrombolysis which cures her symptoms. She is subsequently transferred to the high dependency unit for closer monitoring. Overnight, she has three bouts of vomiting and is seen by an FY2 who detects a new onset right-left disorientation and acalculia.

An urgent CT scan is requested which reveals an intracerebral haemorrhage. Which area of the brain is most likely to have been affected?","[""Left temporal lobe"", ""Left parietal lobe"", ""Right frontal lobe"", ""Right temporal lobe"", ""Right parietal lobe""]",Left parietal lobe,1,
282,"A 55-year-old female is admitted with a seizure. The seizure fails to respond to repeated dose of intravenous lorazepam. You decide to try a second line agent. Shortly after administration of the drug the patients blood pressure drops to 75/45 mmHg.

What drug is most likely implicated?","[""Sodium valproate"", ""Carbamazepine"", ""Lamotrigine"", ""Phenytoin"", ""Levetiracetam""]",Phenytoin,3,"Intravenous phenytoin can cause hypotension

Intravenous phenytoin can cause hypotension and bradyarrhythmias. Phenytoin is believed to protect against seizures by causing voltage-dependent block of voltage gated sodium channels.  Phenytoin is also a class IB antiarrhythmic drugs which blocks sodium channels in the heart resulting in shortening of repolarization."
283,A 45-year-old female with a past medical history of asthma is diagnosed as having essential tremor. What is the most suitable management?,"[""Amitriptyline"", ""Propranolol"", ""Sodium valproate"", ""Carbamazepine"", ""Primidone""]",Primidone,4,"Essential tremor is an AD condition that is made worse when arms are outstretched

Propranolol is generally considered first-line in essential but given the history of asthma primidone should be used"
284,"A 76-year-old man presents with an 18-month history of neck stiffness. He complains of numbness in his fingers and difficulty picking up small objects. Recently he has felt increasingly unsteady and had a fall. On examination, he has hyperreflexia in his arms and legs.

Which of the following is the most appropriate management plan?","[""Infliximab"", ""Cervical decompression surgery"", ""Steroids"", ""Carpal tunnel surgery"", ""Riluzole""]",Cervical decompression surgery,1,"Cervical spondylitic myelopathy is caused by advanced osteoarthritis of the cervical spine causing compression of the cervical cord

The most likely diagnosis is cervical spondylotic myelopathy.

All patients with cervical spondylotic myelopathy should be assessed by a spinal surgeon. Surgery is recommended in patients with moderate or severe cervical spondylotic myelopathy and in those with disease progression. Treatment of symptoms (for pain, for example) and regular follow-up might be offered for patients with mild, stable cervical spondylotic myelopathy. Decompressive surgery can halt disease progression and improve pain, function, and quality of life. The optimal timing of surgery is debatable because the progression of the disease is poorly understood."
285,A 72-year-old man who is being treated for Parkinson's disease is reviewed. Which one of the following features should prompt you to consider an alternative diagnosis?,"[""Micrographia"", ""Impaired olfaction"", ""REM sleep behaviour disorder"", ""Diplopia"", ""Psychosis""]",Diplopia,3,
286,A 51-year-old man with a history of schizophrenia is reviewed. He has developed parkinsonism secondary to his antipsychotic medication. Which one of the following drugs is most useful in the management of tremor?,"[""Apomorphine"", ""Cabergoline"", ""Selegiline"", ""Amantadine"", ""Benzhexol""]",Benzhexol,4,
287,"A 30-year-old lady with no past medical history presents to the emergency department with a 2-day history of pins and needles in the lower limbs and progressive walking difficulties. She offers a history of a diarrhoeal illness 1 week ago. On examination, there is a loss of pinprick sensation in the lower limbs from mid-thigh distally and in the upper limbs from MCP joints distally. There is a bilateral weakness of ankle dorsiflexion to 3/5 and knee flexion and extension is weak to 4/5 bilaterally. Power in upper and lower limbs is otherwise normal. Knee and ankle deep tendon reflexes are absent. What is the most likely diagnosis?","[""Multiple sclerosis"", ""Guillain-Barre syndrome"", ""Functional neurological syndrome"", ""Chronic inflammatory demyelinating polyneuropathy"", ""Botulism""]",Guillain-Barre syndrome,1,
288,"A 23-year-old man with a history of migraine presents for review. His headaches are now occurring about once a week. He describes unilateral, throbbing headaches that may last over 24 hours. Neurological examination is unremarkable. Other than a history of asthma he is fit and well. What is the most suitable therapy to reduce the frequency of migraine attacks?","[""Propranolol"", ""Zolmitriptan"", ""Topiramate"", ""Amitriptyline"", ""Pizotifen""]",Topiramate,2,"Migraine

Pizotifen is used less commonly nowadays due to side-effects such as weight gain. Propranolol should be avoided in asthmatics."
289,"A 23-year-old man is brought in by ambulance to the emergency department after having a 5-minute tonic-clonic seizure. He was previously fit and well with no previous seizures. He does not take any regular medication and drinks 5 units of alcohol per week.

Blood tests are unremarkable and a plain CT head has been reported as normal. An EEG is performed and also reported as normal.

A referral to the first seizure clinic has been arranged, but in the meantime, he is worried about the impact on his daily life as he normally drives a car to his office every day, where he works as an accountant.

What is the appropriate advice to give regarding his driving as per the Driver and Vehicle Licensing Agency (DVLA) guidelines?","[""No driving for 5 years and must notify DVLA"", ""No driving for 6 months and must notify DVLA"", ""No driving for 6 months and no need to notify DVLA"", ""No driving for 12 months and must notify DVLA"", ""No driving for 12 months and no need to notify DVLA""]",No driving for 6 months and must notify DVLA,1,"Patients cannot drive for 6 months following a first unprovoked or isolated seizure if brain imaging and EEG normal

DVLA guidelines are clear on driving restrictions after a first seizure. For Group 1 (car and motorbike) licence holders, the DVLA must be notified and the driving licence will be taken away. The patient can reapply if he has not had a seizure for 6 months. After that time, the medical advisers will decide if his ongoing risk of another seizure is high enough to warrant further suspension of driving.

It would be incorrect and illegal to not notify the DVLA, as a medical assessment is required at the end of the 6-month period.

A minimum 5-year driving ban would be imposed if this one-off seizure occurred in a Group 2 (bus and lorry) driver.

A 12-month break from driving is excessive, although of course notifying the DVLA would be warranted.

A 12-month break without even notifying the DVLA would be inappropriate."
290,"A 43-year-old woman is referred to the ambulatory care unit with right-sided facial pain, headache and double vision. Symptoms had gradually worsened over the last 2 weeks. She had been well before this.

On examination, ptosis of the right eye is noted. She is also found to have a dilated, unresponsive right pupil. Eye movements of the right eye are also limited - the eye is fixed in a down-and-out position. There is no fatiguability of the ptosis or the eye movements. Neurological examination of the upper and lower limbs is unremarkable.

What is the most likely cause of this presentation?","[""Cavernous sinus thrombosis"", ""Diabetic neuropathy"", ""Guillain Barre syndrome - Miller Fisher variant"", ""Myasthenia gravis"", ""Posterior communicating artery aneurysm""]",Posterior communicating artery aneurysm,4,"Painful third nerve palsy = posterior communicating artery aneurysm

Posterior communicating artery aneurysm

is correct. This patient is presenting with a third nerve palsy. A 'surgical' (i.e. with pupillary involvement) third nerve palsy suggests a compressive aetiology. This involves compression of the whole nerve and is characterised by a triad of ptosis, pupillary dilatation, and an ophthalmoplegia that leaves the eye in a down-and-out position (due to the unopposed action of the lateral rectus and superior oblique muscles). The third nerve palsy with pupil involvement and an associated headache strongly suggests a posterior communicating artery aneurysm as the cause.

Cavernous sinus thrombosis

is incorrect. A cavernous sinus thrombosis, due to the anatomical proximity to cranial nerves 3, 4, 6 and the ophthalmic branch of 5, usually causes impairment in a mixture of these cranial nerves rather than an isolated 3rd nerve palsy.

Diabetic neuropathy

is incorrect. Patients with vascular risk factors such as diabetes, hypertension, and hypercholesterolemia can experience peripheral nerve vascular microinfarctions. Diabetic neuropathy affecting the oculomotor nerve would cause a 'medical' (with pupil sparing) third nerve palsy. This would be characterised by ptosis and ophthalmoplegia but would not result in pupillary dilatation. This is because the parasympathetic fibres within the third nerve are found superficially, where the blood supply is primarily from vasa nevorum. In contrast, the somatic muscle fibres supplying levator palpebrae superioris and the extraocular muscles are deep within the third nerve and supplied by intraneural arteries, which are more vulnerable to ischaemic damage.

Guillain Barre syndrome - Miller Fisher variant

is incorrect. Miller Fisher variant can cause a complex ophthalmoplegia that may look like a 3rd nerve palsy, but the ophthalmoplegia is usually bilateral. Miller Fisher variant is also associated with ataxia, areflexia and commonly a prodromal illness - none of which are described in this patient.

Myasthenia gravis

is incorrect. Myasthenia gravis could indeed produce complex ophthalmoplegia and ptosis, but the key differentiating factor is that in myasthenia gravis, these changes would become more pronounced with repetitive movement, a phenomenon known as fatiguability. The symptoms are also usually bilateral, albeit may be asymmetrical."
291,"A 57-years-old woman presents to the emergency department with a sudden intense episode of dizziness. Her symptoms began while lying in bed when she turned her head to the side. She experienced two bouts of vomiting accompanied by a sensation that the world was spinning around her.

She has experienced such episodes in the past lasting around 30-60 seconds before self-resolving. Her past medical history is significant for migraines and hypertension. She denies tinnitus or any hearing changes.

Her observations are:

Temperature: 36.9 °C
Blood pressure: 145/90 mmHg
Pulse: 95/min.

Which of the following is the most appropriate immediate management for this patient's condition?","[""Brandt-Daroff exercises"", ""Epley manoeuver"", ""Dix-Hallpike manoeuver"", ""Refer to ears, nose and throat (ENT) specialist"", ""Betahistine""]",Epley manoeuver,1,"The Epley manoeuvre is the treatment of choice for BPPV

This patient has benign paroxysmal positional vertigo (BPPV), an inner ear disorder leading to a spinning sensation exacerbated by head movement. Canalithiasis (calcium debris) within the semicircular canal leads to the endolymph's improper motion, which results in a spinning sensation. The most appropriate management strategy is to perform canalith repositioning manoeuvre also known as Epley manoeuvre. Epley's manoeuvre involves a stepwise rotation of the head in a way that helps remove the crystals from the semicircular canal.

The Dix-Hallpike manoeuvre is used for the diagnosis of BPPV. It leads to vertigo and nystagmus when the affected ear is downwardly turned.

Brandt-Daroff exercises can be used for the treatment of benign paroxysmal positional vertigo (BPPV). Since the exercises can cause dizziness, they should be done safely, preferably with another person present. The clinician may perform an Epley manoeuvre in the clinic and then recommend Brandt-Daroff exercises to use at home as these are easier to perform.

Betahistine is a drug that helps to prevent vertigo. It's widely used to treat balance problems or vertigo symptoms, such as those caused by Meniere's disease. In patients with BPPV, who cannot undergo canalith repositioning manoeuvres, betahistine may be considered as a treatment option.

ENT consult may be considered once the patient has stabilised. In most cases, the episode will self-resolve however, treatment with a simple manoeuvre like the Epley can usually stop vertigo right away and thus will be the most appropriate initial management strategy."
292,Each of the following are causes of peripheral neuropathy. Which one is associated with predominately sensory loss?,"[""Diphtheria"", ""Hereditary sensorimotor neuropathies"", ""Porphyria"", ""Lead poisoning"", ""Uraemia""]",Uraemia,4,
293,A 70-year-old man who presented with repetitive large involuntary movements of his right lower limb and right upper limb has been diagnosed with hemiballismus. This affects which part of the brain?,"[""Medial thalamus and mammillary bodies of the hypothalamus"", ""Subthalamic nucleus of the basal ganglia"", ""Amygdala"", ""Substantia nigra of the basal ganglia"", ""Striatum (caudate nucleus) of the basal ganglia""]",Subthalamic nucleus of the basal ganglia,1,"Subthalamic nucleus of the basal ganglia lesions may cause hemiballism

Hemiballism is a type of chorea which is caused by a decreased activity in the subthalamic nucleus of the basal ganglia in most cases.

The other areas of the brain are associated with other conditions. Wernicke and Korsakoff syndrome localises to the medial thalamus and mammillary bodies of the hypothalamus. Huntington chorea is localised to the striatum (caudate nucleus) of the basal ganglia. Parkinson's disease is caused by disease of the substantia nigra of the basal ganglia. Kluver-Bucy syndrome is caused by damage both temporal lobes including the amygdala."
294,"A 32-year-old woman presents to the neurology clinic with a 6-month history of progressive weakness in both hands. She mentions accidentally burning her hand on a hot pan without feeling pain. On examination, there is wasting of the small muscles of both hands and reduced pain and temperature sensation over the shoulders and upper arms bilaterally, with preserved light touch and vibration sense. Reflexes are brisk in the lower limbs with bilateral upgoing plantars.

What is the most likely diagnosis?","[""Amyotrophic lateral sclerosis"", ""Multiple sclerosis"", ""Syringomyelia"", ""Cervical spondylotic myelopathy"", ""Guillain-Barré syndrome""]",Syringomyelia,2,"Syringomyelia - spinothalamic sensory loss (pain and temperature)

Syringomyelia

is the most likely diagnosis in this case. The patient presents with the classic features of syringomyelia, including dissociated sensory loss (loss of pain and temperature sensation with preservation of light touch and vibration sense) in a 'cape-like' distribution affecting the shoulders and upper arms. This pattern occurs because the expanding syrinx within the spinal cord first affects the crossing spinothalamic tracts in the anterior commissure, which carry pain and temperature sensation, while sparing the dorsal columns that carry light touch, vibration, and proprioception. The history of accidentally burning her hand without feeling pain is particularly characteristic of syringomyelia. Additionally, the patient has upper motor neuron signs in the lower limbs (brisk reflexes and upgoing plantars) and lower motor neuron signs in the upper limbs (wasting of small hand muscles), consistent with a cervical syrinx affecting both anterior horn cells and the corticospinal tracts. Syringomyelia typically presents in young to middle-aged adults and progresses slowly over months to years.

Amyotrophic lateral sclerosis

(ALS) typically presents with a combination of upper and lower motor neuron signs, but without the sensory abnormalities described in this case. ALS would cause progressive muscle weakness and wasting, fasciculations, and upper motor neuron signs such as hyperreflexia and spasticity, but pain and temperature sensation would be preserved. The dissociated sensory loss is not a feature of ALS, making this diagnosis unlikely.

Multiple sclerosis

(MS) can cause a wide variety of neurological symptoms due to demyelination throughout the central nervous system. While MS can cause sensory disturbances, the pattern of dissociated sensory loss described here is not typical. MS lesions tend to cause patchy sensory loss rather than the specific pattern of lost pain and temperature sensation with preserved light touch and proprioception. Additionally, MS typically presents with episodes of neurological dysfunction affecting different parts of the CNS at different times, rather than the progressive course described here.

Cervical spondylotic myelopathy

results from spinal cord compression due to degenerative changes in the cervical spine. While it can cause both motor and sensory symptoms in the upper and lower limbs, it typically affects all sensory modalities rather than causing the dissociated sensory loss seen in this case. It is also more common in older patients with evidence of cervical spondylosis, which is not mentioned in this young patient.

Guillain-Barré syndrome

is an acute inflammatory demyelinating polyneuropathy that typically presents with ascending weakness and areflexia. It primarily affects the peripheral nervous system, causing symmetrical weakness, sensory symptoms, and reduced or absent reflexes. The presence of upper motor neuron signs (hyperreflexia and upgoing plantars) in this case rules out Guillain-Barré syndrome, which is characterized by lower motor neuron findings. Additionally, the dissociated sensory loss pattern is not typical of Guillain-Barré syndrome."
295,A 49-year-old man presents to the Emergency Department complaining of visual disturbance. Examination reveals a right incongruous homonymous hemianopia. Where is the lesion most likely to be?,"[""Left optic tract"", ""Left optic radiation"", ""Right optic tract"", ""Right optic radiation"", ""Optic chiasm""]",Left optic tract,0,
296,"A 28-year-old lady presents with a two-day history of headaches, nausea and vomiting, and blurred vision.

She is long-sighted and has worn glasses since childhood. She has a background of severe migraines and was recently started on a prophylactic medication by her GP.

On examination, both eyes are red with mid-dilated unreactive pupils bilaterally.

Which medication is the most likely cause of this presentation?","[""Aspirin"", ""Propranolol"", ""Sodium valproate"", ""Sumatriptan"", ""Topiramate""]",Topiramate,4,"Topiramate can precipitate acute angle closure glaucoma

Topiramate is used as a first-line agent in the prophylaxis of migraine. It is an important cause of drug-induced acute angle closure glaucoma, typically occurring within one month of treatment. Topiramate-induced acute angle closure glaucoma is usually treated with cycloplegia and topical steroids alone rather than laser peripheral iridotomy.

Propranolol can be used as a first-line prophylactic treatment for people with episodic or chronic migraine but it is not known to be associated with acute angle closure glaucoma. Adrenergic drugs, in contrast, can precipitate an attack.

Sodium valproate is licensed for migraine prophylaxis though paradoxically itself commonly causes headaches.

Sumatriptan can be used in the in the acute treatment of migraine. It can commonly cause nausea and vomiting, but not angle closure glaucoma.

High-dose aspirin can be used in the acute treatment of migraine. A single dose of 900mg can be taken as soon as the migraine symptoms develop."
297,"A 33-year-old woman is reviewed in the epilepsy clinic. Her epilepsy has been well controlled on carbamazepine 400mg twice daily. She is about to give birth to a baby girl and is very keen to breastfeed.

What should the patient be advised?","[""Breastfeeding should be avoided whilst taking anti-epileptic medication"", ""Increase the dose of carbamazepine by 50%"", ""No changes required"", ""Switch carbamazepine to lamotrigine"", ""Switch carbamazepine to levetiracetam""]",No changes required,2,"Breast feeding is acceptable with nearly all anti-epileptic drugs

No changes required

is correct. The patient can safely breastfeed whilst taking carbamazepine, or indeed any anti-epileptic medications - except barbiturates.

Breastfeeding should be avoided whilst taking anti-epileptic medication

is incorrect. Most antiepileptic medications are safe to continue in breastfeeding.

Increase the dose of carbamazepine by 50%

is incorrect. This patient's epilepsy is well controlled on the current regimen. A dose increase is unnecessary and could lead to side effects.

Switch carbamazepine to lamotrigine

is incorrect. Her epilepsy is well controlled on the current regimen and a switch would be unnecessary, and no safer.

Switch carbamazepine to levetiracetam

is incorrect. This patient's epilepsy is well controlled on the current regimen. A needless switch in antiepileptic medication could potentially trigger seizures."
298,"A 50-year-old man presents with right-sided ear pain and facial weakness. He had flu-like symptoms of fever and headache for three days before the rash appeared.

On examination, there is a right-sided facial nerve palsy. A vesicular rash is seen on otoscopy.

How should this patient be managed?","[""Corticosteroids only"", ""Intravenous aciclovir"", ""Oral aciclovir and corticosteroids"", ""Oral aciclovir only"", ""Reassurance""]",Oral aciclovir and corticosteroids,2,"Treatment of Ramsay Hunt syndrome consists of oral aciclovir and corticosteroids

The correct answer is oral aciclovir and corticosteroids.

Ramsay Hunt syndrome (herpes zoster oticus) is caused by the reactivation of the varicella-zoster virus in the geniculate ganglion of the seventh cranial nerve. This patient presents with typical features of the disease including ear pain, facial nerve palsy and a vesicular rash around the ear. Other features include vertigo and tinnitus. Full recovery is more likely if antiviral treatment is started within 72 hours of the onset of symptoms. First-line treatment includes aciclovir 800 mg orally five times daily for 7 days and prednisone 60 mg orally daily for 5 days.

Steroids are thought to be helpful in Ramsay-Hunt syndrome due to their strong anti-inflammatory action. This is thought to reduce oedema in the affected nerves and result in shorter disease duration. However, trial evidence supports combining aciclovir and steroids, rather than steroids alone.

Generally, unless the patient is systemically unwell, aciclovir is given orally rather than intravenously for Ramsay-Hunt syndrome.

Steroids are thought to be helpful in Ramsay-Hunt syndrome due to their strong anti-inflammatory action. This is thought to reduce oedema in the affected nerves and result in shorter disease duration. Trial evidence supports combining aciclovir and steroids, rather than steroids alone.

There is evidence that treating Ramsay Hunt syndrome with a combination of oral aciclovir and steroids reduces disease severity and duration, therefore, reassurance alone is an incorrect answer."
299,"A 60-year-old woman with known peripheral vascular disease and atrial fibrillation presents to the emergency department with acute onset dizziness and alterations in sensation.

On examination, the patient has ataxia and nystagmus. She has left-sided facial numbness and findings in keeping with Horner's syndrome on the same side. The patient has a reduced sensation in both the arm and leg on the right side.

What blood vessel occlusion is the most likely cause of this patient's presentation?","[""Left anterior cerebral artery"", ""Left posterior inferior cerebellar artery"", ""Left superior cerebellar artery"", ""Right posterior inferior cerebellar artery"", ""Right superior cerebellar artery""]",Left posterior inferior cerebellar artery,1,"Lateral medullary syndrome - PICA lesion - cerebellar signs,  contralateral sensory loss & ipsilateral Horner's

This patient has presented with features in keeping with a lateral medullary syndrome, also known as Wallenberg's syndrome. Patients classically presented with both cerebellar and brainstem features as the posterior inferior cerebellar artery, which supplies both areas, is occluded. These features include ataxia and nystagmus (cerebellar features) as well as ipsilateral dysphagia, reduced facial sensation, cranial nerve palsies, and contralateral limb numbness (brainstem features). As this patient's limb sensational changes are on the right side and the facial numbness and Horner's syndrome are on the left it is the

left posterior inferior cerebellar artery

that has been affected. These cross-body findings are key to making the diagnosis.

The

anterior cerebral arteries (ACA)

supply the medial and superior frontal and parietal lobes as well as other structures including the corpus callosum and basal ganglia. Features of ACA strokes can vary but generally present with contralateral weakness of the limbs affecting the leg more than the arm, forms of aphasia and urinary incontinence. Sensory deficits are less common but if present generally affects the contralateral side. Cerebellar and brainstem features are not associated with ACA occlusions.

The

superior cerebellar artery (SCA)

supplies the upper aspect of the cerebellum and parts of the midbrain. SCA infarcts/occlusions result in cerebellar signs including, ipsilateral cerebellar ataxia, contralateral superficial sensory and nystagmus towards the impaired side (i.e. an infarct of the left superior cerebellar artery will result in left ataxia and nystagmus towards the left). Other general symptoms include hearing loss as well as vertigo, dizziness and mild hemiparesis. Clinical brainstem signs are not commonly associated with SCA strokes.

Patients presenting with posterior inferior cerebellar artery occlusions presented with both cerebellar and brainstem features including ataxia and nystagmus (cerebellar features) as well as ipsilateral dysphagia, reduced facial sensation, cranial nerve palsies, and contralateral limb numbness (brainstem features). As this patient's limb sensational changes are on the right side and the facial numbness and Horner's syndrome are on the left it is the left vessel which is affected and not the

right posterior inferior cerebellar artery

."
300,"A 21-year-old man presents with a short history of severe headache, fever and neck stiffness.

An initial CT brain is normal and you proceed to perform a lumbar puncture.

His lumbar puncture results are as follows.


Appearance	Cloudy
Opening pressure	31cmCSF (5 - 20)
WBC count	357 cells/µL (99% polymorphs) (<1)
Glucose	0.4mmol/L (2.5 - 3.5)
Protein	1.3g/L (0.18 - 0.45)

The patient is started on IV antibiotics and steroids and after a few days begins to recover.

He asks you about his prognosis and asks if he is likely to be left with any long-lasting effects of this illness.

What is the most common complication of his condition?","[""Adrenal insufficiency"", ""Cognitive impairment"", ""Conductive hearing loss"", ""Epilepsy"", ""Sensorineural hearing loss""]",Sensorineural hearing loss,4,"Sensorineural hearing loss is the most common complication following meningitis

This patient has bacterial meningitis.  His history is suggestive of meningitis and this is confirmed on the lumbar puncture.  He has a high white cell count, high protein and low glucose which are the typical findings of bacterial meningitis.  There is also the high opening pressure and the cloudy CSF which suggest infection.

All of the above options can be complications of meningitis but

sensorineural hearing loss

is the most common, occurring in 34% of cases.

Adrenal insufficiency

is incorrect. It is a rare but recognised complication of meningococcal meningitis and is caused by adrenal haemorrhage.  This is known as Waterhouse-Friderichsen syndrome.

Conductive hearing loss

is not correct.  Meningitis does not cause conductive hearing loss but does cause sensorineural hearing loss as described above.

Epilepsy

is incorrect.  Ongoing seizures are present following 13% of cases of bacterial meningitis.

Cognitive impairment

is also incorrect as it occurs in about 9% of cases.

It is worth noting complications are more likely with pneumococcal meningitis than in meningococcal meningitis but 57% of those with meningococcal septicaemia will have some form of complication."
301,"A 32-year-old man is brought in following a seizure. His family reports he has been severally unwell the past few days with a fever and vomiting. He was started on antibiotics by his GP last week for suspected bacterial sinusitis following a prolonged period of symptoms including thick nasal mucus and facial discomfort. However, his family confirms he did not complete the antibiotic course.

A CT head with contrast is performed and demonstrates a ring-enhancing lesion with evidence of inflammation of the sinuses.

What antibiotic regime should be commenced?","[""IV ceftriaxone and ampicillin"", ""IV ceftriaxone and co-trimoxazole"", ""IV ceftriaxone and gentamicin"", ""IV ceftriaxone and metronidazole"", ""IV ceftriaxone and vancomycin""]",IV ceftriaxone and metronidazole,3,"Brain abscess: IV 3rd-generation cephalosporin + metronidazole

This patient has presented with a brain abscess, secondary to spread from an initial sinus infection. Diagnosis is often confirmed via a contrast CT head showing a ring-enhancing lesion that results from the formation of a capsule surrounding the build-up of inflammation and concomitant dead brain tissue. A lumbar puncture is contraindicated due to the risk of potential cerebral herniation. If identified broad-spectrum antibiotics should be commenced immediately. A 3rd generation cephalosporin with additional cover for potential anaerobic and microaerophilic is the recommended regimen such as

IV ceftriaxone and metronidazole

. Dexamethasone should also be considered in patients with evidence of intracranial pressure.

IV ceftriaxone and ampicillin

is mainly used for the management of suspected meningitis in young children, those over 50 years or patients who are immunocompromised. The addition of ampicillin, to the standard 3rd generation cephalosporin, is recommended to cover for potential

Listeria monocytogenes

infection more common in these patient groups. This patient has presented with a brain abscess, not just meningitis, and is not a member of this high-risk patient group.

IV ceftriaxone and co-trimoxazole

are not commonly used in combination. Co-trimoxazole, which is made up of sulfamethoxazole and trimethoprim, can cover a range of bacterial, fungal and protozoan infections however it is mainly used as a prophylactic drug to prevent infections such as pneumocystis pneumonia and toxoplasmosis in patients with HIV/AID or other immunosuppressive conditions.

IV ceftriaxone and gentamicin

can be used in combination to treat certain infections such as infective endocarditis or neutropenic sepsis however they are not commonly used for cerebral infections e.g. brain abscess or meningitis.

IV ceftriaxone and vancomycin

should only be considered for brain abscess treatment in countries where cephalosporin resistance is high (e.g. the US) or there is specific reason to suspect specific resistant-infections (e.g. in patient with known methicillin-resistant

Staphylococcus aureus

MRSA)."
302,Which one of the following antibodies are associated with painful sensory neuropathy in patients with small cell lung cancer?,"[""Anti-Ri"", ""Anti-GAD"", ""Anti-Ro"", ""Anti-Hu"", ""Anti-Yo""]",Anti-Hu,3,
303,You review a 62-year-old man three days after he had been admitted with an acute coronary syndrome. His past medical history includes myasthenia gravis for which he takes long-term prednisolone. Since admission his symptoms of myasthenia have become markedly worse. In particular you notice bilateral ptosis and slurring of speech. Which of the following recently started medications is most likely to be responsible?,"[""Clopidogrel"", ""Atorvastatin"", ""Ramipril"", ""Aspirin"", ""Bisoprolol""]",Bisoprolol,4,
304,"A 36-year-old woman presents with a one-hour history of a severe headache. You review her within a few minutes of arrival in the department.

She describes a sudden onset headache and feels it is the worst headache she has ever had in her life. She has felt nauseated since it started and vomited once and also describes photophobia.

Her GCS is 15, she has no focal neurology and is afebrile.

You suspect a subarachnoid haemorrhage and a CT brain is performed one hour after your assessment.

The CT shows no acute intracranial pathology.

What is the most appropriate next step in the management of this patient?","[""CT angiogram"", ""Consider an alternative diagnosis"", ""Digital subtraction angiography"", ""Lumbar puncture"", ""Magnetic resonance angiography""]",Consider an alternative diagnosis,1,"If subarachnoid haemorrhage is suspected but a CT head done within 6 hours of symptom onset is normal, do

This question tests knowledge of the recent NICE guidelines on the diagnosis and management of subarachnoid haemorrhage (SAH).

The patient in question has multiple features of SAH and a plain CT brain is the correct initial investigation.

The NICE guidelines suggest that if a patient has a normal CT brain within 6 hours of the onset of the headache then SAH is unlikely and you should

consider an alternative diagnosis

. This is therefore the correct answer.

If the CT is performed greater than 6 hours after the onset of the headache and shows no evidence of SAH then you should consider a

lumbar puncture

, which should be performed at least 12 hours after onset, but this does not apply in this case, so it is incorrect.

If the CT shows a subarachnoid haemorrhage, the next investigation is usually a

CT angiogram

, but this is unnecessary if there is no SAH visible., so is not correct.

If you subsequently do perform a lumbar puncture and this shows xanthochromia, then a

CT angiogram

would then be indicated but is not correct at this stage.

Digital subtraction angiography (DSA)

is incorrect. This is used to determine if an aneurysm is present if a CT angiogram does not identify the cause of the SAH but an aneurysm is still suspected.

Magnetic resonance angiography (MRA)

is incorrect and this is only usually performed if DSA is contraindicated."
305,"A 66-year-old man is reviewed in the Neurology clinic after reporting a one-month history of progressive weakness, primarily affecting his upper limbs. He also reports that his limbs feel very stiff in the mornings.

On examination, his movements are 4+/5 bilaterally in his lower limbs, and 3/5 bilaterally in his upper limbs on the Medical Research Council (MRC) power scale. He is also noticed to have a nasal quality to his speech, and occasional calf fasciculations. Peripheral sensation is intact.

Given the likely diagnosis, which of the following treatment options is most likely to extend this patient's survival?","[""Interferon alpha"", ""Interferon beta"", ""Riluzole"", ""Non-invasive ventilation"", ""Chest wall physiotherapy""]",Non-invasive ventilation,3,"Motor neuron disease - treatment: NIV is better than riluzole

This patient has a diagnosis of motor neuron disease, most likely of the amyotrophic lateral sclerosis subtype. Features consistent with this include his age (onset is most common between ages 55-75), a combination of lower (fasciculations) and upper (upgoing plantars) motor neuron signs, and the classic description of hypernasal speech. Management options for motor neuron disease are limited, with 50% of patients  dying within three years of diagnosis. Of the options above, non-invasive ventilation (NIV) confers the longest survival benefit (on average, 7 months), helping to mitigate type 2 respiratory failure in more advanced disease.

Interferon alpha is used in the treatment of hepatitis C, and has no role in the management of motor neuron disease.

Interferon beta is used in the management of multiple sclerosis relapses. The purely motor nature of the patient's symptoms, presence of lower motor neuron signs and older age of onset ensure that motor neuron disease is a more likely diagnosis than multiple sclerosis in this patient.

Riluzole offers a mild survival benefit in the context of motor neuron disease via down-regulation of GABAergic transmission. However, this benefit is less marked than that offered by NIV.

Chest wall physiotherapy is an important tool in the management of secretions in motor neuron disease. However, its use is not associated with a significant survival benefit, as is the case with NIV."
306,"An 80-year-old man presents to the Emergency Department reporting that he awoke this morning with dizziness and vomiting. On further questioning, you establish that he has a sensation of the room spinning around him, which is worse when he moves his head quickly, although persists with his head still, and that he vomits when these symptoms are at their most severe. He is unsteady on his feet and staggers when you try to walk him around his bed. He has no other symptoms or signs. He has a past medical history of hypertension, high cholesterol, type II diabetes which is diet controlled, and osteoarthritis.

Which of the following diagnoses is it most important to exclude?","[""Posterior circulation stroke"", ""Postural hypotension"", ""Benign paroxysmal positional vertigo"", ""Meningo-encephalitis"", ""Viral labyrinthitis""]",Posterior circulation stroke,0,"Posterior circulation stroke must always be considered as a differential in a patient presenting with acute vertigo

A central cause of vertigo must always be considered. Central causes include posterior circulation stroke, acoustic neuroma and other benign and malignant brain tumours, and multiple sclerosis. Stroke is the most urgent diagnosis to make, and the most likely in this patient with cardiovascular risk factors.

A posterior circulation stroke affects the brain tissue supplied by the vertebral, basilar or posterior cerebral arteries - which includes the brainstem, cerebellum, thalamus, midbrain, and parts of the temporal and occipital cortex. Posterior circulation strokes account for 20-25% of ischaemic strokes in the UK but are more difficult to diagnose than anterior circulation strokes. Symptoms can include dizziness, vomiting, double vision, dysarthria, dysphagia, ataxia, limb weakness and visual field defects.

BMJ Clinical Review - posterior circulation stroke

http://www.bmj.com/content/348/bmj.g3175"
307,Which of the following features is least likely to be found in a patient with tuberous sclerosis?,"[""Adenoma sebaceum"", ""Cafe-au-lait spots"", ""Retinal hamartomas"", ""'Ash-leaf' spots"", ""Lisch nodules""]",Lisch nodules,4,
308,"A 75-year-old man is brought to the emergency department with sudden onset numbness affecting his face and limbs. He has a past medical history of hypertension and hypercholesterolaemia. His medications are amlodipine and atorvastatin.

On examination, he is ataxic and there is nystagmus. Right-sided ptosis and miosis are noted. There is an absence of right-sided facial sensation and left-sided arm and leg sensation. There is no weakness.

What is the likely diagnosis?","[""Benedikt syndrome"", ""Lateral medullary syndrome"", ""Millard-Gubler syndrome"", ""Nothnagel syndrome"", ""Weber syndrome""]",Lateral medullary syndrome,1,"Lateral medullary syndrome - PICA lesion - cerebellar signs,  contralateral sensory loss & ipsilateral Horner's

The lateral medullary syndrome is correct. The sudden onset of symptoms suggests a vascular event. The lateral medullary syndrome is caused by a posterior inferior cerebellar artery lesion. It causes cerebellar signs (ataxia, nystagmus), ipsilateral facial numbness and Horner's syndrome  (ptosis, miosis) and contralateral sensory loss.

Benedikt syndrome is incorrect. This is a syndrome caused by a lesion (infarction, haemorrhage, tumour or infection) in the tegmentum of the midbrain and cerebellum. Occlusion of the posterior cerebral artery is a possible cause. It causes 3rd nerve palsy, cerebellar ataxia and movement disorders (including tremor and chorea).

Millard-Gubler syndrome is incorrect. This is caused by a lesion affecting the pons. It results in ipsilateral 6th and 7th nerve palsies and contralateral hemiparesis.

Nothnagel syndrome is incorrect. This is an uncommon midbrain syndrome, which involves the tectum of the midbrain and superior cerebellar peduncle. It can be caused by stroke or neoplasm. It causes an ipsilateral 3rd nerve palsy and limb ataxia.

Weber syndrome is incorrect. This is a stroke that affects the medial portion of the midbrain. It can be caused by the occlusion of a branch of the posterior cerebral artery. It causes contralateral hemiparesis and a 3rd nerve palsy, neither of which are present in this case."
309,"A 34-year-old woman has presented to the ambulatory general medical clinic with pain in her left leg. She was diagnosed with lumbar radiculopathy affecting the left L5 lumbar nerve root following a disc prolapse. She has no other medical problems and does not take any other medications.

She was started on amitriptyline 10 weeks previously by the GP and following a period of up-titration has now been taking 75mg OD for the last 3 weeks.

She reports that the pain is not under control.

What is the next most appropriate management strategy to manage her pain?","[""Stop amitriptyline and start duloxetine"", ""Continue amitriptyline at the current dose and review in 2 weeks time"", ""Continue amitriptyline the current dose and add in duloxetine"", ""Increase amitriptyline in gradual increments over the course of 6 weeks"", ""Refer to the pain clinic to consider increasing the dose of amitriptyline""]",Stop amitriptyline and start duloxetine,0,"Drugs for neuropathic pain are typically used as monotherapy, i.e. if not working then drugs should be switched, not added

This woman is suffering neuropathic pain which has arisen from a disruption of the nervous signals at the L5 nerve root. Neuropathic pain can be very debilitating and cause patient significant discomfort. She has initially been trialled on amitriptyline and is now taking the maximum dose which can be prescribed safely in the community. The NICE guidelines advise that when a first-line medication is not effective then that medication should be stopped and another first-line medication should be tried. Neuropathic medications should be given as monotherapy outside of specialist pain clinics.

Stopping the amitriptyline and starting the new medication of duloxetine is the correct answer in this case for the reasons outlined above.

When prescribing amitriptyline it should be trialled for a period of 6-8 weeks with at least 2 weeks at the maximum dose. Here the patient has been at the maximum dose of 75mg OD for 3 weeks and there has been no benefit. There is, therefore, no benefit in continuing at this dose for a further 2 weeks and a change should be made.

Medications for neuropathic pain should be typically used as monotherapy and if a medication is not working then they should be switched and not added. The patient should, therefore, not have duloxetine added but rather be switched from amitriptyline to duloxetine.

Increasing the dose of amitriptyline beyond 75mg OD should not be attempted in community settings and an easier alternative is available.

Whilst a referral to the pain services may be appropriate in the long term the patient can be managed with a change of medications in the first instance. Where this fails further management with the pain team may be appropriate."
310,"A 78-year-old man is seen in the movement disorders outpatient clinic. He has a diagnosis of Parkinson's disease and is currently taking co-beneldopa 650mg five times daily. He is most troubled by drooling of saliva which unfortunately has not been helped by management strategies provided by speech and language therapy.

What would be the most appropriate initial management plan?","[""Start glycopyrronium bromide"", ""Start atropine inhaler"", ""Increase co-beneldopa to six times daily"", ""Botulinum toxin A injection"", ""Start scopolamine""]",Start glycopyrronium bromide,0,"Consider glycopyrronium bromide to manage drooling of saliva in people with Parkinson's disease

Glycopyrronium bromide is the first line of medical management for drooling of saliva in people with Parkinson's disease. If this is not effective, not tolerated or contraindicated, consider referral to a specialist service for botulinum toxin A.

Scopolamine is also an antimuscarinic which can be used for drooling in Parkinson's disease but has a higher risk of adverse cognitive effects.

Increasing co-beneldopa will have no effect on non-motor symptoms of Parkinson's disease such as drooling.

Atropine can be used but sublingual atropine ophthalmic solution is preferred to inhalers."
311,"A 43-year-old man is suspected of having a common peroneal nerve palsy following a fracture of his fibula. Each one of the following features may be seen in such lesions, except:","[""Wasting of the anterior tibial and peroneal muscles"", ""Weakness of foot dorsiflexion"", ""Weakness of extensor hallucis longus"", ""Weakness of foot eversion"", ""Sensory loss over the medial aspect of the lower limb""]",Sensory loss over the medial aspect of the lower limb,4,"Common peroneal nerve lesion can cause weakness of foot dorsiflexion and foot eversion

Sensory loss over the dorsum of the foot and the lower lateral part of the leg is seen in a common peroneal nerve palsy. The degree of wasting would of course depend on how long the nerve palsy had been present"
312,"A 16-year-old boy presents having fallen from a tree. He fell from a height of 2 metres before catching himself with his right arm on a branch just before the ground. He reports his arm was pulled forcibly upwards, causing instant pain both at the hand and the lower neck. He was able to lower himself to the ground without further injury and get to the hospital.

On examination of the upper limb, there are no open wounds or evidence of fractures. There is an isolated reduction of movement and power of the intrinsic hand muscles. Examination of all other joints of the upper limb is normal.

Which nerve root injury pattern has the boy sustained?","[""C5"", ""C6"", ""C7"", ""L4-5 and S1-S2"", ""T1""]",T1,4,"Klumpke's paralysis: T1 nerve root damage

The boy has a clinical examination in keeping with an isolated T1 nerve palsy, also known as Klumpke's paralysis. This paralysis or palsy is normally associated with a traumatic birth injury, or the mechanism described above of acute traction of the arm upwards. The injury results in reduced power of the intrinsic hand muscles and over time can result in a 'claw-like' appearance.

The C5 nerve root is responsible for shoulder abductor intervention. Isolated injury to C5 is rare but would result in a weakness of shoulder abduction and reduced sensation over the shoulder and the lateral antecubital fossa area.

An isolated C6 nerve root injury is extremely rare. Erb or Erb-Duchenne paralysis is a result of damage to the C5-6 nerve roots that can be seen and is an injury commonly associated with difficult delivery at birth with excessive head and neck pulling, especially in breech presentation or with shoulder dystocia. The injury can result in loss of sensation of the arm and paralysis and atrophy of the deltoid, biceps, and brachialis muscles.

Again, an isolated C7 nerve root disruption is rare. C7 is responsible for triceps and elbow extension and therefore this motor function would be lost with injury, as well as disruption of the triceps reflex.

L4-5 and S1-S2 are the nerve roots that form the peroneal nerve. Injury to this nerve reduces the ability of patients to dorsiflex their foot at the ankle. It is classically secondary to a fibula fracture or the application of a tight plaster cast to the lower limb."
313,"An 82-year-old man presents with 12 months of progressive loss of sensation in the lower limbs. A viral infection preceded these symptoms. He has a past medical history of chronic kidney disease stage 5. He lives in an old house that has not undergone any modernisation.

On examination, there is reduced sensation extending to the knees bilaterally. There is no motor weakness. Blood tests are performed:


HbA1c	46 mmol/mol	( < 48 )

What is the most likely cause of the presentation?","[""Charcot-Marie-Tooth disease"", ""Diabetes mellitus"", ""Guillain-Barre syndrome"", ""Lead poisoning"", ""Uraemic polyneuropathy""]",Uraemic polyneuropathy,4,"Uraemic polyneuropathy is predominantly sensory

Uraemic polyneuropathy

is correct. From the listed options, only uraemic polyneuropathy causes predominantly sensory neuropathy. This affects the cell body, axon or myelin of peripheral sensory neurons and occurs in 60-100% of patients who are undergoing dialysis for chronic kidney disease.

Charcot-Marie-Tooth disease

is incorrect. This is a hereditary disorder and tends to present with motor neuropathy between the ages of 5-15 rather than sensory polyneuropathy in old age (rarely, late-onset forms may occur).

Diabetes

is incorrect. The HbA1c level is 46 mmol/mol suggesting this patient has not yet developed diabetes (a level > 48 mmol/mol suggests diabetes).

Guillain-Barre syndrome

is incorrect. Often this has an infective trigger and this patient did have a preceding viral infection. However, it typically causes predominantly motor weakness rather than a chronic progressive sensory loss and so this is not correct.

Lead poisoning

is incorrect. The implication of this patient living in an old house that has not undergone modernisation is the presence of lead-based products i.e. paint that may cause toxicity. However, this causes a predominantly motor rather than sensory neuropathy and so is incorrect."
314,"A 26-year-old man is reviewed in the Neurology clinic. Two weeks previously, he had presented to the Emergency Department after experiencing a witnessed tonic-clonic seizure, which resolved spontaneously after two minutes. He has no past medical history, and denies ever having experienced a seizure before.

Neither the CT scan of his brain performed during his Emergency Department visit, nor a subsequent MRI scan of the brain showed any abnormalities, and a recent electroencephalogram (EEG) did not show any conclusive epileptiform activity.

Which of the following represents the correct advice he should be given concerning driving restrictions?","[""The patient is able to drive immediately"", ""The patient is unable to drive for a minimum of 6 months, irrespective of whether anti-epileptic medication is initiated or not"", ""The patient is unable to drive for a minimum of 12 months, irrespective of whether anti-epileptic medication is initiated or not"", ""It is at the discretion of the Neurology consultant whether the patient is able to resume driving or not at this stage"", ""The patient will be unable to drive until they have proved compliance with anti-epileptic medication""]","The patient is unable to drive for a minimum of 6 months, irrespective of whether anti-epileptic medication is initiated or not",1,"Patients cannot drive for 6 months following a first unprovoked or isolated seizure if brain imaging and EEG normal

This patient has experienced their first unprovoked seizure. At this stage, the patient does not have a formal diagnosis of epilepsy. Provided that there are no plausibly culpable structural abnormalities on cerebral imaging, and that there is no epileptiform activity on his EEG, the guidelines state that this patient should not be allowed to drive for a minimum of 6 months after the date of his first seizure, even if no subsequent seizure episodes are recorded, irrespective of the initiation of any medication.

As the patient has likely experienced a seizure, he is not permitted to drive for a minimum of 6 months, and certainly not straightaway.

The minimum interval for which the patient is unable to drive would be extended to 12 months were there evidence for a structural abnormality (e.g. a space-occupying lesion) on imaging which could have caused his seizure, or if there were evidence for epileptiform activity on his EEG.

Once credible seizure activity has been reported, an individual clinician should not override the minimum mandate of 6 months without driving. The neurologist's expertise would be vital in formalising any potential diagnosis of epilepsy, whereupon separate guidelines exist for driving in the context of established epilepsy.

Even if the patient is established on anti-epileptic medications after their first seizure and shows good compliance, they cannot drive any sooner than 6 months after the initial seizure. Ongoing compliance with medication becomes relevant when granting driving licenses to patients with established epilepsy who are seizure-free on their medication (driving should be temporarily suspended during any hiatus from anti-epileptic medication)."
315,"A 62-year-old man presents to the neurology clinic with a 6-month history of progressive weakness in his right arm. He has noticed twitching in his arm muscles and difficulty with fine motor tasks. Examination reveals wasting of the small muscles of the right hand, fasciculations in the right arm and both legs, brisk reflexes in the lower limbs, and bilateral extensor plantar responses. Sensation is intact throughout.

What is the most likely diagnosis?","[""Amyotrophic lateral sclerosis"", ""Cervical myelopathy"", ""Chronic inflammatory demyelinating polyneuropathy"", ""Multifocal motor neuropathy"", ""Syringomyelia""]",Amyotrophic lateral sclerosis,0,"Amyotrophic lateral sclerosis is associated with mixed UMN and LMN signs (usually no sensory deficits)

Amyotrophic lateral sclerosis

is the correct diagnosis based on the clinical presentation. This patient demonstrates the classic features of ALS: progressive asymmetric limb weakness (right arm), fasciculations (visible in right arm and both legs), and a combination of both upper and lower motor neuron signs with preserved sensation. The lower motor neuron signs include muscle wasting in the small muscles of the hand and fasciculations, while the upper motor neuron signs include brisk reflexes and extensor plantar responses. This mixed picture of UMN and LMN involvement with no sensory deficit is the hallmark of ALS. The age of presentation (62 years) is also typical, as ALS rarely presents before age 40. The progressive nature of symptoms over months is consistent with the natural history of the disease.

Cervical myelopathy

would typically present with upper motor neuron signs below the level of the lesion, including spasticity, hyperreflexia, and extensor plantar responses. However, it would not explain the lower motor neuron signs (fasciculations and wasting) seen in this patient. Additionally, cervical myelopathy often includes sensory disturbances and bladder dysfunction, which are absent in this case. The asymmetric presentation also makes cervical myelopathy less likely.

Chronic inflammatory demyelinating polyneuropathy

(CIDP) is an immune-mediated disorder that primarily affects peripheral nerves. It typically presents with symmetric weakness, areflexia, and sensory symptoms. The presence of upper motor neuron signs (brisk reflexes and extensor plantar responses) in this patient makes CIDP unlikely. Additionally, CIDP would not typically present with fasciculations or isolated small hand muscle wasting.

Multifocal motor neuropathy

is a rare neuropathy characterized by progressive, asymmetric limb weakness without sensory loss. While this might seem to fit the patient's presentation, it is a pure lower motor neuron disorder with no upper motor neuron involvement. The presence of brisk reflexes and extensor plantar responses in this patient excludes this diagnosis.

Syringomyelia

involves a fluid-filled cavity (syrinx) within the spinal cord. It classically presents with a dissociated sensory loss (loss of pain and temperature sensation with preservation of light touch and proprioception) and lower motor neuron signs at the level of the lesion. Upper motor neuron signs may be present below the level of the lesion. The absence of sensory disturbance and the presence of widespread fasciculations make syringomyelia an unlikely diagnosis in this case."
316,"Neuropathic pain characteristically responds poorly to opioids. However, if standard treatment options have failed which opioid is it most appropriate to consider starting?","[""Tramadol"", ""Morphine"", ""Codeine"", ""Oxycodone"", ""Buprenorphine""]",Tramadol,0,
317,"A 19-year-old woman presented with a gradual development of bilateral hearing loss which was accompanied by nausea and ringing in the ears but denied otalgia or otorrhoea. She reported a family history of hearing problems but was unsure what the exact condition was.

Otoscopic examination demonstrated a reddish blush visible on the cochlear promontory beyond an intact tympanic membrane.

What is the diagnosis in this case?","[""Adhesive otitis media"", ""Cerumen impaction"", ""Meniere's disease"", ""Otosclerosis"", ""Tympanosclerosis""]",Otosclerosis,3,"Otosclerosis is characterised by conductive hearing loss, tinnitus and positive family history

Otosclerosis

is characterised by conductive hearing loss, tinnitus and positive family history. It is a form of hearing loss that occurs due to abnormal bone growth in your middle ear. In about 10% of cases of otosclerosis, there is a redness of the promontory of the cochlea seen through the tympanic membrane due to prominent vascularity known as the Schwartz sign, which is seen in this case.

Cerumen impaction

is an accumulation of cerumen that causes hearing loss but also results in fullness, otorrhoea and dizziness which is absent here.

Adhesive otitis media

is a form of chronic otitis media where there is the adhesion of medial ear structures as a result of chronic inflammation. This results in the retraction of the thin and atrophic tympanic membrane to the medial wall of the middle ear, which is not seen in this case.

Tympanosclerosis

is characterised by a chalky, white plaque on the tympanic membrane which is not visualised in this case. This finding is suggestive of a previous middle ear infection or trauma.

Meniere's disease

produces a classic triad of symptoms (episodic vertigo, tinnitus, and hearing loss), likely caused by endolymphatic hydrops of the labyrinthine system of the inner ear. The absence of recurrent rotatory vertigo makes this diagnosis unlikely here."
318,"A 62-year-old patient presents to the emergency department with severe nausea and vomiting. She describes the onset as fairly sudden, with no obvious cause. She has no significant past medical history except for hypertension and takes regular amlodipine for this. On examination, there are no specific findings. As part of initial management, she is given an antiemetic.

Approximately 30 minutes later, she starts to complain of palpitations and lightheadedness. An urgent ECG is performed, which demonstrates polymorphic ventricular tachycardia.

What antiemetic was she most likely to have been given?","[""Aprepitant"", ""Cyclizine"", ""Hyoscine"", ""Nabilone"", ""Ondansetron""]",Ondansetron,4,"5-HT3 antagonists such as ondansetron can predispose to prolonged QT interval and increased risk of polymorphic VT

Different classes of antiemetics have varying side effects, of varying degrees of severity. This patient appears to have developed Torsades de Pointes (TdP), judging from the description of polymorphic ventricular tachycardia. This is typically caused by a prolonged QT interval, which in turn is known to be caused by 5-HT3 antagonists such as

ondansetron

. The risk is increased when using large doses, generally over 16mg in adults or 8mg in the elderly, or when there are short intervals between doses (less than 4 hours apart). Dopamine antagonist anti-emetics such as haloperidol, domperidone and metoclopramide can also cause QT prolongation.

Aprepitant

is incorrect. This is a neurokinin receptor antagonist that is mainly used for chemotherapy-induced nausea and is not associated with QT prolongation.

Cyclizine

is an example of an antihistamine-based antiemetic. It is not known to prolong the QT interval.

Hyoscine

is an anticholinergic sometimes used for antiemetic purposes. It is not typically linked with QT prolongation or TdP.

Nabilone

is a cannabinoid anti-emetic which is also sometimes considered for refractory chemotherapy-induced nausea. It is not a cause of QT prolongation."
319,"A 45-year-old woman who works in a children's nursery presents due to 'weakness' in her right foot. This has developed over the past couple of days. She is otherwise well and reports no other symptoms.

On examination, you note a high-stepping gait on the right side. Weakness of the right foot dorsiflexors is noted. All reflexes in the lower limb are normal and no fasciculations are noted. Hip abduction strength is normal.

What is the most appropriate management?","[""Admit for CT head and lumbar puncture"", ""Urgent referral to neurology"", ""Advice to avoid leg crossing, squatting or kneeling and review in 4 weeks"", ""Advise the patient to increase their vitamin D consumption"", ""Arrange nerve conduction studies""]","Advice to avoid leg crossing, squatting or kneeling and review in 4 weeks",2,"Leg crossing, squatting or kneeling may cause a foot drop secondary to a common peroneal neuropathy

This patient has foot drop secondary to a common peroneal nerve lesion. This may have been precipitated by kneeling and squatting in her job at the nursery.

In the absence of other findings, conservative management with advice is appropriate initially."
320,"A 42-year-old man presents to the Emergency Department with a 6-hour history of progressive weakness in his right leg. He was involved in a road traffic accident 2 days ago, sustaining a penetrating injury to his back from a metal fragment. On examination, he has reduced power (3/5) in his right leg with normal power in his left leg. There is loss of pain and temperature sensation on the left side below the level of T10, with preserved light touch and proprioception. Vibration and joint position sense are absent in the right leg. Reflexes are brisk in the right leg with an upgoing plantar response. Anal tone is preserved.

What is the most likely diagnosis?","[""Anterior spinal artery syndrome"", ""Brown-Séquard syndrome"", ""Cauda equina syndrome"", ""Central cord syndrome"", ""Complete spinal cord transection""]",Brown-Séquard syndrome,1,"Brown-Sequard syndrome is a result of lateral hemisection of the spinal cord

The clinical presentation in this case is highly characteristic of

Brown-Séquard syndrome

, which results from a lateral hemisection of the spinal cord. The patient has sustained a penetrating injury to his back, which is a common mechanism for this syndrome. The key features supporting this diagnosis are the ipsilateral weakness (right-sided in this case) and loss of proprioception and vibration sense (also right-sided), combined with contralateral loss of pain and temperature sensation (left-sided) below the level of the lesion. This pattern occurs because the lateral corticospinal tract (motor) and dorsal columns (proprioception, vibration) are affected on the same side as the hemisection, while the spinothalamic tract fibres (pain and temperature) cross at the level of entry and thus are affected on the opposite side. The presence of hyperreflexia and an upgoing plantar response on the right side further supports an upper motor neuron lesion on that side.

Anterior spinal artery syndrome

results from ischaemia to the anterior two-thirds of the spinal cord. This typically presents with bilateral motor weakness and bilateral loss of pain and temperature sensation below the level of the lesion, with preservation of proprioception and vibration sense (as the dorsal columns are supplied by the posterior spinal arteries). The unilateral nature of the motor deficit and the contralateral sensory loss for pain and temperature make this diagnosis unlikely.

Cauda equina syndrome

affects the lumbosacral nerve roots and typically presents with saddle anaesthesia, bladder and bowel dysfunction, and lower motor neuron signs in the lower limbs. The patient has preserved anal tone and upper motor neuron signs (hyperreflexia and upgoing plantar), which are inconsistent with cauda equina syndrome. Additionally, the dissociated sensory loss pattern is not a feature of cauda equina syndrome.

Central cord syndrome

typically occurs after hyperextension injuries to the cervical spine, particularly in older patients with cervical spondylosis. It classically presents with greater weakness in the upper limbs than the lower limbs, and variable sensory loss. The pattern of neurological deficit in this case, with unilateral weakness and contralateral sensory loss for pain and temperature, is not consistent with central cord syndrome.

Complete spinal cord transection

would result in complete loss of all motor and sensory function below the level of the lesion, including loss of voluntary bowel and bladder control. The patient has preserved function in the left leg and selective sensory loss, which rules out a complete transection."
321,"A 27-year-old man presents to the Emergency Department with 2 day history of severe headache and pyrexia (38.2ºC). A CT scan is reported as follows:


CT: Brain

Petechial haemorrhages in the temporal and inferior frontal lobes. No mass effect. Brain parenchyma otherwise normal

What is the most likely diagnosis?","[""Brain abscess"", ""Meningococcal meningitis"", ""Cerebral malaria"", ""Herpes simplex encephalitis"", ""New variant CJD""]",Herpes simplex encephalitis,3,"CT head showing temporal lobe changes - think herpes simplex encephalitis

The correct answer is

Herpes simplex encephalitis

. The patient's clinical presentation of severe headache, fever, and the CT scan findings of petechial haemorrhages in the temporal and inferior frontal lobes are characteristic features of herpes simplex encephalitis (HSE). HSE is caused by the herpes simplex virus (HSV), typically HSV-1. It is a rare but severe form of viral encephalitis with significant morbidity and mortality if left untreated. Early diagnosis and treatment with intravenous acyclovir are crucial to improve outcomes.

Brain abscess

is an incorrect answer because it usually presents with focal neurological deficits, seizures, or signs of increased intracranial pressure such as papilledema. CT scans in brain abscess cases often show ring-enhancing lesions with surrounding edema rather than petechial haemorrhages.

Meningococcal meningitis

is also an incorrect answer. Although headache and fever are common symptoms of meningococcal meningitis, the CT scan findings do not support this diagnosis. Meningococcal meningitis typically affects the meninges rather than causing parenchymal changes like petechial haemorrhages seen in this case.

Cerebral malaria

is another incorrect answer. While cerebral malaria can present with headache and fever, it is primarily associated with travel history to endemic areas or immunosuppression. Additionally, cerebral malaria would not typically cause petechial haemorrhages on a CT scan; instead, it would show diffuse brain swelling or small punctate white matter lesions.

Finally,

New variant CJD

(Creutzfeldt-Jakob Disease) is an incorrect answer because its presentation differs from the patient's symptoms. New variant CJD usually presents with rapidly progressive neuropsychiatric symptoms such as memory loss, personality changes, and ataxia. Imaging findings in new variant CJD often show cortical ribboning or basal ganglia hyperintensities on MRI rather than petechial haemorrhages seen in this case."
322,"A 34-year-old man with a history of migraine finds that paracetamol taken at the recommend dose often fails to relieve his acute attacks. He drinks 12 units of alcohol per week and smokes 15 cigarettes per day.

What factor is likely to contribute to this problem?","[""Bacterial overgrowth"", ""Delayed gastric emptying"", ""P450 enzyme induction"", ""First pass metabolism"", ""P450 enzyme inhibition""]",Delayed gastric emptying,1,
323,"A 68-year-old man presents to the emergency department with several hours of loss of balance. He reports that the left side of his face feels numb and that he is having difficulty swallowing. He has a past medical history of hypertension, hyperlipidaemia and type 2 diabetes mellitus.

On examination, there is left-sided ptosis and miosis. The left side of the face feels numb when examined, and anhidrosis is evident, relative to the right side. Some nystagmus is evident and he has an ataxic gait.

What is the most likely vessel affected?","[""Anterior inferior cerebellar artery"", ""Anterior spinal artery"", ""Basilar artery"", ""Posterior cerebral artery"", ""Posterior inferior cerebellar artery""]",Posterior inferior cerebellar artery,4,"Lateral medullary syndrome - PICA lesion - cerebellar signs,  contralateral sensory loss & ipsilateral Horner's

This patient's presentation is highly suspicious of a stroke and warrants immediate investigation and management. Signs and symptoms may vary widely, and depend on the affected territory. The presentation here is most suggestive of lateral medullary syndrome, also known as Wallenberg's syndrome. This occurs due to a lesion of the

posterior inferior cerebellar artery

. It presents with ataxia, ipsilateral facial numbness and sometimes cranial nerve palsy - such as Horner's syndrome in this scenario (ptosis, miosis and anhidrosis). Classically, it also presents with contralateral pain and temperature sensory loss in the limbs, due to spinothalamic involvement.

Anterior inferior cerebellar artery

is incorrect. A lesion here presents with lateral pontine syndrome. The symptoms are often quite similar to lateral medullary syndrome but it is classically associated with ipsilateral facial paralysis and deafness, neither of which are seen here.

Anterior spinal artery

is incorrect. A lesion of this vessel, which arises from branches of the vertebral arteries, can lead to middle medullary syndrome if affecting the medulla oblongata. This features ipsilateral deviation of the tongue, ipsilateral hemiparesis and contralateral loss of light touch and proprioceptive sensation in the limbs.

Basilar artery

is incorrect. A lesion of this vessel classically leads to locked-in syndrome.

Posterior cerebral artery

is incorrect. A lesion here classically presents with contralateral homonymous hemianopia (with macular sparing) and visual agnosia. The scenario above does not fit with this."
324,A 56-year-old woman comes for review. Around 4 weeks ago she had a blistering rash under her right breast which extended around to the back. A diagnosis of shingles was made. Unfortunately since that time she has been experiencing severe 'shooting' pains. The skin is also very tender to touch. Neither paracetamol nor ibuprofen have helped her symptoms. What is the most appropriate next step in management?,"[""Lidocaine patch"", ""Tramadol"", ""Amitriptyline"", ""Carbamazepine"", ""Diclofenac""]",Amitriptyline,2,
325,"Each one of the following is associated with ataxic telangiectasia, except:","[""Telangiectasia"", ""Cerebellar ataxia"", ""Autosomal dominant inheritance"", ""Recurrent chest infections"", ""Increased risk of malignancy""]",Autosomal dominant inheritance,2,
326,A 52-year-old woman presents with a two week history of dizziness when she rolls over in bed. She says it feels like the room is spinning around her. Examination of her ears and cranial nerves is unremarkable. Given the likely diagnosis of benign paroxysmal positional vertigo what is the most appropriate management?,"[""Perform Epley manoeuvre"", ""Trial of prochlorperazine"", ""Trial of cinnarizine"", ""Request MRI brain"", ""Recommend Brandt-Daroff exercises""]",Perform Epley manoeuvre,0,"The Epley manoeuvre is the treatment of choice for BPPV

Perform Epley manoeuvre

is the most appropriate first-line management for benign paroxysmal positional vertigo (BPPV). This patient's presentation is classic for BPPV with positional vertigo triggered by rolling over in bed. The Epley manoeuvre is a specific repositioning procedure designed to move displaced otoconia (calcium carbonate crystals) from the semicircular canals back to the utricle where they belong. It is highly effective, with success rates of approximately 80% after a single treatment session, and can provide immediate relief of symptoms. The procedure involves a series of head position changes that are performed with the patient sitting on an examination table. The manoeuvre takes only a few minutes to complete and can be performed in a primary care setting without special equipment. Given the typical presentation and the high success rate of this non-pharmacological intervention, it represents the optimal first-line management strategy for this patient.

Trial of prochlorperazine

is not the most appropriate first-line management for BPPV. Prochlorperazine is an antiemetic and antipsychotic medication that can help control nausea and vomiting associated with vertigo, but it does not address the underlying mechanical problem in BPPV. While it may provide symptomatic relief, it can cause significant side effects including drowsiness, extrapyramidal symptoms, and postural hypotension, which could potentially worsen the patient's dizziness. Additionally, prochlorperazine and other vestibular suppressants may actually delay central compensation mechanisms and potentially prolong recovery. Medications should generally be considered as adjunctive therapy for severe symptoms rather than primary treatment for BPPV.

Trial of cinnarizine

is not the optimal management choice for this patient. Cinnarizine is an antihistamine with calcium channel blocking properties that can help with vestibular symptoms, but like prochlorperazine, it does not address the underlying cause of BPPV. It may provide some symptomatic relief by reducing vestibular sensitivity, but its efficacy in BPPV specifically is limited. Cinnarizine can cause significant drowsiness and may impair the patient's ability to function normally. Additionally, long-term use of vestibular suppressants is generally not recommended as they may interfere with the brain's natural compensatory mechanisms. Given that a more effective, non-pharmacological option exists in the form of the Epley manoeuvre, cinnarizine would not be the first choice.

Request MRI brain

is unnecessary and inappropriate as first-line management for typical BPPV. This patient presents with a classic history of positional vertigo without any red flags or neurological signs that would warrant neuroimaging. BPPV is a clinical diagnosis based on history and examination findings, particularly the Dix-Hallpike test. An MRI would expose the patient to unnecessary investigation, delay appropriate treatment, increase healthcare costs, and potentially cause anxiety. Neuroimaging should be reserved for patients with atypical features, neurological signs, or symptoms that fail to respond to appropriate BPPV management. In this case, with a clear clinical picture of BPPV, proceeding directly to treatment with the Epley manoeuvre is more appropriate.

Recommend Brandt-Daroff exercises

is a reasonable but suboptimal choice compared to the Epley manoeuvre. Brandt-Daroff exercises are a form of vestibular rehabilitation that patients can perform at home to help with BPPV symptoms. They involve a series of repetitive movements designed to disperse otoconia from the semicircular canals. While these exercises can be effective, they generally have a lower success rate (approximately 30%) compared to the Epley manoeuvre (approximately 80%) and typically require multiple sessions over days to weeks before showing benefit. They are more commonly recommended as a secondary option if the Epley manoeuvre is unsuccessful or for patients who cannot tolerate the Epley procedure. Given that the Epley manoeuvre offers a higher success rate with faster symptom resolution, it remains the preferred first-line intervention for this patient with BPPV."
327,"A 65-year-old gentleman is referred to neurology outpatients with arm pain, stiffness and imbalance. Following investigations he is diagnosed with degenerative cervical myelopathy. Unfortunately, he misses his next outpatient clinic due to admission with acute coronary syndrome. He attends his GP 2 months later and mentions his ongoing neurological symptoms. Which of the following is the most important next step in his care?","[""Refer to spinal surgery or neurosurgery"", ""Refer for cervical nerve root injections"", ""Commence neuropathic analgesia"", ""Reassure the patient of his diagnosis"", ""Refer for physiotherapy""]",Refer to spinal surgery or neurosurgery,0,
328,"A 37-year-old female patient is brought into the emergency department with a 5-day history of altered personality, visual and auditory hallucinations. On palpation of the abdomen, a mass is felt in the left iliac fossa. Ultrasound abdomen suggests a left ovarian tumour. Her basic observations are as follows:


Oxygen saturation	99% on air
Heart rate	98 beats/minute
Respiratory rate	28 breaths/minute
Temperature	37.9 °C

What is the most likely diagnosis?","[""Meningitis"", ""Anti-NMDA receptor encephalitis"", ""Rabies"", ""Japanese encephalitis"", ""Mania""]",Anti-NMDA receptor encephalitis,1,"Anti-NMDA receptor encephalitis is a paraneoplastic syndrome which presents with prominent psychiatric features

Anti-NMDA receptor encephalitis is a paraneoplastic syndrome which presents with prominent psychiatric features. In this case, it is likely caused by an ovarian tumour.

Meningitis does not usually present with prominent psychiatric features

Rabies can present with psychiatric symptoms, but it usually presents with hypersalivation of hydrophobia which is not the feature here.

Japanese encephalitis is less likely with no clear travel history given and does not usually present with such prominent psychiatric symptoms.

The patient presents with symptoms of psychosis but no suggestion of mood disturbance hence mania is unlikely. Given the finding of an ovarian tumour and abnormality in her vital signs, an organic illness needs to be ruled out before psychiatric illness can be diagnosed."
329,"A 54-year-old female with known breast cancer develops progressive motor disorder with impairment of right arm function. She is clumsy with all movements and exaggerated 'flinging' actions are noted on examination. There is a similar pattern in the right leg with to a much lesser extent. There are no other abnormalities on neurological examination.

Where is the lesion most likely to be?","[""Caudate nucleus"", ""Lateral cerebellum"", ""Pre-motor cortex"", ""Sub-thalamic nucleus"", ""Temporal lobe""]",Sub-thalamic nucleus,3,
330,"A 39-year-old man is diagnosed as having cluster headaches. He has received subcutaneous sumatriptan on two occasions but would like to start medication to help prevent further attacks. Of the following options, which one is the most suitable treatment?","[""Atenolol"", ""Amitriptyline"", ""Sodium valproate"", ""Verapamil"", ""Gabapentin""]",Verapamil,3,"Verapamil is used for long-term prophylaxis of cluster headaches

The most suitable treatment for preventing cluster headaches in this patient is

verapamil

. Verapamil, a calcium channel blocker, has been shown to be effective in the prophylaxis of cluster headaches. According to UK guidelines, it is considered the first-line preventive therapy for this condition. Its efficacy is thought to be due to its ability to reduce neuronal firing and inhibit vasoconstriction.

Atenolol

, a beta-blocker, is not recommended for the prevention of cluster headaches. Although beta-blockers like propranolol are used as first-line treatments for migraine prophylaxis, they have not demonstrated significant efficacy in preventing cluster headaches.

Amitriptyline

is a tricyclic antidepressant that can be used as a preventive treatment for migraines but not specifically for cluster headaches. While some case reports suggest potential benefits in certain patients with refractory cases, it is generally not considered a first-line option for preventing cluster headaches.

Sodium valproate

, an antiepileptic drug, has shown mixed results in studies regarding its effectiveness in treating cluster headaches. Some studies have suggested potential benefits while others have found no significant difference compared to placebo. As such, sodium valproate may be considered as an alternative option when other treatments fail or are contraindicated but should not be the first choice.

Finally,

gabapentin

, another antiepileptic medication, has limited evidence supporting its use in the prevention of cluster headaches. Some small studies and case reports have suggested potential benefits; however, larger clinical trials are needed to establish its role definitively. Gabapentin may still be considered as an alternative treatment option if other medications are ineffective or contraindicated but should again not be the primary choice."
331,"A 64-year-old woman presents to the GP 5 days after experiencing a self-resolving 20-minute episode of right-sided facial weakness and slurred speech. This has not happened since. She takes no anticoagulation, and her history includes hypertension and hyperlipidaemia.

Her vital signs and an examination of her cranial nerves and upper and lower limbs are normal.

Which option is the best next sequence of steps for the GP to take?","[""Arrange hospital admission for CT angiography of the carotid arteries"", ""Arrange hospital admission for CT head before giving 300 mg aspirin"", ""Give 300 mg aspirin and refer for a specialist assessment within 24 hours"", ""Give 300 mg aspirin and refer for a specialist assessment within 7 days"", ""Start lifelong clopidogrel and atorvastatin""]",Give 300 mg aspirin and refer for a specialist assessment within 24 hours,2,"If a patient has had a suspected TIA, they should be given aspirin 300mg whilst awaiting specialist review, unless contraindicated

Give 300 mg aspirin and refer for a specialist assessment within 24 hours

is correct. This patient has had a transient ischaemic attack (TIA), given her brief episode of right-sided facial weakness and slurred speech lasting 20 minutes, with complete resolution within 24 hours. Her history of hypertension and hyperlipidaemia increases her risk of cerebrovascular events. Immediate aspirin (300 mg) reduces the risk of stroke by inhibiting platelet aggregation, and urgent referral within 24 hours ensures timely specialist evaluation, including imaging and risk stratification. NICE guidelines recommend starting aspirin immediately without prior CT unless atypical features suggest an alternative diagnosis. Early intervention is crucial, as the risk of stroke is highest in the days following a TIA. In typical cases of TIA, the likelihood of an underlying intracranial haemorrhage is low, allowing for the safe administration of aspirin without prior imaging.

Arrange hospital admission for CT angiography of the carotid arteries

is incorrect. This patient is asymptomatic at presentation and does not require immediate vascular imaging before specialist assessment. A CT head is only needed if atypical features (e.g., features of a space-occupying lesion or anticoagulant use) suggest haemorrhage or alternative pathology. Instead, CT angiography may be performed after referral if carotid disease is suspected, only after a specialist assessment. In this case, the priority is aspirin and urgent specialist review, where imaging decisions can be made based on full risk assessment.

Arrange hospital admission for CT head before giving 300 mg aspirin

is incorrect. Delaying aspirin to obtain imaging increases the risk of stroke, as TIA requires immediate antiplatelet therapy. NICE guidelines advise that a CT head is not needed before starting aspirin unless there are atypical features, such as symptoms lasting > 24 hours, fluctuating consciousness, anticoagulant use, coagulopathy, or suspected intracranial haemorrhage. In this patient, who has a typical TIA presentation and no contraindications, immediate aspirin and urgent referral are the appropriate next steps. In typical TIAs, the risk of haemorrhage is low, allowing for the safe administration of aspirin without prior imaging.

Give 300 mg aspirin and refer for a specialist assessment within 7 days

is incorrect. TIA patients require specialist assessment within 24 hours, as the risk of stroke is highest in the first 48 hours. A 7-day referral is appropriate only if the patient presents more than a week after their symptoms, which is not the case here. This patient’s recent TIA requires urgent review to assess stroke risk and initiate preventive treatment without delay.

Start lifelong clopidogrel and atorvastatin

is incorrect. While atorvastatin can be given for secondary prevention, lifelong clopidogrel is not initiated immediately in TIA. Clopidogrel may be added as part of a dual antiplatelet therapy regimen or as part of secondary prevention, but this would only be after a specialist assessment, which this patient has not yet had. The first step is 300 mg aspirin, followed by a specialist assessment to determine if clopidogrel should replace aspirin for long-term stroke prevention. Immediate dual antiplatelet therapy may be considered in select high-risk cases but should be guided by a specialist."
332,"A 57-year-old Polish patient, who just moved to the UK 6 months ago, presents to the emergency department following a fall. You notice that he has a wide-based gait, bilateral hand tremor and a nystagmus.

Which medication is he likely to be taking?","[""Ethosuximide"", ""Levetiracetam"", ""Lamotrigine"", ""Phenytoin"", ""Sodium valproate""]",Phenytoin,3,"Phenytoin use is a cause of the cerebellar syndrome

Phenytoin

is the correct answer as this patient is displaying classical signs of phenytoin toxicity. The clinical features described - wide-based ataxic gait, tremor, and nystagmus - are characteristic of phenytoin's adverse effects on the cerebellum. Phenytoin is still commonly prescribed as first-line antiepileptic therapy in many Eastern European countries, including Poland, whereas in the UK it is now considered a second-line agent. The therapeutic window of phenytoin is narrow, and toxicity can occur even within the therapeutic range, particularly in chronic use.

Ethosuximide

is incorrect as it is primarily used for absence seizures and does not typically cause cerebellar signs. Its main adverse effects include gastrointestinal disturbances, headaches, and rarely psychotic symptoms. It would be an unusual choice for an adult patient.

Levetiracetam

is incorrect because while it can cause neurological side effects, these typically manifest as behavioural changes, irritability, and mood disturbances rather than cerebellar signs. Levetiracetam is commonly used in the UK but does not typically cause the combination of symptoms described.

Lamotrigine

is incorrect as its main adverse effects include skin rashes (which can be severe, such as Stevens-Johnson syndrome), headaches, and diplopia. While it can cause ataxia, it rarely presents with the classical triad of cerebellar signs described in this case.

Sodium valproate

is incorrect because although it can cause tremor, its typical adverse effects include weight gain, hair loss, and teratogenicity. While it can cause ataxia, the combination of prominent cerebellar signs is more characteristic of phenytoin toxicity. Additionally, valproate-induced tremor tends to be fine rather than the coarse tremor typically seen with phenytoin."
333,"A 28-year-old man is seen in the neurology clinic for a follow-up appointment having been diagnosed with focal seizures 12 months prior.

The patient was originally started on levetiracetam as a first-line treatment however, despite good compliance, the patient reports he is still having regular episodes of acute right limb jerking associated with other focal seizure features. He has been on this first-line treatment for over 6 months with minimal improvement.

What replacement medication should the patient be trialled on?","[""Carbamazepine"", ""Ethosuximide"", ""Lamotrigine"", ""Phenytoin"", ""Sodium valproate""]",Lamotrigine,2,"Focal seizures not responding to first-line drug - try lamotrigine or levetiracetam (i.e. the first-line drug not already tried) and if neither help then carbamazepine

This patient has returned with focal seizures that are non-responsive to the first-line anti-epileptic drug he has been commenced on. Focal seizures, also known as partial seizures, affect only one aspect of the brain and therefore can present in a variated of patterns depending on which area is affected. The first-line management of these seizures includes the use of either levetiracetam or

lamotrigine

. If this first-line drug does not provide adequate resolution of seizure, as in this case, then the alternative drug should be trialled. Only after both first-line drugs have been trialled should second-line therapies be introduced.

Carbamazepine

is typically used as a second-line anti-epileptic for focal seizure in patients who do not respond to either levetiracetam or lamotrigine. Carbamazepine should only be trialled if both first-line medications have failed to improve a patient's condition. Carbamazepine can also be used as an alternative anti-epileptic in tonic-clonic seizures however has been found to be ineffective for both absence and myoclonic seizures.

Ethosuximide

is an anti-epileptic medication with relatively limited use except in the management of absence seizures. The drug is rarely used in the treatment of other forms of epilepsy including focal seizures.

Phenytoin

is typically used in the management of status epilepticus if benzodiazepine therapy fails to terminate the seizure. It can be used in some forms of focal seizures such as those with complex symptomatology (e.g. temporal lobe and psychomotor seizures) or focal seizures with autonomic features. As this case describes simple focal seizures, phenytoin should only be considered if multiple other treatments have failed.

Sodium valproate

is typically used as first-line therapy in several forms of epilepsy including, myoclonic seizures, tonic or atonic seizures and tonic-clonic seizures in men. It has a limited role in the management of focal seizure however and an alternative first-line therapy should be used in this case."
334,Which of the following visual field changes would be most consistent with a left parietal lobe lesion?,"[""Right homonymous hemianopia"", ""Left inferior homonymous quadrantanopia"", ""Left superior homonymous quadrantanopia"", ""Right superior homonymous quadrantanopia"", ""Right inferior homonymous quadrantanopia""]",Right inferior homonymous quadrantanopia,4,"Visual field defects:

The correct answer is

Right inferior homonymous quadrantanopia

. This visual field defect is most consistent with a left parietal lobe lesion. Visual information from both eyes travels via the optic nerves, with partial decussation at the optic chiasm, and continues through the optic tracts to the lateral geniculate nucleus (LGN) of the thalamus. From the LGN, visual information travels via the optic radiations to the primary visual cortex in the occipital lobe. The optic radiations have a specific anatomical course: fibres carrying information from the superior retinal quadrants (representing the inferior visual fields) travel through the temporal lobe (Meyer's loop), while fibres carrying information from the inferior retinal quadrants (representing the superior visual fields) travel through the parietal lobe. A lesion in the left parietal lobe would therefore damage the optic radiation fibres representing the inferior right quadrant of the visual field, resulting in a right inferior homonymous quadrantanopia.

Right homonymous hemianopia

is incorrect. This would involve loss of the entire right visual field in both eyes and would be caused by a complete lesion of the left optic tract, left lateral geniculate nucleus, complete left optic radiation, or the left occipital lobe. A discrete parietal lobe lesion would typically cause a quadrantanopia rather than a complete hemianopia.

Left inferior homonymous quadrantanopia

is incorrect. This visual field defect would be caused by a lesion in the right temporal lobe affecting Meyer's loop, not the left parietal lobe. Remember that visual field defects are contralateral to the side of the brain lesion due to the crossing of nasal fibres at the optic chiasm.

Left superior homonymous quadrantanopia

is incorrect. This would be caused by a lesion in the right parietal lobe, not the left parietal lobe. Again, visual field defects are contralateral to the brain lesion.

Right superior homonymous quadrantanopia

is incorrect. This visual field defect would be caused by a lesion in the left temporal lobe affecting Meyer's loop, not the left parietal lobe. The temporal lobe carries fibres representing the superior retinal quadrants (inferior visual fields), while the parietal lobe carries fibres representing the inferior retinal quadrants (superior visual fields)."
335,A 45-year-old female with a history of epilepsy is reviewed in the neurology clinic. Which one of the following features is most likely to be attributable to sodium valproate therapy?,"[""Clubbing"", ""Weight loss"", ""Hirsutism"", ""Renal impairment"", ""Tremor""]",Tremor,4,"Sodium valproate may cause tremor

Alopecia is much more common than hirsutism in patients treated with sodium valproate.

In the BNF tremor is listed as a 'less frequent' side effect whereas hirsutism is listed as a 'very rare' side effect."
336,"A 42-year-old woman with relapse-remitting multiple sclerosis (MS) has been suffering from increasingly painful spasms and cramping in her lower limbs for the past 18 months.

After discussion with her neurologist, it is agreed that this symptom is due to her chronic spasticity in her legs.

She has previously not tried any medication besides simple analgesia to manage this symptom but has now been offered an oral medication to specifically manage the spasticity.

What is the mechanism of action of this drug?","[""Acetylcholinesterase inhibitor"", ""Dopamine agonist"", ""Gamma-aminobutyric acid (GABA) agonist"", ""Glutamate receptor antagonist"", ""Non-selective monoamine reuptake inhibitor""]",Gamma-aminobutyric acid (GABA) agonist,2,"Baclofen is an agonist of GABA receptors that acts in the central nervous system

This woman is likely to have been offered baclofen, which is licensed to treat chronic spasticity arising from disorders such as multiple sclerosis.

Baclofen stimulates GABA receptors in the central nervous system, thereby inhibiting the release of excitatory neurotransmitters. This results in the blocking of mono- and polysynaptic reflex transmission. Clinically, this leads to reduced muscle spasticity, which can improve pain and mobility in patients with MS.

Acetylcholinesterase inhibitors have no role in treating muscle spasticity. They are used in other neurological conditions such as Alzheimer's disease (e.g. rivastigmine) and myasthenia gravis (e.g. pyridostigmine).

Dopamine agonists such as ropinirole have a role in treating symptoms of restless legs syndrome (RLS) but not spasticity pain.

Glutamate receptor antagonists (such as amantadine) are used in Parkinson's disease. They have no role in treating muscle spasticity.

Non-selective monoamine reuptake inhibitors (also known as tricyclic antidepressants) are licensed to treat emotional lability in patients with MS but do not improve muscle spasticity symptoms."
337,"A 70-year-old male patient presented to the neurology clinic with weakness in both lower limbs, progressively worsening tingling with difficulty getting up from a chair. He reports laxity in his ankles for a while now with a tendency for his feet to turn inwards. As a result, he has been using orthotics for one to two years.

Physical exam was remarkable for bilateral high arched feet with a visible pes cavus deformity, wasting of distal legs and feet, and weakness in bilateral toe flexors.

What is the most likely diagnosis in this case?","[""Charcot-Marie-Tooth disease"", ""Diabetic amyotrophy"", ""Duchenne muscular dystrophy"", ""Inclusion body myositis"", ""Myotonic dystrophy""]",Charcot-Marie-Tooth disease,0,"Charcot-Marie-Tooth is a cause for distal muscle wasting

Charcot-Marie-Tooth disease (CMT) is a group of inherited conditions that damage the peripheral nerves. It's also referred to as hereditary motor and sensory neuropathy (HSMN). Individuals with CMT manifest symmetric, slowly progressive distal motor neuropathy of the arms and legs resulting in weakness and atrophy of these muscles. The affected individual typically has distal muscle weakness and atrophy, weak ankle dorsiflexion, depressed tendon reflexes, and pes cavus foot deformity, described in this case.

Duchenne muscular dystrophy (DMD) is a severe type of muscular dystrophy that primarily affects boys. Muscle weakness is the principal symptom of DMD. It can begin as early as age 2 or 3, initially affecting the proximal muscles and after going on to affect the distal limb muscles. This is therefore unlikely to be the case here.

Inclusion body myositis (IBM) is an acquired progressive muscle disorder that commonly affects those above the age of 50.  IBM is an autoimmune disease mediated by cytotoxic T cells, but the exact cause of the disorder is unknown. In most cases, IBM is characterised by progressive weakness and atrophy of the muscles especially those of the arms and legs.

Diabetic amyotrophy is a nerve disorder that is a complication of diabetes mellitus. It affects the thighs, hips, buttocks and legs, causing pain and muscle wasting. Given the absence of any history suggesting diabetes, this would be unlikely here.

Myotonic dystrophy is characterised by progressive muscle wasting and weakness. People with this disorder usually suffer from prolonged muscle contractions called myotonia and are not able to relax certain muscles after use. There is no evidence to suggest this occurring in this case."
338,"A 26-year-old woman is recovering on the ward following a subarachnoid haemorrhage 6 days ago. She has been managing to maintain her oral fluid intake above 3 litres per day and her heart rate is 72 bpm at rest and her blood pressure is 146/88 mmHg at rest. Her fluid balance shows that she is net positive 650 ml over the last 6 days. Her daily bloods show the following:


Hb	134 g/L (115–160)	Na+	129 mmol/L (135–145)
Platelets	253 × 109/L (150–400)	K+	4.1 mmol/L (3.5–5.0)
WBC	5.1 × 109/L (4.0–11.0)	Urea	2.3 mmol/L (2.5–7.8)
Neuts	3.9 × 109/L (2.0–7.5)	Creatinine	49 µmol/L (60–120)
Lymphs	1.2 × 109/L (1.0–3.5)	CRP	12.3 mg/L (<5)

Paired serum and urine samples show the following:


Serum Osmolality	263 mOsm/kg (275–295)	Urine Osmolality	599 mOsm/kg (300–900)
Serum Na+	129 mmol/L (135–145)	Urine Na+	63 mmol/L

What is the most likely cause for the patient’s hyponatraemia?","[""Cerebral salt-wasting syndrome"", ""Iatrogenic fluid overload"", ""Cranial diabetes insipidus"", ""Syndrome of inappropriate anti-diuretic hormone secretion (SIADH)"", ""Adrenal insufficiency""]",Syndrome of inappropriate anti-diuretic hormone secretion (SIADH),3,"SIADH is a common consequence of subarachnoid haemorrhage

The key to working out the cause here is looking at the paired serum and urine samples and the fluid status. The patient is haemodynamically stable and has a positive fluid balance which indicates the cause of the low sodium is unlikely to be diabetes insipidus or adrenal insufficiency as these cause fluid depletion. The high urine sodium indicates either excessive sodium loss or excessive water retention, were this iatrogenic then the urine would be as dilute as the serum.

Cerebral salt-wasting syndrome is known to occur following subarachnoid haemorrhage but the sodium loss is accompanied by water loss as the kidneys are still functioning normally so urine output is high and there is a relative fluid depletion. In SIADH the kidneys hold on to too much water, diluting the serum sodium and resulting in concentrated urine as in this case."
339,"A 47-year-old with polycythaemia is admitted to the stroke unit with right leg weakness and difficulty speaking. His speech is halting and labored, although the words he is saying are making sense and he is not repeating himself. An MRI brain confirms a partial anterior circulation stroke affecting the middle cerebral artery (MCA) territory.

Given his symptoms, where is the most likely location of the infarct?","[""Right superior temporal gyrus"", ""Left arcuate fasiculus"", ""Left inferior temporal gyrus"", ""Right superior frontal gyrus"", ""Left inferior frontal gyrus""]",Left inferior frontal gyrus,4,"Broca's dysphasia: speech non-fluent, comprehension normal, repetition impaired

The correct answer is

Left inferior frontal gyrus

. The patient's symptoms of right leg weakness and difficulty speaking with halting and labored speech, but without repetition or loss of comprehension, are suggestive of Broca's aphasia. Broca's area is located in the left inferior frontal gyrus in the dominant hemisphere (which is usually on the left side for right-handed individuals). Damage to this region results in non-fluent aphasia, where patients have difficulty producing speech but can still understand language.

The

Right superior temporal gyrus

is not the correct answer because it is part of Wernicke's area, which is involved in language comprehension. Damage to this area would result in fluent aphasia characterized by fluent speech that lacks meaning and poor comprehension.

The

Left arcuate fasciculus

is incorrect as well. This structure connects Broca's area with Wernicke's area, allowing for communication between the two regions during language processing. Damage to the arcuate fasciculus would result in conduction aphasia, characterized by difficulty repeating phrases while maintaining relatively preserved fluency and comprehension.

The

Left inferior temporal gyrus

option is also incorrect because it does not play a major role in language production or comprehension. Instead, it has been implicated in visual object recognition and memory functions.

Lastly, the

Right superior frontal gyrus

option is not accurate either because it does not have a direct role in language processing. This region has been associated with various cognitive functions such as working memory, attention, and motor planning."
340,"A 67-year-old man is diagnosed with an acute ischaemic stroke. On assessment, you identify a right superior visual field defect. He is aphasic. His speech is fluent and voluminous but makes little sense. His comprehension and production of written language are also impaired.

What type of aphasia does this represent?","[""Broca's aphasia"", ""Conduction aphasia"", ""Global aphasia"", ""Transcortical motor aphasia"", ""Wernicke's aphasia""]",Wernicke's aphasia,4,"Wernicke's dysphasia: speech fluent, comprehension abnormal, repetition impaired

Wernicke's aphasia

is correct. Associated with lesions in the posterior superior temporal gyrus, it is sometimes termed fluent aphasia or receptive aphasia. Speech remains fluent but makes little sense and commonly includes nonsense or irrelevant words. Interestingly, the person does not realise they are using incorrect words.

Broca's aphasia

is incorrect. This is classically caused by lesions affecting the frontal lobe and is called non-fluent or expressive aphasia. Patients have difficulty speaking fluently, and their speech may be limited to a few words at a time. Speech is halting or effortful. Generally, there are able to understand speech well and maintain the ability to read.

Conduction aphasia

is incorrect. This refers to a syndrome of fluent aphasia with preserved comprehension but frequent paraphasic errors (errors in the selection of words). Patients often try repeatedly to correct their errors.

Global aphasia

is incorrect. This is the most severe type of aphasia. Patients can only produce a few recognisable words. They understand very little or no spoken language. It is caused by extensive injury affecting both Broca's and Wernicke's areas.

Transcortical motor aphasia

is incorrect. Often the result of recovery from Broca's aphasia and is characterised by non-fluent speech and good comprehension. They have difficulty initiating speech."
341,"A 28-year-old woman presents with worsening headaches over the last 2 months. She describes intermittent visual loss that lasts for several seconds at a time. She also describes a 'whooshing' sound in the ears that seems to be in time with her pulse. Her past medical history includes asthma, obesity and acne vulgaris. Her regular medications include a Fostair inhaler and isotretinoin. Fundoscopy is performed and bilateral optic disc swelling is noted.

Given the likely diagnosis, what is the most appropriate treatment option?","[""Acetazolamide"", ""Amitriptyline"", ""Propranolol"", ""Sumatriptan"", ""Topiramate""]",Acetazolamide,0,"Acetazolamide is a carbonic anhydrase inhibitor that is used to treat idiopathic intracranial hypertension

This patient's presentation is suggestive of idiopathic intracranial hypertension (IIH). This is a disorder of increased pressure intracranially, usually seen in overweight women of childbearing age. The aetiology is not fully understood. Other risk factors include certain medication use - in this case, isotretinoin is associated with IIH. Signs and symptoms typically include headaches, transient visual obscurations and pulse-synchronous tinnitus. Of the options listed here, the most appropriate first-line option is

acetazolamide

, a carbonic anhydrase inhibitor that acts to reduce intracranial pressure.

Amitriptyline

is incorrect. This is often used for neuropathic pain and also for migraine prophylaxis. It may be used for the headaches associated with IIH; however, this is purely an analgesic role and it does not help with the actual treatment of the condition.

Propranolol

is often used for migraine prophylaxis but does not play a role in the management of IIH. The description of pulsatile tinnitus and transient visual disturbance here is highly suggestive of IIH, not migraines.

Sumatriptan

is used for acute relief of migraines. It is not involved in IIH management. The description in this scenario is more suggestive of the latter diagnosis.

Topiramate

is sometimes used as a second-line agent in IIH management if acetazolamide has not been adequate. Acetazolamide is generally preferred and recommended first-line."
342,"A 23-year-old woman is admitted after a first seizure. It was witnessed as tonic-clonic, lasting 3 minutes before self-terminating. Brain CT and MRI and an electroencephalogram (EEG) are all normal. Her main concern is whether or not she can drive.

According to the DVLA, for how long must she abstain from driving?","[""1 month"", ""3 months"", ""6 months"", ""12 months"", ""5 years""]",6 months,2,"Patients cannot drive for 6 months following a first unprovoked or isolated seizure if brain imaging and EEG normal

The correct answer is 6 months. The scenario describes a first episode of unprovoked seizure with no evidence of structural brain abnormality.

Patients cannot drive for 1 month if they have had a single episode of syncope with an established cause that has been treated.

Patients who have had multiple TIAs over a short space of time cannot drive for 3 months.

A patient with a first, unprovoked seizure and MRI or EEG abnormalities cannot drive for 12 months. Patients with two or more episodes of unexplained syncope also cannot drive for 12 months.

Patients with established epilepsy who have been seizure-free for 5 years may have their license restored."
343,"A 55-year-old woman was found wandering in the street wearing inappropriate clothing for the current climate. She admitted having memory issues for a while but denied any past medical history. She was discharged home after a normal CT head scan to the memory clinic. One month later she was readmitted due to acute deterioration of mental status, failure to thrive, and mutism.

Upon assessment, she was bed-bound and mute. A neurological exam demonstrated spastic contractions of her limbs with diffuse myoclonic twitching.

What is the most likely diagnosis here?","[""Frontotemporal dementia"", ""Huntington's disease"", ""Sporadic Creutzfeldt-Jakob disease (CJD)"", ""Transient global amnesia"", ""Vascular dementia""]",Sporadic Creutzfeldt-Jakob disease (CJD),2,"Creutzfeldt-Jakob disease is characterised by rapid onset dementia and myoclonus

Sporadic Creutzfeldt-Jakob disease

is a subacute spongiform encephalopathy that presents with rapidly progressive dementia and is the most frequent among rare prion diseases. In such a patient like this with rapidly progressive dementia and focal neurological signs, CJD should be the first-line diagnosis given the triad dementia, myoclonus, and rigidity.

Transient global amnesia

is a sudden, temporary episode of memory loss that can't be attributed to a more common neurological condition, such as epilepsy or stroke. Given the patient has had a longstanding memory problem this answer is incorrect.

Huntington's disease

is clinically characterised by a triad of motor, cognitive and psychiatric symptoms. Motor features include impairment of involuntary (chorea) and voluntary movements; reduced manual dexterity, balance problems and falls. Cognitive features are characterised initially by loss of speed and flexibility in thinking but later develop into global dementia. Psychiatric features may include depression (most common), irritability, anxiety, agitation, and social withdrawal.

Vascular dementia

is caused by reduced blood flow to the brain. Risk factors include advanced age, diabetes, hypertension, atherosclerosis, and stroke which are all absent in this case.

Frontotemporal dementia

is generally associated with personality, behaviour and language changes which are not really depicted in this case."
344,"An 81-year-old woman was admitted eight days ago to the hospital with right-sided weakness. After a normal CT head, she was managed with high-dose aspirin for a suspected stroke which was subsequently confirmed on MRI.

She is now medically optimised for discharge. The therapy team are involved in planning her discharge. She previously lived alone, with a daughter who helped with the shopping.

What is the most appropriate tool for estimating her ability to return home?","[""Barthel index"", ""Berg balance scale"", ""Clinical frailty score"", ""National Institutes of Health Stroke Scale (NIHSS)"", ""Program of Research to Integrate the Services for the Maintenance of Autonomy 7 (PRISMA-7)""]",Barthel index,0,"The Barthel index is a scale that measures disability or dependence in activities of daily living in stroke patients

There are many scoring criteria within medicine. Often deciding which one is most appropriate depends on the nature of the scale, with certain scales being specific to some conditions. If a specific scale exists then they are often more helpful than more generic scoring criteria.

For stroke, assessing the degree of ongoing disability is most commonly measured using the

Barthel index

. This assesses 10 tasks and is scored according to the amount of time or assistance required by the patient for each given task. This index is used to assess the functional status of a patient post-stroke and to monitor their improvement with ongoing rehabilitation to regain independence after the event. Therefore, it is the most appropriate scale for this patient.

The

Berg balance scale

makes a measure of a person's static and dynamic balance abilities. Although this is useful information for assessing a patient's functional ability, it is not as encompassing as the Barthel index which also takes into account areas such as feeding, bathing, dressing, and continence.

The

clinical frailty score

can be used to assist in making care decisions. Its use is based on patient mobility, function, and cognition from two weeks prior to presentation. Therefore, it is not the most appropriate score to use in this patient for discharge planning.

The

National Institutes of Health Stroke Scale (NIHSS)

is used to quantify the degree of impairment caused by a stroke. It is helpful in prognostication, particularly in areas such as mortality. The NIHSS looks at neurological deficits, whereas the Barthel index is designed to look at functional ability, and is more helpful for discharge planning.

The

Program of Research to Integrate the Services for the Maintenance of Autonomy 7 (PRISMA-7)

consists of a brief, seven-item yes/no questionnaire designed as a quick frailty screening tool. Therefore it is not the most suitable tool for discharge planning for this post-stroke patient."
345,"A 55-year-old male presented following a collapse. In his initial workup, he is found to have postural hypotension despite being on no anti-hypertensives. He was recently diagnosed with idiopathic Parkinson's disease and was started on Levodopa three months ago, but has noticed no substantial change from using it. He also confides that he has been having problems with impotence and has started using a catheter due to frequent episodes of urinary retention. What is the most likely diagnosis?","[""Multi-system atrophy"", ""Normal progression of idiopathic Parkinson's disease"", ""Normal pressure hydrocephalus"", ""Progressive supranuclear palsy"", ""Corticobasal syndrome""]",Multi-system atrophy,0,
346,"A 28-year-old woman is brought by Emergency ambulance to the hospital. She is accompanied by her husband who tells you that his wife has suffered a progressive flu like illness over the past few days. Over the past 24hrs she has begun to develop short term memory problems, been behaving oddly, and has now developed worsening drowsiness and disorientation. On examination her Glasgow Coma Scale is 13. You confirm confused, rambling speech. She has neck stiffness, fundoscopy is unremarkable.

Investigations


Hb	130 g/l	Na+	134 mmol/l
Platelets	182 * 109/l	K+	4.7 mmol/l
WBC	9.2 * 109/l	Urea	5.9 mmol/l
Neuts	2.8 * 109/l	Creatinine	92 µmol/l
Lymphs	5.8 * 109/l	CRP	61 mg/l
Eosin	0.4 * 109/l		

Which of the following is the most likely underlying diagnosis?","[""Herpes encephalitis"", ""Meningococcal meningitis"", ""Severe influenza"", ""Measles encephalitis"", ""Tuberculous meningitis""]",Herpes encephalitis,0,
347,"A 27-year-old female suffered a crush injury at work where an air vent fell and trapped her arm. This led to fixed focal dystonia resulting in flexion contracture of the right wrist and digits.

On examination, there is evidence of intrinsic hand muscle wasting. The right forearm is supinated, the wrist hyperextended and the fingers flexed with a decrease in sensation along the medial aspect of the hand and arm. A reduction in handgrip strength was noted.

Which nerve roots are affected in this case?","[""C5"", ""C5/C6"", ""C7"", ""C8"", ""C8/T1""]",C8/T1,4,"Klumpke's paralysis: T1 nerve root damage

C8/T1 nerve root damage is seen in Klumpke paralysis, which is a neuropathy of the lower brachial plexus that can occur from a difficult delivery. Typically, the eighth cervical and first thoracic nerves are injured either before or after they have joined to form the lower trunk. This injury can cause stretching (neuropraxia), tearing or scarring (neuroma) of the brachial plexus nerves.

'Claw hand' is the main finding seen in this presentation where the forearm is supinated and the wrist and fingers are flexed. A reduction in sensation is seen along the medial aspect of the distal upper extremity along C8 and T1 dermatomes. Atrophy in the muscles of the forearm or hand may also be visible.

C5-C6 root damage is seen in Erb's palsy which is an injury that affects the upper brachial plexus which usually results in findings along this myotome.

C7 nerve damage can produce tingling, numbness and pain down the arm and into the middle finger. Weakness may be experienced in the back of the upper arm affecting the triceps muscle.

C5 nerve damage can produce tingling, numbness and pain from the neck into the shoulder, down the arm and into the thumb. Weakness may be seen with the shoulder or upper arm.

C8 isolated nerve damage would produce tingling, numbness, and pain down the arm, into the little finger. Handgrip strength may be reduced."
348,"A 27-year-old female presents with lethargy throughout the day where she is able to do her job effectively in the morning but is extremely tired towards the end of the workday. Serum antibody receptor testing leads to a diagnosis of myasthenia gravis. She is prescribed pyridostigmine amongst other agents.

What is the mechanism of the aforementioned drug?","[""Short acting acetylcholinesterase inhibitor"", ""Long acting acetylcholinesterase inhibitor"", ""Muscarinic agonist"", ""Calcineurin inhibitor"", ""Dihydrofolic acid reductase inhibitor""]",Long acting acetylcholinesterase inhibitor,1,"Pyridostigmine is a long-acting acetylcholinesterase inhibitor that reduces the breakdown of acetylcholine in the neuromuscular junction, temporarily improving symptoms of myasthenia gravis

Symptomatic patients with myasthenia gravis (MG) are treated with immunosuppression and pyridostigmine, a long-acting acetylcholinesterase inhibitor.

Immunosuppressive agents for MG include azathioprine (purine analogue), ciclosporin (calcineurin inhibitor), cyclophosphamide (alkylating agent) and methotrexate (dihydrofolate reductase inhibitor).

Muscarinic agonists stimulate cholinergic receptors. Drugs of this class include cevimeline and pilocarpine."
349,A 64-year-old man presents with a eight-month history of generalised weakness. On examination he has fasciculation and weakness in both arms with absent reflexes. Examination of the lower limbs reveal increased tone and exaggerated reflexes. Sensation was normal and there were no cerebellar signs. What is the most likely diagnosis?,"[""Progressive muscular atrophy"", ""Amyotrophic lateral sclerosis"", ""Vitamin B12 deficiency"", ""Syringomyelia"", ""Multiple sclerosis""]",Amyotrophic lateral sclerosis,1,"'Fasciculations' - think motor neuron disease

These symptoms are typical of amyotrophic lateral sclerosis, the most common type of motor neuron disease."
350,A 45-year-old man presents with dizziness and right-sided hearing loss. Which one of the following tests would most likely indicate an acoustic neuroma?,"[""Jerky nystagmus"", ""Left homonymous hemianopia"", ""Tongue deviated to the left"", ""Fasciculation of the tongue"", ""Absent corneal reflex""]",Absent corneal reflex,4,"Loss of corneal reflex - think acoustic neuroma

The correct answer is

absent corneal reflex

. An acoustic neuroma, also known as vestibular schwannoma, is a benign tumour that arises from the vestibular part of the eighth cranial nerve (vestibulocochlear nerve). This nerve has two parts; the cochlear part which is involved in hearing and the vestibular part which is involved in balance. As the tumour grows, it can compress nearby structures including the fifth cranial nerve (trigeminal nerve), which mediates the corneal reflex. Therefore, an absent corneal reflex could be indicative of an acoustic neuroma.

Jerky nystagmus

can occur with vestibular schwannomas but it's not specific to this condition and can occur in many other conditions affecting the central nervous system such as multiple sclerosis or cerebrovascular disease. Additionally, jerky nystagmus would not typically present alone but with other symptoms of vestibular dysfunction like vertigo.

Left homonymous hemianopia

, a loss of half of the field of view on the same side in both eyes, indicates damage to right optic tract or visual cortex rather than an issue with cranial nerves V or VIII. It's more commonly associated with stroke, brain injuries or tumours affecting these areas rather than an acoustic neuroma.

The option

tongue deviated to the left

suggests damage to the hypoglossal nerve (cranial nerve XII), which controls tongue movements. If damaged, the tongue will deviate towards the side of lesion when protruded due to unopposed action of muscles on opposite side. It's not associated with acoustic neuromas.

Finally,

fasciculation of the tongue

refers to involuntary contractions or twitching in tongue muscle fibres. It's a common sign in motor neurone diseases and disorders involving lower motor neurons that supply tongue muscles. This symptom does not indicate an acoustic neuroma."
351,A 5-year-old boy is diagnosed as having absence seizures. What is the chance he will be seizure free by the age of 16-years-old?,"[""5-10%"", ""20-25%"", ""40-45%"", ""65-70%"", ""90-95%""]",90-95%,4,"Absence seizures - good prognosis: 90-95% become seizure free in adolescence

The correct answer is

90-95%

as this represents the proportion of children with childhood absence epilepsy who achieve seizure freedom by adolescence. Childhood absence epilepsy typically begins between ages 4-8 years and has an excellent prognosis with appropriate treatment. The vast majority of patients (90-95%) become seizure-free by their mid-teens, often allowing discontinuation of antiepileptic medications.

5-10%

is incorrect as this is far too pessimistic for the prognosis of childhood absence epilepsy. This figure would be more representative of the small proportion who continue to have seizures into adulthood.

20-25%

is incorrect and represents too poor an outcome. This figure might be more appropriate for other forms of childhood epilepsy that have a less favourable prognosis.

40-45%

is incorrect as it significantly underestimates the good prognosis of childhood absence epilepsy. This figure would be more representative of seizure freedom rates in some other forms of epilepsy.

65-70%

is incorrect though closer to the true figure. While this represents a good outcome, it still underestimates the excellent prognosis of childhood absence epilepsy where the vast majority achieve seizure freedom with appropriate treatment."
352,Which one of the following is least likely to produce a lymphocytosis in the cerebrospinal fluid?,"[""Systemic lupus erythematous"", ""Guillain-Barre syndrome"", ""Viral encephalitis"", ""Partially treated bacterial meningitis"", ""Behcet's syndrome""]",Guillain-Barre syndrome,1,
353,"A 33-year-old woman presents with a one-week history of strange behaviour, confusion and abnormal movements. She initially exhibited anxiety, but her symptoms have progressed to include disorganised speech and intermittent unresponsiveness.

On exam, she is febrile and agitated, with myoclonic jerks of the upper limbs.

MRI of the brain shows no abnormalities and cerebrospinal fluid analysis reveals lymphocytic pleocytosis with elevated protein levels. Further testing identifies antibodies against NMDA receptors.

What type of cancer is most commonly associated with this patient’s condition?","[""Breast cancer"", ""Colorectal adenocarcinoma"", ""Glioblastoma"", ""Ovarian teratoma"", ""Small cell lung cancer (SCLC)""]",Ovarian teratoma,3,"Ovarian teratoma is associated with Anti-NMDA receptor encephalitis

Ovarian teratoma

is strongly associated with anti-NMDA receptor encephalitis, a paraneoplastic autoimmune condition characterised by psychiatric symptoms, seizures, and dyskinesias. This link is due to teratomas often containing neural tissue, which can trigger an autoimmune response against NMDA receptors in the brain. Early recognition of this association is crucial as removal of the teratoma can significantly improve outcomes. Young women, like this patient, are particularly susceptible, and screening for an ovarian teratoma is an essential step in managing anti-NMDA receptor encephalitis.

SCLC

is associated with paraneoplastic syndromes such as Lambert-Eaton myasthenic syndrome and SIADH, but not anti-NMDA receptor encephalitis. SCLC triggers autoimmune responses against other neuronal components, typically affecting the peripheral nervous system or causing endocrine dysregulation. While SCLC can produce a broad range of paraneoplastic syndromes, its pathology does not involve NMDA receptor antibodies, making it an unlikely cause in this case.

Colorectal adenocarcinoma

is not associated with paraneoplastic encephalitis or NMDA receptor antibodies. It is typically linked to systemic symptoms like cachexia or local invasion effects rather than autoimmune neurological syndromes. While colorectal cancer can metastasise to the brain, its mechanism is unrelated to the autoimmune encephalitis seen in anti-NMDA receptor conditions, making it an unlikely diagnosis in this patient.

Breast cancer

is associated with certain paraneoplastic syndromes, such as paraneoplastic cerebellar degeneration mediated by anti-Yo antibodies, but it does not typically lead to anti-NMDA receptor encephalitis. While breast cancer can rarely trigger autoimmune neurological syndromes, the absence of specific neural tissue in the tumour reduces the likelihood of an immune response against NMDA receptors, making it an improbable explanation for this patient’s presentation.

Glioblastoma

, a primary brain tumour, can cause neurological symptoms such as seizures, personality changes, and cognitive decline due to its mass effect and direct invasion of brain tissue. However, these symptoms are not due to autoimmune mechanisms, and glioblastoma is not associated with anti-NMDA receptor antibodies. The patient’s presentation, combined with normal MRI findings and the presence of NMDA receptor antibodies, rules out glioblastoma as the underlying cause."
354,"A 30-year-old woman presents with a 2-day history of difficulty with her vision. She is unable to see things to the sides and feels nauseous and dizziness when trying to look towards the sides. She had an episode of tingling sensation in her left feet 2 months ago. Physical examination show impairment of adduction of both eyes and nystagmus with lateral gaze. An MRI brain is arranged.

Given the current signs, symptoms and probable underlying diagnosis, where would you expect to find lesions on the MRI scan?","[""Paramedian area of midbrain & pons"", ""Ventral midbrain at the level of the superior colliculus"", ""Ventral midbrain at the level of inferior colliculus"", ""Paramedian area of dorsal pons"", ""Caudal pons at level of middle cerebellar peduncles""]",Paramedian area of midbrain & pons,0,"The medial longitudinal fasciculus is located in the paramedian area of the midbrain and pons

This patient has episodic neurological features, physical examination shows bilateral internuclear ophthalmoplegia, and MRI shows demyelination. The diagnosis is multiple sclerosis. Internuclear ophthalmoplegia is the inability to adduct the affected eye. When attempting to do so, it results in nystagmus and diplopia. The medial longitudinal fasciculus is affected, located in the paramedian area of midbrain & pons. It interconnects cranial nerves III, IV & VI and thereby facilitating conjugate eye movements.

The oculomotor nucleus is in ventral midbrain at the level of the superior colliculus. It innervates the inferior oblique, superior rectus, inferior rectus and medial rectus muscles for ocular movement. A lesion here will cause the eye to be pointed 'down and out', due to the unopposed action of lateral rectus and superior oblique. This patient can present with diplopia & inability to accommodate.

The nucleus of the trochlear nerve is in the ventral midbrain at the level of the inferior colliculus. Cranial nerve IV innervates the superior oblique, so any lesion here presents with diplopia, especially on downward gaze. The inability to intort the eye causes a characteristic head tilt towards the unaffected side.

The nucleus of the abducens nerve is in the paramedian area of dorsal pons. It is lateral to the medial longitudinal fasciculus. It innervates the lateral rectus so a lesion here would present with the inability of the affected eye to abduct. It can present with nystagmus and diplopia.

The facial nerve nucleus lies in the caudal pons at the level of the middle cerebellar peduncles. The efferent fibres leave dorsally and encircle the abducens nucleus. Then they exit at the pontomedullary junction to innervate the muscles of the face. Lesion here will cause palsies of the facial muscles."
355,A 31-year-old female with a history of epilepsy consults you following an uneventful pregnancy. Which one of the following drugs would it be safe to continue during breast feeding?,"[""Phenytoin"", ""Carbamazepine"", ""Lamotrigine"", ""Sodium valproate"", ""All of the above""]",All of the above,4,"Breast feeding is acceptable with nearly all anti-epileptic drugs

The correct answer is

All of the above

. According to current UK guidelines and evidence, all of these antiepileptic medications are considered compatible with breastfeeding. The benefits of breastfeeding generally outweigh any theoretical risks from these medications. The amount of drug transferred through breast milk is typically much lower than the foetal exposure during pregnancy, and there is extensive clinical experience with these medications during lactation.

Let's examine each option individually:

Phenytoin

is considered safe during breastfeeding. It has poor transfer into breast milk, with infants receiving only about 1-2% of the maternal dose. No significant adverse effects have been reported in breastfed infants whose mothers were taking phenytoin.

Carbamazepine

passes into breast milk but at low concentrations, typically resulting in infant plasma levels of 15-20% of maternal levels. Long-term follow-up studies have not shown any adverse effects on infant development or growth.

Lamotrigine

does transfer into breast milk at higher levels compared to other antiepileptics, with infant plasma levels potentially reaching 30-45% of maternal levels. However, no serious adverse effects have been reported in breastfed infants, though monitoring for potential sedation or poor feeding is recommended.

Sodium valproate

transfers into breast milk at very low concentrations, with infant exposure typically less than 5% of the maternal dose. No adverse effects have been consistently reported in breastfed infants of mothers taking valproate.

All these medications are classified as compatible with breastfeeding by the British National Formulary (BNF) and the UK Drugs in Lactation Advisory Service (UKDILAS). The mother should be encouraged to continue breastfeeding while maintaining her anticonvulsant therapy, with appropriate monitoring of the infant for normal development and feeding patterns."
356,"A 33-year-old male is admitted with a subacute headache, confusion, and nausea. On closer questioning, you note that this gentleman appears irritable, confused, and is hearing voices. Prior to this, his wife reports he has had a recent viral upper respiratory tract infection. He is otherwise fit and well and takes no regular medications.

On examination, you note that he is neglecting to use his right arm. He is otherwise, neurologically intact. A subsequent CT head reveals no space occupying lesion, infarct or bleed. Later, an MRI is performed which reveals bilateral asymmetric and poorly marginated hyperintense T2-weighted and FLAIR lesions within the subcortical white matter. A lumbar puncture reveals no oligoclonal bands in the CSF.

What is the likely underlying diagnosis?","[""Alzheimer's disease"", ""Multiple sclerosis"", ""Meningitis"", ""Herpes simplex encephalitis"", ""Acute disseminated encephalomyelitis""]",Acute disseminated encephalomyelitis,4,
357,"A 24-year-old female presents to her general practitioner with three days of tingling in her left arm and double vision. She had been feeling fatigued for the six months prior to this clinic visit. There no significant past medical history and she is on no medications. She smokes five cigarettes per day and drinks approximately one bottle of wine per week and works as a journalist.

Neurological examination revealed reduced sensation in her left upper limb. Upon testing her eye movements, it was noted that on left lateral gaze, her right eye failed to adduct and her left eye demonstrated nystagmus.

Given the likely diagnosis, where is the anatomical location of the lesion causing the eye signs on examination?","[""Mamillary bodies"", ""Medial longitudinal fasciculus"", ""Neuromuscular junction"", ""Optic nerve"", ""Optic tract""]",Medial longitudinal fasciculus,1,"Internuclear ophthalmoplegia is due to a lesion in the medial longitudinal fasciculus

Medial longitudinal fasciculus is the correct answer. This myelinated structure is located in the brainstem and is responsible for conjugate eye movements. This patient presents with tingling and double visual and examination findings suggestive of internuclear ophthalmoplegia (INO). This is consistent with a diagnosis of multiple sclerosis. INO is a disorder of conjugate lateral gaze. When an attempt is made to look contralaterally from the affected side, the affected eye fails to adduct and the contralateral eye demonstrates nystagmus. The side of medial longitudinal fasciculus that is affected is that of the eye that fails to adduct.

Mamillary bodies is not the right answer. The ophthalmoplegia associated with Wernicke's encephalopathy can sometimes mimic internuclear ophthalmoplegia. However, there is no history of alcohol excess and the description is classic for internuclear ophthalmoplegia, typically associated with multiple sclerosis.

Neuromuscular junction is incorrect. Ocular myasthenia can sometimes mimic an INO but this is not the likely diagnosis based on the history.

Optic nerve is incorrect. A lesion of the optic nerve would cause monocular visual loss.

Optic tract is incorrect. A lesion of the optic tract would cause homonymous hemianopia."
358,A 43-year-old woman with multiple sclerosis presents for review. She is having increasing problems with painful involuntary contractions of the leg muscles. What is the most appropriate first-line therapy?,"[""Referral for relaxation therapy"", ""Baclofen"", ""Diazepam"", ""Dantrolene"", ""Natalizumab""]",Baclofen,1,"Baclofen and gabapentin are first-line for spasticity in multiple sclerosis

The correct answer is

Baclofen

. Baclofen is a GABA-B receptor agonist which acts as a muscle relaxant. It is considered first-line therapy for spasticity in multiple sclerosis according to the National Institute for Health and Care Excellence (NICE) guidelines. It works by inhibiting reflexes at the spinal level, thus reducing muscle tone and frequency of spasms.

Discussing the other options,

Referral for relaxation therapy

can be beneficial in managing symptoms of multiple sclerosis, including muscle spasms. However, it's not considered as a first-line treatment for painful involuntary contractions of leg muscles. It may be used in conjunction with pharmacological treatments but should not replace them.

Diazepam

is a benzodiazepine that can be used to manage severe or disabling muscle spasticity when other treatments are ineffective. However, due to its potential side effects such as sedation and risk of dependency, it's not usually the first choice of treatment.

Dantrolene

acts peripherally to interfere with muscle contraction mechanism by inhibiting calcium release from the sarcoplasmic reticulum in skeletal muscles. While it can be used in the management of spasticity, it's generally reserved for severe cases where other treatments have failed due to its potential hepatotoxicity.

Finally,

Natalizumab

is a monoclonal antibody used in the treatment of relapsing-remitting multiple sclerosis. It works by preventing potentially damaging immune cells from migrating from the bloodstream into the brain and spinal cord. While effective in managing overall disease progression, it does not directly treat muscle spasticity and hence would not be appropriate as a first-line therapy for this specific symptom."
359,"A 36-year-old man presents to the emergency department with a severe left-sided headache with pain around the left eye. He has had several similar episodes over the last 2 weeks, lasting 40-60 minutes each. The headaches are associated with a runny nose. On examination, there is redness and tearing of his left eye.

What is the most appropriate acute management?","[""Acetazolamide"", ""High flow oxygen"", ""Paracetamol and naproxen"", ""Urgent CT head"", ""Verapamil""]",High flow oxygen,1,"Cluster headache - acute treatment: subcutaneous sumatriptan + 100% O2

This patient presents with a cluster headache. Cluster headaches are so named as clusters of headaches occur frequently over a period of weeks followed by pain free periods of months to years.

The clinical features include unilateral headaches almost always affecting the same side, tearing and redness of the affected eye, rhinorrhoea and miosis +/- ptosis.

The pathophysiology of cluster headaches is unclear. They occur more common in men (5:1) and smokers.

Abortive management of cluster headaches involves the use of 100% oxygen at at least 12 litres per minute via a non-rebreathable mask and/or a subcutaneous or nasal triptan.

First line long-term preventative management of cluster headaches is verapamil.

It is not recommended to offer paracetamol, NSAIDS, opioids, ergots or oral triptans for the acute treatment of a cluster headache.

(Source: NICE headache guidelines)

http://www.nice.org.uk/guidance/cg150/chapter/1-recommendation"
360,"A 28-year-old woman with epilepsy attends the neurology clinic for a routine follow-up. She has been seizure-free for 3 years on lamotrigine 200mg twice daily. She has recently given birth to a healthy baby boy and is currently breastfeeding. She is concerned about whether she should continue her medication while breastfeeding.

What is the most appropriate advice regarding her epilepsy medication?","[""Continue lamotrigine and breastfeeding"", ""Switch to levetiracetam and continue breastfeeding"", ""Continue lamotrigine but avoid breastfeeding"", ""Temporarily discontinue antiepileptic medication while breastfeeding"", ""Reduce lamotrigine dose by 50% while breastfeeding""]",Continue lamotrigine and breastfeeding,0,"Breast feeding is acceptable with nearly all anti-epileptic drugs

Continue lamotrigine and breastfeeding

is the most appropriate management for this patient. The patient has been well-controlled on lamotrigine for three years with no seizures, indicating excellent efficacy of the current regimen. Lamotrigine is considered compatible with breastfeeding according to UK guidelines. While lamotrigine does transfer into breast milk, the amount is generally low with most studies showing infant serum levels at 25-30% of maternal levels. The benefits of breastfeeding typically outweigh the minimal risks of medication exposure through breast milk. Additionally, changing a medication regimen that has been effective for seizure control introduces unnecessary risk of breakthrough seizures, which could be dangerous for both mother and infant. The MHRA and NICE guidelines support continuing effective anti-epileptic medication during breastfeeding, with lamotrigine being one of the preferred options due to its relatively favourable safety profile.

Switch to levetiracetam and continue breastfeeding

is not appropriate in this scenario. While levetiracetam is also considered compatible with breastfeeding and has a good safety profile, there is no clinical indication to switch medications when the patient has been seizure-free for three years on lamotrigine. Changing anti-epileptic drugs unnecessarily risks breakthrough seizures during the transition period. Any medication change should be driven by clinical necessity such as side effects, poor seizure control, or specific contraindications, none of which are present in this case.

Continue lamotrigine but avoid breastfeeding

is inappropriate advice. This option unnecessarily deprives the infant of the well-established benefits of breastfeeding. Current evidence does not support discontinuing breastfeeding for women taking lamotrigine. The NICE guidelines for epilepsy management specifically state that women should be encouraged to breastfeed, irrespective of their anti-epileptic drug therapy. The small amount of lamotrigine that passes into breast milk is unlikely to cause adverse effects in the infant, and the benefits of breastfeeding outweigh these theoretical risks.

Temporarily discontinue antiepileptic medication while breastfeeding

would be dangerous advice. Stopping anti-epileptic medication abruptly significantly increases the risk of seizure recurrence, which could pose serious risks to both mother and infant. For a woman who has been seizure-free for three years, maintaining seizure control should be a priority. Sudden withdrawal of lamotrigine can also lead to withdrawal symptoms. The risks of uncontrolled epilepsy far outweigh any theoretical risks of medication exposure through breast milk.

Reduce lamotrigine dose by 50% while breastfeeding

is not appropriate and could compromise seizure control. There is no evidence-based recommendation to routinely reduce lamotrigine dosage during breastfeeding. Reducing the dose could lead to sub-therapeutic levels and breakthrough seizures. Physiological changes postpartum actually tend to increase lamotrigine clearance, so dose reductions could further exacerbate this effect. If there were concerns about the infant's exposure, monitoring for drowsiness or poor feeding would be more appropriate than arbitrary dose reduction. The current dose has provided excellent seizure control, and maintaining this stability is important for maternal and infant safety."
361,"An 81-year-old man has been brought to the emergency department with worsening confusion. His partner explains that he fell downstairs 2 weeks ago, but that he felt well afterwards and refused to come into hospital for assessment. Since then, he has intermittently become drowsy and confused.

Upon assessment, his GCS is 10 with no obvious lateralising neurology. A delirium screen is performed consisting of a panel of blood tests, a chest X-ray and a urine culture, all of which are unremarkable. A CT head scan is arranged.

What radiological feature is most likely to be seen?","[""Hyperdense biconcave collection"", ""Hyperdense lateral ventricle"", ""Hyperdensity within the brain parenchyma"", ""Isodense crescent-shaped collection"", ""Right-sided encephalomalacia""]",Isodense crescent-shaped collection,3,"Fluctuating consciousness = subdural haemorrhage

A subdural haemorrhage is characterised by venous bleeding into the subdural space, situated between the dura mater and the arachnoid mater. This type of haemorrhage typically presents as a gradual bleed and is more commonly observed in older patients following trauma. As depicted in the clinical vignette, patients with a subdural haemorrhage may initially be asymptomatic after sustaining a head injury; however, as the bleeding progresses, symptoms such as fluctuating confusion and altered levels of consciousness may develop. On computed tomography (CT), a subacute subdural haemorrhage is visualised as an

isodense crescent-shaped collection

. It is important to note that the radiographic density of a subdural haemorrhage varies depending on its stage: it appears hyperdense during the acute phase, isodense when subacute, and hypodense during chronic stages.

An extradural haemorrhage originates from arterial bleeding and typically presents with more acute symptoms due to the rapid accumulation of blood. On imaging studies, it is seen as a

biconvex or lens-shaped hyperdense collection on CT scan.

.

Bleeding into the lateral ventricles would appear on imaging as

a hyperdense lateral ventricle

, indicative of an intraventricular haemorrhage.

The observation of

hyperdensity within the brain parenchyma

on imaging suggests an intraparenchymal bleed.

Right-sided encephalomalacia

denotes softening (manifested as hypodensity) of brain tissue secondary to liquefactive necrosis following an ischaemic stroke. This change corresponds to the area supplied by the occluded vessel."
362,Which one of the following is most associated with a good prognosis in Guillain-Barre syndrome?,"[""Age > 40 years"", ""Female sex"", ""No history of a diarrhoeal illness"", ""High anti-GM1 antibody titre"", ""Low peak expiratory flow rate""]",No history of a diarrhoeal illness,2,
363,"A 23-year-old woman attends a follow-up neurology appointment for focal seizures. Six months previously she was started on levetiracetam which has been titrated to the maximum dose. Despite this, seizures are uncontrolled and she opts to try an alternative medication. She has plans to start a family in the next few years but currently uses barrier contraception. She is otherwise fit and well.

What is the most appropriate alternative medication?","[""Carbamazepine"", ""Ethosuximide"", ""Lamotrigine"", ""Oxcarbazepine"", ""Sodium valproate""]",Lamotrigine,2,"Focal seizures not responding to first-line drug - try lamotrigine or levetiracetam (i.e. the first-line drug not already tried) and if neither help then carbamazepine

NICE guidelines state that lamotrigine or levetiracetam are considered first-line monotherapy for focal seizures. If one of these is ineffective, the other should be considered. Only after considering both of these medications should second-line treatments be used. Therefore,

lamotrigine

should be used in this case. Lamotrigine and levetiracetam are considered the safest anti-epileptics in pregnancy.

Carbamazepine

is a second-line option for focal seizures. Therefore, it should not yet be used. It is also important to note that carbamazepine is associated with a dose-dependent increased risk of congenital malformations and therefore this would be a reason to avoid this medication at this point if possible due to the patient's plans to start a family.

Ethosuximide

is not indicated for focal seizures either as monotherapy or add-on treatment. It is the first-line option for absence seizures for both men and women.

Oxcarbazepine

is an alternative second-line option for focal seizures. It is therefore not appropriate to try this at this stage. Data suggests lamotrigine also has a lower risk of major congenital malformations.

Sodium valproate

is only indicated as an add-on for focal seizures. It is not recommended for women and girls able to have children due to the significant risk of major congenital malformations."
364,"A 41-year-old female presented to the neurology clinic with a 3-month history of urinary frequency and incontinence. She has a background medical history of multiple sclerosis, hypertension and hypercholesterolaemia.

What is the next step in her management?","[""Doxazosin"", ""Intermittent self-catheterisation"", ""Kidneys, ureters, and urinary bladder (KUB) ultrasound"", ""Oxybutynin"", ""Pelvic floor muscle exercises""]","Kidneys, ureters, and urinary bladder (KUB) ultrasound",2,"Multiple sclerosis patient with bladder dysfunction - get an ultrasound first to assess bladder emptying

Kidneys, ureters, and urinary bladder (KUB) ultrasound is the correct answer. This patient has a neurogenic bladder secondary to multiple sclerosis. She requires a KUB ultrasound to establish if she has a significant post-voiding residual volume as this will influence her treatment options. NICE guidelines for 'urinary incontinence in neurological disease' recommend the use of bladder ultrasound during initial clinical assessment.

Doxazosin is an incorrect answer. Alpha-blockers, such as doxazosin, are typically used in the management of voiding dysfunction secondary to benign prostatic hyperplasia. They can be used as an adjunct therapy and infrequently as a monotherapy for the treatment of neurogenic bladder in multiple sclerosis. They are not considered a first-line treatment and a KUB ultrasound is certainly indicated before their introduction to establish if there is a significant post-voiding residual volume.

Intermittent self-catheterisation is an incorrect answer. If this patient has a significant post-voiding residual volume then intermittent self-catheterisation will be of benefit. However, a KUB ultrasound is required first to establish the presence of a post-voiding residual volume. There is little benefit from intermittent self-catheterisation if there is no volume of urine to drain.

Oxybutynin is an incorrect answer. Anticholinergics may worsen symptoms in some patients. A KUB ultrasound should be performed before their introduction. If there is no significant post-voiding residual volume then anticholinergics may improve urinary frequency. However, if there is a significant post-voiding residual volume then anticholinergics may lead to urinary retention.

Pelvic floor muscle exercises are an incorrect answer. Pelvic floor muscle exercises may be useful as an adjunct to other treatments in the management of a neurogenic bladder secondary to multiple sclerosis. However, the first step in this patient's management is further investigation with a KUB ultrasound to help identify the mechanism underlying the bladder dysfunction."
365,"A 50-year-old gentleman presents to clinic with a 20-year history of bilateral upper limb tremor. He has no past medical history. On examination, he has a bilateral symmetrical upper limb postural tremor with no rest or intention tremor. His father had a similar tremor. He has noticed improvement with alcohol. It has become more severe in the past 2 years and he would like treatment. What is the best first line therapy?","[""L-DOPA"", ""Deep brain stimulation"", ""Primidone"", ""Propranolol"", ""Botulinum toxin""]",Propranolol,3,
366,A 40-year-old man presents with a 4-day history of vertigo. This seems to have followed a viral upper respiratory tract infection in the past week. He is generally fit and well. His symptoms are associated with some nausea but there is no hearing loss or tinnitus. On examination fine horizontal nystagmus is noted. What is the most likely diagnosis?,"[""Vestibular neuronitis"", ""Viral labyrinthitis"", ""Transient ischaemic attack"", ""Acoustic neuroma"", ""Meniere's disease""]",Vestibular neuronitis,0,
367,"A 40-year-old presents with generalised weakness and visual issues. She reports first noticing some blurring and double vision 4 days ago. A day later she then developed difficulty getting up from a chair and lifting her arms up which seems to have spread now to her hands and feet. She reports returning from a hiking tour in Central America 2 weeks ago where she was treated with antibiotics for an infection.

On exam, she has proximal muscle weakness and an ataxic gait. Her sensation is normal throughout but reflexes are diminished. Eye weakness with diplopia is also noted.

Given the patient's likely diagnosis, what is the most likely causative pathogen?","[""Borrelia burgdorferi"", ""Campylobacter jejuni"", ""Cytomegalovirus"", ""Epstein-Barr virus"", ""Trypanosoma cruzi""]",Campylobacter jejuni,1,"Guillain-Barre syndrome is classically triggered by

This patient has presented with the typical finds of Miller-Fisher syndrome, a variant of Guillain-Barre syndrome. The condition is classically associated with ophthalmoplegia, which normally develops first, a descending paralysis with areflexia and ataxia. As with Guillain-Barre syndrome, Miller-Fisher syndrome is often triggered by an infection, the commonest being

Campylobacter jejuni

which accounts for approximately 30% of cases.

Campylobacter jejuni

is common throughout the developing world including central America where food hygiene may be reduced and therefore contamination risk higher.

Borrelia burgdorferi

is the causative infective agent in Lyme disease. It is transmitted by tick bites therefore there is normally a history of exposure with the patient recently spend time somewhere ticks are present i.e. a woodland area. Lyme disease can present with a variety of symptoms but typically is associated with an erythema migrans rash, muscle and joint pain before progressing to arrhythmias, etc. A descending weakness is not commonly seen in Lyme disease.

Cytomegalovirus (CMV) is a recognised infective agent triggering Guillain-Barre syndrome and its variants however it is far less commonly associated with the condition than

Campylobacter jejuni

. CMV has also been associated with triggering other auto-immune conditions including myocarditis and possibly type 1 diabetes.

Although rare, Epstein-Barr virus (EBV), has been associated with Guillain-Barre syndrome and its variants however far less so than

Campylobacter jejuni

. EBV has been associated with other conditions including multiple sclerosis and rheumatoid arthritis.

Trypanosoma cruzi

is the causative infective agent of Chagas disease, also known as American trypanosomiasis, spread by insects known as Triatominae that are present throughout Central and South America. The condition normal comprises an acute stage, which develops a few weeks after the insect bite and includes mild symptoms of fever and malaise followed by a chronic stage which develops over many years and consists of chronic fatigue, enlargement of the liver, spleen, and lymph nodes. If untreated patients can eventually progress to developing cardiac issues such as arrhythmias and cardiomyopathies. Chaga's disease is not associated with neuropathies or eye issues as seen in this patient."
368,An obese 24-year-old female presents with headaches and blurred vision. Examination reveals bilateral blurring of the optic discs but is otherwise unremarkable with no other neurological signs. Blood pressure is 130/74 and she is apyrexial. What is the most likely underlying diagnosis?,"[""Multiple sclerosis"", ""Meningococcal meningitis"", ""Brain abscess"", ""Normal pressure hydrocephalus"", ""Idiopathic intracranial hypertension""]",Idiopathic intracranial hypertension,4,"Obese, young female with headaches / blurred vision think idiopathic intracranial hypertension

The correct answer is

Idiopathic intracranial hypertension

(IIH). This condition, previously known as benign intracranial hypertension or pseudotumour cerebri, typically affects young, obese females. The presentation of headaches and bilateral papilloedema (blurred optic discs) without focal neurological signs, normal blood pressure, and absence of fever in an obese young woman is classical for IIH. The condition is characterised by raised intracranial pressure without any structural cause, and the diagnosis is one of exclusion.

Multiple sclerosis

would be unlikely as the sole presenting feature would not typically be bilateral papilloedema. MS usually presents with various neurological symptoms including optic neuritis (which typically affects one eye), sensory disturbances, motor symptoms, or balance problems. The absence of other neurological signs makes this diagnosis less likely.

Meningococcal meningitis

caused by

Neisseria meningitidis

is incorrect as the patient is apyrexial and lacks the classical features of meningitis such as neck stiffness, photophobia, and fever. Meningitis typically presents as an acute illness with rapid deterioration, not just headaches and papilloedema.

Brain abscess

is unlikely as the patient lacks fever or systemic symptoms of infection. Brain abscesses typically present with focal neurological signs, seizures, or altered mental status, depending on their location. They are often accompanied by systemic features of infection and risk factors such as immunosuppression or direct spread from nearby infections.

Normal pressure hydrocephalus

is incorrect as this condition typically affects elderly patients and presents with the classic triad of gait disturbance, urinary incontinence, and cognitive decline. The age of the patient and the absence of these characteristic symptoms make this diagnosis highly unlikely."
369,A 23-year-old man presents with a 4 day history of an itchy and sore right ear. He has recently returned from holiday in Spain. On examination the right ear canal is inflamed but no debris is seen. The tympanic membrane is clearly visible and is unremarkable. What is the most appropriate management?,"[""Topical corticosteroid + aminoglycoside"", ""Topical corticosteroid"", ""Refer to ENT"", ""Topical corticosteroid + clotrimazole"", ""Oral flucloxacillin""]",Topical corticosteroid + aminoglycoside,0,
370,A 66-year-old woman is investigated for ascites and found to have ovarian cancer. She presents due to 'unsteadiness'. On examination there is evidence of nystagmus and past-pointing. Which one of the following antibodies is most likely to be present?,"[""Anti-Hu"", ""Anti-Yo"", ""Anti-Ri"", ""Anti-Ro"", ""Anti-La""]",Anti-Yo,1,
371,"A 54-year-old woman is admitted to the oncology ward for her second cycle of chemotherapy. She reports severe nausea and vomiting after her previous cycle, despite using metoclopramide. Her ECG prior to this admission was normal. The consultant prescribes an additional antiemetic targeting the chemoreceptor trigger zone in the medulla oblongata, with a known risk of QT interval prolongation. Which class best describes this medication?","[""5-HT3 receptor antagonist"", ""Dopamine D2 antagonist"", ""NK1 receptor antagonist"", ""H1 histamine antagonist"", ""Muscarinic antagonist""]",5-HT3 receptor antagonist,0,"Ondansetron is a 5-HT 3 serotonin antagonist

5-HT3 receptor antagonist

is correct because ondansetron is a well-known example of this class, which acts by blocking serotonin (5-HT3) receptors in both the gastrointestinal tract and centrally in the chemoreceptor trigger zone of the medulla oblongata. This mechanism is particularly effective for chemotherapy-induced nausea and vomiting, which often involves serotonin release from enterochromaffin cells. Ondansetron’s adverse effect profile includes QT interval prolongation and constipation, both relevant for hospitalised patients receiving cytotoxic drugs.

Dopamine D2 antagonist

refers to agents such as metoclopramide or prochlorperazine. These are also used as antiemetics but act mainly via dopamine blockade in the chemoreceptor trigger zone. However, they do not primarily target 5-HT3 receptors nor are they most associated with QT prolongation compared to 5-HT3 antagonists; extrapyramidal side effects are more typical.

NK1 receptor antagonist

drugs like aprepitant target substance P/neurokinin 1 receptors and are used for highly emetogenic chemotherapy regimens. While effective antiemetics, their main adverse effects do not include significant QT prolongation, distinguishing them from ondansetron-like agents.

H1 histamine antagonist

antiemetics (e.g., cyclizine) act on histaminergic pathways and are mostly used for motion sickness or vestibular causes of nausea rather than chemotherapy-induced emesis. They have anticholinergic side effects but are not notable for causing QT prolongation or acting at the chemoreceptor trigger zone in this context.

Muscarinic antagonist

agents such as hyoscine target muscarinic acetylcholine receptors and are useful in motion sickness but not first-line for chemotherapy-related nausea or vomiting. Their side effect profile includes dry mouth and blurred vision rather than cardiac conduction issues."
372,"A 55-year-old man presents to his GP with visual disturbance.

On examination, the patient is noted to have visual field abnormalities; he is unable to perceive stimuli in the superior temporal field of his left eye and the superior nasal field of his right eye.

The GP requests an MRI urgently.

Where is a lesion most likely to be found?","[""Left parietal lobe"", ""Left temporal lobe"", ""Optic chiasm"", ""Right parietal lobe"", ""Right temporal lobe""]",Right temporal lobe,4,"Superior homonymous quadrantanopias are caused by lesions of the inferior optic radiations in the temporal lobe

Right temporal lobe

is correct. A lesion here would produce a left-sided homonymous superior quadrantanopia as described in the question stem.

Left parietal lobe

is incorrect. This would produce a right-sided homonymous inferior quadrantanopia.

Left temporal lobe

is incorrect. A lesion here would cause right-sided homonymous superior quadrantanopia.

Optic chiasm

is incorrect. This would cause bitemporal hemianopia.

Right parietal lobe

is incorrect. A lesion here would result in a left-sided homonymous inferior quadrantanopia."
373,"A 65-year-old man presents with several months of progressive weight loss, increased difficulty breathing and generalised fatigue. He is a cigarette smoker with a 50-pack/year history. Over the past few months, he has also noticed increasing difficulty climbing stairs, although this improves as he continues to climb. Additionally, he mentions a dry mouth, as well as impotence.

On examination, he appears cachectic. He has pelvic girdle weakness that improves with a short period of exercise. He is hyporeflexive; again, these improve with exercise.

Which antibodies are most associated with this condition?","[""Anti-AChR antibodies"", ""Anti-Jo-1 antibodies"", ""Anti-Mi-2 antibodies"", ""Anti-MuSK antibodies"", ""Anti-VGCC antibodies""]",Anti-VGCC antibodies,4,"Lambert-Eaton syndrome - antibodies against the voltage-gated Ca2+ channels

The history and examination here is highly suggestive of Lambert-Eaton myasthenic syndrome (LEMS), an autoimmune disorder of the neuromuscular junction. It is commonly found as a paraneoplastic disorder - in this case, a likely small lung cancer, given this patient's smoking history and current symptoms. LEMS presents with gradual weakness, usually affecting the lower limbs first, and associated symptoms such as dry and impotence. Symptoms typically improve with repeated use (unlike myasthenia gravis). Antibodies against the voltage-gated calcium channels -

anti-VGCC antibodies

- are responsible for this condition.

Antibodies targeting the acetylcholine receptor -

anti-AChR antibodies

- are typically found in myasthenia gravis (MG). Although presenting similarly, patients with MG would usually have some sort of ocular involvement, and would become fatigued with repeated stimulation, rather than demonstrating an improvement.

Anti-Jo-1 antibodies

are associated with polymyositis. This would present with muscle pains and weakness, rather than just the weakness seen here.

Anti-Mi-2 antibodies

are linked to dermatomyositis. Similarly to polymyositis, this would present with muscle pains and weakness, but also a typical rash.

Anti-MuSK antibodies

are also found in MG, although less commonly so than Anti-AChR antibodies. The scenario above is more suggestive of LEMS."
374,Which one of the following statements regarding the stopping of anti-epileptic drugs (AED) is most correct?,"[""Can be considered if seizure free for > 5 years, with AEDs being stopped over 2-3 months"", ""Can be considered if seizure free for > 2 years, with AEDs being stopped over 2-3 months"", ""Can be considered if seizure free for > 1 year, with AEDs being stopped over 2-3 months"", ""Can be considered if seizure free for > 5 years, with AEDs being stopped over 8-12 months"", ""Can be considered if seizure free for > 1 year, with AEDs being stopped over 8-12 months""]","Can be considered if seizure free for > 2 years, with AEDs being stopped over 2-3 months",1,
375,"A 36-year-old man presents to the emergency department complaining of unsteadiness. He mentions having similar symptoms several years ago but they resolved without him seeking medical attention.

On examination, he exhibits an ataxic gait. The upper limbs show no abnormalities; however, there is bilateral hypertonia in the lower limbs, and muscle strength is diminished in all movements, with the flexors predominantly affected. Additionally, hyperreflexia and clonus are present bilaterally, but sensation remains intact.

What is the most likely diagnosis?","[""Friedrich's ataxia"", ""Multiple sclerosis"", ""Syringomyelia"", ""Tabes dorsalis"", ""Transverse myelitis""]",Multiple sclerosis,1,"Multiple sclerosis is a cause of spastic paraparesis

The patient has presented with spastic paraparesis, characterised by hypertonia, hyperreflexia, clonus and a pyramidal pattern of weakness (with flexors affected more than extensors in the lower limbs). The history of similar neurological symptoms resolving without intervention points to the relapsing-remitting pattern often seen in multiple sclerosis. While all of the listed conditions could cause spastic paraparesis, the absence of sensory symptoms, the specific distribution of signs and the relapsing-remitting pattern make

multiple sclerosis

the most likely diagnosis. Multiple sclerosis can manifest with a diverse range of neurological symptoms, and not all patients will present as described here. Nevertheless, the alternative diagnoses are less probable for this clinical picture for the reasons delineated below.

Friedrich's ataxia

is a hereditary disorder that usually emerges during adolescence and progressively deteriorates over time. Given that our patient is 36 years old, this would be an unusually late onset for Friedrich's ataxia. Although spastic paraparesis and ataxia are typical in Friedrich's ataxia, one would also expect to find impaired vibration sense and proprioception, which are not observed in this patient.

Syringomyelia

involves compression of the spinal cord due to a fluid-filled cavity known as a syrinx, resulting in neurological deficits. Syringomyelia may lead to spastic paraparesis but more commonly causes flaccid paralysis predominantly affecting the upper limbs—contrary to what is noted in our case. Additionally, this condition is often associated with a 'cape-like' distribution of loss of pain and temperature sensation which is not present here.

Tabes dorsalis

, a manifestation of tertiary syphilis, entails infiltration of the spinal cord by the infection. It typically results in diminished proprioception and vibration sense. As our patient has preserved sensation, tabes dorsalis is highly unlikely.

Transverse myelitis

refers to inflammation across an entire cross-section of the spinal cord. It can have various aetiologies including HIV infection and multiple sclerosis itself. Transverse myelitis typically presents with both spastic paraparesis and complete sensory loss below the affected level within the spinal cord; however, such sensory impairment is notably absent in our patient's presentation. Although transverse myelitis can present with a varying degree of sensory loss, the lack of sensory involvement makes it a less likely option."
376,Which one of the following factors indicates a poor prognosis in patients with multiple sclerosis?,"[""Relapsing-remitting disease"", ""Presence of sensory symptoms"", ""Young age of onset"", ""Male sex"", ""Long interval between first two relapses""]",Male sex,3,
377,"A 65-year-old male is admitted with a left sided facial droop. He states that her noticed it when he woke up this morning. He has no past medical history and takes no regular medicines. On examination he has a left sided facial droop which spares the forehead muscles.

Blood tests are as follows:


Hb	145 g/l	Na+	136 mmol/l
Platelets	489 * 109/l	K+	3.9 mmol/l
WBC	9.2 * 109/l	Urea	6.2 mmol/l
Neuts	6.4 * 109/l	Creatinine	42 µmol/l
Lymphs	2.2 * 109/l	CRP	10 mg/l
Glucose	11.5 mmol/l		

What is the most likely cause?","[""Bell's palsy"", ""Acoustic neuroma"", ""Stroke"", ""Sarcoidosis"", ""Diabetes mellitus""]",Stroke,2,"A facial palsy caused by an upper motor neuron lesion 'spares' the upper face i.e. forehead

When assessing facial nerve palsy, it is extremely important to establish if it is an upper motor neurone weakness or lower motor neurone weakness.  The region of the facial nerve nuclei responsible for forehead muscles is innervated bilateral from the upper motor neurones of the corticobulbar tracts.  Therefore lesions of the upper motor neurones will spare the forehead (as the facial nerve nuclei will still receive input from the contralateral tracts).  In contrast, lesions of the the lower motor neurones will affect all the facial nerve muscles.

This patient has sparing of the forehead muscles making stroke the only plausible explanation.  All the other options cause a lower motor neurone pattern of weakness.

The blood results suggest a diagnosis of diabetes.  Indeed, diabetes can cause mononeuritis multiplex, however this would be expected to cause a lower motor neurone facial nerve weakness.  Diabetes mellitus itself is a strong risk factor for stroke."
378,"A 45-old-year homeless man is brought to the emergency department as he is found intoxicated on the street. There is no sign of injury and basic investigations are all normal. On sobering up the patient reports he has been suffering from progressive weakness mainly in the lower limbs with tingling and numbness in his hands. He also reports issues with his memory and vision.

On examination, there is generalised weakness and reduced proprioception and vibration sensation in the distal limbs, worse in the hands than the feet. Romberg's test is negative but Babinski is positive. There are brisk knee reflexes and ankle jerks are absent.

Given the patient's most likely diagnosis, which spinal pathways are affected?","[""Dorsal column & anterior spinothalamic tract"", ""Dorsal column & lateral corticospinal tracts"", ""Dorsal column & anterior spinocerebellar tract"", ""Anterior corticospinal tract & lateral spinothalamic tract"", ""Reticulospinal tract & vestibulospinal tract""]",Dorsal column & lateral corticospinal tracts,1,"In subacute combined degeneration of the spinal cord, the dorsal columns and lateral corticospinal tracts are affected

This patient has a typical presentation of subacute combined degeneration of the spinal cord (SACD) secondary to vitamin B12 deficiency. In SACD there is a patchy loss of the myeline primary affecting the ascending dorsal columns, involved in proprioception and vibrational sensation, and the descending lateral corticospinal tracts, affecting voluntary motor. As in this patient, SACD typically presents with progressive weakness, tingling and numbness as well as upper motor neuron signs of the lower limbs. Vision changes and cognitive decline may also be present.

Although the dorsal column is affected in SACD, the ascending anterior spinothalamic tract, which carries crude touch and pressure information, is rarely involved. This patient has signs of muscle weakness due to lateral corticospinal tract involvement which is a hallmark of SACD.

Again, although the dorsal column is involved, the anterior spinocerebellar tract is not affected in SACD. The anterior spinocerebellar tract carries unconscious proprioceptive and cutaneous information from the lower aspect of the body which is not typically affected in SACD.

It is the lateral corticospinal tract and not the anterior tract involved in SACD leading to motor dysfunction. The lateral spinothalamic tract, which carried pain and temperature information, is not commonly involved in SACD and so these sensational modalities are unaffected.

The reticulospinal tract is primarily involved in locomotion and postural control whereas the vestibulospinal tract carries information from the vestibulocochlear nerve regarding changes in the head orientation. Both tracts are not commonly affected in SACD."
379,A 29-year-old man presents complaining of visual disturbance. Examination reveals a right superior homonymous quadrantanopia. Where is the lesion most likely to be?,"[""Optic chiasm"", ""Left temporal lobe"", ""Right temporal lobe"", ""Left optic nerve"", ""Left parietal lobe""]",Left temporal lobe,1,"Visual field defects:

The correct answer is the

Left temporal lobe

. A superior homonymous quadrantanopia (also known as 'pie in the sky') refers to a visual field deficit where there is loss of vision in the upper quadrant of both eyes, on the same side. This type of visual field defect is most often due to a lesion in the contralateral (opposite side) temporal lobe, specifically in Meyer's loop of the optic radiation. In this case, because it is a right superior homonymous quadrantanopia, it indicates a lesion in the left temporal lobe.

Let's now discuss why each of the other options are incorrect:

A lesion at the level of the

Optic chiasm

would typically cause bitemporal hemianopia. This involves loss of vision in both temporal fields, which gives a 'tunnel vision' effect. It's commonly associated with pituitary tumours that compress on the optic chiasm.

A lesion in the

Right temporal lobe

, would cause a left superior homonymous quadrantanopia (due to decussation or crossing over of nerve fibres), not right as presented by this patient.

A lesion affecting the

Left optic nerve

would cause monocular blindness - complete loss of vision in one eye only (in this case, it would be the left eye). This is different from homonymous hemianopsia which affects corresponding halves or quadrants of visual fields in both eyes.

Finally, lesions involving the

Left parietal lobe

, specifically its lower part or inferior bank of the calcarine fissure where upper visual field fibres terminate would result in an inferior quadrantanopia (loss of lower visual field) rather than superior. Furthermore, parietal lobe lesions often produce more complex symptoms such as spatial disorientation and neglect syndromes due to its role in processing sensory information and spatial awareness."
380,"A 45-year-old woman who had chemotherapy 15 days ago for locally advanced breast cancer presents to the emergency department with weakness of both legs which has come on over the previous 12 hours. She has been mostly well since chemotherapy, although does report suffering from painful blisters in a strip across the right side of her chest last week.

On examination, she has a temperature of 37.8ºC and is rather distressed.

Power is 3/5 throughout both legs. There is clonus with upgoing plantars bilaterally, reflexes are brisk. There is loss of fine touch sensation below the umbilicus.

Examination of the upper limbs and cranial nerves is normal.

Which of the following is the most likely cause of her current presentation?","[""Varicella myelitis"", ""Venous sinus thrombosis"", ""Guillain-Barre syndrome (GBS)"", ""Vincristine neuropathy"", ""Cauda equina syndrome""]",Varicella myelitis,0,"Spastic paraparesis can be caused by transverse myelitis

The symmetrical leg weakness with upper motor neurone signs describes the clinical picture of spastic paraparesis. In addition, there is a sensory level - pointing towards a spinal lesion.

The history of a blistering rash that sounds dermatomal should raise suspicions of varicella, which can cause transverse myelitis (focal inflammation of the spinal cord).

Venous sinus thrombosis presents with headache, fever and cranial nerve palsies.

GBS and vincristine neuropathy are pathologies of the peripheral nerves and therefore lower motor neurone  (LMN) signs would be expected.

Leg weakness in the context of malignancy should always raise suspicions of cauda equina syndrome, however, it also causes LMN signs. Additionally, as the cauda equina starts at L1/2 its compression cannot cause a sensory level at T10 (umbilicus). Malignant

cord compression

would be in the differential diagnosis."
381,A 47-year-old female is reviewed in the neurology clinic. She was diagnosed with epilepsy whilst a teenager and her seizures are well controlled. She is however concerned about increasing numbness of her fingers and soles of her feet. Which one of the following medications is most likely to be responsible?,"[""Phenytoin"", ""Lamotrigine"", ""Sodium valproate"", ""Ethosuximide"", ""Levetiracetam""]",Phenytoin,0,
382,"A 19-year-old woman is referred to the neurology outpatient department with 2 years of progressive weakness. She notices that she finds it difficult to walk upstairs and lift heavy objects over her head. Her mother has commented that her smile doesn't seem quite as 'bright' as it was previously. She has no significant past medical history and is not on any regular medications. She does not smoke or drink alcohol.

On examination, she has difficulty closing her eyes and smiling. Power is 4+/5 at the proximal muscles of the upper and lower limbs. There is no rash.

What is the likely diagnosis?","[""Bell's palsy"", ""Dermatomyositis"", ""Duchenne muscular dystrophy"", ""Facioscapulohumeral muscular dystrophy"", ""Myasthenia gravis""]",Facioscapulohumeral muscular dystrophy,3,"Facioscapulohumeral muscular dystrophy: facial weakness (e.g. difficulty closing eyes, smiling, blowing), winged scapula and weakness of the shoulderm upper arm and hip girdle muscles

Facioscapulohumeral muscular dystrophy is correct. The onset of this disorder is typically prior to the age of 20. It is characterized by facial weakness (difficulty closing eyes and smiling) and weakness of the shoulder and hip girdle muscles (i.e. the proximal muscles). A winged scapula may also be a feature.

Bell's palsy is incorrect. This would be of an acute onset rather than an insidious progression. Additionally, it is characterized by facial weakness and does not cause limb weakness.

Dermatomyositis is incorrect. There is no rash and therefore this is not dermatomyositis.

Duchenne muscular dystrophy is incorrect. This is an X-linked recessive disorder and therefore doesn't affect females.

Myasthenia gravis is incorrect. This disorder is characterized by 'fatigable weakness'. The examination findings, in this case, do not mention that there was no weakness initially and subsequent development of weakness on repeated examination."
383,A 60-year-old man is diagnosed with Bell's palsy. What is the current evidenced base approach to the management of this condition?,"[""Refer for urgent surgical decompression"", ""Aciclovir"", ""No treatment"", ""Aciclovir + prednisolone"", ""Prednisolone""]",Prednisolone,4,
384,"A 68-year-old man has been brought to the emergency department after his family noticed a progressive deterioration in his breathing. He has a past medical history of COPD and is managed with inhalers.

On examination, he has no wheeze but is making minimal respiratory effort. He has wasting of the small muscles of his hands, fasciculations of the left bicep and calf muscles, increased tone of the upper limbs, hyporeflexia of the biceps and reduced power in upper and lower limbs.

An arterial blood gas (ABG) on room air demonstrates a mild type 2 respiratory failure. A chest x-ray demonstrates bilateral diaphragmatic palsy.

What is the best treatment for prolongation of life in this patient?","[""Long-term oxygen therapy (LTOT)"", ""Non-invasive ventilation (NIV)"", ""Pulmonary rehabilitation"", ""Pyridostigmine"", ""Riluzole""]",Non-invasive ventilation (NIV),1,"Motor neuron disease - treatment: NIV is better than riluzole

NIV is the correct option as this patient has a classical presentation of motor neuron disease (MND) with a mixture of upper motor neuron signs: hypertonia and most likely a spastic paralysis of the muscles of respiration (seen by the raised diaphragm) and lower motor neuron signs: muscle wasting, fasciculations and hyporeflexia. The most likely subtype of MND, in this case, is amyotrophic lateral sclerosis due to the early presentation with respiratory failure and profound diaphragmatic weakness. NIV has shown a survival benefit of 7 months on average.

Riluzole is an incorrect option, as it prolongs life in MND by an average of 3 months.

LTOT is incorrect as COPD is not the cause of the breathlessness, in this case, demonstrated by the minimal work of breathing (tachypnoea in COPD worsening), bilateral diaphragmatic palsy (hyper-expanded 'barrel' lungs in COPD) and the other neurological signs point towards MND as the most likely cause of the type 2 respiratory failure in this case.

Pulmonary rehabilitation is incorrect even though it has the best evidence base for prolonging the life expectancy of COPD patients. This is not the case when muscle function is being lost at the rate of this patient due to MND.

Pyridostigmine is incorrect because this is a drug used to reduce symptoms in myasthenia gravis. MND is a much more likely diagnosis, even though myasthenia gravis can present with respiratory weakness and type 2 respiratory failure, it typically presents with muscle fatigability, worse towards the end of the day and usually marked ptosis."
385,"A 35-year-old man presents with recurrent headaches, dizziness, and visual disturbances. Examination reveals a palpable left-sided abdominal mass, and fundoscopy shows multiple bilateral retinal haemangioblastomas.

Abdominal imaging identifies a solid mass in the left kidney, while brain imaging reveals a cerebellar haemangioblastoma.

He reports a family history of similar symptoms associated with a genetic disorder.

What is the most commonly associated carcinoma with this patient's likely condition?","[""Adenocarcinoma of the pancreas"", ""Clear-cell renal cell carcinoma"", ""Medullary thyroid carcinoma"", ""Papillary renal cell carcinoma"", ""Small-cell lung carcinoma""]",Clear-cell renal cell carcinoma,1,"Von Hippel-Lindau syndrome is associated with the development of clear-cell renal cell carcinoma

The patient’s presentation is strongly suggestive of Von Hippel-Lindau (VHL) syndrome. The presence of retinal haemangioblastomas, a cerebellar haemangioblastoma, a solid renal mass on imaging, and a family history of similar symptoms are hallmark features of this autosomal dominant condition. VHL gene mutations lead to the accumulation of hypoxia-inducible factors, which disrupt normal cellular response to low oxygen levels, promoting angiogenesis and the development of vascular tumours such as retinal and cerebellar haemangioblastomas, as well as clear-cell renal cell carcinoma.

Clear-cell renal cell carcinoma

is the most common solid tumour associated with VHL syndrome and requires proactive screening and management due to its high prevalence in these patients.

While VHL syndrome can involve pancreatic neuroendocrine tumours,

adenocarcinoma of the pancreas

is not a common manifestation. The vascular tumours and renal mass in this patient’s presentation are classic for VHL syndrome and clear-cell renal cell carcinoma, excluding pancreatic adenocarcinoma as a likely diagnosis. The genetic basis and tumour profile of VHL syndrome reinforce the association with clear-cell renal cell carcinoma.

Medullary thyroid carcinoma

is primarily associated with multiple endocrine neoplasia type 2 (MEN2), which includes MEN2A (medullary thyroid carcinoma, pheochromocytomas, and parathyroid hyperplasia) and MEN2B (medullary thyroid carcinoma, pheochromocytomas, mucosal neuromas). These syndromes are caused by mutations in the RET proto-oncogene. In contrast, VHL syndrome is characterised by retinal and cerebellar haemangioblastomas, clear-cell renal cell carcinoma, pheochromocytomas, and pancreatic neuroendocrine tumours, but not medullary thyroid carcinoma. Therefore, medullary thyroid carcinoma is incorrect.

The patient’s symptoms and imaging findings align more with VHL syndrome than with other hereditary cancer syndromes.

Papillary renal cell carcinoma

, typically linked to MET gene mutations, is not a feature of VHL. The hallmark vascular tumours and solid renal masses seen in VHL syndrome are most commonly clear-cell renal cell carcinomas, making papillary renal cell carcinoma an unlikely diagnosis in this context.

Small-cell lung carcinoma

is incorrect because it primarily arises from neuroendocrine cells in the lungs and is strongly associated with smoking. While it may present with paraneoplastic syndromes or distant metastases, it is unrelated to the genetic disorder suggested in this patient, likely VHL disease. VHL is characterised by retinal and cerebellar haemangioblastomas, renal cell carcinoma, and other tumours linked to mutations in the VHL gene. Small cell lung carcinoma is not a feature among the tumours associated with VHL disease, making it an unlikely consideration in this context."
386,"A 32-year-old woman is brought in to the emergency department having a seizure. She has a history of epilepsy and takes carbamazepine. However, her friend tells you she was at a party drinking alcohol last night and it is unclear if she has taken her medication today.

She has been having a tonic-clonic seizure despite receiving buccal midazolam at home and 10mg rectal diazepam in the ambulance. Once IV access is established IV lorazepam is started in the department. Unfortunately, she continues to seize at 35 minutes and is in status epilepticus.

What would be the most appropriate next step in management?","[""IV Carbamazepine"", ""IV Phenytoin"", ""IV Propofol"", ""IV Lamotrigine"", ""IV Thiamine""]",IV Phenytoin,1,"In status epilepticus, IV levetiracetam, phenytoin or sodium valproate should be given if not responding to benzodiazepines

The patient is in status epilepticus and has not responded to benzodiazepines. When a seizure continues for longer than 25 minutes a phenytoin infusion should be initiated and intensive care should be contacted.

Carbamazepine is the drug of choice for simple and complex focal seizures and can be used for generalised tonic clinic seizures, but it is not used in the treatment of status epilepticus.

Propofol can be used in intensive care if phenytoin fails to control the seizure at 45 minutes.

Lamotrigine is not used in status epilepticus.

Thiamine should be considered if a seizure is believed to be related to underlying alcohol abuse."
387,"A 65-year-old lady presents to clinic with a 6-month history of walking difficulty. She offers a more recent history of urinary urgency. Examination reveals a short, shuffling gait, mild bilateral, postural upper limb tremor, and extensor plantar response. She scored 20/30 on an MMSE. What is the most likely diagnosis?","[""Idiopathic parkinson's disease"", ""Dementia with Lewy bodies"", ""Parkinson's disease with dementia"", ""Normal pressure hydrocephalus"", ""Vascular dementia""]",Normal pressure hydrocephalus,3,"Urinary incontinence + gait abnormality + dementia = normal pressure hydrocephalus

This case conforms to the classical triad of NPH.

In idiopathic Parkinson's disease, you would expect to see a unilateral upper limb onset

Dementia with Lewy bodies and Parkinson's disease with dementia both present with cognitive impairment and parkinsonism. In the former, the cognitive impairment precedes the motor manifestations or occurs within 1 year of the onset of motor manifestations"
388,"You see a 54-year-old man with a 6-year history of back pain following a road traffic accident. He has presented to the hospital due to poor control of his pain. He is experiencing shooting pains down his legs with an associated burning sensation.

Despite intensive physiotherapy, his pain is still poorly controlled and requiring full dose codeine and paracetamol which is failing to control the pain.

His MRI was normal and he has been discharged by the spinal team due to no operable cause identified for his pain.

You're asked to review him due to ongoing pain. The nursing team has asked if he can have morphine sulfate prescribed as required to help with this. He was started by his general practitioner 3 months previously on amitriptyline which he hasn't found of any benefit. You decide rather than just prescribing morphine that you can try to adjust his chronic pain management as well.

Which of the following options would be best for the management of his chronic pain?","[""Continue amitriptyline and start duloxetine"", ""Continue amitriptyline and start gabapentin"", ""Stop amitriptyline and start modified release morphine sulphate"", ""Stop amitriptyline and start duloxetine"", ""Continue amitriptyline and start tramadol""]",Stop amitriptyline and start duloxetine,3,"Drugs for neuropathic pain are typically used as monotherapy, i.e. if not working then drugs should be switched, not added

This question tests your knowledge of chronic pain management whilst the context may also bring attention to poorly controlled acute pain.

In general, the management of chronic pain revolves around the use of neuropathic pain agents to aid the downregulation of pain responses, these include agents such as duloxetine, gabapentinoids, and amitriptyline (a tricyclic antidepressant).

In general when a minimal benefit is received from the use of a neuropathic pain agent they should be swapped rather than added. This means the answers above that include starting duloxetine or gabapentin in addition to amitriptyline are incorrect.

Morphine sulphate is used in the management of acute and cancer pain, it commonly leads to side effects, dependence, and worsening of chronic pain and as such isn't ideal in this question. Tramadol, rather than morphine or codeine, is recommended for the management of breakthrough pain in neuropathic pain sufferers however doesn't change a patient's chronic pain management."
389,"A 75-year-old man is seen in the neurology clinic following discharge from hospital with an ischaemic stroke 6 months ago. He has some persistent altered neurological features associated with the location of his stroke. During one test, he can correctly identify objects placed into either of his hands with his eyes open but is unable to do so with his eyes closed. In the latter scenario, he can describe the shapes of objects but is unable to name them or describe their function.

Based on this information, what was the most likely location of the patient's stroke?","[""Dominant parietal lobe"", ""Dominant temporal lobe"", ""Frontal lobe"", ""Non-dominant parietal lobe"", ""Non-dominant temporal lobe""]",Dominant parietal lobe,0,"Parietal lobe lesions may cause astereognosis

The phenomenon being described is astereognosis. This is the inability to identify an object by active touch of the hands without other sensory input, such as visual or sensory information. Despite often being able to identify shapes and unique features of an object, there is a disruption in the processing of these tactile stimuli into the object's learned functions. This is the case in this question, where the patient cannot name objects in the absence of visual input. Hemisphere dominance for stereognosis determines laterality of astereognosis: dominant-sided lesions cause bilateral astereognosis (as in this case) whereas non-dominant-sided lesions cause contralateral astereognosis.

Lesions of the

dominant parietal lobe

are responsible for bilateral astereognosis so this is the correct answer. Lesions of the

non-dominant parietal lobe

are responsible for contralateral astereognosis. Other features of parietal lobe lesions include inattention, apraxia, inferior homonymous quadrantanopias and Gerstmann syndrome (dominant side lesions only).

Frontal lobe

is incorrect. Features such as expressive dysphasia, disinhibition and perseverance are associated with frontal lobe lesions.

Temporal lobe

is incorrect. Features associated with temporal lobe lesions include receptive dysphasia, superior homonymous quadrantanopias, auditory agnosia and prosopagnosia."
390,"A 28-year-old woman presents to the Emergency Department with a 30-minute history of vertigo, diplopia, and dysarthria. Symptoms developed gradually over 10 minutes. She has a history of migraine and takes a progestin-only contraceptive pill. On examination, she is drowsy but responsive to pain. After 45 minutes, her symptoms fully resolve, and she is nauseous. Her neurological examination is now normal.

What is the most likely diagnosis?","[""Basilar-type migraine"", ""Cerebellar haemorrhage"", ""Multiple sclerosis"", ""Posterior circulation TIA"", ""Vestibular neuronitis""]",Basilar-type migraine,0,"Stroke and TIA are associated with sudden-onset 'negative' symptoms, migraine is more commonly associated with 'positive' symptoms

Basilar-type migraine

(now termed migraine with brainstem aura) is the most likely diagnosis in this case. The patient presents with classic brainstem symptoms (vertigo, diplopia, dysarthria) that developed gradually over minutes rather than seconds, which is characteristic of migraine aura rather than vascular events. The complete resolution of symptoms within an hour followed by nausea (a prodromal symptom of migraine headache) supports this diagnosis. The patient also has a history of migraine, which increases the likelihood of this being a migraine variant. Basilar-type migraine predominantly affects young women and can present with brainstem symptoms without the typical headache in some cases. The gradual onset of 'positive' symptoms (abnormal sensations or experiences) rather than sudden-onset 'negative' symptoms (loss of function) further supports migraine over TIA.

Cerebellar haemorrhage

is unlikely in this case. While cerebellar haemorrhage can present with vertigo, diplopia, and dysarthria, it typically has a sudden onset and symptoms would not completely resolve within 45 minutes. Additionally, cerebellar haemorrhage would likely present with other signs such as ataxia, nystagmus, and progressive deterioration in consciousness. The patient's young age, absence of risk factors for haemorrhage (such as hypertension), and complete resolution of symptoms make this diagnosis improbable.

Multiple sclerosis

(MS) can present with brainstem symptoms, but the temporal profile is inconsistent with an MS relapse. MS relapses typically develop over days, not minutes, and persist for weeks rather than resolving within an hour. The complete resolution of symptoms without treatment would be unusual for an MS relapse. While MS is more common in young women, the rapid onset and resolution of symptoms in this case is much more consistent with a migraine variant than demyelination.

Posterior circulation TIA

shares many clinical features with basilar-type migraine, making differentiation challenging. However, several features favour migraine over TIA in this case: the gradual onset over 10 minutes (TIAs typically develop over seconds), the patient's young age, history of migraine, and the development of nausea after neurological symptom resolution. TIAs typically present with 'negative' symptoms (loss of function) rather than the 'positive' phenomena more characteristic of migraine. While the progestin-only pill carries a slightly increased stroke risk, it's much lower than combined hormonal contraceptives.

Vestibular neuronitis

primarily presents with vertigo, nausea, vomiting, and nystagmus due to inflammation of the vestibular nerve. It would not explain the patient's diplopia or dysarthria, which indicate involvement of other brainstem structures. Vestibular neuronitis typically lasts days to weeks, not minutes, and does not resolve completely within an hour. The absence of nystagmus during the neurological examination after symptom resolution also makes this diagnosis unlikely."
391,"A 65-year-old man is referred to the neurology outpatient department with 3 weeks of weakness. He smokes 20 cigarettes/day.

On examination, power is 4/5 at hip flexion and knee extension, which improves to 5/5 on repeated testing. Knee reflexes are absent. Cranial nerve examination is normal.

A chest x-ray demonstrates a coin-shaped lesion in the left mid-zone.


Creatinine kinase	289 U/L	(40-320)

EMG testing demonstrates an increment in muscle action potentials after exercise.

What blood test is likely to be positive?","[""Anti-Hu antibody"", ""Anti-Jo1 antibody"", ""Anti-acetylcholine receptor (AChR) antibody"", ""Anti-muscle-specific tyrosine kinase antibody"", ""Voltage-gated Ca2+ channel antibody""]",Voltage-gated Ca2+ channel antibody,4,"Lambert-Eaton syndrome - antibodies against the voltage-gated Ca2+ channels

Voltage-gated Ca2+ channel antibody

is the correct answer. The patient presents with proximal lower limb weakness with a lower motor neuron pattern (weakness, areflexia) that improves with repeat testing. An EMG demonstrates an increment in muscle action potentials on repeated testing. These findings raised the suspicion of Lambert-Eaton syndrome. The pulmonary lesion likely represents a small-cell lung cancer, which is associated with this condition. Antibodies against voltage-gated Ca2+ channels are associated with Lambert-Eaton syndrome.

Anti-Hu antibody

is incorrect. This is an antibody associated with paraneoplastic syndromes in small-cell lung cancer. However, the clinical features are typically subacute sensory neuropathy and encephalomyelitis rather than lower limb weakness.

Anti-Jo1 antibody

is incorrect. This antibody is associated with myositis. In myositis, the reflexes will be preserved and the CK will typically be elevated, making this diagnosis unlikely.

Anti-acetylcholine receptor (AChR) antibody

is incorrect. This antibody is associated with myasthenia gravis, which is the main differential diagnosis for Lambert-Eaton syndrome. However, in this disorder, we would see a weakness that worsens with exertion (i.e. fatigable) and EMG testing would demonstrate decrements of muscle action potentials on repeated testing. Ocular involvement is also absent in this case and is more common in myasthenia gravis than Lambert-Eaton syndrome.

Anti-muscle-specific tyrosine kinase antibody

is incorrect. This antibody is more likely to be associated with generalized myasthenia gravis and this is unlikely for reasons outlined above."
392,"A 24-year-old woman presents to the Emergency Department with a 2-day history of fever, myalgia, and a painful rash. She was diagnosed with focal epilepsy 3 weeks ago and commenced on lamotrigine, with the dose titrated last week. On examination, she is pyrexial at 38.8°C. There are widespread erythematous macules and atypical target lesions on her trunk and limbs. She has painful erosions on her lips and buccal mucosa, with bilateral conjunctival injection.

What is the most important initial management step?","[""Administer intravenous aciclovir"", ""Administer intravenous flucloxacillin"", ""Administer intravenous hydrocortisone"", ""Request an urgent dermatology opinion"", ""Stop lamotrigine immediately""]",Stop lamotrigine immediately,4,"A rare but recognised adverse effect of lamotrigine therapy is Stevens-Johnson syndrome

The clinical presentation is highly suggestive of Stevens-Johnson syndrome (SJS), a severe mucocutaneous adverse reaction. The key features are the recent commencement of a high-risk medication (lamotrigine), the typical latency period of 1-3 weeks, and the constellation of fever, a widespread painful rash with atypical target lesions, and severe mucosal involvement (oral and conjunctival). SJS is a medical emergency with significant mortality, primarily due to sepsis and multi-organ failure. The single most critical intervention that has been shown to improve prognosis is the prompt withdrawal of the offending drug. Continued exposure to the causative agent is associated with progression of skin detachment and a worse outcome. Therefore, identifying and stopping lamotrigine immediately is the absolute priority, preceding all other diagnostic or therapeutic measures. Management is otherwise supportive, often requiring admission to a specialist burns or intensive care unit for wound care, fluid and electrolyte management, and nutritional support. The principle of 'first, do no harm' is paramount, and this begins with removing the trigger.

Administer intravenous aciclovir

is incorrect, although it addresses a plausible differential diagnosis. The presence of targetoid lesions can bring to mind erythema multiforme (EM), which is most commonly precipitated by Herpes Simplex Virus (HSV) infection. EM major can also feature mucosal involvement. However, the lesions in this patient are described as 'atypical targets', and the overall clinical picture with high fever and severe, painful mucosal erosions is more characteristic of SJS than classic EM. While HSV is a rare trigger for SJS, a new, high-risk drug like lamotrigine is a much more likely culprit in this context. Initiating antiviral therapy without stopping the lamotrigine would fail to address the probable underlying cause and would delay the most crucial life-saving intervention. Viral swabs can be taken, but treatment should not delay drug withdrawal.

Administer intravenous flucloxacillin

is an incorrect choice. This would be appropriate for a suspected primary bacterial skin infection, such as staphylococcal scalded skin syndrome (SSSS) or widespread cellulitis. However, the morphology of the rash, with macules and atypical target lesions, is not typical for SJS or cellulitis. SSSS typically presents with diffuse erythema followed by the shedding of large sheets of skin (positive Nikolsky's sign) and characteristically spares the mucous membranes. While patients with SJS are at very high risk of secondary bacterial infection due to the loss of the skin barrier, antibiotics are generally reserved for cases with clear evidence of superinfection (e.g., positive cultures, clinical signs of sepsis) rather than being used prophylactically or as the initial primary treatment. The priority is to stop the immunological process by withdrawing the drug.

Administer intravenous hydrocortisone

is not the most appropriate initial step. The role of systemic corticosteroids in the management of SJS and its more severe variant, toxic epidermal necrolysis (TEN), is highly controversial and lacks a firm evidence base from randomised controlled trials. Some observational studies suggest a potential benefit if they are administered early in the disease course, while others suggest they may increase the risk of complications such as sepsis, gastrointestinal bleeding, and delayed re-epithelialisation. Consequently, UK guidelines do not recommend their routine use. More importantly, even if a decision is made to use steroids, it should never take precedence over the immediate withdrawal of the causative drug, which is the only universally accepted intervention to halt the disease process.

Request an urgent dermatology opinion

is an essential component of management, but it is not the most important *initial* action. SJS/TEN management is complex and requires a multidisciplinary team, in which dermatology plays a central role in confirming the diagnosis (sometimes with a skin biopsy) and guiding supportive care. However, the responsibility to recognise a potential severe drug reaction and withdraw the suspected agent lies with the admitting physician. This action should not be delayed while awaiting a specialist review, as every hour of continued drug exposure can worsen the prognosis. The correct sequence of actions is to first stop the drug based on strong clinical suspicion, and then arrange for urgent specialist input and transfer to an appropriate level of care."
393,"A 33-year-old man presents with a gradual onset loss of feeling in his hands. His past medical history includes alcohol misuse.

Upper and lower limb motor examinations identify bilateral extensor plantar reflexes with absent ankle jerks. Sensory examination identifies reduced sensation to vibration and proprioception distal to the elbows and knees, and reduced light touch sensation in a glove stocking distribution.

Blood tests:


Hb	120 g/L	Male: (135-180)
Platelets	160 * 109/L	(150 - 400)
MCV	110 fL	(80 - 100)
Fasting blood glucose	4.3 mmol/L	(3.9-5.6)
Serum vitamin B12	130 ng/L	(190-950)
Serum folate	2.5 ng/ml	(2.7-17.0)

Which affected areas of the nervous system are causing his symptoms?","[""Anterior corticospinal tracts and dorsal columns"", ""Anterior spinocerebellar tracts and dorsal columns"", ""Anterior spinothalamic tracts and dorsal columns"", ""Lateral corticospinal tracts and dorsal columns"", ""Lateral spinothalamic tracts and dorsal columns""]",Lateral corticospinal tracts and dorsal columns,3,"In subacute combined degeneration of the spinal cord, the dorsal columns and lateral corticospinal tracts are affected

This patient has subacute combined degeneration of the spinal cord. Often patients with alcohol misuse will have a resulting vitamin B12 deficiency which can cause this condition. It causes degeneration of the

lateral corticospinal tracts and dorsal columns

resulting in upper motor neuron signs (extensor plantar) together with reduced proprioception and vibration sense.

Subacute combined degeneration does not affect the

anterior corticospinal tract

. It is responsible for the gross and postural movement of the trunk and proximal musculature which is not consistent with his examination findings.

The

anterior spinocerebellar tract

which carries proprioceptive and cutaneous information from the lower body is also not affected in this condition. He also has upper limb proprioceptive signs which should suggest that this pathway is unlikely to be implicated.

Another pathway unaffected by subacute combined degeneration of the spinal cord is the

anterior spinothalamic pathway

, which is responsible for coarse touch and pressure.

Finally, the

lateral spinothalamic pathway

is also not affected in this condition. It can be ruled in this question by examination too because the question does not mention any changes on examination of pain or temperature."
394,"A 39-year-old lady admitted complaining of severe headache and floppy limbs. She says she has some blurry vision

She is well known to the cardiology firm due to her post partum cardiomyopathy Previous investigations for for blurry vision were inconclusive with no particular diagnosis reached.

On examination she has 5/5 power and sensation but tires easily. There is an upgoing left plantar. The patient has a body mass index of 41 kg/m2. Her ECG shows normal sinus rhythm.

Results from a lumbar puncture are as follows:


White Cells	2 cells/L
Red Cells	3 cells/L
Glucose	75% of plasma level
Xanthochromia	negative
Opening pressure	36 cm H2O

The on call radiologist has authorised this report:


CT Head	No acute intracranial bleed. Skull base intact. Chronic changes to right hemisphere

Which is the next most appropriate investigation?","[""Ultrasound doppler scan of the carotids"", ""Autoimmune screen"", ""CT arterial angiogram"", ""Echocardiogram"", ""MRI brain with venogram""]",MRI brain with venogram,4,"MR Venogram is the gold standard test for diagnosing venous sinus thrombosis

There are features suggestive of idiopathic intracranial hypertension (e.g., raised opening pressure. However, the upgoing plantar and curious CT head report must make you suspicious of a cerebrovascular event, such as an infarction or even an intracranial sinus thrombosis. In this situation MRI imaging of the head would be the best test to rule out these differentials. Remember that a CT head is not perfectly sensitive for acute ischaemia, and its use in the acute scenario is to rule out a haemorrhagic stroke

The other tests may be useful later when once the primary pathology (in this case, an acute stroke) has been established. CT angiography would only be of use if you suspected a carotid or vertebral dissection - there is little in the history to support this."
395,Which one of the following conditions is least recognised as a cause of a seventh nerve palsy?,"[""Acoustic neuroma"", ""Herpes zoster"", ""HIV"", ""Systemic lupus erythematosus"", ""Diabetes mellitus""]",Systemic lupus erythematosus,3,
396,"A 27-year-old female presents complaining of generalised weakness. Examination of her face reveals bilateral ptosis, dysarthric speech and a slow-relaxing grip. What is the most likely diagnosis?","[""Myotonic dystrophy"", ""Myasthenia gravis"", ""Multiple sclerosis"", ""Ataxic telangiectasia"", ""Friedreich's ataxia""]",Myotonic dystrophy,0,"D

The slow-relaxing grip may be noticed on initial hand-shake with the patient and is typical of myotonic dystrophy. Dysarthric speech is secondary to myotonia of the tongue and pharynx"
397,"A 54-year-old female presents to the GP with fatigue. Her GP takes some blood tests which are included below.


Hb	104 g/L	Female: (115 - 160)
Platelets	198 * 109/L	(150 - 400)
WBC	7.0 * 109/L	(4.0 - 11.0)
Ferritin	80 ng/mL	(20 - 230)
Folate	2.2 nmol/L	(> 3.0)

As a consequence, she is started on folic acid supplementation.

A few weeks later she presents to the emergency department with tingling and weakness in her lower limbs.

What pattern of deficits would you expect to find?","[""Loss of pain and temperature sensation, muscle weakness and hyperreflexia"", ""Loss of proprioception and vibration sensation, muscle weakness and hyperreflexia"", ""Loss of proprioception and vibration sensation, muscle weakness and hyporeflexia"", ""Muscle weakness and hyperreflexia without sensory changes"", ""Muscle weakness and hyporeflexia without sensory changes""]","Loss of proprioception and vibration sensation, muscle weakness and hyperreflexia",1,"In subacute combined degeneration of the spinal cord, the dorsal columns and lateral corticospinal tracts are affected

This patient has subacute combined degeneration of the cord which has been precipitated by folic acid supplementation. This patient should have had her vitamin B12 level checked and treated before correcting any folate deficiency to avoid this. Given her demographics, it may be that she has pernicious anaemia (autoantibodies developed against intrinsic factor) and will need intramuscular treatment with vitamin B12. Note that in many B12 deficient patients anaemia develops later than subacute combined degeneration of the cord.

Subacute combined degeneration of the cord affects the dorsal columns (proprioception, vibration sense and tactile discrimination). The tingling that is experienced comes from the effect on the dorsal columns and is often the earliest symptom.

The corticospinal tracts are also affected, causing muscle weakness and hyperreflexia. Patients can also experience spasticity and persistent weakness if the condition is not treated. The Babinski sign and ankle clonus may also be elicited. However, notably, the ankle reflex can often be absent.

Subacute combined degeneration of the cord does not affect the spinothalamic tracts, so the patient would not experience loss of pain and temperature sensation.

Note that symptoms may initially be in the lower limbs or upper limbs, or affect all four limbs coincidently."
398,"A 68-year-old man presents to the emergency department with left-sided arm weakness and a facial droop. He has a background of hypertension and high cholesterol. His symptoms commenced at 9:30 in the morning. He hoped they would resolve but they have been getting worse. A CT head shows no acute bleed and an area of infarction, and CT angiogram confirms occlusion of the proximal anterior circulation. By the time his imaging is complete, it is now 14:30.

What is the most appropriate management at this stage?","[""Aspirin"", ""Clopidogrel"", ""Edoxaban"", ""Thrombectomy"", ""Thrombolysis""]",Thrombectomy,3,"The standard target time for thrombectomy in acute ischaemic stroke is 6 hours

NICE has updated stroke guidelines (2019) which now recommend thrombectomy in acute stroke. He is outside the thrombolysis window (4.5 hours) but meets the criteria for thrombectomy (6 hours).

Treatment dose aspirin would be appropriate if he was not suitable for thrombectomy.

Clopidogrel is not suitable as a treatment option in this case but would be used in secondary prevention.

There is no role for DOACs such as edoxaban in the management of acute stroke. DOACs may be used in the management of AF if this is found, but are not generally started until later."
399,"A 35-year-old man with a history of schizophrenia is brought to the Emergency Department by worried friends due to drowsiness. On examination he is generally rigid. A diagnosis of neuroleptic malignant syndrome is suspected. Each one of the following is a feature of neuroleptic malignant syndrome, except:","[""Renal failure"", ""Pyrexia"", ""Elevated creatine kinase"", ""Usually occurs after prolonged treatment"", ""Tachycardia""]",Usually occurs after prolonged treatment,3,
400,"A 45-year-old man is investigated for spastic leg weakness which has come on over the previous 5 days.

He undergoes a whole spine MRI which shows:

Hyperintense T2 signal extending across the spinal cord, between the levels of T9 and T12.


Which of the following is most likely to cause this clinical and radiological presentation?","[""Conus medullaris syndrome"", ""Human immunodeficiency virus"", ""Cauda equina syndrome"", ""Diabetes mellitus"", ""Brown-Sequard syndrome""]",Human immunodeficiency virus,1,"Transverse myelitis can be caused by viral infection - such as varicella, herpes simplex, EBV and HIV

The radiographical features are descriptive of transverse myelitis -inflammation across most of the spinal cord.

One notable cause is viral infections (including HIV).

Conus medullaris and cauda equina syndrome are lesions of the lumbar region of the spinal cord.

Diabetes is not well documented to cause transverse myelitis.

Brown-Sequard syndrome is caused by a lesion of one half of the spinal cord only."
401,"A 55-year-old presents to the emergency department with a rash. He has felt feverish for the preceding three days. His past medical history includes epilepsy, hypertension, heart failure with preserved ejection fraction and rheumatoid arthritis. His medications include aspirin, hydralazine, furosemide, lamotrigine and methotrexate.

His observations are heart rate 111 beats per minute, blood pressure 93/55 mmHg, respiratory rate 20/minute, oxygen saturation 96% on room air and temperature 38.1ºC.

On examination there are widespread blisters on his skin, some of which have burst, leaving painful sores. The mucus membranes are affected with ulceration of the mouth, throat and genital tract. Approximately 10% of his body surface area is affected.

Given the likely diagnosis, which of his medications is the likely cause?","[""Aspirin"", ""Furosemide"", ""Hydralazine"", ""Lamotrigine"", ""Methotrexate""]",Lamotrigine,3,"A rare but recognised adverse effect of lamotrigine therapy is Stevens-Johnson syndrome

Lamotrigine is the correct answer. The patient has Stevens-Johnson syndrome (SJS) as evidenced by a flu-like illness with fevers followed by subsequent blistering and ulcerating skin lesions involving the body and mucus membranes. The most likely cause from his list of medications is lamotrigine.

Furosemide is incorrect. This can cause bullous skin eruptions and there have been a few case reports of it causing SJS but it is a much less likely cause than lamotrigine.

Hydralazine is incorrect. This is a classic cause of drug-induced lupus.

Aspirin is incorrect. This is not associated with the development of SJS. It is the 'oxicam' class of anti-inflammatory drugs (including meloxicam and piroxicam) that are associated with the development of SJS.

Methotrexate is incorrect. It is another DMARD (sulfasalazine) that is associated with the development of SJS in patients with rheumatoid arthritis."
402,"A 23-year-old woman undergoes a planned lumbar puncture (LP) as part of neurological investigations for possible multiple sclerosis. During the consent process, she expresses concern about a post-LP headache. What is the mechanism of post-LP headaches?","[""Vertebral body injury"", ""Nerve injury"", ""Bleeding into cerebrospinal fluid"", ""Leaking cerebrospinal fluid from the dura"", ""Too much cerebrospinal fluid removed""]",Leaking cerebrospinal fluid from the dura,3,
403,"A 45-year-old male with a history of alcoholic liver disease presents with increasing confusion. On assessment, he is noted to be obtunded with a Glasgow coma scale of 14 out of 15, has a wide-based gait and nystagmus. There is no history or signs of recent trauma.

What is the most specific finding on brain MRI for this patient's condition?","[""Left-sided subdural haematoma"", ""Generalised cerebral atrophy"", ""Hydrocephalus"", ""Enhancement of the mamillary bodies"", ""Right-sided cerebellar infarction""]",Enhancement of the mamillary bodies,3,
404,"A 25-year-old woman presents to the emergency department with a five-day history of fever, malaise, upper respiratory tract symptoms and painful skin. She then developed a dark red target pattern rash which has spread from the torso and upper limbs to involve her distal limbs, face, palms and soles.

She has recently been diagnosed with epilepsy and started on anti-convulsant medication.

On examination, there are widespread purpuric macules and confluent areas of erythema. There are scattered blisters and skin erosions including on her mucous membranes and labia. Gentle lateral pressure causes detachment of the epidermis.

Which medication is the most likely to have caused the presentation?","[""Gabapentin"", ""Lamotrigine"", ""Levetiracetam"", ""Sodium valproate"", ""Topiramate""]",Lamotrigine,1,"A rare but recognised adverse effect of lamotrigine therapy is Stevens-Johnson syndrome

The correct answer is lamotrigine.

This woman has presented with Stevens-Johnson syndrome. While the BNF lists severe cutaneous adverse reactions (SCAR) under most anticonvulsants/anti-epileptic drugs (AEDs), patients who experience AED-induced Stevens-Johnson syndrome (SJS) will still require ongoing treatment for their epilepsy with an option that minimises the risk of SJS. The greatest risk is with aromatic AEDs such as phenytoin, phenobarbital and carbamazepine, but lamotrigine is also a well-recognised cause.

There may be an issue with over-reporting / over-diagnosis of SCAR and SJS in patients taking AEDs due to an awareness of the possibility for reactions.

Newer studies suggest that sodium valproate, gabapentin, pregabalin, levetiracetam, topiramate, clonazepam and ethosuximide are lower risk for SJS.

The other listed drugs can cause a range of other side effects.

Gabapentin can cause lethargy, nausea and vomiting, mood changes, blurred vision and dry mouth, erectile dysfunction, weight gain, headaches and memory impairment. It has been associated with a risk of severe respiratory depression even without concomitant opioids.

Levetiracetam commonly causes drowsiness, headaches, nausea and vomiting. Levetiracetam has been associated with renal impairment and behavioural change including increased risk of suicidal thoughts.

Sodium valproate commonly causes nausea and vomiting, diarrhoea, tremors, headache, weight gain, thinning hair and irregular menses. It is also teratogenic - women of childbearing potential should use highly effective contraception during treatment.

Topiramate commonly causes nausea, lethargy, diarrhoea, mood change and weight loss. It is importantly associated with risk of glaucoma, renal stones, metabolic acidosis and reduced sweating. It should be avoided in acute porphyrias."
405,"A 55-year-old man presents with word-finding difficulties which came on suddenly one hour ago. He is not able to give a meaningful response to any of your questions. He is unable to name simple objects and the output of spontaneous speech is markedly diminished. You ask him to touch his left ear lobe with his right index finger which he manages without issue.

What area of the brain is affected?","[""Inferior frontal gyrus"", ""Lateral geniculate nucleus"", ""Medial geniculate nucleus"", ""Striate cortex"", ""Superior temporal gyrus""]",Inferior frontal gyrus,0,"Broca's dysphasia: speech non-fluent, comprehension normal, repetition impaired

Inferior frontal gyrus

is correct.  The patient has Broca's dysphasia characterised by non-fluent speech but normal comprehension. The patient is able to follow complex commands indicative of normal comprehension. Broca's dysphasia occurs due to a lesion of the inferior frontal gyrus.

Lateral geniculate nucleus

is incorrect. This is a component of the thalamus which is a very important component of the visual pathway. A lesion of this nucleus produces moderately to completely congruent visual field defects.

Medial geniculate nucleus

is incorrect. The medial geniculate nucleus is part of the auditory thalamus and represents the thalamic relay between the inferior colliculus and the auditory cortex. Although the medial geniculate nucleus is a well-known integration centre for the central auditory pathways, auditory symptoms caused by damage to these nuclei are rarely described. However, there are some case reports of auditory hallucinations.

Striate cortex

is incorrect. This is the part of the brain which deals with the processing of signals from the visual pathway. Lesions of the striate cortex can result in blindness.

Superior temporal gyrus

is incorrect. Wernicke's aphasia occurs due to a lesion of the superior temporal gyrus.  In Wernicke's aphasia, the ability to grasp the meaning of spoken words and sentences is impaired. Patients with Wernicke's aphasia speak normal words fluently, often including meaningless phonemes, but do not know their meaning or relationships. The result is a jumble of words or 'word salad'. Patients are typically unaware that their speech is incomprehensible to others."
406,"A 42-year-old woman presents describing a sudden onset of visual disturbances, including blurred vision. She has also noticed increasing numbness and tingling in her right arm and leg over the past few days.

On examination, neurological findings revealed weakness, hyperreflexia, and impaired coordination. A diagnosis of possible multiple sclerosis is suspected and so an MRI is performed demonstrating hyperintense lesions perpendicular to the corpus callosum (i.e. Dawson fingers).

What MRI sequence has most likely been performed?","[""Dynamic contrast-enhanced (DCE) MRI"", ""MRI FLAIR (fluid-attenuated inversion recovery)"", ""MRI STIR (short tau inversion recovery)"", ""T1-weighted (T1W) sequence"", ""T2-weighted (T2W) sequence""]",MRI FLAIR (fluid-attenuated inversion recovery),1,"Use MRI FLAIR sequence in diagnosis of multiple sclerosis vs. MRI STIR in flares of thyroid eye disease

Dynamic contrast-enhanced (DCE) MRI

sequence is commonly used in oncology management and involves the administration of a contrast agent during imaging to assess blood flow and tissue permeability. Unlike static MRI sequences, DCE provides a dynamic view of contrast distribution especially valuable in oncology, as it helps evaluate tumour vascularity and guide treatment planning. DCE-MRI's ability to depict changes in tissue perfusion and capillary permeability enhances its role in understanding and describing the features of lesions, monitoring treatment response, and contributing to precise diagnoses in various medical contexts.

MRI short tau inversion recovery (STIR)

sequence selectively nullifies signals from fat, enhancing the visibility of pathological tissues. Unlike traditional sequences, STIR employs a short inversion time, suppressing the fat signal and emphasising water-based tissues. This makes it particularly useful for imaging musculoskeletal structures, joints, and soft tissues such as in thyroid eye disease (TED). In TED, STIR helps visualise soft tissue changes, inflammation, and oedema around the eye, aiding with assessing disease severity and guiding management.

T1-weighted (T1W) MRI

sequence highlights differences in the relaxation times (the time it takes for the nuclear magnetic spins within tissues to return to their equilibrium state) of tissues, producing images with distinct anatomical contrast. While T1W sequences are valuable for anatomical imaging, they have limited sensitivity to MS-related changes.

T2-weighted (T2W) MRI

sequence accentuates differences in tissue water content and is particularly adept at highlighting pathology. Its primary uses include detecting oedema, inflammation, and lesions, making it invaluable in neurological and musculoskeletal imaging. However, compared to FLAIR sequences, T2W is less effective in suppressing the signal from cerebrospinal fluid, often leading to reduced lesion conspicuity in certain scenarios, especially in neurological conditions like MS where FLAIR sequences are preferred for enhanced lesion visualisation."
407,A 31-year-old female with progressive leg weakness has nerve conduction studies for suspected Guillain-Barre syndrome. Which one of the following findings would be most consistent with this diagnosis?,"[""Reduced conduction velocity"", ""Extended series of repetitive discharges lasting up to 30 seconds"", ""Increased conduction velocity"", ""Diminished response to repetitive stimulation"", ""Reduced wave amplitude""]",Reduced conduction velocity,0,
408,"A 32-year-old nursery teacher complains of progressive hearing loss and tinnitus over the past three months. She denies aural fullness and recent infections. The patient recalls that her mother was diagnosed with a 'hearing problem' in her thirties.

External examination of the ear is normal. Rinne test: bone conduction is louder than air conduction in both ears. Weber test: sound localised to the centre of the forehead.

What is the most likely diagnosis?","[""Acute labyrinthitis"", ""Cholesteatoma"", ""Meniere's disease"", ""Otosclerosis"", ""Vestibular schwannoma""]",Otosclerosis,3,"Otosclerosis is characterised by conductive hearing loss, tinnitus and positive family history

Rinnes test is positive when air conduction is better than bone conduction. This is seen in normal examinations or when patients have sensorineural hearing loss. A negative test signifies conductive hearing loss. This patient has bilateral negative Rinnes test, therefore she is likely to have bilateral conductive hearing loss. The positive family history also suggests otosclerosis as the most likely diagnosis. It is a condition caused by abnormal bone remodelling of the middle ear.

Labyrinthitis

is inflammation of the labyrinth. Symptoms include vertigo, hearing loss, and tinnitus. They usually resolve within a week. The symptoms described here have been ongoing for a few months.

Cholesteatoma

causes ear infection and discharge, with unilateral conductive hearing loss, instead of bilateral conductive hearing loss seen in otosclerosis.

Meniere's disease

is characterized by unilateral sensorineural hearing loss, in which case sound lateralizes towards the contralateral normal ear during the Weber test. The patient also does not have other convincing features of Meniere's disease such as tinnitus, aural fullness, and vertigo attacks. In addition, the positive family history in this stem suggests an inherited disorder such as otosclerosis, whereas most cases of Meniere's disease are sporadic.

Vestibular schwannoma

presents as unilateral sensorineural hearing loss. Patients would also have facial nerve palsies, vertigo, and ataxia."
409,"You are called to see a 62-year-old female inpatient, with a known history of epilepsy, who is having a seizure. The nurse who witnessed the seizure says it began by affecting her right hand before involving her entire right arm and then progressing to a loss of consciousness with her entire body shaking. What is the most likely diagnosis?","[""Generalised tonic-clonic"", ""Focal impaired awareness seizure"", ""Jacksonian march with secondary generalisation"", ""Focal aware seizure"", ""Myoclonic""]",Jacksonian march with secondary generalisation,2,
410,"A 55-year-old woman with a background of metastatic breast cancer presents with a short history of nausea and vomiting. She has vomited five times today, despite taking regular metoclopramide. She received palliative chemotherapy three days ago.

You decide to commence treatment with ondansetron.

What is the best description of the mechanism of action of this medication?","[""Dopamine antagonist"", ""H1 (histamine) antagonist"", ""5-HT1 (serotonin) agonist"", ""5-HT2 (serotonin) antagonist"", ""5-HT3 (serotonin) receptor antagonist""]",5-HT3 (serotonin) receptor antagonist,4,"Ondansetron is a 5-HT 3 serotonin antagonist

Ondansetron is a 5-HT3 serotonin antagonist, which blocks 5-HT3 receptors in the gastrointestinal tract and the central nervous system, and specifically at the chemoreceptor trigger zone (CTZ). It is particularly effective for chemotherapy induced nausea and vomiting and is often used first line in this setting. However, constipation is a very common side-effect and so laxatives should usually be co-prescribed.

5-HT1 agonists are used in the acute management of migraine. Examples include sumatriptan and rizatriptan.

5-HT2 antagonists are used for migraine prophylaxis, however their use is limited by side effects:

Pizotifen: weight gain and drowsiness
Methysergide: retroperitoneal fibrosis

Dopamine antagonists are also used in the management of nausea and vomiting. These include antipsychotic medications such as haloperidol and levomepromazine, as well metoclopramide and domperidone. Metoclopramide  acts directly on the gastro-intestinal tract and is useful to treat nausea and vomiting associated with gastroduodenal, hepatic, and biliary disease. However, it should be used with caution in young women as it may induce an acute dystonic reaction such as oculogyric crises in this group.

H1 (histamine) antagonist is incorrect. Cyclizine is an example of a H1-antagonist, which is effective in treating nausea and vomiting resulting from many underlying conditions."
411,"A 67-year-old male undergoes investigations for bilateral paraesthesia in the radial aspects of both hands, over the thumbs and first fingers. He also has paraesthesia in the lateral aspects of both forearms and lower limb spasticity. Blood tests reveal a HBA1c of 46 mmol/mol. He undergoes nerve conduction studies and EMG with evidence of denervation. Which ONE of the following diagnoses is most likely?","[""Bilateral carpal tunnel syndrome"", ""Degenerative cervical myelopathy"", ""Multiple sclerosis"", ""Syringomyelia"", ""Diabetic neuropathy""]",Degenerative cervical myelopathy,1,
412,"A 23-year-old man is rushed to the emergency department following a close-range gunshot wound to the head from a handgun. The bullet entered the side of the patient's skull, resulting in a small entrance wound with no exit wound.

A CT scan of the head is conducted, confirming isolated penetration and consequent damage to the parietal lobe. He undergoes neurosurgical intervention to remove the bullet.

What condition may be associated with this lesion?","[""Anosmia"", ""Astereognosis"", ""Expressive (Broca's) aphasia"", ""Perseveration"", ""Wernicke's aphasia""]",Astereognosis,1,"Parietal lobe lesions may cause astereognosis

The parietal lobe, situated near the top and towards the rear of the brain, is one of the four major cerebral lobes. Damage or lesions in this lobe can occur due to various factors, such as stroke, tumours, infections, and, as seen in this case, trauma. The parietal lobe plays a pivotal role in processing sensory information, spatial awareness, and the integration of sensory inputs to create a comprehensive perception of the surrounding environment. Individuals with parietal lobe lesions may develop multiple deficits, including a condition called

astereognosis

, which involves the inability to recognise or identify objects through the sense of touch. This impairment typically arises due to damage to the somatosensory cortex, located within the parietal lobe, responsible for processing tactile information originating from different parts of the body.

Anosmia

, the loss or reduction of the sense of smell, typically results from frontal lobe lesions, not parietal. The frontal lobes are critical for processing sensory information, including olfactory (smell) signals. These lobes integrate smell with other cognitive functions, such as memory and emotion. When damaged, typically due to trauma, tumours, or medical conditions, the processing of smell is disrupted.

Expressive aphasia

, also known as Broca's aphasia, is a language disorder arising from frontal lobe lesions in the brain. Specifically, damage to Broca's area, situated in the left frontal lobe (typically for right-handed individuals), is the underlying cause. This region controls the motor aspects of speech production, orchestrating the precise muscle movements needed for articulate speech. Consequently, when frontal lobe lesions occur, particularly in or near Broca's area, it disrupts the ability to form and express words and sentences fluently. This leads to non-fluent, halting speech characterised by difficulties in word retrieval and constructing coherent sentences, while language comprehension remains relatively intact.

Perseveration

is a cognitive phenomenon where an individual continues to repeat a particular behaviour, word, or thought even when it is no longer relevant or appropriate. This often occurs in the context of frontal lobe lesions in the brain. The frontal lobes are responsible for executive functions, including cognitive flexibility and inhibitory control. Damage to this region can disrupt the brain's ability to switch between tasks or responses and inhibit irrelevant actions or thoughts.

Wernicke's aphasia

, often referred to as 'fluent aphasia,' is a language disorder marked by fluent yet incoherent speech and profound difficulties in language comprehension. This condition arises from lesions or damage to Wernicke's area, typically located in the left temporal lobe, specifically the superior temporal gyrus. Wernicke's area is pivotal for processing and comprehending language. When damaged, it disrupts the brain's ability to interpret and formulate coherent speech, resulting in sentences that flow smoothly but lack meaningful content. Individuals with Wernicke's aphasia often use invented or inappropriate words, rendering their speech unintelligible. Their comprehension of spoken and written language is severely compromised, leading to significant communication challenges."
413,Which one of the following features is most likely to be seen following facial nerve paralysis?,"[""Hyperacusis"", ""Hyperlacrimation"", ""Hyperesthesia"", ""Hyperalgesia"", ""Hypersalivation""]",Hyperacusis,0,
414,"Each of the following features are seen in myotonic dystrophy, except:","[""Mild mental impairment"", ""Round face"", ""Frontal balding"", ""Myotonia"", ""Cataracts""]",Round face,1,"D

The correct answer is

Round face

. Myotonic dystrophy (DM) is an autosomal dominant multisystem disorder characterised by myotonia, progressive muscle weakness, and involvement of multiple organ systems. Patients with myotonic dystrophy typically present with a distinctive facial appearance, but this is characterised by a long, thin face with temporal wasting and ptosis, not a round face. The facial appearance is often described as 'hatchet-faced' due to the wasting of the temporalis and masseter muscles, along with weakness of facial muscles.

Mild mental impairment

is indeed a feature of myotonic dystrophy, particularly in congenital and childhood-onset forms. Cognitive impairment in myotonic dystrophy can range from mild learning difficulties to more significant intellectual disability. Executive dysfunction, visuospatial deficits, and attention problems are commonly observed cognitive features.

Frontal balding

is a characteristic feature of myotonic dystrophy, particularly in males. This premature frontal balding (frontal alopecia) is one of the recognisable physical manifestations of the condition and contributes to the distinctive facial appearance of affected individuals.

Myotonia

is the hallmark feature of myotonic dystrophy, from which the condition derives its name. Myotonia refers to delayed muscle relaxation after contraction, which clinically manifests as muscle stiffness. Patients often describe difficulty releasing their grip after a handshake or may demonstrate the phenomenon when asked to make a fist and then rapidly open their hand. This feature can be objectively demonstrated by percussion myotonia, where tapping a muscle (commonly the thenar eminence) results in a delayed relaxation.

Cataracts

are a common ocular manifestation of myotonic dystrophy. These are typically posterior subcapsular iridescent cataracts, which may be detected on slit-lamp examination before they become visually significant. Cataracts can sometimes be the presenting feature of myotonic dystrophy, particularly in milder forms of the condition, and may develop at a relatively young age compared to age-related cataracts.

Other important features of myotonic dystrophy not mentioned in the options include cardiac conduction abnormalities, endocrine disturbances (such as insulin resistance and testicular atrophy), respiratory muscle weakness, excessive daytime sleepiness, and gastrointestinal symptoms. The condition exists in two main forms: myotonic dystrophy type 1 (DM1), caused by a CTG trinucleotide repeat expansion in the DMPK gene, and myotonic dystrophy type 2 (DM2), caused by a CCTG tetranucleotide repeat expansion in the CNBP gene."
415,Which one of the following side-effects is least associated with the use of levodopa?,"[""Psychosis"", ""'On-off' effect"", ""Postural hypotension"", ""Cardiac arrhythmias"", ""Galactorrhoea""]",Galactorrhoea,4,
416,You are asked to see a 21-year-old woman on the medical take who presents with a 2-day history of blurred vision and pain in her right eye which worsened after her morning bath. She had similar symptoms 6 months ago affecting her right eye but these resolved spontaneously and she did not seek medical attention. Examination reveals a central scotoma and impaired colour vision on Ishihara plates in the right eye. Examination is otherwise unremarkable. A contrast MRI brain shows T2 enhancement of the right optic nerve but no other abnormalities. Lumbar puncture demonstrates oligoclonal bands in the cerebrospinal fluid (CSF). Her mother has multiple sclerosis (MS) and she is understandably anxious to discuss her diagnosis and treatment options. Which of the following is the most appropriate action?,"[""Start Beta-interferon"", ""Reassure her she does not have MS and discharge"", ""Give steroids and arrange MRI whole spine"", ""Perform visual evoked potentials"", ""Give steroids and arrange repeat MRI brain as a neurology outpatient""]",Give steroids and arrange MRI whole spine,2,"Multiple sclerosis diagnosis that requires demyelinating lesions that are separated in space and time

The diagnosis of multiple sclerosis requires the identification of demyelinating lesions that are separated in space and time. The question is trying to lure you into making a diagnosis of MS but pay attention to the details and don't be fooled- on the evidence provided you cannot demonstrate that lesions are separated in BOTH space and time and so you can't diagnose MS.

She currently has optic neuritis affecting the right eye. This is supported by the MRI brain showing a demyelinating lesion of the right optic nerve. From her history it's likely she has had a previous episode of right-sided optic neuritis. So she has disease separated in time but so far not space. Oligoclonal bands in the CSF help support a diagnosis of MS but aren't diagnostic and still don't show dissemination in space. For this she would need to have a contrast-enhanced MRI spine. This could show old plaques/active demyelination; that would confirm disease disseminated in time AND space and so allow a diagnosis of MS.

Giving steroids to treat her optic neuritis can shorten the duration of the attack and improve recovery so it's appropriate to start them.

1 - Beta-interferon is used in certain MS patients who meet specific criteria. It reduces the frequency of attacks. It is inappropriate to start in this scenario as you are not even able to confirm a diagnosis of MS

2 - You cannot exclude MS with the information available and so it would be wrong (and frankly negligent) to reassure and discharge her (on the basis of probability it's very likely that she has/will develop MS in the future but again on the limited information you have available you can't make that diagnosis).

3 - This is the best option. By doing an MRI spine you can determine if there are lesions separated in space and time. Steroids would treat her current optic neuritis

4. Visual evoked potentials are used in investigating MS but wouldn't add anything in this scenario. You already know she has optic neuritis and the MRI brain has shown a demyelinating lesion.

5 - Giving steroids would help her current optic neuritis but simply repeating the MRI brain at a later date is inappropriate"
417,A 71-year-old man is admitted to the Emergency Department. His family report that since yesterday he has been very 'clumsy' and unsteady on his feet. This morning he started to complain of numbness down his left side. On examination you notice that he has a right-sided Horner's syndrome and horizontal nystagmus. Examination of the peripheral nervous system confirms the sensory loss on the left side. Where is the lesion most likely to be?,"[""Lateral sinus thrombosis"", ""Posterior cerebral artery"", ""Posterior inferior cerebellar artery"", ""Middle cerebral artery"", ""Anterior inferior cerebellar artery""]",Posterior inferior cerebellar artery,2,
418,"Each one of the following is associated with Friedreich's ataxia, except:","[""Increased risk of deep vein thrombosis"", ""Optic atrophy"", ""Cardiomyopathy"", ""Nystagmus"", ""High-arched palate""]",Increased risk of deep vein thrombosis,0,
419,"A 67-year-old male attends the Emergency department with sudden onset dizziness and vomiting, which has been present for the past 2 hours. He has a background of hypertension and hypercholesterolaemia for which he takes ramipril and simvastatin. Examination reveals vertical nystagmus and difficulty standing without support. What is the most appropriate next step in this patient's management?","[""Prochlorperazine 12.5 mg IM"", ""Arrange immediate admission for thrombolysis"", ""Urgent CT head"", ""Sumatriptan 50 mg PO"", ""Perform the Epley manoeuvre""]",Urgent CT head,2,
420,"A 23-year-old man with difficult to control epilepsy is reviewed in clinic, four months after a change in his antiepileptic medication. He has remained seizure free but has gained 5 kg in weight since last reviewed. Which one of the following antiepileptic drugs is most associated with weight gain?","[""Ethosuximide"", ""Sodium valproate"", ""Levetiracetam"", ""Carbamazepine"", ""Lamotrigine""]",Sodium valproate,1,"Sodium valproate may cause weight gain

The correct answer is

sodium valproate

, as it is the antiepileptic drug most commonly associated with weight gain. Sodium valproate can cause weight gain by increasing appetite and altering metabolism. This side effect is particularly concerning in patients who are already overweight or at risk of obesity-related medical conditions.

Ethosuximide

is typically used for absence seizures and is not commonly associated with significant weight gain. It may cause gastrointestinal side effects such as nausea, vomiting, and abdominal pain, but these usually do not contribute to changes in body weight.

Levetiracetam

has a relatively neutral effect on body weight. Some patients may experience mild weight gain or loss, but this is generally not a major concern when prescribing this medication.

Carbamazepine

can actually lead to modest weight loss in some patients due to its potential gastrointestinal side effects, such as nausea, vomiting, and diarrhoea. However, these side effects are usually transient and subside after an initial period of treatment.

Finally,

lamotrigine

also has a relatively neutral effect on body weight. It may cause mild fluctuations in appetite but does not typically result in significant weight gain or loss."
421,"A 72-year-old man presents to the Medical Assessment Unit with a 3-week history of intermittent confusion and mild right-sided weakness. His wife reports he has become increasingly forgetful and unsteady on his feet. There is no clear history of trauma. On examination, he has subtle right-sided pronator drift and mild cognitive impairment (MMSE 23/30). A CT head is performed.

What is the most likely radiological finding?","[""Bilateral hyperdense collections in the frontal regions"", ""Hypodense crescent-shaped collection over the left cerebral convexity"", ""Hyperdense lesion in the left parietal lobe with surrounding oedema"", ""Enlarged ventricles with periventricular lucency"", ""Diffuse cortical atrophy with widened sulci""]",Hypodense crescent-shaped collection over the left cerebral convexity,1,"On CT imaging, a chronic subdural haematoma will appear as a hypodense (dark), crescentic collection around the convexity of the brain

Hypodense crescent-shaped collection over the left cerebral convexity

is the correct answer. This patient's presentation is highly suggestive of a chronic subdural haematoma (CSDH). The gradual onset of confusion, progressive neurological deficit (right-sided weakness), and cognitive impairment over weeks are classic features. The right-sided weakness indicates a left-sided lesion (contralateral to the deficit). On CT imaging, a CSDH typically appears as a hypodense (dark), crescent-shaped collection that follows the convexity of the brain. The hypodensity develops as the haematoma ages over weeks, with protein breakdown and increased fluid content. CSDHs are common in elderly patients due to age-related brain atrophy creating tension on bridging veins, which can tear with even minor (and sometimes unnoticed) trauma.

Bilateral hyperdense collections in the frontal regions

would be more consistent with acute subdural haematomas, which appear hyperdense (bright) on CT due to the presence of fresh blood. Acute subdurals typically present with a more rapid onset of symptoms following a clear history of trauma, rather than the gradual progression seen in this case. Additionally, bilateral frontal collections would likely produce different neurological deficits than the unilateral right-sided weakness described.

Hyperdense lesion in the left parietal lobe with surrounding oedema

describes the appearance of an intracerebral haemorrhage or tumour. This is an intra-axial (within brain tissue) rather than extra-axial lesion. While this could cause right-sided weakness, the acute onset and rapid progression would be more typical for an intracerebral haemorrhage, and the surrounding oedema pattern is more characteristic of a tumour or subacute haemorrhage, neither of which fit the clinical timeline.

Enlarged ventricles with periventricular lucency

describes findings consistent with normal pressure hydrocephalus or obstructive hydrocephalus. While normal pressure hydrocephalus can present with cognitive impairment and gait disturbance (part of the classic triad along with urinary incontinence), it typically doesn't cause focal weakness and would affect both sides equally.

Diffuse cortical atrophy with widened sulci

is a finding associated with neurodegenerative conditions such as Alzheimer's disease or other dementias. While this could explain the cognitive impairment, it would not account for the focal right-sided weakness or the relatively rapid progression of symptoms over just three weeks."
422,A 19-year-old female presents complaining of visual disturbance. Examination reveals a bitemporal hemianopia with predominately the lower quadrants being affected. What is the most likely lesion?,"[""Brainstem lesion"", ""Craniopharyngioma"", ""Frontal lobe lesion"", ""Pituitary macroadenoma"", ""Right occipital lesion""]",Craniopharyngioma,1,"Bitemporal hemianopia

Craniopharyngioma

is indeed the correct answer. Craniopharyngiomas typically arise from remnants of Rathke's pouch above the pituitary gland and compress the optic chiasm from above. This superior compression characteristically causes a bitemporal hemianopia that affects the inferior fields first (as the crossing fibers in the superior chiasm are compressed first), which matches the description in this case. These tumors commonly present in children or young adults.

Brainstem lesion

is incorrect as brainstem lesions typically cause cranial nerve palsies, long tract signs, or internuclear ophthalmoplegia rather than visual field defects.

Frontal lobe lesion

is incorrect as frontal lobe lesions do not typically cause visual field defects unless they extend posteriorly to involve the optic radiation.

Pituitary macroadenoma

is incorrect because while it can cause bitemporal hemianopia, it typically grows upward from below the chiasm and affects the superior visual fields first (opposite to this case).

Right occipital lesion

is incorrect as this would cause a left homonymous hemianopia rather than a bitemporal defect. Occipital lesions affect the contralateral visual field and do not cause bitemporal defects.

The key to this question is recognizing that a bitemporal hemianopia affecting inferior fields first strongly suggests compression of the optic chiasm from above, which is characteristic of craniopharyngioma."
423,"A patient presenting to the emergency department undergoes a CT head scan. The report describes a hypodense collection around the convexity of the brain that is not limited to suture lines.

What is the most likely radiological diagnosis?","[""Subarachnoid haemorrhage"", ""Extradural haematoma"", ""Acute subdural haematoma"", ""Chronic subdural haematoma"", ""Intracerebral haematoma""]",Chronic subdural haematoma,3,"On CT imaging, a chronic subdural haematoma will appear as a hypodense (dark), crescentic collection around the convexity of the brain

On CT imaging, acute haematomas appear bright (hyperdense) whereas chronic haematomas appear dark (hypodense). Extradural haematomas are limited by suture lines whereas subdural haematomas are not. Intraparenchymal haematomas arise within the brain substance. Subarachnoid haemorrhage are typically seen as hyperdensity within the basal cisterns and sulci of the subarachnoid space."
424,"A 31-year-old man attends his appointment with an oncologist after being referred by his family physician. The man reported feeling nauseous and having a persistent headache for the past month. The pain was not relieved by the regular over-the-counter painkiller. The patient confirms that he has a significant family history of cancer and this is why he has been referred to see the oncologist.

After chromosome analysis which revealed an abnormality related to the chromosome 3p, the patient is explained that his condition will put him at higher risk of developing several tumors, which could be both benign and malignant. The oncologist tells the patient that this condition can be passed on to future generations and that the patient's children have a fifty-percent chance of developing the condition, given his spouse does not carry the mutation as well. The patient is happy to know that he will not need a screening flexible sigmoidoscopy.

Which of the following diseases is the patient at the highest risk of developing due to his underlying condition?","[""Lung carcinoma"", ""Clear-cell renal carcinoma"", ""Prostate carcinoma"", ""Breast carcinoma"", ""Osteogenic sarcoma""]",Clear-cell renal carcinoma,1,"Von Hippel-Lindau syndrome is associated with the development of clear-cell renal cell carcinoma

This patient presented with a persistent headache and feeling nauseous, in the setting of a positive family history of cancer. This has prompted the family physician to make a referral to an oncologist for further investigations. An abnormality related to the chromosome 3p, which carries the VHL gene, indicates that this man might be suffering from Von Hippel-Lindau (VHL) syndrome. This is an autosomal dominant condition which increases the risk of developing several cancers. Clear-cell renal carcinoma is one of the tumors which patient with VHL syndrome are at an increased risk of suffering from, although the most common tumors are hemangiomas. None of the other cancers mentioned below are associated with VHL although they may occur in a person with VHL.

(First Aid 2017, p495).

1: Lung carcinoma is one of the major causes of death worldwide. The disease is mainly due to smoking but can also occur in non-smokers due to environmental pollutants. Symptoms include persistent cough, hemoptysis, and loss of weight. Chest X-ray is an important first-line investigation in patients suspected of having lung cancer.

3: Prostate carcinoma is one of the most common cancers in men. Patients usually present with lower urinary tract symptoms such as frequency, poor flow or nocturia amongst others. While these symptoms are often due to benign prostatic hypertrophy, it is important to investigate these patients to rule out a prostate malignancy.

4: Breast carcinoma is one of the most common cancers in women. It can be non-invasive or invasive. Invasive ductal carcinoma is the most common of all breast cancers. Treatment range from wide-margin excision to mastectomy, and may also include radiotherapy and chemotherapy.

5: Osteogenic sarcoma, also known as osteosarcoma, is one of the most prevalent bone tumors of malignant origin. The disease usually occurs into those under 20 years and above 65 years of age. Anatomically, it develops in the metaphyses of the long bones, typically around the knee. A characteristic X-ray appearance is that of the Codman triangle."
425,"A 35-year-old male patient with a past medical history of adult polycystic kidney disease is admitted to hospital with a sudden-onset, severe occipital headache associated with nausea and vomiting. He rates the severity of his headache as 10/10 and describes it as 'the worst headache of his life.'

Vital signs are notable for a heart rate of 96 beats per minute, blood pressure 135/70 mmHg, respiratory rate of 24 breaths per minute, and temperature of 37.0ºC.

On examination, his Glasgow Coma Scale (GCS) score is 14/15, pupils are symmetric in size and reactive to light, and there are no focal neurological deficits.

A non-contrast Computed Tomography (CT) scan of his head reveals the suspected diagnosis.

While awaiting further management in the Emergency Department a few hours after symptom onset, he develops an acute deterioration in his neurological status with a GCS drop to 11/15. Haemodynamic parameters remain within normal range.

Given the suspected complication in question, what is the most appropriate next step in management?","[""Repeat non-contrast CT Head"", ""Transcranial Dopplers"", ""Lumbar Puncture"", ""MRI Head"", ""ECG""]",Repeat non-contrast CT Head,0,"Subarachnoid haemorrhage: if rebleeding is suspected (e.g. sudden worsening of neurological symptoms) → repeat CT

The syndrome described in the vignette is that of subarachnoid haemorrhage (SAH) likely secondary to a berry aneurysm in a patient with adult polycystic kidney disease. Complications of SAH include, among others, re-bleeding, vasospasm with delayed cerebral ischaemia, hydrocephalus, seizures, hyponatraemia, and cardiopulmonary complications.

One of the early complications is re-bleeding, which may occur as early as 2-12 hours following the bleeding event, marked by a sudden deterioration in the patient's neurological symptoms. If re-bleeding is suspected, patients should have an urgent repeat CT Head to confirm this. Re-bleeding is associated with a high mortality rate and patients with rebleeding should undergo emergency repair of their aneurysm.

Transcranial dopplers can be used to evaluate for the presence of vasospasm. Vasospasm usually begins no earlier than 72 hours following the onset of bleeding, with a peak incidence on days 7-8. Similarly, this will also present with sudden deterioration in neurological status. All patients should receive nimodipine and euvolaemia should be maintained to reduce the risk of poor outcomes from vasospasm and ensuing delayed cerebral ischaemia.

A lumbar puncture has limited utility in evaluating for xanthochromia - from the breakdown of red blood cells in the cerebrospinal fluid - in patients with a delayed presentation of subarachnoid haemorrhage when the sensitivity of a CT Head is lower.

While an MRI head is a sensitive test for the evaluation of subarachnoid bleeds, there are often resource and duration limitations that can impede the timely assessment of a neurologically deteriorating patient.

Finally, an ECG may show 'cerebral t-waves' in the setting of a subarachnoid haemorrhage but is unlikely to explain the cause of this patient's GCS deterioration."
426,"A 62-year-old man comes into the emergency department due to increased double vision. He has been finding it increasingly difficult to walk down stairs because he is seeing two of every step. However, he is able to walk upstairs without any problems. The patient also reports trouble whilst reading the newspaper.

Upon further questioning he denies any recent eye trauma, headache or any weakness or numbness of his limbs. He suffers from hypertension and type 2 diabetes mellitus, both of which are well controlled. The patient is a non-smoker and denies use of recreational drugs or alcohol.

Which of the following structures has most likely been affected?","[""Abducens nerve"", ""Oculomotor nerve"", ""Optic nerve"", ""Trigeminal nerve"", ""Trochlear nerve""]",Trochlear nerve,4,"Vision worse going down stairs? Think 4th nerve palsy

This patient likely has trochlear nerve palsy (CN IV).  Microvascular disease can involved CN IV in older patients with cardiovascular risk factors. The trochlear nerve innervates the superior oblique muscle which causes the eye to internally rotate and depress while adducted.

Patients with trochlear nerve palsy usually present with vertical diplopia, most noticeable when the affected eye looks down and nasally. Clinical examination would show impairment of downgaze when the affected eye is adducted.

Abducens nerve (CN VI) innervates the lateral rectus which abducts they eye. A lesion affecting this nerve would cause horizontal diplopia and inward deviation of the eye.

The oculomotor nerve (CN III) innervates; superior and inferior recti, medial rectus and inferior oblique muscles. Palsies to this nerve would present with impaired horizontal eye movement and weak adduction of the affected eye.

Loss of vision would result from damage to the optic nerve (CN II).

The trigeminal nerve does not supply motor function to the ocular muscles."
427,"A 16-year-old girl is seen in the clinic with suspected complex partial seizures following several episodes of impaired consciousness and automatic features including lip-smacking and chewing. Further investigation confirms the likely diagnosis, and the child is started on a medication for the condition.

A few days later however the child is rushed into hospital with a several, global rash with blistering and peeling of the skin. The mucous membranes are also involved and there is evidence of end-organ failure.

What medication was the child most likely started on?","[""Lamotrigine"", ""Levetiracetam"", ""Sodium valproate"", ""Topiramate"", ""Valpromide""]",Lamotrigine,0,"A rare but recognised adverse effect of lamotrigine therapy is Stevens-Johnson syndrome

This child has developed features clearly in keeping with the potential life-threatening skin reaction Stevens-Johnson syndrome (SJS). Although potential causes include viral infection and malignancies, drug reactions are by far the most common cause of SJS. Several medication can be responsible for SJS including two main anti-epileptics; phenytoin and

lamotrigine

. The other anti-epileptics options are not commonly known to be associated with the condition.

Levetiracetam

, commonly known by its brand name Keppra, is an anti-epileptic used in the management of partial-onset, myoclonic or tonic-clonic seizures. Compared to other anti-epileptics, the incidences of SJS with levetiracetam are extremely low with only sparse reporting of a potential association.

Sodium valproate

, another common anti-epileptic is rarely associated with SJS and in most reported incidences it is found that other drugs along with valproate were administered.  Severe side effects associated with sodium valproate include hepatotoxicity, pancreatitis, and fetal abnormalities in pregnancy.

Topiramate

is a carbonic anhydrase inhibitor mainly used in the management of migraines, but it is also still used for both generalised and partial seizures. As a less commonly used anti-epileptic, topiramate is often used in complex seizures in children. It is also used in the management of overuse/rebound headaches secondary to chronic analgesia use. Topiramate is not associated with SJS, with side effects including impaired cognition, paraesthesia and rarely metabolic acidosis.

Valpromide

is a derivative of valproic acid also used for the treatment of epilepsy and some affective disorders. It has a similar side effect profile as sodium valproate and again is not associated with SJS."
428,"A 68-year-old woman presents with a two month history of electric shock like pains on the right side of her face. She describes having around 10-20 episodes a day which, each lasting for around 30-60 seconds. A recent dental check was normal. Neurological examination is unremarkable. What is the most suitable first-line management?","[""Amitriptyline"", ""Sodium valproate"", ""Carbamazepine"", ""Atenolol"", ""Zolmitriptan""]",Carbamazepine,2,"Trigeminal neuralgia - carbamazepine is first-line

The correct answer in this case is

Carbamazepine

. The patient's symptoms of electric shock-like pains on one side of her face, with multiple episodes a day lasting for 30-60 seconds, are highly suggestive of trigeminal neuralgia. Carbamazepine is the first-line treatment for trigeminal neuralgia according to UK guidelines. It works by stabilizing the voltage-gated sodium channels in neurons, which helps to reduce the frequency and severity of the painful episodes.

Amitriptyline

is an incorrect choice because it is a tricyclic antidepressant that can be used as an adjuvant therapy in neuropathic pain but not as a primary treatment for trigeminal neuralgia. It may be considered if other first-line treatments are contraindicated or ineffective.

Sodium valproate

is also incorrect as it is primarily used as an antiepileptic medication and mood stabilizer. While it has some efficacy in treating neuropathic pain, it is not recommended as a first-line treatment for trigeminal neuralgia.

Atenolol

is a beta-blocker typically prescribed for hypertension and angina management; it has no role in the management of trigeminal neuralgia and therefore would not be appropriate in this scenario.

Finally,

Zolmitriptan

is incorrect because it is a triptan medication used specifically for the acute treatment of migraines and cluster headaches. It does not have any significant benefit in managing trigeminal neuralgia symptoms.

In summary, given the patient's presentation consistent with trigeminal neuralgia, Carbamazepine would be the most suitable first-line management option according to UK guidelines."
429,"A 29-year-old woman presents to her GP with fatigue. She says that for the last few months she has felt weak, particularly towards the end of the day. She does not report any change in sleeping habit, mood, diet or weight. She also says that she sometimes gets double vision.

On examination she has a partial ptosis bilaterally but more noticeable on the left, and the rest of her cranial nerves are normal. Her power is 4/5 all limbs, and her sensation and reflexes are intact.

What is the pathophysiology underlying the likely diagnosis?","[""Acetylcholine receptor antibodies"", ""Cerebral infarction"", ""Demyelination of the central nervous system"", ""Demyelination of the peripheral nervous system"", ""Inclusion bodies in motor neurones""]",Acetylcholine receptor antibodies,0,"Myasthenia gravis - antibodies against acetylcholine receptors

The history is suggestive of myasthenia gravis, which causes dysfunction at the neuromuscular junction due to the body forming antibodies against the acetylcholine receptor.

Neurological symptoms associated with cerebral infarction would usually be unilateral, with an abrupt onset and non-fluctuating course.

Demyelination of the central nervous system is the pathophysiology in multiple sclerosis (MS). This is an important differential to consider, but the history is more typical of myasthenia gravis. In particular, the typical eye symptom in MS is optic neuritis - painful loss of vision.

Demyelination of the peripheral nervous system is the pathophysiology in Guillain-Barre syndrome. In this condition you would expect the weakness to be progressive and reflexes to be diminished.

Inclusion bodies in motor neurones causes amyotrophic lateral sclerosis, a type of motor neurone disease. In this condition you would expect the weakness to be progressive and associated with muscle stiffness/spasms. The extra-ocular muscles are usually spared until late in the disease, so the eye symptoms make this diagnosis less likely."
430,"A 67-year-old man presented to the emergency department with sudden onset double vision on rightward gaze. He had a background of ischaemic heart disease and hypercholesterolemia. He smoked 10 cigarettes per day.

On examination, he was found to have a normal gait and a normal peripheral neurological examination. Examination of the cranial the left eye did not adduct on rightward gaze and the right eye exhibited nystagmus. The pupils were equal and reactive the light.

The emergency department team arrange an urgent MRI of the brain to rule out a possible stroke.

Where is the neurological lesion that would account for the clinical presentation?","[""Left medial longitudinal fasciculus"", ""Left oculomotor nucleus"", ""Right abducens nucleus"", ""Right medial longitudinal fasciculus"", ""Right oculomotor nucleus""]",Left medial longitudinal fasciculus,0,"Internuclear ophthalmoplegia is due to a lesion in the medial longitudinal fasciculus

The patient here has presented with a typical history and examination of internuclear ophthalmoplegia. Internuclear ophthalmoplegia occurs due to lesions in the medial longitudinal fasciculus (MLF), which is located in the paramedian area of the midbrain and the pons. The patient has is at high risk for a stroke, with the previous past medical history and smoking history presented. Strokes can occur in the microvasculature of the midbrain, even with tiny areas of infarction, devastating consequences can arise.

In order to generate conjugate eye movements, a signal is sent from the paramedian pontine reticular formation (PPRF) to the pontine abducens nucleus. A signal is then sent from the abducens nucleus to the ipsilateral lateral rectus muscle via the abducens nerve and to the contralateral oculomotor nucleus to control the contralateral medial rectus muscle. Fibres from the abducens nucleus cross the midline of the brainstem and form a highly myelinated tract, the MLF, which travels up the contralateral side of the brainstem to the oculomotor nucleus. The contralateral medial rectus muscle is then innervated from the oculomotor nucleus in the midbrain. The eye which fails to adduct is ipsilateral to the lesion in the MLF as the oculomotor nucleus does not receive a signal from the contralateral abducens nucleus to adduct. This results in a failure of conjugate gaze and diplopia.

The horizontal nystagmus of the right eye above is explained by Hering's law of equal innervation, whereby the 'weak, medial rectus muscle prompts the cortex to increase innervation to the oculomotor nucleus. This prompts an equally increased, and in this case, excessive innervation to the contralateral abducens nucleus, resulting in horizontal nystagmus of the right eye.

A lesion of the right abducens nucleus is incorrect. The right abducens nerve is functioning in the scenario above as the patient can look to the right and so we can assume that the nucleus is functioning also. The fact that the right eye exhibits nystagmus is related to Hering's law as mentioned above.

The left and right oculomotor nuclei are incorrect. The nuclei of the oculomotor nerve innervate ipsilaterally, emerging from the medial aspect of the cerebral peduncles. Hence a lesion of the left oculomotor nucleus would affect the left eye and lesion of the right oculomotor nucleus would affect the right eye. Lesions of the oculomotor nuclei would result in more profound ophthalmoplegias with the eye often resting in the 'down and out' position, due to unopposed lateral rectus and superior oblique contraction."
431,Which of the following features is least likely to be found in a patient with tuberous sclerosis?,"[""Shagreen patches"", ""Cafe-au-lait spots"", ""Retinal hamartomas"", ""Axillary freckling"", ""Renal angiomyolipomata""]",Axillary freckling,3,
432,Which one of the following is least recognised as a cause of autonomic neuropathy,"[""Guillain-Barre syndrome"", ""New variant CJD"", ""Diabetes"", ""Parkinson's"", ""HIV""]",New variant CJD,1,
433,"A 74-year-old man presents with sudden onset left arm weakness, dysphasia and a left-sided facial droop which started one hour ago.

He has a background of hypertension, type 2 diabetes mellitus and hypercholesterolaemia. He lives with his wife and is usually independent of all activities of daily living, regularly playing golf with friends.

On examination, he has increased tone and 2/5 power throughout his left arm. His National Institutes of Health Stroke Scale (NIHSS) score is 9.

CT head shows an ischaemic lesion in the right hemisphere without evidence of haemorrhagic transformation. Magnetic resonance angiography confirms occlusion of the proximal anterior circulation.

What is the best next step in management?","[""Clopidogrel"", ""Intravenous heparin"", ""Modified-release dipyridamole"", ""Thrombolysis"", ""Thrombolysis and thrombectomy""]",Thrombolysis and thrombectomy,4,"A combination of thrombolysis AND thrombectomy is recommend for patients with an acute ischaemic stroke who present within 4.5 hours

NICE updated their guidelines for stroke in 2019. One of the most recent developments has been the recommendation to offer thrombectomy, together with thrombolysis, for patients who have a confirmed occlusion of the proximal anterior circulation on imaging. NICE have also made recommendations to use a modified Rankin score of less than 3 and a National Institutes of Health Stroke Scale (NIHSS) score of more than 5 when considering the selection of patients for mechanical thrombectomy.

This patient has a good premorbid status and an NIHSS score of 9. He would thus meet the criteria for a combination of thrombolysis and thrombectomy. For patients presenting within 4.5 hours and not meeting these criteria, thrombolysis is still recommended - provided there are no contraindications and haemorrhagic stroke has been excluded on imaging.

Clopidogrel would be used for secondary prevention of stroke but not in the acute setting. If both aspirin and clopidogrel were contraindicated or not tolerated, dipyridamole could be used for this purpose.

Intravenous heparin has a number of uses, including the treatment of venous thrombosis and acute peripheral arterial occlusion. It is no longer used in the acute management of ischaemic stroke, however, as it is associated with an increased risk of cerebral and systemic bleeding."
434,A 44-year-old woman presents with a three month history of worsening involuntary movements of the head. These are worse when she is stressed and improved by alcohol. They are not present when she is sleep. There are no other neurological symptoms of note and neurological examination is unremarkable other than spotaneous movements of the head which are worse when she looks to either side. Her father had a similar complaint but never sought medical attention. What is the most likely diagnosis?,"[""Parkinson's disease"", ""Cerebellar tremor"", ""Huntington's disease"", ""Multiple sclerosis"", ""Essential tremor""]",Essential tremor,4,
435,"A 42-year-old woman presents as she has noticed a 'droop' in the right side of her face since she woke up this morning. There is no associated limb weakness, dysphagia or visual disturbance. On examination you notice right-sided upper and lower facial paralysis. Which one of the following features would be most consistent with a diagnosis of Bell's palsy?","[""Vesicular rash around the ear"", ""Hyperacusis"", ""Sensory loss over the distribution of the facial nerve"", ""Pins and needles in the right arm"", ""Rhinorrhoea""]",Hyperacusis,1,
436,"A 70-year-old man is investigated for involuntary, jerking movements of his arms. His symptoms seem to resolve when he is asleep. Damage to which one of the following structures may lead to hemiballism?","[""Substantia nigra"", ""Red nucleus"", ""Subthalamic nucleus"", ""Globus pallidus"", ""Frontal lobe""]",Subthalamic nucleus,2,"Hemiballism is caused by damage to the subthalamic nucleus

The correct answer is the

subthalamic nucleus

. Hemiballism is a rare syndrome characterised by involuntary, violent, flinging movements of the limbs on one side of the body. It is most commonly caused by damage to the subthalamic nucleus, a part of the basal ganglia that plays a crucial role in motor control. The subthalamic nucleus interacts with other structures in the basal ganglia to regulate movement. When it's damaged - often due to stroke or trauma - it can lead to disinhibition of thalamocortical output, resulting in uncontrolled movements typical of hemiballism.

The

substantia nigra

is more associated with Parkinson's disease than hemiballism. This structure produces dopamine, a neurotransmitter involved in controlling movement and coordination. Degeneration of dopaminergic neurons within the substantia nigra leads to decreased dopamine levels and results in Parkinson's disease, characterised by bradykinesia (slowness of movement), resting tremor, rigidity and postural instability.

Damage to the

red nucleus

doesn't typically result in hemiballism either. The red nucleus is involved in motor coordination but its exact role isn't fully understood. Lesions here may cause problems with coordinated movement or gait but not the characteristic flinging movements seen in hemiballism.

Similarly, lesions affecting the

globus pallidus

, another part of the basal ganglia, are not typically associated with hemiballism but rather with dystonia or parkinsonian symptoms. The globus pallidus works together with other structures within the basal ganglia to modulate voluntary movement.

Finally, damage to the

frontal lobe

can cause a variety of motor and cognitive symptoms given its involvement in many aspects of brain function including personality traits, decision-making and voluntary movement control. However, it's not typically implicated as a cause for hemiballism which is more closely related to specific structures within the basal ganglia such as subthalamic nucleus."
437,A 55-year-old man presents complaining of visual disturbance. Examination reveals a right congruous homonymous hemianopia with macula sparing. Where is the lesion most likely to be?,"[""Right optic nerve"", ""Right optic radiation"", ""Left optic tract"", ""Left occipital cortex"", ""Optic chiasm""]",Left occipital cortex,3,"Visual field defects:

The correct answer is the

Left occipital cortex

. A congruous homonymous hemianopia with macula sparing is indicative of a lesion in the occipital lobe, particularly in the primary visual cortex. The term 'congruous' refers to the mirror-image nature of the visual field defect in both eyes, which suggests that the lesion is located posterior to the optic tract. The term 'macula sparing' refers to the preservation of central vision, which is a characteristic feature of lesions in the occipital lobe due to dual blood supply from both middle and posterior cerebral arteries.

The

Right optic nerve

option would typically present as monocular vision loss rather than homonymous hemianopia. Damage at this level would affect only one eye because it occurs before the decussation (crossing) of optic nerve fibres at the chiasm.

Similarly, a lesion in the

Right optic radiation

would result in a left homonymous hemianopia. This is because right optic radiations carry information from left visual fields after decussation has occurred at the level of the optic chiasm.

A lesion in the

Left optic tract

would lead to a right homonymous hemianopia but it would be incongruous rather than congruous. Incongruity typically indicates a lesion anterior to the lateral geniculate nucleus i.e., at the level of either optic tract or chiasm.

Finally, an injury at the level of

Optic chiasm

, such as caused by pituitary adenomas or craniopharyngiomas, usually leads to bitemporal hemianopia (loss of the outer/temporal half of visual field in both eyes). This occurs due to damage to crossing nasal fibres from each retina that carry temporal visual field information."
438,"A 19-year-old woman presents to her General Practitioner with a bilateral sensorineural hearing loss. An MRI brain is requested and it reveals what are likely to be bilateral vestibular schwannomas.

What neurocutaneous syndrome is the patient very likely to have?","[""Sturge Weber syndrome"", ""Von Hippel Lindau syndrome"", ""Tuberous sclerosis"", ""Neurofibromatosis type 1"", ""Neurofibromatosis type 2""]",Neurofibromatosis type 2,4,"Neurofibromatosis type 2 is associated with bilateral vestibular schwannomas

Neurofibromatosis type 2 is a rare neurocutaneous syndrome. A classical feature includes bilateral vestibular schwannomas (previously known as acoustic neuromas), which present as a sensorineural hearing loss. Patients may have multiple schwannomas, meningiomas and ependymomas of the brain or spine. Other findings include retinal hamartomas, cataracts, Cafe Au Lait markings and peripheral nerve tumours.

Neurofibromatosis type 1, also known as von Recklinghausen disease, does not typically feature bilateral vestibular schwannomas. The typical features are Cafe au Lait spots, axillary freckling, Lisch nodules, neurofibromas and optic nerve gliomas.

Von Hippel Lindau syndrome is a condition featuring visceral cysts and benign tumours in any system, including the brain. It is not associated with bilateral vestibular schwannomas.

Tuberous sclerosis is a rare genetic disorder due to mutation of either the TSC1 or TSC2 genes. Its features are multiple central nervous system hamartomas (tubers), subependymal giant cell astrocytomas of the brain, kidneys angiomyolipomas, cardiac rhabdomyomas, facial angiofibromas, Shagreen patches and retinal astrocytic hamartomas.

Sturge Weber syndrome characterised by a 'port-wine stain' of the forehead, learning disabilities, seizures and glaucoma."
439,"An 18-year-old man presents for a general health review. He is currently well in himself, although has a complex past medical history involving recurrent chest infections and prominent difficulties with gait and movement since early childhood.

On examination, gait and limb coordination and movement difficulties are evident. Truncal instability is noted and tendon reflexes are absent. Distinct blood vessels are visible in both eyes, giving a 'bloodshot' appearance. Similar vessels are also prominent on the ear lobes.

What is the most likely diagnosis?","[""Ataxia telangiectasia (AT)"", ""Fragile-X tremor-ataxia syndrome (FXTAS)"", ""Friedrich's ataxia (FA)"", ""Niemann-Pick disease type C (NP-C)"", ""Von Hippel-Lindau (VHL) disease""]",Ataxia telangiectasia (AT),0,"Ataxic telangiectasia is characterised by cerebellar ataxia and telangiectasia, onset is in childhood

This patient's history, and examination findings, are highly suggestive of

ataxia telangiectasia

(AT). This is an autosomal recessive disorder that presents in early childhood, with onset typically around the age of 1 to 5 years. Patients experience significant ataxia due to cerebellar dysfunction, in addition to IgA deficiency - resulting in recurrent chest infections as seen here - as well as classic telangiectasias of the eyes and sun-exposed areas.

There is some overlap with

Friedrich's ataxia

(FA), in that it is also a cause of cerebellar ataxia and is inherited in an autosomal recessive fashion. However, its onset is typically around the age of 10 to 15 years. It has other features not present here, including optic atrophy, kyphoscoliosis and a link with hypertrophic obstructive cardiomyopathy.

Fragile-X tremor-ataxia syndrome

(FXTAS) is another cause of ataxia, although typically occurs in much older men and family history is more likely to be present. Tremor and autonomic deficits are more characteristic of FXTAS. Given the description of telangiectasias and young onset here, AT is more likely.

Niemann-Pick disease type C

(NP-C) presents with progressive neurodegeneration, developmental and speech delay, cataplexy and seizures, none of which are present here. Although gait ataxia is also present, the absence of the other features makes this less likely.

Von Hippel-Lindau (VHL)

disease is a rare genetic disorder involving multiple systems. Whilst also associated with cerebellar dysfunction and issues with balance and coordination, it is typically associated with retinal haemangioblastoma, renal cell carcinoma and phaeochromocytoma, none of which are present here."
440,"A 52-year-old man presents to the emergency department with a sudden, severe headache that started whilst at work 12 hours ago. He has no significant past medical history. He admits to being a frequent user of cocaine.

On examination, he appears to be in significant pain and distress. There are no signs of confusion. Neurological assessment is unremarkable. An urgent CT scan of the head is requested, which shows no acute abnormalities.

What is the most appropriate next step in investigation?","[""CT angiogram of the head"", ""Lumbar puncture"", ""MRI scan of the head"", ""Temporal artery biopsy"", ""Urine drug screen""]",Lumbar puncture,1,"If subarachnoid haemorrhage is suspected but a CT head done > 6 hours after symptom onset is normal, a lumbar puncture should be done to confirm or exclude the diagnosis

This patient's presentation of a sudden-onset severe headache is in keeping with subarachnoid haemorrhage (SAH). It is often described by patients as the worst headache that they have ever experienced. There is no history of trauma mentioned in this scenario and so this is likely to be a spontaneous SAH. It may be accompanied by nausea and vomiting, as well as signs of meningism - photophobia and neck stiffness. Non-contrast CT head is the initial investigation of choice. If done within 6 hours of onset and is normal, an alternative diagnosis should be considered. However, if done more than 6 hours after onset, as is the case here, a

lumbar puncture

should urgently be performed to assess for xanthochromia and raised opening pressure. If confirmed SAH, an immediate referral to neurosurgery is warranted.

A

CT angiogram of the head

may be used in the context of SAH. However, it is used after spontaneous SAH is confirmed, rather than diagnostically, to identify the underlying cause - for instance, an aneurysm or arteriovenous malformation.

MRI scanning of the head

is not routinely used in the investigation of SAH, as CT head is sufficient. If the CT head is normal, a lumbar puncture should be performed next.

Temporal artery biopsy

is used to assess for evidence of giant cell arteritis (GCA). Although also presenting with a headache, this typically presents with temporal tenderness, jaw claudication and often a background of polymyalgia rheumatica. This does not fit with the scenario here, which is more likely to be SAH.

A

urine drug screen

may be useful to rule out cocaine as the underlying cause of the headache. However, it does not change the fact that a lumbar puncture is the most important step to definitively exclude SAH."
441,"A 44-year-old man presents to his GP complaining of weakness in his hands and legs and numbness in his feet. He first noticed some problems with walking in his late teens and reports that he's always been 'clumsy' and will often trip over. He is otherwise well and takes no regular medications. On examination, he has a high-stepping gait with wasting of the lower legs and high arches. Power is reduced in all limbs and reflexes are difficult to elicit. There is a reduction in sensation which is more pronounced distally. Coordination is intact.

What is the most likely diagnosis?","[""Duchenne muscular dystrophy"", ""Cervical spondylotic myelopathy"", ""Guillain-Barre syndrome"", ""Subacute combined degeneration of the cord"", ""Charcot-Marie-Tooth disease""]",Charcot-Marie-Tooth disease,4,"Charcot-Marie-Tooth disease can affect both motor and sensory peripheral nerves

Charcot-Marie-Tooth disease is a hereditary sensory and motor peripheral neuropathy. UMN signs are not present in these patients. Patients can present with lower motor neurone signs in all limbs and reduced sensation (more pronounced distally).

Duchenne muscular dystrophy is an inherited myopathy. It is caused by progressive degeneration and weakness of specific muscle groups. Most patients lose the ability to walk by 12 years of age and require ventilatory support by the age of 25. Sensation is intact in these patients.

Cervical spondylosis is the term used for osteoarthritis of the spine and can result in compression of the spinal cord. This is more likely to result in LMN signs at the level of the compression (ie. upper limb if the lesion is below C5) with UMN signs below (in the lower limb). Patients usually complain of neck pain and stiffness.

Guillain-Barre syndrome (GBS) is an inflammatory peripheral sensory and motor neuropathy. It typically presents over the course of days to weeks, not years. There is often a recent bacterial or viral infection in the history.

Patients with subacute combined degeneration of the cord (SCDC) classically have an ataxic gait (due to degeneration of the dorsal columns) and mixed UMN and LMN signs (due to degeneration of lateral motor tracts and peripheral nerves). The history will typically be subacute, occurring over months rather than decades. Patients with SCDC often notice sensory symptoms before weakness."
442,"A 50-year-old man presents to the emergency department with a one-hour history of right-sided weakness and facial droop, which has now entirely resolved. He has a past medical history of migraines with aura, which started around 8 years ago, and low mood. He had a similarly brief episode of sudden dizziness and slurred speech six months ago but did not seek medical attention. His father had similar experiences in his 50s but died in a road traffic accident aged 60.

The patient's CT head is normal. He has an MRI head which shows a number of hyperintense lesions. What is the most likely cause for his symptoms?","[""Early onset Alzheimer's disease"", ""CADASIL"", ""Huntington's disease"", ""Variant Creutzfeldt-Jacob disease"", ""Atypical migraine""]",CADASIL,1,"CADASIL is a rare cause of multiple cerebral infarctions

The correct answer is CADASIL - cerebral autosomal dominant arteriopathy with subcortical infarcts and leukoencephalopathy. This is a genetic condition due to a mutation in the NOCTH3 gene. It usually presents with the onset of migraines in middle age, followed by recurrent TIAs and strokes, and resulting in neuro-cognitive decline, psychiatric problems and dementia. MRI often shows multiple widespread hyper-intense lesions in the white matter, basal ganglia, thalamus and pons.

CADASIL foundation:

https://www.cadasilfoundation.org/what.html"
443,"A 55-year-old man presents to his general practitioner with reports of recurrent episodes of the room spinning. He has no past medical history. He denies hearing loss or aural fullness. The patient experiences this commonly when he is in bed and each episode lasts 10-20 seconds. This has been ongoing for months and was preceded by an upper respiratory tract infection. He is well in between episodes.

The examination is unremarkable.

What is the likely diagnosis?","[""Benign paroxysmal positional vertigo"", ""Meniere's disease"", ""Multiple sclerosis"", ""Posterior circulation stroke"", ""Viral labyrinthitis""]",Benign paroxysmal positional vertigo,0,"Typical BPPV history:

Benign paroxysmal positional vertigo

is correct. The patient gives a clear history short lasting stereotyped episodes of vertigo. Given this is commonly occurring when he is in bed it suggests that rolling over in bed is contributory, which would be typical of this diagnosis (brought about by changes in head position).

Meniere's disease

is incorrect. This can cause recurrent episodes of vertigo. However, it will be unrelated to head position, episodes typically last 2-3 hours and there may be other associated features like hearing loss and a sensation of aural fullness.

Multiple sclerosis

is incorrect. Vertigo is uncommon in MS. If it occurs, it is unlikely to be short-lasting. Additionally, there would typically be other associated features e.g. clinical signs of an upper motor neuron disorder or optic neuritis. It would be unrelated to the position a patient takes.

Posterior circulation stroke

is incorrect. If the patient had a stroke it would be a sudden onset of persistent vertigo rather than recurrent episodes with periods of being well in between. The examination may be abnormal.

Viral labyrinthitis

is incorrect. This can cause vertigo. However, it would typically cause vertigo after an infection that would result in one continuous episode that subsequently resolves rather than recurrent episodes. In this case, the infection that preceded the symptoms is unrelated. Furthermore, viral labyrinthitis causes

hearing loss

(unlike vestibular neuritis), which is absent here and makes the diagnosis unlikely."
444,A 60-year-old woman presents with a tremor. Which one of the following features would suggest a diagnosis of essential tremor rather than Parkinson's disease?,"[""Difficulty in initiating movement"", ""Tremor is worse following alcohol"", ""Postural instability"", ""Unilateral symptoms"", ""Tremor is worse when the arms are outstretched""]",Tremor is worse when the arms are outstretched,4,
445,"A 35-year-old woman presents with a one-week history of blurred vision in her right eye and pain with eye movement. One year prior, she experienced sudden weakness and stiffness in her left leg, which resolved over three days. She also reports a transient decrease in colour perception six months ago. Examination reveals a relative afferent pupillary defect and optic disc swelling on the right side.

Which MRI sequence is most appropriate for identifying the characteristic lesions associated with this condition?","[""MRI diffusion-weighted sequence"", ""MRI FLAIR sequence"", ""MRI STIR sequence"", ""MRI susceptibility-weighted sequence"", ""MRI T1-weighted sequence""]",MRI FLAIR sequence,1,"Use MRI FLAIR sequence in diagnosis of multiple sclerosis vs. MRI STIR in flares of thyroid eye disease

The

MRI FLAIR sequence

is the correct answer. Multiple sclerosis (MS) is defined by recurrent neurological symptoms. The patient presents with blurred vision in her right eye, associated with pain on movement, and has experienced weakness and stiffness in the limbs that resolved over three days a year previously, as well as a transient reduction in colour perception six months ago. These clinical features are indicative of MS and align with its relapsing-remitting nature, where patients undergo exacerbations followed by periods of remission. MRI FLAIR sequences are particularly adept at identifying hyperintense lesions on T2-weighted images, which are characteristic of MS; they effectively reveal lesions within periventricular areas and can detect the pathognomonic Dawson fingers that extend perpendicular to the corpus callosum. This imaging modality is proficient at detecting disseminated lesions across both time and space, which are crucial criteria for diagnosing MS.

The

MRI diffusion-weighted sequence

is primarily utilised for detecting acute ischaemic strokes by highlighting areas of restricted diffusion. However, it is not the optimal choice for visualising chronic lesions typical of MS since it focuses on changes in water molecule diffusion within brain tissue – a feature not commonly associated with MS lesions.

The

MRI STIR sequence

is widely used in soft tissue imaging and is particularly useful for detecting oedema and inflammation in various conditions. It plays a significant role in evaluating thyroid eye disease due to its sensitivity to oedema and ability to assess soft tissue involvement. Nevertheless, other MRI sequences offer superior visualisation of demyelinating plaques found in MS.

The

MRI susceptibility-weighted sequence

is invaluable for identifying microhaemorrhages or iron deposits within cerebral tissues in conditions such as haemochromatosis. It also has applications in cases involving cerebral microhaemorrhages and vascular anomalies but falls short in depicting key features of MS like periventricular plaques and Dawson fingers.

The

MRI T1-weighted sequence

provides high-resolution images that delineate anatomical structures clearly and can be essential when assessing brain anatomy and atrophy. However, it has limited sensitivity for high-signal lesions prevalent in MS; these lesions are more conspicuously identified on T2-weighted or FLAIR sequences. Although T1-weighted sequences can show contrast-enhancing lesions signifying active inflammation, they are less sensitive when it comes to detecting chronic non-enhancing lesions."
446,"A 35-year-old man is brought into the emergency department after being assaulted and robbed 1 hour ago. He states he was struck on his head and upper body with a crowbar before being knocked unconscious. He has nausea, right-sided headache, and severe right forearm pain with deformity but denies chest and abdominal pain. He has a history of diabetes mellitus and dyslipidemia.

His blood pressure is 168/88 mmHg, heart rate 55 beats/min and respiratory rate 14 breaths/min. During the examination, the patient becomes obtunded.

What finding is most likely to be seen in this patient?","[""Increased jugular venous pressure (JVP)"", ""Lower limb fasciculations"", ""Nuchal rigidity"", ""Petechial rash overlying anterior chest wall"", ""Unilateral pupillary dilatation""]",Unilateral pupillary dilatation,4,"Raised ICP can cause a third nerve palsy due to herniation

This patient likely has an epidural haematoma that has caused transtentorial herniation. This is evidenced by the history of head trauma, a lucid interval, signs of increased intracranial pressure and a resultant decrease in consciousness resulting in obtundation. Increased pressure within the cranium secondary to the rapid expansion of intracranial haematoma can cause the temporal lobe to herniate through the tentorial notch. This herniation can compress the ipsilateral third cranial nerve, resulting in a

dilated pupil

, ptosis and 'down and out' eye deviation.

Increased JVP

occurs in conditions such as cardiac tamponade and tension pneumothorax. Considering that this patient does not have chest pain or signs of obstructive shock (tachycardia, hypotension), this is unlikely.

Lower limb fasciculations

occur due to lower motor neuron damage and can be seen in conditions that damage lower motor neurons (eg. amyotrophic lateral sclerosis). This patient has transtentorial cerebral herniation secondary to epidural haematoma and would thus have upper motor neuron signs (hemiparesis, hypertonicity, hyperreflexia).

Nuchal rigidity

does not occur with transtentorial herniation. Neurological conditions that cause nuchal rigidity include meningitis and subarachnoid haemorrhage.

A

petechial rash overlying the chest

is a possible symptom of fat embolism syndrome and is not associated with transtentorial herniation. Fat embolism syndrome can occur 24 hours after fracture of a large bone containing marrow/fat and is associated with organ compromise due to the release of fat into the vascular system such as neurological dysfunction, respiratory injury and petechial rash. The timing of this patient's neurological deterioration, lack of respiratory distress, small bone fracture (forearm) as well as other symptoms make this diagnosis unlikely."
447,A 47-year-old man with a known history of schizophrenia is admitted to the Emergency Department due to confusion. A bottle of procyclidine tablets are found in his pocket. On examination the temperature is 38.1ºC with a blood pressure of 155/100 mmHg. Neurological examination reveals a GCS of 13/15 but assessment of his peripheral nervous system is difficult due to generalised increased muscle tone. What is the most likely diagnosis?,"[""Neuroleptic malignant syndrome"", ""Procyclidine overdose"", ""Catatonic schizophrenia"", ""Clozapine induced agranulocytosis"", ""Serotonin syndrome""]",Neuroleptic malignant syndrome,0,
448,"A 42-year-old woman presents to the emergency department with sudden-onset severe headache that peaked within 2 minutes. She describes it as 'the worst headache of my life' and reports photophobia. Examination reveals neck stiffness but no focal neurological deficit. A non-contrast CT head performed 4 hours after symptom onset shows no abnormalities.

What is the most appropriate next step in management?","[""Lumbar puncture in 8 hours"", ""CT angiogram of the head"", ""Consider alternative diagnosis"", ""MRI brain with gadolinium"", ""Repeat CT head in 12 hours""]",Consider alternative diagnosis,2,"If subarachnoid haemorrhage is suspected but a CT head done within 6 hours of symptom onset is normal, do

Consider alternative diagnosis

is the correct answer. According to current UK guidelines, if a CT head is performed within 6 hours of symptom onset for suspected subarachnoid haemorrhage and is normal, lumbar puncture should not be performed. Instead, clinicians should consider alternative diagnoses. This represents a significant change from previous practice where lumbar puncture was routinely performed after a normal CT. The rationale is that CT scanning within 6 hours has very high sensitivity (approaching 100%) for detecting subarachnoid haemorrhage, making the additional yield from lumbar puncture minimal whilst exposing patients to unnecessary risk and delay in considering other causes of their symptoms.

Lumbar puncture in 8 hours

is incorrect. This reflects outdated practice. Previously, lumbar puncture was recommended when CT was normal, with timing at least 12 hours after symptom onset to allow xanthochromia to develop. However, current guidelines specifically advise against lumbar puncture when CT within 6 hours is normal, as the diagnostic yield is extremely low and may delay consideration of alternative diagnoses.

CT angiogram of the head

is not appropriate at this stage. CT angiography is used to identify vascular lesions such as aneurysms or arteriovenous malformations after subarachnoid haemorrhage has been confirmed. Since the CT head is normal and performed within the critical 6-hour window, subarachnoid haemorrhage is effectively excluded, making angiography unnecessary.

MRI brain with gadolinium

is not the next appropriate step. Whilst MRI can detect subarachnoid haemorrhage, it is not superior to CT within the acute timeframe and is not recommended as a first-line investigation. The normal CT within 6 hours effectively excludes subarachnoid haemorrhage, making further imaging to detect blood products unnecessary.

Repeat CT head in 12 hours

is not indicated. The sensitivity of CT for subarachnoid haemorrhage within 6 hours of symptom onset is extremely high, and repeating the scan would not add diagnostic value. This approach would also delay consideration of alternative diagnoses that could explain the patient's thunderclap headache and meningism."
449,Which one of the following medications is most useful for helping to prevent attacks of Meniere's disease?,"[""Promethazine"", ""Prochlorperazine"", ""Betahistine"", ""Chlorphenamine"", ""Cinnarizine""]",Betahistine,2,
450,"A 56-year-old-male on haemodialysis via a right internal jugular tunnelled line presented with a 2-week history of fevers, night sweats and weight loss.

Blood and line cultures grew Staphylococcus aureus and a transesophageal echocardiogram confirmed a vegetation. His tunnelled line was removed and he dialysed via a temporary femoral line.

After 2 weeks of IV flucloxacillin, he began to get night sweats, fevers and a persistent headache. He became confused and hypoactive, needing full nursing care now.

What is the most likely cause for his symptoms?","[""Myocardial abscess"", ""Meningitis"", ""Brain abscess"", ""Stroke"", ""Temporary line sepsis""]",Brain abscess,2,"Headache, fever and focal neurology and suggestive of a brain abscess

This is a case of a brain abscess formation as a complication of infective endocarditis secondary to tunnelled line sepsis. Patients who dialyse via a tunnelled line are at significantly increased risk of infections vs patients who dialyse via a fistula. In this case, the tunnelled line was the likely medium by which the mitral valve became infected.

Patents need to be watched closely for signs of an embolic phenomenon when diagnosed with endocarditis. The common embolic phenomenon is renal involvement (blood + protein on a urine dip and an acute kidney injury), hepatic or splenic infarcts (may show up as pain in the right or left upper quadrant or deranged liver function tests), ocular involvement (reduced vision causing retinal deposits or ocular artery occlusions) or central nervous system involvement (septic emboli to the brain causing stroke-like symptoms).

If the septic deposits seed and aren't fully treated, they can go on to develop a brain abscess. This will typically show up as headaches, fevers and some focal neurology on examination. It will occur in the context of infection getting worse while on appropriate initial antibiotics.

Looking at the other options:

Myocardial abscess formation should be closely looked out for. It will often manifest as a heart block on an ECG due to its proximity to the AV node. The PR interval should be watched closely as a new 1st-degree heart block could be the first sign of this.

Meningitis is a distinct possibility here. If there were signs of meningism or the CT was negative for an abscess, then a lumbar puncture should be attempted to look for CSF involvement.

Low molecular weight heparin is a contraindication in infective endocarditis. This is because of the significant risk of haemorrhagic transformations of septic emboli to the brain. Strokes in this context could either be septic emboli getting stuck in vessels, or a hemorrhagic transformation of previous emboli.

In a patient with fevers and any plastic line in situ, line sepsis should always be considered. Femoral lines are notorious for higher risk of infection. The line site should be checked daily for erythema or exudate."
451,"A 39-year-old-male present with morning headaches associated with nausea for the last 2 months and an inability to look upwards. On examination, while upgaze is diminished bilaterally, downgaze is preserve and it is not corrected by the doll's-head-manoeuvre. On examination of his pupils, his pupils constrict on accommodation but did not constrict on exposure to light. One also notices some mild eyelid retraction bilaterally. Where is the lesion localised to?","[""Frontal lobe"", ""Dorsal midbrain"", ""Ventral midbrain"", ""Occipital"", ""Cerebellar vermis""]",Dorsal midbrain,1,
452,A 54-year-old man presents with a persistent tremor. On examination there is 6-8 Hz tremor of the arms which is worse when his arms are outstretched. His father suffered from a similar complaint. What is the most suitable first-line treatment?,"[""Amitriptyline"", ""Propranolol"", ""D-penicillamine"", ""Levodopa"", ""Diazepam""]",Propranolol,1,"Propranolol is the treatment of choice for essential tremor

Propranolol

is the correct answer as it is the first-line treatment for essential tremor, which this patient likely has based on the clinical presentation. Essential tremor typically presents with a bilateral postural tremor of 4-12 Hz (commonly 6-8 Hz) that is worse with arm extension, and there is often a positive family history. Beta-blockers, particularly propranolol, are the most effective first-line treatment, working by blocking peripheral beta-adrenergic receptors. The typical starting dose is 20-40mg twice daily.

Amitriptyline

is incorrect as it is not indicated for essential tremor. While it may be used to treat other neurological conditions such as neuropathic pain or migraine prophylaxis, it can actually worsen tremor as a side effect due to its anticholinergic properties.

D-penicillamine

is incorrect as it is primarily used in Wilson's disease, a genetic disorder of copper metabolism. While Wilson's disease can cause tremor, the presentation would typically include other features such as liver disease, psychiatric symptoms, and Kayser-Fleischer rings. Additionally, the age of onset is usually much younger.

Levodopa

is incorrect as it is the primary treatment for Parkinson's disease. While parkinsonian tremor can appear similar, it is typically a 4-6 Hz rest tremor that improves with action, unlike this patient's postural tremor. The absence of other parkinsonian features (bradykinesia, rigidity) also makes Parkinson's disease unlikely.

Diazepam

is incorrect as while benzodiazepines can temporarily reduce tremor severity, they are not recommended as first-line treatment due to their sedating effects and risk of dependence. They may be used as an adjunct therapy in severe cases or for occasional use in specific situations where the tremor is particularly troublesome."
453,"A 63-year-old female presents with a four-month history of progressive weakness in the lower limbs associated with numbness. She also complains of feeling tired and lightheaded lately. She has had recent investigation for this and showed macrocytic anaemia with vitamin B12 deficiency. She is currently awaiting to commence on B12 replacement. Otherwise, she is normally fit and well and is not on any regular medication.

Neurological examination of the lower limb shows the following:


	Left	Right
Power	4/5	4/5
Sensation to coarse touch, pain, temperature and pressure	normal	normal
Sensation to fine touch and vibration	reduced	reduced
Proprioception	reduced	reduced
Ankle reflex	absent	absent
Babinski response	upgoing	upgoing

Which of the following area of the spinal cord is most likely affected in this patient?","[""Anterior and dorsal columns"", ""Anterior and lateral columns"", ""Lateral horn"", ""Ventral horn"", ""Dorsal and lateral columns""]",Dorsal and lateral columns,4,"In subacute combined degeneration of the spinal cord, the dorsal columns and lateral corticospinal tracts are affected

The correct answer is 'dorsal and lateral column'. This patient has reduced power in the lower limbs with reduced sensation to fine touch, loss of proprioception and vibratory sensation. These symptoms and signs are suggestive of subacute combined degeneration of the cord likely secondary to vitamin B12 deficiency. It most commonly affects the dorsal columns, and less commonly, the lateral columns. Involvement of the dorsal columns manifests clinically as issues with proprioception and vibration sense. Whilst the lateral columns primarily contain the corticospinal tracts which are the principal motor pathway.

The anterior column primarily contains the spinothalamic tracts which are responsible for pain, temperature, coarse touch and pressure sensations.

The lateral horns of the spinal cord contain the neuronal cell bodies of the sympathetic nervous system. Disruption of the lateral horns at the levels of T1-T2 can lead to the classic triad of partial ptosis, anhidrosis and miosis seen in Horner syndrome.

The ventral horns of the spinal cord contain motor neurones for skeletal muscles. Associated pathology includes amyotrophic lateral sclerosis, Charcot-Marie-Tooth disease and progressive muscular atrophy."
454,"A 45-year-old man presents with a history of shaking hands, which has progressively worsened over the past few years. He reports that the tremor becomes more noticeable when his arms are outstretched and improves slightly after consuming alcohol. He denies any other neurological symptoms.

On examination, there is a fine tremor in both hands, which worsens with posture and is more pronounced when the arms are held outstretched. No other signs of Parkinsonism, such as bradykinesia or rigidity, are noted.

What is the genetic inheritance pattern of this patient's likely condition?","[""Autosomal dominant"", ""Autosomal recessive"", ""Mitochondrial"", ""Multifactorial"", ""X-linked recessive""]",Autosomal dominant,0,"Essential tremor is an AD condition that is made worse when arms are outstretched

Autosomal dominant (AD)

is the correct answer because the patient’s symptoms strongly suggest essential tremor (ET). The tremor is present in both hands and worsens with posture (arms outstretched), which is a hallmark feature of ET. Additionally, improvement with alcohol consumption is commonly seen in this condition. Essential tremor is often inherited in an AD pattern, meaning that a single copy of the mutated gene from one affected parent is sufficient to cause the condition. AD inheritance leads to a 50% chance of passing the condition to offspring. While there can be variations in expression, essential tremor is most commonly seen in familial cases with this inheritance pattern.

Autosomal recessive (AR)

is incorrect because AR inheritance requires two copies of the mutated gene, one from each parent, for the condition to manifest. In contrast, ET is typically inherited in an AD pattern, meaning one copy of the mutated gene is sufficient to cause the condition. AR conditions include cystic fibrosis and sickle cell anaemia, where both parents must be carriers for the child to be affected.

Mitochondrial

inheritance is incorrect because mitochondrial conditions are passed down through the mother’s mitochondria. ET does not follow this pattern. Mitochondrial disorders, such as Leber's hereditary optic neuropathy, typically involve dysfunction of the mitochondria and are inherited only from the mother.

Multifactorial

inheritance is incorrect because multifactorial inheritance involves multiple genetic and environmental factors contributing to the condition. While ET, the likely diagnosis, can be influenced by environmental factors, it is most commonly inherited in an AD pattern. Multifactorial inheritance is seen in conditions such as congenital heart defects or type 2 diabetes.

X-linked recessive

is incorrect because X-linked recessive inheritance involves genes located on the X chromosome. This pattern typically affects males, with females being carriers. ET, which is the most likely diagnosis in this case, is not associated with the X chromosome. X-linked recessive conditions include Duchenne muscular dystrophy and haemophilia, which predominantly affect males."
455,Which one of the following features is most associated with parietal lobe lesions?,"[""Gerstmann's syndrome"", ""Perseveration"", ""Cortical blindness"", ""Superior homonymous quadrantanopia"", ""Wernicke's aphasia""]",Gerstmann's syndrome,0,"Parietal lobe lesions may cause Gerstmann's syndrome

The correct answer is

Gerstmann's syndrome

. Gerstmann's syndrome is a neuropsychological disorder that results from damage to the parietal lobe, specifically the angular gyrus. It is characterised by four primary symptoms: agraphia/dysgraphia (difficulty with writing), acalculia/dyscalculia (difficulty with mathematical tasks), finger agnosia (inability to distinguish fingers on the hand) and left-right disorientation. These symptoms are more associated with lesions in the dominant parietal lobe, typically located in the left hemisphere for right-handed individuals.

Perseveration

is not most associated with parietal lobe lesions. Instead, it is more commonly seen in frontal lobe lesions, particularly those affecting the prefrontal cortex. Perseveration refers to an individual's inability to switch thoughts or actions and they continue repeating words or behaviours despite no longer being relevant or appropriate.

Cortical blindness

, as the name suggests, is due to bilateral occipital lobe lesions where primary visual processing takes place. Patients present with loss of vision but retain pupillary light reflexes because this pathway does not involve cortical structures.

Superior homonymous quadrantanopia

, also known as 'pie in the sky', results from a lesion in Meyer's loop of the optic radiation which carries information from inferior retinal quadrants. This pathway passes through the temporal lobe rather than the parietal lobe, hence this visual field defect isn't most associated with parietal lobe lesions.

Finally,

Wernicke's aphasia

, also known as receptive aphasia, occurs due to damage in Wernicke's area located in the superior temporal gyrus of the dominant cerebral hemisphere (usually left). Patients have fluent speech but impaired comprehension and often produce nonsensical sentences without being aware of their mistakes."
456,"A 35-year-old man is referred to a neurology clinic. His partner has noticed that he is having repeated episodes of loss of awareness during the day. These episodes last for a few seconds and are associated with fluttering of the eyelids. There is no memory of the episode upon recovery.

The examination is unremarkable at the time of review.

Given the likely diagnosis, what medication should be avoided?","[""Carbamazepine"", ""Ethosuximide"", ""Lamotrigine"", ""Levetiracetam"", ""Sodium valproate""]",Carbamazepine,0,"Carbamazepine is contraindicated in absence seizures

Carbamazepine

is correct. The description of these episodes is typical of an absence seizure. Carbamazepine may exacerbate absence seizures rather than improve them.

Ethosuximide

is incorrect. This is the first-line anti-epileptic drug that is used in the management of absence seizures. It blocks T-type calcium channels.

Lamotrigine

is incorrect. This is a second-line option for the management of absence seizures. It is a sodium channel blocker. It is a preferred 2nd line option, particularly in women, where sodium valproate is less appropriate.

Levetiracetam

is incorrect. This is another 2nd line option for the treatment of absence seizures in women. Although the mechanism by which it works in epilepsy is largely unknown it is postulated that it binds to synaptic vesicle glycoprotein 2 and inhibits presynaptic calcium channels.

Sodium valproate

is incorrect. This is a 2nd line treatment for the management of absence seizures. This is typically reserved for use in men due to its potential for teratogenicity in women."
457,"Roger is a 32-year-old man presenting with diplopia. He is known to have type 1 diabetes and multiple sclerosis. He had been experiencing double vision over the last 3 days. This predominantly happens when he looks to the right.

He denies any associated double vision on vertical vision. He has not noticed any difficulty in moving his eyelids. He has not noticed any increased sensitivity to light and his eye is not red.

On examination, both eyelids display normal strength. With the left eye closed, the right eye displays a full range of movement. With the right eye closed, the left eye fails to adduct when looking towards the right. Nystagmus on the right eye is noted when the patient is asked to look to the right with both eyes. On convergence, both eyes can adduct towards the midline. The pupillary exam is normal with both pupils reacting appropriately to light.

What is the underlying pathology that has caused his diplopia?","[""Extrinsic compression of left oculomotor nerve"", ""Intrinsic vascular damage to the left oculomotor nerve"", ""Lesion of the left abducens nerve"", ""Lesion on the left paramedian area of pons and medulla"", ""Lesion on the left paramedian area of the midbrain and pons""]",Lesion on the left paramedian area of the midbrain and pons,4,"The medial longitudinal fasciculus is located in the paramedian area of the midbrain and pons

Internuclear ophthalmoplegia is a disorder of conjugate gaze with the failure of adduction seen on the affected eye. This is caused by injury on the medial longitudinal fasciculus, located along the paramedian area of the midbrain and pons. In younger patients, lesions can be caused by multiple sclerosis but older populations can get this due to strokes. Convergence is maintained as this does not involve the medial longitudinal fasciculus. Convergence is mediated by the oculomotor nerve and the Edinger-Westphal nucleus.

A 3rd nerve palsy (oculomotor palsy) can result in an inability to adduct the eye due to paralysis of the medial rectus muscle. However, this normally will affect other muscles that the 3rd nerve innervates including superior rectus, inferior rectus and inferior oblique. Besides, ptosis could also be seen as the levator palpebrae superioris is also innervated by the 3rd nerve.  It is important to determine if there is associated with pupillary involvement as this changes management.

Surgical 3rd nerve palsy tends to be caused by extrinsic compression of the 3rd nerve and this will show associated pupillary involvement with lack of response of the pupil to light. Common causes for this includes aneurysmal compression or malignancy. Medical 3rd nerve palsy spares the pupils and is often caused by intrinsic vascular damage. Atherosclerotic changes and diabetes are common causes of this. Both of these cases will result in persistent failure of adduction in convergence and this is not seen in this case.

Lesion on the abducens nerve will result in failure of the abduction of the eye rather than adduction. The centres of vision are predominantly found within the midbrain and superior pons. The area of the lower pons and medulla contains most of the nuclei for cranial nerve 5-12 and these do not tend to contribute towards the visual pathway."
458,"A 36-year-old man with difficult to control epilepsy is reviewed in clinic. He is currently taking phenytoin but presents due to fatigue. A full blood count is performed:


Hb	10.1 g/dl
MCV	121 fl
Plt	234 * 109/l
WCC	4.6 *109/l

What is the most likely cause for his tiredness?","[""Iron deficiency"", ""Vitamin B12 deficiency"", ""Liver dysfunction secondary to phenytoin"", ""Haemolytic anaemia secondary to phenytoin"", ""Folate deficiency""]",Folate deficiency,4,
459,"A 58-year-old man presents to the Emergency Department unable to move his right side with slurred speech and a right-sided facial droop. He tells you that he woke up with the symptoms this morning, and you are able to understand him. He is usually functionally independent but took early retirement due to bad osteoarthritis, and his daughter checks on him every day.

On examination, he has complete paralysis of the right side of his face. Power is 3/5 in his right upper and lower limb and sensation is intact globally. CT Head rules out an intracranial haemorrhage and CT angiography confirms occlusion of the proximal anterior circulation, with CT perfusion showing limited infarct core volume.

What is the most definitive management?","[""Give aspirin 300mg orally"", ""Urgent neurosurgery referral"", ""Intravenous alteplase"", ""Mechanical thrombectomy"", ""Give warfarin 5mg orally""]",Mechanical thrombectomy,3,"For thrombectomy in acute ischaemic stroke, an extended target time of 6-24 hours may be considered if there is the potential to salvage brain tissue, as shown by imaging such as CT perfusion or diffusion-weighted MRI sequences showing limited infarct core volume

The answer is mechanical thrombectomy. This man is suffering from a partial anterior circulation stroke, and fits the criteria for mechanical thrombectomy. He scores 2 on the Rankin scale by being independent of his own affairs and scores 8 on the NIHSS (2 for 'some effort against gravity' in each right limb, 3 for facial palsy, 1 for mild dysarthria). He also has confirmed occlusion of the proximal anterior circulation and CT perfusion showing limited infarct core volume, which indicates potential to salvage brain tissue.

Giving aspirin 300mg oral is appropriate as a haemorrhagic stroke has been excluded, although this should have been given immediately following the original CT Head, and it is not the definitive management when mechanical thrombectomy is indicated.

Neurosurgical referral would be more appropriate for a haemorrhagic stroke.

Alteplase can be used for intravenous thrombolysis but as this was a wake-up stroke, it cannot be guaranteed that onset of symptoms was in 4.5 hours and it is therefore contraindicated.

Warfarin should be avoided in the acute phase following ischaemic stroke due to risk of haemorrhagic transformation. If this patient had atrial fibrillation, warfarin could be considered after the acute phase to prevent formation of further thromboses."
460,A 61-year-old woman with a history of metastatic breast cancer complains of nausea following a chemotherapy infusion. You elect to prescribe ondansetron. What is the most important site of action of this drug?,"[""Efferent branch of the vagal nerve"", ""Substantia nigra"", ""Gastric mucosa"", ""Hypothalamus"", ""Medulla oblongata""]",Medulla oblongata,4,
461,Which one of the following antibodies is associated with ocular opsoclonus-myoclonus in patients with breast cancer?,"[""Anti-Hu"", ""Anti-La"", ""Anti-GAD"", ""Anti-Yo"", ""Anti-Ri""]",Anti-Ri,4,
462,"A 48-year-old man presents to his GP with a number of symptoms that have come on over the past few days. His vision is blurred and his right eye is painful, as well as having a generalised headache.

On examination, the right eye has deviated inferiorly and laterally. There is visible ptosis of the upper right lid, and the pupil is dilated. It does not respond to light. This eye does not follow movements well, but the left eye appears unaffected and is normal upon testing.

Where is the most likely location of the lesion?","[""Anterior cerebral artery"", ""Internal carotid artery"", ""Medulla"", ""Oculomotor nucleus"", ""Posterior communicating artery""]",Posterior communicating artery,4,"Painful third nerve palsy = posterior communicating artery aneurysm

The correct answer is posterior communicating artery. The cluster of symptoms described here points towards a third (oculomotor) nerve palsy, with the eye classically deviated 'down and out' and the presence of ptosis. The presence of pupil dilation and pain points towards a compressive lesion. This is most commonly a posterior communicating artery aneurysm and requires urgent intervention.

The anterior cerebral artery is incorrect. This does not have a direct physical relationship to the oculomotor nerve and would be very unlikely to present with these signs and symptoms.

The internal carotid artery runs through the cavernous sinus alongside the oculomotor nerve. An aneurysm of this can compress the nerve; however, aneurysms of the posterior communicating artery are more likely to do so.

The medulla is not relevant to this presentation. Several cranial nerves arise from the medulla - the oculomotor nerve does not.

The oculomotor nerve arises from the oculomotor nucleus of the midbrain. A lesion here would be unlikely to cause a painful palsy."
463,"A 58 year old gentleman presents with left sided paraesthesias affecting his thumb and first finger. He complains of grip weakness and dropping objects unintentionally. On examination, there is wasting over the thenar eminence. Which of the following signs would suggest a diagnosis other than carpal tunnel syndrome?","[""Positive Hoffmans sign"", ""Thenar muscle wasting"", ""Unilateral weakness of pincer grip"", ""Positive Phalens test"", ""Positive Tinnels test""]",Positive Hoffmans sign,0,
464,You want to prescribe an antiemetic to a 19-year-old female who is having a migraine attack. Which one of the following medications is most likely to precipitate extrapyramidal side-effects?,"[""Meptazinol"", ""Ondansetron"", ""Domperidone"", ""Cyclizine"", ""Metoclopramide""]",Metoclopramide,4,
465,Which one of the following is least associated with normal pressure hydrocephalus?,"[""Papilloedema"", ""Dementia"", ""Urinary incontinence"", ""Gait abnormality"", ""Enlarged fourth ventricle""]",Papilloedema,0,"Urinary incontinence + gait abnormality + dementia = normal pressure hydrocephalus

The correct answer is

Papilloedema

. Normal pressure hydrocephalus (NPH) is a condition characterised by ventriculomegaly, usually with normal cerebrospinal fluid (CSF) pressures. The classic triad of symptoms includes dementia, urinary incontinence and gait abnormality. Papilloedema, which refers to swelling of the optic disc due to increased intracranial pressure, is not typically associated with NPH as the CSF pressure is usually normal.

Dementia

is one of the key features of NPH. It may present as cognitive decline, memory impairment or changes in personality and behaviour. This happens due to the dilation of the ventricular system causing compression on adjacent brain structures.

Urinary incontinence

is also part of the classic triad of NPH symptoms. It often precedes other signs and can be mistaken for a symptom of ageing or a urological problem. The pathophysiology behind this symptom involves disruption of cortical control over bladder function due to ventricular enlargement.

A

Gait abnormality

, specifically a magnetic gait where feet appear stuck to the floor, is another characteristic feature seen in NPH patients. This symptom often presents before dementia and urinary incontinence and can lead to frequent falls.

Lastly, an

Enlarged fourth ventricle

can indeed be seen on imaging studies such as MRI in patients with NPH; however, it's important to note that all cerebral ventricles tend to be enlarged symmetrically in this condition due to an imbalance between CSF production and absorption."
466,"Six months ago, a 33-year-old female patient attended her GP with recurrent episodes of unilateral headache with aura. The GP diagnosed her with migraine and advised the use of paracetamol as needed, and provided a repeat prescription of sumatriptan.

She has attended her GP surgery again today to discuss the headaches. She explains that sumatriptan and paracetamol adequately suppressed the migraine symptoms, and so she started taking them both daily, or every other day, in the hope of preventing the migraines altogether. Over the past couple of months, however, the headaches have been recurring almost-daily, and sometimes more intensely than prior to starting medication. There are no red flags in the history, nor any visual disturbances. She continues to take the medications, although they seem to provide no benefit anymore.

Given the likely diagnosis, what is the most appropriate management?","[""Add ibuprofen"", ""Change to subcutaneous sumatriptan"", ""Stop her medications abruptly"", ""Withdraw her medications gradually"", ""Give high-flow oxygen therapy for 15-20 minutes""]",Stop her medications abruptly,2,"Medication overuse headache

The correct answer is stopping her medications abruptly. This patient's history is strongly suggestive of medication overuse headache, given the frequent use of paracetamol and a triptan, and subsequent recurrence of headache symptoms. For simple analgesia and triptans, the guidelines recommend stopping the medications abruptly.

Withdrawing her medications gradually is incorrect - this is the management for opioid-induced medication overuse headaches.

Subcutaneous sumatriptan and high-flow oxygen therapy are both incorrect - these are treatments for cluster headaches, which would present differently to this scenario. A cluster headache history would describe severe, unilateral, orbital pain episodes, associated with at least one of: lacrimation, conjunctival injection, nasal congestion, forehead/facial sweating or flushing.

Adding ibuprofen is incorrect - this would not solve the underlying problem of triptan and paracetamol overuse, and may make the headache worse."
467,"An 18-year-old male gives a history of early morning jerking movements of his arm. After a night of heavy drinking and sleep deprivation, he has a generalised tonic-clonic seizure at 5am. An EEG reveals generalised spike and wave discharges. What is the most appropriate choice of anti-epileptic?","[""Carbamazepine"", ""Ethosuximide"", ""Sodium valproate"", ""Gabapentin"", ""Phenytoin""]",Sodium valproate,2,
468,A 19-year-old man is admitted following a generalised seizure. No past history is available as the man is currently in a postictal state. On examination it is noted that he has three patches of hypopigmented skin and fibromata under two of his finger nails. What is the most likely diagnosis?,"[""Neurofibromatosis"", ""Lennox-Gastaut Syndrome"", ""Multiple endocrine neoplasia type 1"", ""Birt-Hogg-Dube syndrome"", ""Tuberous sclerosis""]",Tuberous sclerosis,4,
469,"A 54-year-old man presents with sudden onset visual loss. A systematic enquiry was otherwise unremarkable. On examination, you note that he has a loss of vision in the right upper quadrant of the visual field in both eyes.

Where is the lesion?","[""Inferior optic radiations in the left temporal lobe"", ""Inferior optic radiations in the right temporal lobe"", ""Left optic tract"", ""Superior optic radiations in the left parietal lobe"", ""Superior optic radiations in the right parietal lobe""]",Inferior optic radiations in the left temporal lobe,0,"Superior homonymous quadrantanopias are caused by lesions of the inferior optic radiations in the temporal lobe

Inferior optic radiations in the left temporal lobe

is correct. The patient has a right-sided homonymous hemianopia. Since it is only affecting the upper quadrants (superior quadrantanopia) the most likely lesion is the inferior optic radiations in the left temporal lobe.

Inferior optic radiations in the right temporal lobe

is incorrect. A lesion in this location would present with a left-sided superior quadrantanopia.

Left optic tract

is incorrect. A lesion in this location would present with a complete right-sided homonymous hemianopia.

Superior optic radiations in the left parietal lobe

is incorrect. A lesion in this location would result in a right-sided inferior quadrantanopia.

Superior optic radiations in the right parietal lobe

is incorrect. A lesion in this location would result in a left-sided inferior quadrantanopia."
470,"A 20-year-old man presents with recent episodes of severe, stabbing pain in the right eye. These episodes typically occur once a day and last around 30 minutes. His wife reports him pacing around and shouting with the pain. She also reports that his right eye appears red and that he has clear nasal discharge during the episodes.

Given the likely diagnosis, which one of the following should you advise the patient to avoid to help prevent further episodes?","[""Opioid medications including codeine"", ""Stress"", ""Alcohol"", ""Sunlight"", ""Excessive exercise""]",Alcohol,2,"Alcohol is a common trigger for cluster headaches

The correct answer is

Alcohol

. This patient's symptoms are suggestive of cluster headaches, a primary headache disorder characterised by severe unilateral orbital or temporal pain, typically lasting 15-180 minutes and occurring once to eight times a day. Attacks often occur in clusters (hence the name), with periods of remission between clusters. During attacks, patients often appear restless or agitated and may exhibit autonomic symptoms such as conjunctival injection (red eye), lacrimation, nasal congestion or rhinorrhoea (clear nasal discharge) on the side of the headache. Alcohol is known to be a trigger for attacks during a cluster period but not during remission periods.

Opioid medications including codeine

are incorrect because they do not precipitate cluster headaches. However, they are generally avoided in management due to the risk of medication overuse headache and dependence.

Stress

is also incorrect. While stress can trigger migraines and tension-type headaches, it is not typically associated with triggering cluster headaches.

Exposure to

Sunlight

, unlike some other types of headache such as migraine, is not known to trigger cluster headaches and thus this option is incorrect.

Finally,

Excessive exercise

does not typically precipitate cluster headaches either. In fact, aerobic exercise has been shown to have a preventive effect on several types of primary headache disorders. Therefore this option is also incorrect."
471,"A 21-year-old man attends the clinic with poor balance. He recently moved to the UK from India. He states that he was diagnosed with a hereditary disorder in early childhood but is unable to recall the name of the condition. On examination, he is grossly ataxic and has multiple telangiectasia over his body. A systematic examination was otherwise unremarkable.

What gene is likely implicated?","[""ACVRL1 gene"", ""ATM gene"", ""FXN gene"", ""SCA1-SCA3 gene"", ""SOX18 gene""]",ATM gene,1,"Ataxic telangiectasia is characterised by cerebellar ataxia and telangiectasia, onset is in childhood

ATM gene

is correct. The patient's symptoms of ataxia and telangiectasia suggest he has Ataxia Telangiectasia, an autosomal recessive disorder caused by a defect in the ATM gene which encodes for DNA repair enzymes. This condition typically presents in early childhood with abnormal movements. Other features can include IgA deficiency resulting in recurrent chest infections and a 10% risk of developing malignancy, lymphoma or leukaemia, but also non-lymphoid tumours.

ACVRL1 gene

is incorrect. Mutations of this gene are associated with hereditary haemorrhagic telangiectasia. The absence of bleeding and the presence of ataxia make this a less likely diagnosis. However, it is worth pointing out that cerebral atrioventricular malformations may rarely present with cerebellar dysfunction.

FXN gene

is incorrect. Mutations of this gene are associated with Friedreich ataxia. Although this condition can also present with ataxia, the presence of telangiectasia makes this a less likely diagnosis.

SCA1-SCA3 gene

is incorrect. Mutations of this gene are associated with spinocerebellar ataxia. Although this condition can also present with ataxia, the presence of telangiectasia makes this a less likely diagnosis.

SOX18 gene

is incorrect. Mutations of this gene are associated with hypotrichosis-lymphedema-telangiectasia syndrome. The absence of lymphedema and hypotrichosis makes this a less likely diagnosis."
472,"A 24-year-old woman is seen in a neurology clinic following an episode where her husband observed her suddenly fall to the ground and become unresponsive. She reports that she suddenly became stiff and blue, before dramatically shaking for approximately two minutes. After the shaking stopped, she was drowsy for a further 30 minutes. Prior to this episode she had been well and had never suffered anything like this before. She has no significant past medical history of note. The neurologist performed an MRI and EEG, both of which were normal.

What advice regarding driving should be given?","[""Stop driving for one year and inform the DVLA"", ""Stop driving until established on anti-epileptic medication"", ""She must stop driving for 6 months and inform the DVLA in the event of any further seizures"", ""Stop driving for 6 months and inform the DVLA"", ""Stop driving for 9 months and inform the DVLA""]",Stop driving for 6 months and inform the DVLA,3,"Patients cannot drive for 6 months following a first unprovoked or isolated seizure if brain imaging and EEG normal

This patient has suffered what is most likely a generalised tonic-clonic seizure which has been unprovoked. Following a single unprovoked seizure, even with normal investigations, patients must not drive for 6 months. They may reapply for a license after this time if no further seizures occur; it is their responsibility to inform the DVLA.

Stop driving for one year and inform the DVLA

is incorrect; this is the rule for a seizure in a known epileptic.

Stop driving until established on anti-epileptic medication

is incorrect, licences are revoked regardless of treatment, and they are not returned until seizure-free for clearly set time periods.

Stop driving for 6 months and inform the DVLA in the event of any further seizures

is incorrect. Indeed, she must stop driving for at least 6 months, however, the DVLA must be informed after the first seizure.

Stop driving for 9 months and inform the DVLA

is incorrect. Only 6 months of driving suspension is indicated following a first unprovoked seizure with normal investigations."
473,"A 35-year-old man presents to the Emergency Department (ED) with confusion and feeling hot. He has a history of schizophrenia and was recently started on risperidone. He does not smoke or drink alcohol. On examination, he had widespread muscle rigidity and was disoriented to time. His vital signs were heart rate 120/min, blood pressure 150/92 mmHg, respiratory rate 20/min and temperature 37.9ºC.

Investigations show myoglobinuria and raised creatine kinase.

In addition to supportive treatments and symptom control, which of the following medications is indicated?","[""Sodium bicarbonate"", ""Flumazenil"", ""Cyproheptadine"", ""Propranolol"", ""Dantrolene""]",Dantrolene,4,"Treatment of neuroleptic malignant syndrome - dantrolene

This patient has classical features of the neuroleptic malignant syndrome which presents with fever, muscle rigidity, encephalopathy, myoglobinuria, unstable vital signs and raised creatine kinase. It is a rare but serious side effect of antipsychotic drugs. In severe cases, it is treated with dantrolene which acts as an antagonist at the ryanodine receptors decreasing the free intracellular calcium concentration.

Other answers:

Sodium bicarbonate is used in TCA toxicity
Flumazenil is rarely used in the management of benzodiazepine toxicity
Cyproheptadine is used in severe serotonin syndrome
Propranolol does not have any role as an antidote in serotonin syndrome. Beta blockers can mask tachycardia which is used to monitor the effectiveness of treatment."
474,"A 24-year-old man presents to his GP with a tingling sensation in his feet and weakness.

On examination, he has reduced sensation in both feet. He has absent ankle jerks but brisk knee reflexes. Power is 4 out of 5 distally. His gait is ataxic and Romberg's test is positive.

His past medical history consists of anxiety for which he takes sertraline.

He is a smoker of 20 cigarettes per day and drinks 5 units of alcohol a day. Recreationally he uses nitrous oxide and occasionally cocaine. He also reports regular unprotected sex with sex workers.

What is most likely to be involved with his presenting complaint?","[""Treponema pallidum"", ""Alcohol"", ""Copper"", ""Serotonin"", ""Vitamin B12""]",Vitamin B12,4,"Distal sensory loss, tingling + absent ankle jerks/extensor plantars + gait abnormalities/Romberg's positive → subacute combined degeneration of the spinal cord

These examination findings consist of sensory findings and mixed upper and lower motor signs. These bilateral upper motor signs suggest myelopathy, with involvement of the lateral corticospinal tracts. The sensory signs would also be consistent with myelopathy, due to the involvement of the dorsal columns.

Causes of both upper and lower motor neuron signs include:

Motor neurone disease
Subacute combined degeneration of the spinal cord
Syphilitic tabes dorsalis
Friedreich's ataxia
Dual pathology
Myelopathy affecting the exiting roots

Nitrous oxide abuse can lead to subacute combined degeneration by inactivating vitamin B12. Therefore

vitamin B12

is most likely linked to this patient's presentation and so is the correct answer.

Treponema pallidum

is the organism which causes syphilis. Neurosyphilis can cause myelopathy by affecting the posterior columns of the spinal cord and the dorsal roots. Pain (typically lancinating in nature) is a common feature which is not mentioned in this case. Additionally, the interval between primary infection and neurosyphilis is around 20 years. Therefore, this is not likely the cause in this patient.

Alcohol

could explain the distal sensory loss as it can cause neuropathy. However, alcohol is not associated with myelopathy, so this answer is incorrect.

A syndrome similar to subacute combined degeneration of the cord can be seen in patients with acquired

copper

deficiency. However, there is no suggestion of this in the patient. It is associated with previous gastrointestinal surgery or excessive zinc ingestion.

Serotonin

related medication such as sertraline can lead to serotonin syndrome. Hyperreflexia is common. However, this patient also has absent reflexes. Also, there are several signs of serotonin syndrome that would be expected that are absent in this patient, including rigidity, agitation and tremor. Therefore, this answer is incorrect."
475,A 63-year-old man is prescribed ropinirole for Parkinson's disease. What is the mechanism of action?,"[""MAO-B inhibitor"", ""Antimuscarinic"", ""Dopamine receptor agonist"", ""Dopamine receptor antagonist"", ""Decarboxylase inhibitor""]",Dopamine receptor agonist,2,"Ropinirole - dopamine receptor agonist

The correct answer is

Dopamine receptor agonist

. Ropinirole is a non-ergoline dopamine D2 and D3 receptor agonist. It works by mimicking the action of naturally occurring dopamine, which is deficient in Parkinson's disease. By activating dopamine receptors in the brain, it helps to restore the balance of dopamine and improve symptoms such as tremors, stiffness, and difficulty moving.

MAO-B inhibitor

is incorrect. Monoamine oxidase B (MAO-B) inhibitors like selegiline or rasagiline work by blocking the enzyme monoamine oxidase B that breaks down dopamine in the brain. This increases the levels of dopamine and can help control symptoms of Parkinson's disease. However, ropinirole does not inhibit MAO-B.

Antimuscarinic

is also incorrect. Antimuscarinics are sometimes used to treat Parkinson's disease because they block acetylcholine, another neurotransmitter that balances dopamine activity in the brain. However, these are typically older drugs like benztropine or trihexyphenidyl and are not related to how ropinirole works.

The option

Dopamine receptor antagonist

is wrong as well. Dopamine antagonists block dopamine receptors instead of activating them. They are used for conditions with excess dopamine activity such as schizophrenia but would exacerbate symptoms in Parkinson's disease by further reducing already deficient dopamine activity.

Finally,

Decarboxylase inhibitor

is another incorrect choice. Decarboxylase inhibitors like carbidopa are often given with levodopa (a precursor to dopamine) to prevent its breakdown before it reaches the brain, thus increasing available amounts of dopamine in the brain. Ropinirole does not inhibit decarboxylase; rather it acts directly on the receptors that respond to this neurotransmitter."
476,"A 33-year-old man presents to the emergency department with recurrent headaches and sweating. He has no past medical history.

At the time of examination, the headache has resolved but the blood pressure is 210/94 mmHg. Examination demonstrates no skin lesions and a non-tender thyroid with no nodules.

A CT head is normal but a CT chest, abdomen, and pelvis demonstrates a lesion on the left adrenal gland and an exophytic lesion in the right kidney.

What is the most likely diagnosis?","[""Birt-Hogg-Dube Syndrome"", ""Multiple endocrine neoplasia type 1 (MEN1)"", ""Multiple endocrine neoplasia type 2 (MEN2)"", ""Polycystic kidney disease"", ""Von Hippel-Lindau syndrome""]",Von Hippel-Lindau syndrome,4,"Phaeochromocytoma, renal cell cancer → ?Von Hippel-Lindau syndrome

Von Hippel-Lindau syndrome

is correct. The patient presents with episodic headaches, sweating and very elevated blood pressure. The existence of an adrenal lesion in this context suggests a phaeochromocytoma. The exophytic lesion in the kidney suggests renal carcinoma. The most likely explanation for these findings is Von Hippel-Lindau (VHL) syndrome, which is a rare multisystem genetic disorder resulting in cysts and tumours (which may undergo malignant transformation) in multiple organs. Other possible features are retinal and cerebellar haemangioblastomas and pancreatic cysts.

Birt-Hogg-Dube Syndrome

is incorrect. This rare genetic skin disorder can be associated with the development of renal cancer. Phaeochromocytoma is not a feature and the skin is normal in this case, making this diagnosis unlikely.

Multiple endocrine neoplasia type 1 (MEN1)

is incorrect. This is a disorder associated with the development of tumours in endocrine organs (typically pituitary, parathyroid and pancreatic for MEN1). Phaeochromocytoma is rare for this disorder and renal cancer is not a feature.

Multiple endocrine neoplasia type 2 (MEN2)

is incorrect. This is another form of multiple endocrine neoplasia. In this form, phaeochromocytoma is common (up to 50%). However, medullary thyroid cancer is essentially ubiquitous (~98%) and renal cancer is not a feature. Therefore, the absence of an abnormal thyroid and the presence of renal cancer make VHL syndrome more likely.

Polycystic kidney disease

is incorrect. The lesion in the kidney is exophytic  (meaning it grows outward from the epithelium of the affected organ - suggesting a tumour) rather than cystic. Furthermore, there is only one lesion rather than multiple. Finally, phaeochromocytoma is not a feature of polycystic kidney disease."
477,"A 32-year-old woman presents with a 4-month history of progressive weakness and stiffness in both legs.

She describes difficulty walking, frequent falls, and stiffness in her lower extremities. On examination, she has increased tone and brisk deep tendon reflexes in both lower limbs, with a bilateral extensor plantar response.

Nerve testing reveals reduced sensation to pinprick in the lower limbs. The remainder of her physical exam is unremarkable. She subsequently underwent brain imaging. MRI of the brain showed multiple periventricular white matter lesions.

What is the most likely diagnosis?","[""Amyotrophic lateral sclerosis (ALS)"", ""Chronic inflammatory demyelinating polyneuropathy (CIDP)"", ""Multiple sclerosis (MS)"", ""Neuromyelitis optica (NMO)"", ""Transverse myelitis""]",Multiple sclerosis (MS),2,"Multiple sclerosis is a cause of spastic paraparesis

This 32-year-old woman presents with a 4-month history of progressive weakness, stiffness in both legs, difficulty walking, and frequent falls. Examination reveals upper motor neuron signs, including increased tone, brisk deep tendon reflexes, and bilateral extensor plantar responses. Sensory testing shows reduced sensation to pinprick in the lower limbs. MRI of the brain shows multiple periventricular white matter lesions. The combination of upper motor neuron signs (spasticity, brisk reflexes, extensor plantar responses) and sensory symptoms (reduced sensation) suggests a demyelinating process involving both motor and sensory pathways. The MRI findings of multiple periventricular white matter lesions are characteristic of MS, which often affects young women and presents with progressive symptoms. This patient’s progressive course, sensory and motor deficits, and MRI findings strongly support

MS

as the diagnosis.

ALS

involves both upper and lower motor neurons and typically presents with lower motor neuron signs (e.g., muscle wasting, fasciculations) and upper motor neuron signs (e.g., spasticity), but sensory deficits are not present. This patient’s sensory loss and MRI findings of periventricular white matter lesions do not fit ALS, which typically does not show these characteristic findings.

CIDP

is a peripheral nervous system disorder, primarily affecting the motor and sensory nerves and presents with lower motor neuron signs. Although CIDP can cause weakness and sensory changes, it does not cause central nervous system lesions like those seen in MS. Therefore, MRI findings of periventricular white matter lesions cannot be explained by CIDP.

NMO

is an autoimmune condition that can cause symptoms similar to MS, including weakness and sensory changes, and may show MRI lesions. However, NMO tends to affect the optic nerves and spinal cord more than the brain, often causing longitudinally extensive transverse myelitis and optic neuritis. The periventricular white matter lesions seen in this patient’s MRI are more typical of MS, not NMO. Aquaporin-4 antibodies are positive in NMO and can further distinguish NMO from MS.

Transverse myelitis

involves inflammation of the spinal cord, leading to weakness and sensory loss. However, it typically causes localised deficits (e.g., weakness below the level of the lesion), whereas this patient has progressive bilateral symptoms with upper motor neuron findings. Moreover, transverse myelitis typically results in spinal cord lesions rather than periventricular white matter lesions in the brain."
478,"A 13-year-old child with a diagnosis of tuberous sclerosis presents to the clinic with his mother. She explains how her son has had two episodes of haematuria and bouts of flank pain with nausea and vomiting. Multiple investigations are performed including an MRI scan which reveals a kidney abnormality.

Which of the following is the most likely cause of the symptoms?","[""Horseshoe kidney"", ""Oncocytoma"", ""Renal angiomyolipomata"", ""Renal cell carcinoma"", ""Renal medullary carcinoma""]",Renal angiomyolipomata,2,"Tuberous sclerosis patients develop renal angiomyolipomata which are prone to haemorrhage

Patients with tuberous sclerosis (TS) develop multisystemic hamartomas such as angiofibromas, rhabdomyomas, and angiomyolipomas. Patients have an increased risk of developing certain malignancies including renal cell carcinoma.

The majority of patients with TS will develop some form of kidney disease. The most likely manifestation being renal angiomyolipomata which is a benign tumour made of malformed tissues. Interactions between polycystin 1 and tuberin are implicated in the development of these growths.

Oncocytomas are benign tumours which have a higher likelihood of developing in patients with TS.

Renal medullary carcinoma is a rare form of cancer that is associated with sickle cell trait but not with TS.

A link between horseshoe kidney and TS has not been established."
479,"A 56-year-old woman presents with facial asymmetry. Whilst brushing her teeth this morning she noted that the right hand corner of her mouth was drooping. She is generally well but noted some pain behind her right ear yesterday and says her right eye is becoming dry. On examination she has a complete paralysis of the facial nerve on the right side, extending from the forehead to the mouth. Ear, nose and throat examination is normal. Clinical examination of the peripheral nervous system is normal. What is the most likely diagnosis?","[""Ramsey-Hunt syndrome"", ""Bell's palsy"", ""Stroke"", ""Multiple sclerosis"", ""Parotid tumour""]",Bell's palsy,1,
480,"A 32-year-old woman presents with intermittent episodes of neurological symptoms over the past two years. She reports blurry vision in one eye with pain on movement, which resolved after several weeks, and numbness in her right arm lasting for a month before improving. Recently, she has developed urinary urgency and mild unsteadiness when walking.

Neurological examination reveals mild right upper limb weakness, hyperreflexia, and an extensor plantar response.

Which investigation is most likely to confirm the diagnosis?","[""Cerebrospinal fluid (CSF) analysis for oligoclonal bands"", ""Evoked potentials testing"", ""MRI of the brain and spinal cord with contrast"", ""Nerve conduction studies"", ""Serum anti-aquaporin-4 antibody testing""]",MRI of the brain and spinal cord with contrast,2,"Multiple sclerosis diagnosis that requires demyelinating lesions that are separated in space and time

MRI of the brain and spinal cord with contrast

is correct because multiple sclerosis (MS) is diagnosed based on MRI findings showing demyelinating lesions separated in space and time, which is necessary to confirm the diagnosis. This patient’s history of relapsing neurological symptoms affecting different CNS regions (optic neuritis, sensory deficits, balance issues, and bladder dysfunction) strongly suggests MS, and MRI with contrast is the best test to demonstrate active and chronic demyelination. Contrast-enhancing lesions indicate recent inflammation, while T2 hyperintense lesions represent chronic damage, fulfilling the McDonald criteria for dissemination in time. Dissemination in space is confirmed if lesions appear in multiple characteristic locations, such as the periventricular, juxtacortical, infratentorial, and spinal cord regions. Given this patient’s optic neuritis, sensory deficits, and ataxic symptoms, an MRI is the most definitive test to confirm MS and rule out other causes of demyelination.

Cerebrospinal fluid (CSF) analysis for oligoclonal bands

is incorrect because although oligoclonal bands in the CSF indicate chronic CNS inflammation, they do not provide evidence of dissemination in space and time, which is required for MS diagnosis. While CSF findings support MS, MRI remains the primary diagnostic tool, as it provides direct visualisation of demyelinating lesions. In this patient, CSF analysis may be useful if MRI findings are inconclusive, but it cannot replace MRI for definitive diagnosis.

Evoked potentials testing

is incorrect because while evoked potentials (e.g., visual evoked potentials for optic neuritis) can detect subclinical demyelination, they do not fulfill the diagnostic criteria for MS. This patient’s optic neuritis is already clinically apparent, making evoked potentials unnecessary. Furthermore, MS diagnosis requires radiological evidence of lesions, which evoked potentials cannot provide.

Nerve conduction studies

are incorrect because they assess peripheral nerve function, while MS is a central nervous system demyelinating disorder. This patient’s symptoms, including optic neuritis, sensory loss, and ataxia, suggest CNS involvement rather than a peripheral nerve disorder, making nerve conduction studies unhelpful in this case.

Serum anti-aquaporin-4 antibody testing

is incorrect because these antibodies are specific for neuromyelitis optica spectrum disorder (NMOSD), which primarily affects the optic nerves and spinal cord but follows a more severe and distinct course than MS. This patient’s relapsing-remitting pattern with multifocal CNS involvement strongly suggests MS rather than NMOSD. If NMOSD were suspected, MRI findings would typically show longitudinally extensive spinal cord lesions, which are not characteristic of MS."
481,"A 55-year-old woman with a background of hypertension and type 2 diabetes mellitus presents to the emergency department with recurrent episodes of vertigo exacerbated by moving her head. She describes the episodes as debilitating and that they make it difficult for her to walk. They only last up to 10 seconds before resolving but have been happening increasingly frequently over the last 2 days.

Her neurological examination during the initial assessment is normal.

What is the most appropriate diagnostic test to perform?","[""CT angiogram"", ""Dix-Hallpike manoeuvre"", ""Epley manoeuvre"", ""HINTS exam"", ""Non-contrast CT head""]",Dix-Hallpike manoeuvre,1,"BPPV: Dix-Hallpike manoeuvre is diagnostic

The history of brief, fleeting episodes of vertigo is typical of benign paroxysmal positional vertigo (BPPV). The

Dix-Hallpike test

can be used to provoke the symptoms, thereby confirming a diagnosis of BPPV.

A

CT angiogram

is used to visualise the arteries within the brain to detect aneurysms, stenoses and blockages. It may be used in the investigation of posterior circulation strokes.

The

Epley manoeuvre

is used to treat BPPV by displacing the lodged otoliths from the semicircular canals. It is not a diagnostic test.

The

HINTS exam

is used to differentiate between central and peripheral causes of vertigo. It is an acronym that stands for the different aspects of the test: head impulse, nystagmus and test of skew. This should only be used in patients who are actively vertiginous with nystagmus.

Non-contrast CT head

may be considered if a serious cause of vertigo such as a posterior circulation stroke or an intracranial bleed is considered a plausible explanation for the patient’s symptoms. As her symptoms are short-lived and fleeting, a Dix-Hallpike test should be performed first."
482,Which one of the following is least likely to cause a raised protein level in the cerebrospinal fluid?,"[""Tuberculous meningitis"", ""Guillain-Barre syndrome"", ""Fungal meningitis"", ""Froin's syndrome"", ""Systemic lupus erythematous""]",Systemic lupus erythematous,4,
483,"A 39-year-old female who presents with a 3-month history of acute attacks of loss of vision and weakness in the lower limbs is diagnosed with neuromyelitis optica. When making a diagnosis of neuromyelitis optica, which of the following is a possible distinguishing feature from multiple sclerosis?","[""Memory loss"", ""Optic neuritis"", ""Acute myelitis"", ""NMO-IgG seropositive"", ""Brain CT not meeting criteria for Multiple sclerosis at disease onset""]",NMO-IgG seropositive,3,
484,"A 55-year-old builder comes to see you about his ongoing back pain. He was diagnosed several months ago with a prolapsed intervertebral disc which is still causing him a lot of pain, limiting his ability to work.

He is currently on 75mg of amitriptyline which has been up titrated over several weeks; he reports he has not noticed much improvement. Prior to amitriptyline, he was on pregabalin which was stopped due to side effects.

What is the next appropriate step in his management?","[""Add duloxetine"", ""Add gabapentin"", ""Increase amitriptyline"", ""Stop amitriptyline and start duloxetine"", ""Stop amitriptyline and start gabapentin""]",Stop amitriptyline and start duloxetine,3,"Drugs for neuropathic pain are typically used as monotherapy, i.e. if not working then drugs should be switched, not added

First-line treatment of neuropathic pain is a choice of amitriptyline, duloxetine, gabapentin, or pregabalin.

This man has already tried pregabalin which he did not tolerate due to side effects. He is currently on a high dose of amitriptyline which is not controlling his pain.

NICE recommends for neuropathic pain that if the first-line drug treatment does not work doctors should try one of the other 3 drugs. They are typically used as monotherapy, i.e. if not working then drugs should be switched, not added.

Adding duloxetine is incorrect as drugs should be used as monotherapy.

Adding gabapentin is incorrect as drugs should be used as monotherapy. Furthermore, this man has not tolerated pregabalin in the past, this makes gabapentin a less good choice than duloxetine.

Increasing amitriptyline is incorrect as this man is already on a very high dose of amitriptyline and has not noticed an improvement in his pain. If he was on a lower dose and reported some improvement, increasing the dose should be considered.

Stopping amitriptyline and starting duloxetine is the correct option.

Stopping amitriptyline and starting gabapentin would be an option. However, this man has previously had side effects with pregabalin, therefore duloxetine is a better option in this case."
485,"A 76-year-old man is reviewed in the Elderly Medicine clinic. He is concerned about his increasing forgetfulness over the past six months. His daughter notes he has generally 'slowed down' and struggles to follow conversations. Over the past month he has noted increasingly frequent episodes of urinary incontinence. He has also had one episode of faecal incontinence in the past week. On examination he is noted to have brisk reflexes and a short, shuffling gait. No cerebellar signs are noted. What is the most likely diagnosis?","[""Multiple system atrophy"", ""Parkinson's disease"", ""Normal pressure hydrocephalus"", ""Urinary tract infection"", ""Pick's disease""]",Normal pressure hydrocephalus,2,"Urinary incontinence + gait abnormality + dementia = normal pressure hydrocephalus

The presence of dementia and absence of cerebellar signs point away from a diagnosis of multiple system atrophy"
486,"You are working on the stroke ward. A 69-year-old lady has come in following a sudden onset of dizziness and visual disturbances which started yesterday morning. She initially thought she was just dehydrated however later realised she was unable to read her own shopping list. On the ward round the consultant examines her and finds she is indeed unable to read. She is however, able to write. When she writes a sentence it makes perfect sense, although she is again unable to read it out. She has no problems with her speech, and is able to converse completely normally. She has no motor focal neurological deficit. The consultant asks you where the lesion is likely to be?","[""Corpus callosum"", ""Wernicke's area"", ""Right (non-dominant) parietal lobe"", ""Left frontal lobe"", ""Broca's area""]",Corpus callosum,0,
487,"A 42-year-old man is referred to the neurology clinic with involuntary movements and a 6-month history of irritability and declining work performance. His mother died at age 52 from an undiagnosed neurodegenerative illness. Examination reveals choreiform movements and mild dysarthria. Genetic testing is requested.

Which genetic abnormality is most likely to be identified in this patient?","[""CAG repeat expansion on chromosome 4"", ""CGG repeat expansion on X chromosome"", ""CTG repeat expansion on chromosome 19"", ""GAA repeat expansion on chromosome 9"", ""Deletion of dystrophin gene on X chromosome""]",CAG repeat expansion on chromosome 4,0,"There is a repeat expansion of CAG trinucleotide in Huntington's disease

CAG repeat expansion on chromosome 4

is the correct answer. Huntington's disease is caused by an autosomal dominant mutation involving a CAG trinucleotide repeat expansion in the huntingtin gene (HTT) located on chromosome 4. This leads to progressive degeneration of neurons, particularly in the striatum, resulting in characteristic motor, cognitive, and psychiatric features. The presence of anticipation—earlier onset in successive generations—is due to further CAG expansions during transmission.

CGG repeat expansion on X chromosome

refers to fragile X syndrome, which presents with intellectual disability, macroorchidism, and facial dysmorphism rather than adult-onset movement disorder or psychiatric symptoms as seen here.

CTG repeat expansion on chromosome 19

causes myotonic dystrophy type 1. This disorder presents with myotonia, muscle weakness, cataracts, cardiac conduction defects, and endocrinopathies—not chorea or prominent psychiatric features.

GAA repeat expansion on chromosome 9

results in Friedreich’s ataxia, characterised by progressive ataxia, dysarthria, cardiomyopathy, and diabetes mellitus; it typically presents earlier in life with cerebellar rather than basal ganglia signs.

Deletion of dystrophin gene on X chromosome

causes Duchenne muscular dystrophy (and Becker’s if partially functional), presenting with proximal muscle weakness in boys—distinct from the adult-onset movement disorder described here."
488,"A 35-year-old man with a history of migraines has been admitted to the medical take with a right-sided hemiparesis. On closer questioning, there is a family history of stroke and migraines. A CT brain reveals multiple hypodensities within the basal ganglia and temporal lobes, out of keeping for his age. A diagnosis of CADASIL is suspected. What is the pathophysiology of this condition?","[""NOTCH3 mutation"", ""NOD2/CARD15 mutation"", ""FXN mutation"", ""GLA mutation"", ""SCN5a mutation""]",NOTCH3 mutation,0,
489,"A 28-year-old woman presents to the GP with a 3-month history of increased fatigue, which has been particularly worse over the last 2 weeks. She feels increasingly lethargic throughout the day and is experiencing muscle cramps. Cardiovascular, respiratory, gastrointestinal and neurological examinations were all within normal limits.

There is no past medical history of note. The patient only reports a previous episode of visual disturbance 6 months ago, where they were unable to see clearly out of the left eye and red colours were not as pronounced. This symptom resolved spontaneously within 2 weeks.

Blood were taken and the results showed:


Hb	105g/L	(115-160 g/L)
WCC	5.6 x109/L	(4.0-11.0 x109/L)
Na+	140mmol/L	(135-145mmoL/)
K+	3.4 mmol/L	(3.5-5.0mmol/L)
Urea	3.7 mmol/L	(2.0-7mmol/L)
Creatinine	80 umol/L	(55-120umol/L)
Vitamin B12	413ng/L	(200-900 ng/L)
Folate	3.1 nmol/L	(3.0 nmol/L)
ESR	24 mm/hr	(0-29mm/hr)

What is the most likely diagnosis?","[""Anaemia"", ""Fibromyalgia"", ""Giant cell arteritis"", ""Multiple sclerosis"", ""Myasthenia gravis""]",Multiple sclerosis,3,"Lethargy is a very common early symptom of multiple sclerosis

Important risk factors for multiple sclerosis include female sex, ages between 20-40 and family history. Multiple sclerosis can present with monocular visual disturbances and peculiar sensory phenomena. Typically, the lesions associated with MS will be separated in anatomical location and time; giving a relapsing and remitting course of symptoms. However, lethargy, as well as other non-specific symptoms such as leg cramping, increased urinary frequency and bowel dysfunction, can commonly be seen in early presentations of multiple sclerosis.

Myasthenia would be more commonly seen with fatiguability following exertion. Visual disturbances are more commonly binocular with other symptoms such as diplopia and ptosis.

Fibromyalgia may present with muscle aches and fatigue, however, the previous neurological disturbances would not be seen.

Whilst the patient does have mild anaemia, the previous symptoms of visual disturbance would not be seen and are more suggestive of multiple sclerosis.

Giant cell arteritis can present with muscle aches and fatigue. Visual loss can also be seen. Nevertheless, the presentation is typically in those over 50 years of age alongside other features in the history such as headaches, jaw claudication and scalp tenderness. Red desaturation is less commonly seen and is more in keeping with multiple sclerosis. Typically, visual loss giant cell arteritis does not recover if left untreated."
490,"A 54-year-old male patient has been brought in by ambulance after falling down the stairs. He complains of immediate onset of back pain and right leg weakness following the fall. On examination, there is weakness of all muscle groups of right hip and leg. There is loss of proprioception and vibration sense in the distribution of L1-S5 of the right hip and lower limb. There is loss of pain and temperature sensation in the distribution of L1-S5 of the left hip and lower limb.

What is the diagnosis?","[""Anterior cord syndrome"", ""Central cord syndrome"", ""Posterior cord syndrome"", ""Brown-Sequard syndrome"", ""Cauda-equina syndrome""]",Brown-Sequard syndrome,3,"Brown-Sequard syndrome: ipsilateral weakness, loss of proprioception and vibration sensation, contralateral loss of pain and temperature sensation

Brown-Sequard syndrome: ipsilateral weakness, loss of proprioception and vibration sensation, contralateral loss of pain and temperature sensation.

Central cord syndrome usually presents with bilateral motor weakness.

Anterior cord syndrome usually affects motor function, pain and temperature sensation. Proprioception is usually spared.

Posterior cord syndrome usually affects proprioception.

Cauda-equina syndrome usually causes bladder/bowel dysfunction and saddle anaesthesia."
491,"A 53-year-old man is referred to the neurology outpatient clinic by his general practitioner with progressive weakness. He has no past medical history and is not on any medications. He has a family history of myasthenia gravis.

On examination, power is 4+/5 in the upper limbs and 4/5 in the lower limbs. Testing of sensation is normal. Testing of reflexes is variable, with some limbs demonstrating hyperreflexia and hyporeflexia in different nerve roots in the same limb. The cranial nerve examination is normal and the plantars are downgoing. Tone is also variable, with some limbs demonstrating hypotonia and some hypertonia.

Given the likely diagnosis, what treatment if used is likely to confer the greatest prognostic benefit?","[""Intravenous immunoglobulin"", ""Natalizumab"", ""Non-invasive ventilation (NIV)"", ""Prednisolone"", ""Riluzole""]",Non-invasive ventilation (NIV),2,"Motor neuron disease - treatment: NIV is better than riluzole

Non-invasive ventilation (NIV) is the correct answer. The patient presents with progressive weakness of the limbs with mixed upper motor neuron and lower motor neuron signs with preserved sensation. The most likely diagnosis is motor neuron disease. The treatment with the greatest prognostic benefit in this condition is NIV.

Intravenous immunoglobulin is incorrect. This treatment has an anti-inflammatory effect and can be used in conditions such as myasthenia gravis and Guillain-Barre syndrome. However, these conditions are characterized by a lower motor neuron or myopathic distribution of weakness. Hyperreflexia and hypertonia would not be typical.

Natalizumab is incorrect. This is a monoclonal antibody directed against cell adhesion molecule α4-integrin. It is used in the treatment of multiple sclerosis (MS). If MS presents with weakness, it is characterized by an upper motor neuron distribution of weakness. Hypotonia and hyporeflexia would not be characteristic.

Prednisolone is incorrect. This can be used in a wide variety of inflammatory conditions, some of which cause weakness. However, the distribution of examination findings, in this case, suggests a diagnosis of MND and prednisolone has no prognostic benefit in this condition.

Riluzole is incorrect. This is a medication used in MND that works by blocking glutamatergic neurotransmission in the CNS. In MND, it is postulated that glutamate toxicity may accumulate to deleterious levels and contribute to motor neurone deterioration  It is associated with a prognostic benefit but is less effective than NIV."
492,"You are a foundation doctor working in general practice. You review a forty-year-old woman complaining of dizziness. Symptoms are worse when rolling over in bed and are associated with nausea. She has never had any previous episodes, does not complain of aural fullness and does not have nystagmus.

What could be done to confirm the diagnosis?","[""Audiogram"", ""Rinne and weber tests"", ""Otoscopy"", ""Dix-Hallpike manoeuvre"", ""Epley manoeuvre""]",Dix-Hallpike manoeuvre,3,"Dix-Hallpike test: rapidly lower a patient to the supine positionwith an extended neck. A positive test recreates the symptoms of benign paroxysmal positional vertigo

This patient likely has a case of Benign paroxysmal positional vertigo. Dix-Hallpike test helps to confirm the diagnosis whereas the Epley manoeuvre can be used as a non medical treatment.

If Meniere's disease was suspected then an audiogram would be appropriate. However this patient appears to have simple vertigo. Meniere's disease would likely present with recurrent episodes of vertigo, tinnitus and hearing loss. There may be an associated feeling of aural fullness.

Rinne and weber tests would identify any hearing loss. Although useful this test would not confirm the diagnosis of benign paroxysmal positional vertigo.

Otoscopy would identify any outer or middle ear infection. This can be associated with labyrinthitis however labyrinthitis is likely to cause nystagmus in addition to vertigo and nausea."
493,Which one of the following is least recognised as causing idiopathic intracranial hypertension?,"[""Oral contraceptive pill"", ""Tetracycline"", ""Ciclosporin"", ""Prednisolone"", ""Vitamin A""]",Ciclosporin,2,
494,Which one of the following is most associated with downbeat nystagmus?,"[""Arnold-Chiari malformation"", ""Pseudobulbar palsy"", ""Jugular foramen syndrome"", ""Acoustic neuroma"", ""Cerebellar vermis lesions""]",Arnold-Chiari malformation,0,
495,"A 63-year-old man presents to the emergency department with a 5-and-a-half hour history of weakness in his left upper and lower limbs.

His vital signs are within the normal limits. Physical examination reveals left hemiplegia and his mental status is intact. An electrocardiogram (ECG) shows normal sinus rhythm.

CT brain shows no evidence of haemorrhage, while magnetic resonance angiography indicates occlusion of right middle cerebral artery. He has been administered aspirin 300 mg orally.

What is the most appropriate next step in management?","[""Admission to a rehabilitation programme"", ""Anticoagulation with rivaroxaban"", ""Clopidogrel"", ""Intravenous thrombolysis with streptokinase"", ""Mechanical thrombectomy""]",Mechanical thrombectomy,4,"Large artery acute ischaemic stroke? Consider mechanical clot retrieval

Mechanical thrombectomy

is the correct choice. The clinical scenario describes a patient with an acute ischaemic stroke affecting a large artery, specifically the middle cerebral artery which is part of the anterior cerebral circulation. Mechanical thrombectomy, also known as mechanical clot retrieval, is indicated for occlusions in large arteries. The national institute for health and care excellence (NICE) recommends that mechanical thrombectomy be performed as soon as possible, ideally within 6 hours from symptom onset.

Admission to a rehabilitation programme

is not the appropriate immediate step in acute stroke management. While rehabilitation is crucial in the post-acute phase of recovery, it does not represent an urgent intervention. As this patient falls within the therapeutic window for mechanical thrombectomy, this procedure should take priority over rehabilitation at this stage.

Anticoagulation with rivaroxaban

is inappropriate in this situation. The patient's ECG demonstrates normal sinus rhythm; anticoagulation is typically reserved for patients who present with atrial fibrillation on ECG. Moreover, anticoagulation initiation generally takes place no sooner than 14 days following an ischaemic stroke event.

Clopidogrel

is not suitable as the next step in acute stroke management because it is primarily used for secondary prevention, not for acute treatment. According to the 2023 national clinical guidelines, clopidogrel is typically reserved for cases where aspirin is contraindicated and dual antiplatelet therapy is not recommended for major ischemic strokes due to the risk of hemorrhagic transformation. Since this patient has already received aspirin and is within the acute phase, mechanical thrombectomy is the appropriate intervention.

Intravenous thrombolysis with streptokinase

is not appropriate for this patient. Current guidelines recommend thrombolysis with agents like alteplase or tenecteplase rather than streptokinase. According to the national clinical guidelines for stroke issued in 2023, thrombolysis is indicated for acute ischaemic stroke within a 4.5 to 9-hour window from symptom onset, provided imaging shows salvageable brain tissue. Since streptokinase is not recommended for this purpose and the guidelines favour other thrombolytic agents, it is not suitable for managing this patient's acute ischaemic stroke."
496,"A 68-year-old female is reviewed in the neurology clinic. She sustained an ischaemic stroke three months previously and has been left with residual disability. She has a past medical history of hypertension and hypercholesterolemia. She takes amlodipine and clopidogrel and atorvastatin.

On examination, her speech is mostly fluent. Her comprehension is normal but her repetition of phrases is poor. When asked to repeat the phrases 'bottles and rocks', she is unable to do so. There is no other residual neurological deficit.

What is the correct description of her speech disturbance?","[""Conduction dysphasia"", ""Dysarthria"", ""Expressive dysphasia"", ""Global dysphasia"", ""Receptive dysphasia""]",Conduction dysphasia,0,"Conduction dysphasia: speech fluent, but repetition poor. Comprehension is relatively intact

Conduction dysphasia is correct. This causes fluid speech with relatively preserved comprehension but poor repetition. It is caused by damage to the arcuate fasciculus, typically as a consequence of a stroke affecting the parietal lobe.

Dysarthria is incorrect. This is a problem of the muscles coordinating speech rather than a primary language problem. It can have a peripheral or central neurological cause.

Expressive dysphasia is incorrect. Speech is non-fluent and halting in this case.

Receptive dysphasia is incorrect. This causes fluid but incomprehensible speech.

Global dysphasia is incorrect. This would cause a problems with fluency, understanding and repetition and suggests widespread intracerebral damage."
497,What is the most common clinical pattern seen in motor neuron disease?,"[""Progressive muscular atrophy"", ""Progressive bulbar palsy"", ""Spinocerebellar ataxia"", ""Relapsing-remitting"", ""Amyotrophic lateral sclerosis""]",Amyotrophic lateral sclerosis,4,
498,"A 58-year-old man is admitted with acute onset of vertigo and difficulty walking. He reports mild dysphagia and hoarseness. Examination reveals subtle right-sided ptosis with normal pupillary responses. He has diminished light touch sensation on the left side of his body and impaired coordination when touching his nose with his right index finger. Cranial nerve examination shows decreased corneal reflex on the right.

What is the most likely vascular territory affected?","[""Anterior cerebral artery"", ""Middle cerebral artery"", ""Posterior cerebral artery"", ""Posterior inferior cerebellar artery"", ""Anterior inferior cerebellar artery""]",Posterior inferior cerebellar artery,3,"Lateral medullary syndrome - PICA lesion - cerebellar signs,  contralateral sensory loss & ipsilateral Horner's

Posterior inferior cerebellar artery (PICA)

is the correct answer. This patient's presentation is consistent with lateral medullary syndrome (Wallenberg syndrome), which occurs due to infarction in the territory of the PICA or vertebral artery. The key features in this case include vertigo, dysphagia, hoarseness, ipsilateral Horner's syndrome (subtle ptosis on the right), ipsilateral decreased corneal reflex, ipsilateral cerebellar signs (right-sided coordination difficulty), and contralateral sensory loss (decreased light touch on the left side of the body). The PICA supplies the lateral medulla and part of the cerebellum, which explains this constellation of findings. The subtle presentation without explicit mention of 'Horner's syndrome' or complete hemibody sensory loss makes this a challenging diagnosis that requires integration of the neuroanatomical findings.

Anterior cerebral artery (ACA)

territory infarcts typically present with contralateral lower limb weakness, abulia, and possible urinary incontinence. The ACA supplies the medial surface of the cerebral hemisphere, including the paracentral lobule (which contains the motor and sensory cortices for the lower limb) and the anterior corpus callosum. The patient's presentation with brainstem and cerebellar signs is not consistent with an ACA territory infarct.

Middle cerebral artery (MCA)

territory infarcts classically present with contralateral hemiparesis (face and upper limb predominant), hemianesthesia, homonymous hemianopia, and aphasia (if the dominant hemisphere is affected) or neglect (if the non-dominant hemisphere is affected). The MCA supplies the lateral surface of the cerebral hemisphere. The patient's presentation with brainstem and cerebellar signs is not consistent with an MCA territory infarct.

Posterior cerebral artery (PCA)

territory infarcts typically present with contralateral homonymous hemianopia, visual agnosia, and occasionally memory impairment if the medial temporal lobe is involved. The PCA supplies the occipital lobe, parts of the temporal lobe, and the thalamus. While the PCA is in the posterior circulation like PICA, the patient's presentation with lateral medullary signs is not consistent with a PCA territory infarct.

Anterior inferior cerebellar artery (AICA)

territory infarcts can present with vertigo, ipsilateral facial weakness, ipsilateral hearing loss, ipsilateral Horner's syndrome, and ipsilateral cerebellar signs. The AICA supplies the lateral pons, middle cerebellar peduncle, and anteroinferior cerebellum. While AICA infarcts can have some overlapping features with PICA infarcts, the pattern of findings in this case (particularly the combination of ipsilateral cerebellar signs, contralateral sensory loss, and ipsilateral Horner's syndrome without facial weakness or hearing loss) is more consistent with a PICA territory infarct."
499,A 62-year-old man with a history of hypertension and epilepsy is noted to have gingival hyperplasia on examination in the cardiology clinic. Which one of the following drugs is most likely to be responsible?,"[""Sodium valproate"", ""Lisinopril"", ""Atorvastatin"", ""Nifedipine"", ""Carbamazepine""]",Nifedipine,3,"Gingival hyperplasia: phenytoin, ciclosporin, calcium channel blockers and AML

The correct answer is

Nifedipine

. Nifedipine is a calcium channel blocker used in the treatment of hypertension. One of its well-documented side effects is gingival hyperplasia, which occurs due to an overgrowth of the gum tissue. The exact mechanism of this side effect is not fully understood but it's suggested that nifedipine may alter collagen metabolism, thereby leading to an accumulation of extracellular matrix and resultant gingival overgrowth.

Sodium valproate

is an antiepileptic drug used for the management of seizures. Its common side effects include gastrointestinal disturbances, tremor, weight gain and hair loss. Gingival hyperplasia is not typically associated with sodium valproate use.

Lisinopril

is an angiotensin-converting enzyme (ACE) inhibitor used in the management of hypertension and heart failure. Common side effects are cough, dizziness, rash and renal impairment. It does not commonly cause gingival hyperplasia.

Atorvastatin

belongs to the statin group of drugs and is primarily used for lowering cholesterol levels in patients at high risk of cardiovascular disease. While it can cause various side effects such as myalgia, hepatic impairment or even rhabdomyolysis in severe cases, gingival hyperplasia isn't a known complication associated with atorvastatin use.

Finally,

Carbamazepine

, another antiepileptic drug like sodium valproate, has several potential adverse effects including dizziness, ataxia and blood dyscrasias but it doesn't typically result in gingival hyperplasia either."
500,Which one of the following is least associated with the development of chorea?,"[""Ataxic telangiectasia"", ""SLE"", ""Wilson's disease"", ""Pregnancy"", ""Infective endocarditis""]",Infective endocarditis,4,
501,"A 23-year-old man is admitted to the emergency department following a stabbing incident. He has multiple lacerations to his flank and lower back which have been caused by a knife. After being stabilized he complains of his right leg 'feeling funny.'

You perform a full neurological examination which reveals the following:

weakness in extension and flexion of the right knee
loss of proprioception and vibration below mid thigh in the right leg
loss of pain sensation below the mid thigh in left leg

Given the likely diagnosis, which of the following best describes the trauma?","[""Laceration to right sciatic nerve"", ""Hemisection of anterior section of spinal cord"", ""Right-sided lateral hemisection of spinal cord"", ""Left-sided lateral hemisection of spinal cord"", ""Posterior disk prolapse""]",Right-sided lateral hemisection of spinal cord,2,"Brown-Sequard syndrome is a result of lateral hemisection of the spinal cord

The patient has Brown-Sequard syndrome, which is a lateral hemisection of spinal cord. It causes same sided weakness and proprioception/vibration loss and loss of pain/temperature on the opposite side to the hemisection. This is because the pathway for pain/temperature sensation decussates at the level of the nerve root.

Damage to the sciatic nerve would produce unilateral symptoms. Anterior hemisection is rare and unlikely given the mechanism of injury. It would also produce a different distribution of neurological symptoms. A left-sided hemisection would cause ipsilateral weakness. A posterior disk prolapse is also unlikely given the mechanism of trauma."
502,"A 55-year-old man is seen in the neurology clinic with sensory loss.

On examination he has loss of fine touch, joint position sense and temperature sensation bilaterally in the lower limbs, extending from his knees down, as well as in his fingertips.

His motor function is 5/5 in all four limbs.

His medications include: calcichew, alfacalcidol, sodium bicarbonate and ramipril

Which of the following is most likely to be the cause of these clinical findings?","[""Guillain-Barre syndrome"", ""Lead poisoning"", ""Polio"", ""Chronic kidney disease"", ""Amyotrophic lateral sclerosis""]",Chronic kidney disease,3,"Uraemic polyneuropathy is predominantly sensory

Of the above, CKD (leading to uraemia) is the only option to cause a predominantly sensory polyneuropathy.

Guillain-Barre syndrome and lead poisoning cause a polyneuropathy which is predominantly motor.

Polio and amyotrophic lateral sclerosis affect the anterior horn cells of the motor tract, within the spinal cord. As such, they cause a motor deficit."
503,"An 83-year-old man is brought to the emergency department with reduced consciousness. His daughter reports that he has been behaving out of character over the past three weeks, with aggressive outbursts followed by excessive sleepiness. The daughter also describes an episode of increased confusion 3 days ago which resolved after 24 hours. This morning the patient was found unresponsive in bed. His past medical history includes atrial fibrillation and recurrent falls. On examination, he is responding only to pain. There is no obvious focal neurology.

What is the most likely diagnosis?","[""Extradural haemorrhage"", ""Ischaemic stroke"", ""Space-occupying lesion"", ""Subarachnoid haemorrhage"", ""Subdural haemorrhage""]",Subdural haemorrhage,4,"Fluctuating consciousness = subdural haemorrhage

The correct answer is

subdural haemorrhage.

This patient's presentation of fluctuating confusion and reduced consciousness, is highly suggestive of a chronic subdural haematoma. Recurrent falls and increased age are further risk factors which support this diagnosis, as well as the possibility that he is taking anticoagulation for his atrial fibrillation.

Extradural haematoma

is incorrect. Extradural haematomas typically cause symptoms quickly after injury due to their arterial origin and high-pressure bleeding. This does not fit with the clinical presentation here.

Ischaemic stroke

is incorrect. This would more typically present with focal neurology and acute onset of symptoms, neither of which are described in this patient.

Space-occupying lesion

is incorrect. Although this could present with confusion and reduced consciousness, the history of recurrent falls and fluctuating confusion make subdural haemorrhage the most likely diagnosis in this case.

Subarachnoid haemorrhage

is incorrect. This typically presents with a sudden onset, 'thunderclap' headache, rather than the prolonged disturbance in consciousness that is described here. Additionally, subarachnoid haemorrhage has different associated risk factors of arterio-venous malformations, polycystic kidney disease and hypertension."
504,A 55-year-old man is diagnosed with amyotrophic lateral sclerosis. Which one of the following drugs has been shown to confer a survival benefit?,"[""Rituximab"", ""Riluzole"", ""Interferon-beta"", ""Cyclophosphamide"", ""Interferon-alpha""]",Riluzole,1,"Motor neuron disease - riluzole

The correct answer is

Riluzole

. Riluzole is a glutamate antagonist which has been shown to slow the progression of amyotrophic lateral sclerosis (ALS) and confer a survival benefit. The NICE guideline NG42 recommends offering riluzole to people with ALS to slow disease progression. It works by decreasing the release of glutamate, thereby reducing neuronal excitotoxicity, which is thought to play a role in the pathogenesis of ALS.

Rituximab

is an incorrect option. Rituximab is a monoclonal antibody used primarily in the treatment of B-cell malignancies such as non-Hodgkin's lymphoma and chronic lymphocytic leukaemia. It can also be used in some autoimmune conditions such as rheumatoid arthritis and vasculitis, but there is no evidence that it confers any benefit in ALS.

Interferon-beta

is another incorrect choice. Interferon-beta is primarily used in the management of multiple sclerosis (MS), not ALS. It helps reduce inflammation and prevent nerve damage in MS but does not have any proven benefit in slowing down or halting the progression of ALS.

Moving on to

Cyclophosphamide

, this drug is also not used for treating ALS. Cyclophosphamide is an alkylating chemotherapeutic agent, employed mainly for treating various types of cancer including lymphomas, leukaemias, and some solid tumours. It works by interfering with DNA replication, thus inhibiting cell division.

Finally,

Interferon-alpha

does not confer a survival benefit in patients with ALS either. Similar to interferon-beta, interferon-alpha has antiviral properties and can modulate immune responses. It's used predominantly for treating hepatitis C and certain haematological malignancies like hairy cell leukaemia but not for neurodegenerative diseases like ALS."
505,A 64-year-old female with a history of rheumatoid arthritis presents with increased difficulty in walking. On examination there is weakness of ankle dorsiflexion and of the extensor hallucis longus associated with loss of sensation on the lateral aspect of the lower leg. What is the most likely diagnosis?,"[""Tibial nerve palsy"", ""Obturator nerve palsy"", ""Common peroneal nerve palsy"", ""Lateral cutaneous nerve palsy"", ""Pudendal nerve palsy""]",Common peroneal nerve palsy,2,"Common peroneal nerve lesion can cause weakness of foot dorsiflexion and foot eversion

The most likely diagnosis in this case is

common peroneal nerve palsy

. The common peroneal nerve, also known as the common fibular nerve, is a branch of the sciatic nerve that supplies the muscles responsible for ankle dorsiflexion and extension of the toes, specifically the extensor hallucis longus. Damage to this nerve can result in foot drop and sensory loss over the lateral aspect of the lower leg, which are both symptoms described in this scenario.

Tibial nerve palsy

is an incorrect answer because it primarily affects the plantar flexors of the ankle and flexors of the toes. Sensory loss would be expected on the sole of the foot rather than on the lateral aspect of the lower leg.

Obturator nerve palsy

is another incorrect answer. The obturator nerve supplies muscles in the medial compartment of the thigh, which are responsible for hip adduction. A lesion affecting this nerve would not cause weakness in ankle dorsiflexion or sensory changes in the lower leg.

Lateral cutaneous nerve palsy

, also known as lateral femoral cutaneous nerve palsy or meralgia paraesthetica, is an incorrect answer because it only affects sensation over the anterolateral aspect of the thigh without any motor deficits. It does not cause weakness in ankle dorsiflexion or affect sensation on the lateral aspect of the lower leg.

Finally,

pudendal nerve palsy

is incorrect as well since it mainly affects muscles and sensation in genitalia and perineum area. It does not have any impact on muscles or sensations related to walking or movement of legs."
506,You are reviewing a 22-year-old man who has developed headaches. Which one of the following features is most typical of migraines?,"[""Pain on neck flexion"", ""Phonophobia"", ""Epiphora"", ""Recent viral illness"", ""Bilateral, 'tight-band' like pain""]",Phonophobia,1,
507,"A 67-year-old man presents to his general practitioner with his wife. She explains that, for several days, he has had difficulty talking. His speech is often broken and halting. She feels that he is understanding whatever is said to him. His past medical history includes hypertension and ischaemic heart disease.

On examination, he is unable to verbalise clearly - his speech is non-fluent and halting, managing 3 or 4 words at a time. He is unable to repeat phrases when asked. However, he is able to follow commands.

Which area of the brain is most likely to be affected?","[""Arcuate fasciculus"", ""Inferior frontal gyrus"", ""Precentral gyrus"", ""Superior temporal gyrus"", ""Ventromedial prefrontal cortex""]",Inferior frontal gyrus,1,"Broca's dysphasia: speech non-fluent, comprehension normal, repetition impaired

There are a number of types of aphasia, caused by different areas of the brain being affected and resulting in different signs and symptoms. This patient has Broca's (expressive) aphasia - characterised by non-fluent, laboured, halting speech. Repetition is impaired, but comprehension is normal. It is due to a lesion of the

inferior frontal gyrus

.

Conduction aphasia is classically due to a lesion of the

arcuate fasciculus

, which connects Wernicke's and Broca's areas. With these patients, speech is instead fluent, but repetition remains poor. They are typically aware of their errors.

The

precentral gyrus

is found on the surface of the posterior frontal lobe. It is the site of the primary motor cortex. It is not associated with Broca's aphasia.

Lesions of the

superior temporal gyrus

result in Wernicke's (receptive) aphasia. It presents with impaired comprehension and sentences that do not make sense - speech remains fluent but word substitution and neologisms result in a 'word salad'.

The

ventromedial prefrontal cortex

is found in the frontal lobe. It is involved in the processing of risk and fear, and inhibition of emotional responses. It is not associated with Broca's aphasia."
508,"A 74-year-old male patient is brought in to hospital by ambulance with right-sided weakness and difficulty speaking. His wife reports that he was well the previous night and awoke with these symptoms one hour ago.

On initial assessment, he is noted to have an expressive aphasia, right-sided facial droop, and right-sided weakness most prominent in the upper extremity.

A non-contrast CT head does not reveal any intracranial haemorrhage. A CT angiogram reveals a clot in the first branch (M1) of the left middle cerebral artery (MCA). The patient does not have a history of previous intracranial haemorrhage, intracranial neoplasm, prior stroke or traumatic brain injury, or recent bleeding from the gastrointestinal tract.

Which of the following interventions is most likely to be of benefit in this patient?","[""Thrombolysis"", ""Mechanical clot retrieval"", ""Treatment-dose heparin"", ""Mechanical clot retrieval + thrombolysis"", ""Dual antiplatelet therapy""]",Mechanical clot retrieval,1,"Large artery acute ischaemic stroke? Consider mechanical clot retrieval

The vignette describes a patient presenting with a left-sided large artery acute ischaemic stroke. The 'wake-up' nature of this stroke makes it difficult to ascertain the time of onset of symptoms. Whereas thrombolysis is contraindicated in this context, mechanical clot retrieval can be performed in patients with wake-up strokes who have a confirmed occlusion of the proximal anterior circulation (anterior cerebral artery or middle cerebral artery) demonstrated by computed tomography angiography or magnetic resonance angiography.

The window of thrombolysis in ischaemic strokes is 4.5 hours, beyond which the risk of haemorrhagic transformation outweighs the benefit. Other contraindications to thrombolysis include the presence of an intracranial neoplasm and recent major bleeding e.g. from the gastrointestinal tract. In patients with large vessel occlusions (LVO) presenting within 4.5 hours, there is no evidence to support better outcomes when combining mechanical thrombectomy with thrombolysis.

Treatment-dose anticoagulation has a role in the treatment of venous thromboembolic events in haemodynamically stable patients, but a limited role in the management of arterial ischaemic strokes. Of note, intravenous heparin therapy is given peri-procedurally during endovascular interventions such as mechanical thrombectomies.

Dual antiplatelet therapy is unlikely to reverse the ischaemic stroke in this patient. It does have a role in reducing the risk of in-stent thromboses following intracranial stenting and percutaneous coronary interventions, as well as some benefit in reducing the risk of cerebrovascular events in patients with intracranial stenoses."
509,"An 80-year-old man presents with sudden-onset difficulty walking and a droopy eyelid. He noticed slurred speech a few weeks ago, but as this resolved after 10 minutes he did not seek medical attention.

On general examination, he has an ataxic gait and loss of sensation in his right arm and leg. On examination of his cranial nerves, he has nystagmus to the left, ptosis, meiosis and loss of sensation on the left-hand side of the face.

Where is the likely arterial lesion?","[""Anterior inferior cerebellar"", ""Pontine"", ""Posterior cerebral"", ""Posterior inferior cerebellar"", ""Superior cerebellar""]",Posterior inferior cerebellar,3,"Lateral medullary syndrome - PICA lesion - cerebellar signs,  contralateral sensory loss & ipsilateral Horner's

Posterior inferior cerebellar

artery (PICA) is the correct answer. Left-sided Horner's syndrome depicted here with cerebellar signs and a contralateral sensory loss of the limbs is consistent with a left-sided PICA infarct. The lateral brainstem signs involve the sympathetic outflow tract, (hence Horner's with ptosis and meiosis), spinocerebellar tract (hence cerebellar signs), the sensory nucleus of cranial nerve V (hence the sensation over the left-hand side of the face would be affected) and spinothalamic tract (hence pain and temperature loss on the contralateral, right side in this case).

Anterior inferior cerebellar

artery (AICA) is incorrect as this does not affect the same region as the PICA and hence produces a different neurological deficit. The AICA lesions are less well known and have been purported to cause central vestibular loss and hearing loss, since the inner ear, lateral pons and anterior inferior cerebellum are supplied.

Pontine

is incorrect because this artery causes a variety of syndromes, with none of the syndromes creating the lateral medullary syndrome associated with PICA infarct. Pontine infarcts can cause the locked-in syndrome, pure motor hemiparesis, sensorimotor deficits, ataxic hemiparesis and more rarely dysarthria-clumsy hand syndrome.

Posterior cerebral

is an incorrect answer. The posterior cerebral artery supplies the occipital lobe therefore an infarct here would cause a visual field loss or homonymous hemianopia to the contralateral side.

Superior cerebellar

is an incorrect answer as infarction in the superior cerebellar artery does not cause the brainstem signs seen in this case of PICA infarction. Superior cerebellar artery stroke commonly results in vertigo, dizziness, nystagmus, ataxias and sometimes mild hemiparesis."
510,"A 24-year-old man presents to the emergency department complaining of two weeks of tingling in his feet and difficulty walking. He has no medical history. He frequently inhales nitrous oxide with his friends. His diet is normal.

On examination, there is impaired proprioception and vibration sense extending to the ankles. The plantar responses are extensor. The ankle reflexes are absent and the knee reflexes are brisk.

Blood tests:


Vitamin B12 level	700pg/ml	(200-900)

What is the likely diagnosis?","[""Amyotrophic lateral sclerosis"", ""Guillain-Barre syndrome"", ""Pellagra"", ""Subacute combined degeneration of the spinal cord"", ""Syphilis infection""]",Subacute combined degeneration of the spinal cord,3,"Distal sensory loss, tingling + absent ankle jerks/extensor plantars + gait abnormalities/Romberg's positive → subacute combined degeneration of the spinal cord

Subacute combined degeneration of the spinal cord

is correct. The patient uses nitrous oxide on a regular basis. This can cause a functional B12 deficiency (the B12 levels will be normal) and can give rise to subacute combined degeneration of the spinal cord like in true B12 deficiency. In this setting, it is important to check a methylmalonic acid (MMA) level. In the setting of functional B12 deficiency, this will be high. This is characterized by dorsal column abnormalities (impaired vibration and proprioception sense), absent ankle jerks, extensor plantar responses, and brisk knee reflexes.

Amyotrophic lateral sclerosis

is incorrect. This tends to cause a pure motor weakness with a combination of upper and lower motor neuron signs. Dorsal column involvement is not typical.

Guillain-Barre syndrome

is incorrect. This cause a lower motor neuron distribution of weakness +/- sensory loss. Extensor plantar responses are not a feature and therefore this is unlikely.

Pellagra

is incorrect. This is caused by niacin deficiency, which causes the syndrome of pellagra characterized by dementia and dermatitis and diarrhea, and ultimately, death. You may get extensor plantar responses and absent ankle jerks in this condition. However, it is very unlikely to develop in someone described as having a 'normal' diet. It is more likely to occur in food-limited populations.

Syphilis infection

is incorrect. This is a cause of absent ankle jerks and extensor plantar responses. However, there is no history of exposure and we are told he has a common reason to have a functional B12 deficiency and therefore this is a less likely diagnosis in this context."
511,"A 24-year-old man presents with lower limb weakness. He states that he had an episode of food poisoning two weeks ago which consisted of severe abdominal pain and profuse non-bloody diarrhoea. Following this, he noticed progressive difficulties with balance.

His past medical history is largely unremarkable, but he admits to intravenous drug use with heroin. He last injected heroin three weeks ago.

On examination, marked ataxia and ophthalmoplegia are noted.

What is the most likely diagnosis?","[""Acute inflammatory demyelinating polyradiculoneuropathy"", ""Acute motor axonal neuropathy"", ""Botulism"", ""Miller-Fisher syndrome"", ""Tetanus""]",Miller-Fisher syndrome,3,"Miller Fisher syndrome - areflexia, ataxia, ophthalmoplegia

Miller-Fisher syndrome

is correct. This subtype of Guillain-Barre syndrome (GBS) is characterised by areflexia, ophthalmoplegia, and ataxia. Descending weakness is also a classic feature of this condition, as opposed to the ascending weakness seen in more common forms of GBS.

Acute inflammatory demyelinating polyradiculoneuropathy

is incorrect. This is the most common form of GBS, characterised by a rapidly evolving ascending weakness, mild sensory loss, and hypo- or areflexia. The presence of ataxia and ophthalmoplegia instead supports a diagnosis of Miller-Fisher syndrome.

Acute motor axonal neuropathy

is incorrect. This is a less common subtype of Guillain-Barre syndrome that presents with motor involvement only. There is often early and severe respiratory involvement. This is a less likely diagnosis here, given the presence of ataxia and ophthalmoplegia.

Botulism

is incorrect. Botulism is characterised by a descending, flaccid paralysis. It is important to note that the patient is an intravenous drug user which is a risk factor for botulism. However, this method of transmission would not explain the history of gastroenteritis features. These can, of course, be related to food-borne botulism. Regardless, the clinical features of ataxia and ophthalmoplegia are more in keeping with Miller-Fisher syndrome.

Tetanus

is incorrect. Tetanus is a life-threatening disease characterised by descending spastic paralysis. Although the causative bacteria

Clostridium tetani

has been found in contaminated heroin, the clinical features here are more suggestive of Miller-Fisher syndrome."
512,"A 12-year-old boy is brought to the Emergency Department. He was hit on the side the head by a cricket ball during a match. His teacher describes him initially collapsing to the ground and complaining of a sore head. After two minutes he got up, said he felt OK and continued playing. After 30 minutes he suddenly collapsed to the ground and lost consciousness. What type of injury is he most likely to have sustained?","[""Cerebral contusion"", ""Subarachnoid haemorrhage"", ""Intraventricular haemorrhage"", ""Extradural haematoma"", ""Subdural haematoma""]",Extradural haematoma,3,"Head injury, lucid interval - extradural (epidural) haematoma

The most likely injury sustained by the 12-year-old boy in this scenario is an

extradural haematoma

. This type of injury typically occurs when there is a traumatic impact to the side of the head, which can cause a tear in the middle meningeal artery. The initial symptoms may be mild or transient, but as the bleeding continues and blood accumulates between the dura mater and skull, it can lead to rapid neurological deterioration due to increased intracranial pressure. The classic presentation of a 'lucid interval' followed by sudden collapse and loss of consciousness described in this case strongly suggests an extradural haematoma.

A

cerebral contusion

is less likely in this case, as it involves bruising of brain tissue due to direct trauma. While it is possible that the patient has some degree of cerebral contusion from being hit by a cricket ball, this would not typically result in the sudden collapse and loss of consciousness observed after a lucid interval.

A

subarachnoid haemorrhage

is also unlikely given the mechanism of injury and clinical presentation. Subarachnoid haemorrhages are usually caused by rupture of an intracranial aneurysm or arteriovenous malformation rather than blunt trauma. The sudden onset of severe headache (often described as 'thunderclap headache') would be more characteristic for subarachnoid haemorrhage, which was not reported in this case.

An

intraventricular haemorrhage

refers to bleeding within the ventricular system, often secondary to another type of intracranial bleed such as subarachnoid or intracerebral haemorrhage. In this case, there is no indication that such bleeding has occurred based on history alone.

Finally, a

subdural haematoma

is a collection of blood between the dura mater and arachnoid membrane, usually caused by tearing of bridging veins due to acceleration-deceleration forces during trauma. While it could potentially occur in this scenario, the rapid neurological deterioration after a lucid interval is more suggestive of an extradural haematoma. Subdural haematomas typically present with a more gradual decline in consciousness over hours to days or even weeks."
513,"A 67-year-old man presents to his GP with numbness in his feet and recurrent falls over the past month. He describes difficulty walking. His GP recently started him on folate for a macrocytic anaemia. He takes no other regular medications. He does not drink alcohol. On examination, he has an ataxic gait and Romberg's test is positive. Examination of his lower limbs demonstrates an increase in tone and bilateral weakness. He has absent ankle and knee jerks with upgoing plantars. Light touch and vibration sense is reduced bilaterally.

What is the most likely cause of his symptoms?","[""Amyotrophic lateral sclerosis"", ""Guillain-Barre syndrome"", ""Subacute combined degeneration of the cord"", ""Myasthenia gravis"", ""Charcot-Marie-Tooth disease""]",Subacute combined degeneration of the cord,2,"Always replace vitamin B12 before folate - giving folate to a patient deficient in B12 can precipitate subacute combined degeneration of the cord

Subacute combined degeneration of the cord involves degeneration of the posterior and lateral columns of the spinal cord, often due to vitamin B12 deficiency.

Damage to the posterior columns - loss of proprioception, light touch and vibration sense (sensory ataxia and a positive Romberg's test).
Damage to lateral columns - spastic weakness and upgoing plantars (UMN signs).
Damage to peripheral nerves - absent ankle and knee jerks (LMN signs).

When there is a mix of UMN and LMN signs in a patient, always consider SCDC.

Replacing folate without vitamin B12 (hinted at in this case) can precipitate subacute combined degeneration of the cord in a patient who is vitamin B12 deficient.

Always ensure vitamin B12 levels are checked (and replenished) before giving folate for a macrocytic anaemia.

Amyotrophic lateral sclerosis is a subtype of motor neurone disease. This may present with mixed UMN and LMN signs but no associated sensory deficits.

Guillain-Barre syndrome is an inflammatory

peripheral

neuropathy so will not present with UMN signs. There is nothing in the history to suggest a recent bacterial or viral infection.

Myasthenia gravis is an autoimmune disease affecting the

neuromuscular junction

so will not present with UMN signs or sensory loss.

Charcot-Marie-Tooth disease is a hereditary sensory and motor

peripheral

neuropathy. UMN signs are not present in these patients. However, patients can present with LMN signs in all limbs and reduced sensation (more pronounced distally)."
514,"A 29-year-old female with progressive dementia and myoclonus is seen in the memory clinic. On examination, the patient has marked myoclonus with impairment of the concentration and memory aspects of the Addenbrooke's test. An MRI reveals a 'hockey stick sign'. A few weeks later the patient develops akinetic mutism and paresis of vertical upgaze. What is the likely diagnosis given the clinical and radiological findings?","[""Progressive supranuclear palsy"", ""Variant Creutzfeldt-Jakob disease"", ""Lewy body dementia"", ""Wilson's disease"", ""Huntington's disease""]",Variant Creutzfeldt-Jakob disease,1,
515,"Which one of the following causes of peripheral neuropathy is most associated with an axonal, rather than demyelinating, pathology?","[""Paraprotein neuropathy"", ""Guillain-Barre syndrome"", ""Hereditary sensorimotor neuropathies (HSMN) type I"", ""Amiodarone"", ""Vasculitis""]",Vasculitis,4,
