question_number,question_text,options_json,answer_text,answer_index,explanation_text
1,A 34-year-old man originally from West Africa is seen in January with depression. There is no past medical history of note but he is known to smoke cannabis. He has had similar episodes for the past two winters. What is the most likely diagnosis?,"[""Cyclothymic disorder"", ""Atypical depression"", ""Seasonal affective disorder"", ""Schizophrenia"", ""Drug-induced depression""]",Seasonal affective disorder,2,
2,"A 73-year-old woman presents to the emergency department with a one-month history of memory difficulties. She reports forgetting appointments, conversations, and names. On further questioning, she also describes poor appetite and difficulty sleeping for several days.

She appears tearful and expresses concern that she may have dementia. Cognitive assessment reveals a mini-mental state examination (MMSE) score of 25/30, which has increased her anxiety.

Which diagnosis most likely explains her presentation?","[""Alzheimer’s disease"", ""Frontotemporal dementia"", ""Lewy body dementia"", ""Normal pressure hydrocephalus"", ""Pseudodementia due to depression""]",Pseudodementia due to depression,4,"Severe depression can mimic dementia but gives a pattern of global memory loss rather than short-term memory loss - this is called pseudodementia

Pseudodementia due to depression

is correct. The patient has a short history of memory problems with low mood, poor appetite, and sleep disturbance. Her tearfulness and concern about dementia show preserved insight, typical of pseudodementia. The MMSE score of 25/30 indicates mild impairment, and her emotional response supports depression. Cognitive symptoms related to depression can improve with treatment, though not always quickly or fully. Her global memory loss and vegetative symptoms align more with depression than dementia.

Alzheimer’s disease

is incorrect because it presents with gradual memory decline over months to years, not a sudden onset. Though many Alzheimer’s patients lack insight, some retain partial awareness early on. This patient’s preserved insight and emotional distress suggest depression. Alzheimer’s usually starts, specifically with short-term memory loss, unlike this patient’s global memory issues.

Frontotemporal dementia

is incorrect because it often affects younger adults, but can occur in older patients. It presents mainly with personality, behaviour, or language changes. This patient has no behavioural issues or language problems. Her preserved insight and emotional distress argue against frontotemporal dementia, where lack of awareness and behavioural changes predominate.

Lewy body dementia

is incorrect because it typically shows fluctuating cognition, visual hallucinations, and Parkinsonism, absent here. The consistent low mood and cognitive complaints favour depression-related pseudodementia.

Normal pressure hydrocephalus

is incorrect because it presents with cognitive decline, gait disturbance, and urinary incontinence. This patient lacks gait or bladder symptoms. While cognitive decline in normal pressure hydrocephalus can mimic other dementias or depression, her rapid-onset mood and cognitive symptoms with preserved insight support pseudodementia."
3,"A 84-year-old patient is brought to see you by his wife as she is worried about hallucinations he has been experiencing. She reports that he regularly sees cats walking around the house although they have never owned a cat. He is otherwise well in himself with no other concerns and does not seem troubled by the visions. He has a past medical history of hypertension, diabetes and cataracts and drinks approximately 20 units of alcohol per week.

What is the most likely diagnosis?","[""Schizophrenia"", ""Parkinson's disease"", ""Alzheimer's disease"", ""Alcohol excess"", ""Charles-Bonnet Syndrome""]",Charles-Bonnet Syndrome,4,"Patients with Charles-Bonnet syndrome experience persistent or recurrent complex visual or auditory hallucinations however generally have full insight into their condition

The correct answer is Charles-Bonnet Syndrome. This classically presents as recurrent visual or auditory hallucinations in patients with failing eyesight. It is thought that as the brain receives less visual stimulus than it is used to, it begins to fill in the gaps with previously stored images. Hallucinations can either be simple as in patterns or lines or complex as in people or animals. They are usually pleasant hallucinations and most patients retain insight.  In this patient with a history of cataract Charles-Bonnet syndrome is most likely.

Whilst hallucinations can occur in both Alzheimer's Disease and Parkinson's Disease, there is nothing in the history to suggest any problems with memory or a tremor, making 2 and 4 unlikely. Likewise other than hallucinations there is no further evidence of schizophrenia in particular no 1st rank symptoms such as delusions, thought insertion, removal or broadcasting. Additionally patients with Alzheimer's tend to experience auditory as opposed to visual hallucinations.

Whilst 20 units of alcohol a week is over the revised recommend weekly intake it is unlikely significant enough to cause any serious medical complications. Furthermore there is nothing else in the history to suggest alcoholism as a cause of his symptoms."
4,"A 26-year-old woman who works as an accountant has recently been fired by her manager, with the reason given being missing deadlines and a reduction in quality of work. She refuted this and says that her manager has never liked her and has wanted to get rid of her since day one.

She has told her close friends and family. Even though she has been reassured by them, she believes her family but actually thinks some of her close friends from work were conspiring with her manager to get rid of her.

Her mental state examination is broadly normal, apart from a preoccupation with her manager and close friends getting rid of her. Her family state she is easily insulted and has a conspiratorial nature.

What is the most likely diagnosis?","[""Borderline personality disorder"", ""Paranoid personality disorder"", ""Schizoid personality disorder"", ""Schizophrenia"", ""Schizotypal personality disorder""]",Paranoid personality disorder,1,"Paranoid personality disorder may be diagnosed in patients who are overly sensitive and can be unforgiving if insulted, question loyalty of those around them and are reluctant to confide in others

Paranoid personality disorder is the correct option as she has taken the firing by her manager (for what sounds like good reasons) very badly and thinks it is a conspiracy enacted by her manager and close work friends. This is a classic paranoid personality disorder manifestation and the fact her family have seen her as someone who is easily insulted and can be paranoid.

Borderline personality disorder is incorrect as this disorder manifests as someone who is not generally paranoid, but more emotionally unstable, with difficult to control tempers and unstable relationships and recurrent suicidal ideation.

Schizoid personality disorder is incorrect as this presents with less paranoia and more with a predilection for solitary activities and a lack of interests and companions.

Schizophrenia is incorrect as the case described above has a broadly normal mental state examination, which would not be true for schizophrenia which would present with delusions, hallucinations and disordered thought.

Schizotypal personality disorder is also incorrect because this presents in someone who has paranoid ideations, but also commonly has magical beliefs, ideas of reference and generally odd behaviours and speech; not seen in the above case on mental state examination or reported by the family."
5,"A 33-year-old woman presents requesting a series of blood tests as she believes she has breast cancer. She reports her mother was diagnosed with breast cancer at the age of 56 and recently she has felt like something was not right but did not describe any other symptoms.

She has a past medical history of squamous cell carcinoma of the cheek 8 years ago which was treated curatively by resection with no recurrence.

On examination, she has a body mass index of 25 kg/m². A breast examination is normal. Cardio-respiratory and abdominal examinations are normal.

You note that she had a normal mammogram 3 months previously and also had a panel of tumour marker blood tests which were all normal.

What is this condition likely to represent?","[""Conversion disorder"", ""Dissociative disorder"", ""Illness anxiety disorder"", ""Malingering"", ""Somatisation disorder""]",Illness anxiety disorder,2,"Illness anxiety disorder (hypochondriasis) is the persistent belief in the presence of an underlying serious disease, e.g. cancer

The normal examination and lack of symptoms make a diagnosis of breast cancer unlikely. Combined with the persistent belief that this patient holds despite normal investigations, illness anxiety disorder (hypochondriasis) is the likely diagnosis.

There is no suggestion that she is seeking secondary gain from a diagnosis of breast cancer, therefore malingering is unlikely.

Conversion disorder is unlikely as there are no motor or sensory symptoms here. The patient's anxiety is specifically centred on her perception that she has a sinister diagnosis.

Dissociative disorder would usually present with psychiatric symptoms which are not seen here. There is no suggestion that she is disconnected from her thoughts, memories, identity or actions.

Somatisation disorder involves the presence of multiple physical symptoms for a prolonged period, rather than anxiety about a serious illness as seen in this case."
6,A 25-year-old man demands a CT scan of his abdomen in clinic. He states it is 'obvious' he has cancer despite previous negative investigations. This is an example of a:,"[""Hypochondrial disorder"", ""Conversion disorder"", ""Munchausen's syndrome"", ""Dissociative disorder"", ""Somatisation disorder""]",Hypochondrial disorder,0,"Unexplained symptoms

The correct answer is

Hypochondrial disorder

. This condition, also known as Illness Anxiety Disorder in the DSM-5, is characterised by a preoccupation with having or acquiring a serious illness. Somatic symptoms are not present or, if they do occur, they are only mild in intensity. If a medical condition is present or there is high risk for developing a medical condition (e.g., strong family history of a disease), the preoccupation is clearly excessive or disproportionate. The patient has performed excessive health-related behaviours (e.g., repeatedly checking his body for signs of illness) or exhibits maladaptive avoidance (e.g., avoiding doctor appointments and hospitals). The illness preoccupation has been present for at least six months but the specific illness feared may change over that period of time.

Conversion disorder

, also known as Functional Neurological Symptom Disorder, involves symptoms affecting voluntary motor or sensory function suggesting neurological conditions. However, these symptoms cannot be explained by any neurological or medical condition and are not the result of substance use or better explained by another mental disorder. In this case scenario, the patient does not display any such symptoms hence it's incorrect.

Munchausen's syndrome

now referred to as Factitious Disorder Imposed on Self, involves individuals deliberately producing or feigning physical or psychological symptoms with no obvious gain other than assuming the sick role and receiving attention from healthcare professionals. These patients often have extensive knowledge about medical terminology and diseases which they use to deceive healthcare providers into unnecessary investigations and interventions. The given scenario does not provide information to suggest this diagnosis.

A

Dissociative disorder

refers to conditions involving disruptions or breakdowns of memory, awareness, identity, perception etc., potentially leading to serious problems in an individual's everyday life. They are thought to primarily be caused by psychological trauma rather than organic pathology within the brain. The presented case does not exhibit such features.

Finally,

Somatisation disorder

now referred to as Somatic Symptom Disorder in DSM-5 includes one or more somatic symptoms that are distressing and/or result in significant disruption in daily life associated with excessive thoughts, feelings and behaviours related to these somatic symptoms. It differs from Hypochondriasis where the concern is more about having a disease rather than focusing on specific symptom(s). Thus this option too doesn't fit our case scenario."
7,"A 54-year-old woman is seen in the neurology clinic.

She is well-known to the team with long-standing left arm weakness affecting all muscle groups, but no other neurological defects.

The patient has been extensively investigated with blood tests, CSF examination, and multiple cross-sectional scans of the brain and spinal cord, but no pathology was ever found. Despite the diagnostic ambiguity, the patient had never expressed significant distress over her symptoms.

On review of her history, she reveals her symptoms began shortly after her husband committed suicide.

What is the most likely diagnosis?","[""Conversion disorder"", ""Delusional disorder"", ""Hypochondriasis"", ""Psychotic depression"", ""Somatisation disorder""]",Conversion disorder,0,"Functional neurological disorder (conversion disorder) - typically involves loss of motor or sensory function

Conversion disorder

is correct. This patient is presenting with medically unexplained neurological symptoms that do not fit any clinical syndrome, and have arisen most likely in response to a traumatic experience. This is most in keeping with conversion disorder (also known as functional neurologic symptom disorder).

Hypochondriasis

is incorrect.  Hypochondriasis describes an over-valued idea held by a patient that they have a certain medical condition despite repeated negative tests and reassurance. This is not the case in this question; the patient is presenting with medically unexplained neurological symptoms that do not fit any clinical syndrome, and have arisen most likely in response to a traumatic experience. This is most in keeping with conversion disorder (also known as functional neurologic symptom disorder).

Delusional disorder

is incorrect. Delusions are fixed false beliefs out of keeping with patients' cultural/spiritual beliefs that are held despite evidence to the contrary. Although there is no demonstrable disease process in conversion disorder, it is not believed to be delusional in origin.

Psychotic depression

is incorrect. None of the core features of depression are mentioned in the question stem. This answer is therefore incorrect. The patient's arm weakness is not a delusional belief: although there is no demonstrable disease process in conversion disorder, it is not believed to be delusional in origin.

Somatisation disorder

is incorrect. Somatisation disorder is the repeated presentation with medically unexplained symptoms, and the associated distress and anxiety associated with these. This patient is presenting with one consistent neurological symptom that is not causing an undue amount of distress; this is more in keeping with conversion disorder (also known as functional neurologic symptom disorder)."
8,"A 22-year-old woman presents to the emergency department with recurrent fatigue and occasional lightheadedness. She frequently expresses distress about her body shape and often skips meals in social situations. She reports feeling anxious after certain meals. Her BMI is 22 kg/m². Physical examination is otherwise unremarkable.

Which examination finding would most strongly support the suspected diagnosis?","[""Angular cheilitis"", ""Dental caries"", ""Erosion of teeth"", ""Gingivitis"", ""Glossitis""]",Erosion of teeth,2,"Bulimia may result in erosion of teeth

Erosion of teeth

is correct. This physical finding supports bulimia nervosa. Even when the patient does not report purging, enamel erosion, especially on the upper incisors, strongly suggests repeated exposure of teeth to gastric acid. It provides objective evidence supporting the diagnosis in the context of body image preoccupation, distress around eating, and subtle behavioural hints.

Angular cheilitis

is incorrect. This condition causes painful cracks at the corners of the mouth, usually due to fungal infection or nutritional deficiencies. It is neither common nor specific to bulimia nervosa and does not strongly support the diagnosis in a patient with a healthy BMI.

Dental caries

is incorrect. Tooth decay can occur from acid exposure, but it is common in the general population and less specific than enamel erosion. The presence of caries alone does not strongly indicate bulimia nervosa.

Gingivitis

is incorrect. Gingivitis is inflammation of the gums, usually caused by plaque accumulation or poor oral hygiene. It is not a distinguishing feature of bulimia nervosa and can be present in anyone with suboptimal oral care.

Glossitis

is incorrect. Inflammation of the tongue is usually related to deficiencies in iron, folate, or vitamin B12. It is more typical of anorexia nervosa or severe malnutrition and is not a specific finding for bulimia nervosa."
9,Carol is a 57-year-old lady who is under a section 3 at a an inpatient psychiatric hospital. She has stopped eating or drinking as she believes she is dead and does not require food anymore. Which syndrome is characterised by a person believing they are dead or non-existent?,"[""Cotard syndrome"", ""Capgras syndrome"", ""Couvade syndrome"", ""De Clerambault's syndrome"", ""Othello syndrome""]",Cotard syndrome,0,"Cotard syndrome is characterised by a person believing they are dead or non-existent

Cotard syndrome is characterised by a person believing they are dead or non-existent. It tends to be related to depression.

Capgras syndrome is characterised by a person believing their friend or relative had been replaced by an exact double.

Couvade syndrome is also known as 'sympathetic pregnancy'. It affects fathers, particularly during the first and third trimesters of pregnancy, who suffer the somatic features of pregnancy.

De Clerambault's syndrome is characterised by a person believing that another individual (often a celebrity) is deeply in love with them. It typically affects females.

Othello syndrome is when the patient believes their partner is cheating on them. They may be threatening or stalk their partner. This seems to affect males more than females."
10,Which one of the following is not a recognised feature of anorexia nervosa?,"[""Hypokalaemia"", ""Low LH"", ""Impaired glucose tolerance"", ""Low FSH"", ""Reduced growth hormone levels""]",Reduced growth hormone levels,4,"Anorexia features

The correct answer is

Reduced growth hormone levels

. In anorexia nervosa, growth hormone (GH) levels are typically elevated rather than reduced. This elevation occurs as a compensatory mechanism in response to the state of starvation and malnutrition. The body increases GH secretion to mobilise fat stores and maintain blood glucose levels during periods of nutritional deprivation. This represents a physiological adaptation to conserve energy and maintain essential metabolic functions during starvation. Despite elevated GH levels, patients with anorexia nervosa often have low insulin-like growth factor 1 (IGF-1) levels due to GH resistance in the liver, which is another adaptation to the malnourished state.

Hypokalaemia

is a recognised feature of anorexia nervosa. It can occur due to multiple mechanisms including poor dietary intake, renal potassium wasting (particularly in patients who purge through vomiting or laxative abuse), and shifts in potassium distribution related to refeeding. Hypokalaemia can lead to serious cardiac complications including arrhythmias and is an important parameter to monitor in these patients.

Low LH

(luteinising hormone) is a common finding in anorexia nervosa. The hypothalamic-pituitary-gonadal axis is suppressed in response to malnutrition and low body weight, resulting in reduced gonadotropin-releasing hormone (GnRH) pulsatility and consequently low LH levels. This contributes to the amenorrhoea or oligomenorrhoea frequently observed in female patients with anorexia nervosa.

Impaired glucose tolerance

is indeed a recognised feature of anorexia nervosa. Patients often display abnormal glucose metabolism, including delayed insulin secretion and impaired glucose tolerance. This occurs as an adaptive response to starvation, with the body attempting to preserve glucose for essential functions, particularly brain metabolism.

Low FSH

(follicle-stimulating hormone) occurs in anorexia nervosa for the same reason as low LH - suppression of the hypothalamic-pituitary-gonadal axis due to malnutrition. The reduced FSH levels contribute to impaired follicular development in females and reduced spermatogenesis in males with anorexia nervosa, resulting in reproductive dysfunction.

In summary, while hypokalaemia, low LH, impaired glucose tolerance, and low FSH are all recognised features of anorexia nervosa, reduced growth hormone levels are not. Instead, growth hormone levels are typically elevated in this condition as part of the body's adaptive response to starvation."
11,"A 42-year-old woman presents to the Emergency Department complaining of abdominal pain. She describes generalised abdominal discomfort that has been present constantly for the last four days. She has not experienced any changes to her bowel habit, and has no urinary symptoms. Her weight is stable. She is very concerned that these symptoms are due to an underlying ovarian cancer.

She has presented to both primary and secondary care multiple times this year with similar symptoms. Each time, she has been convinced that she has ovarian cancer, and has not been reassured by a series of negative investigations, including blood tests and pelvic ultrasound scans. Her mother died of ovarian cancer in her sixties.

Her blood test results are as follows:


Hb	118 g/L	Male: (135-180)
Female: (115 - 160)
Platelets	195 * 109/L	(150 - 400)
WBC	5.8 * 109/L	(4.0 - 11.0)
Na+	135 mmol/L	(135 - 145)
K+	3.7 mmol/L	(3.5 - 5.0)
Urea	3.5 mmol/L	(2.0 - 7.0)
Creatinine	59 µmol/L	(55 - 120)
CA-125	31 U/mL	(<46)

What is the most likely explanation for her presentation?","[""Ovarian cancer"", ""Illness anxiety disorder"", ""Somatisation disorder"", ""Conversion disorder"", ""Malingering""]",Illness anxiety disorder,1,"Illness anxiety disorder (hypochondriasis) is the persistent belief in the presence of an underlying serious disease, e.g. cancer

This patient has presented with an unshakeable conviction that she has a specific serious disease, i.e. ovarian cancer. Her conviction has not become any less strong in the face of negative investigations for the disease in question. This is characteristic of illness anxiety disorder (hypochondriasis), and has likely been contributed to by her mother dying of ovarian cancer.

Ovarian cancer can present insidiously, with vague symptoms such as abdominal pain. However, the diagnosis of ovarian cancer in this patient is made much less likely by a normal CA-125 level, and recent normal pelvic ultrasonography.

Somatisation disorder is also characterised by unexplained symptoms, with patients refusing to accept normal investigation findings as reassurance. However, in somatisation disorder, the symptoms are often more varied, and tend to be present for a longer period of time. The fixation on a specific diagnosis, rather than the symptoms per se, is more in keeping with hypochondriasis.

Conversion disorder is most typically associated with an unexplained loss of sensory or motor function.

Malingering describes the fraudulent fabrication of symptoms with a calculated motive, such as financial gain or exemption from work duties. There is no suggestion that this patient has such a motive for seeking medical attention."
12,"A 39-year-old patient is taking phenelzine, a monoamine oxidase inhibitor, for the treatment of depression. Which one of the following foods can the patient safely eat?","[""Bovril"", ""Cheese"", ""Oxo"", ""Eggs"", ""Broad beans""]",Eggs,3,
13,A 20-year-old student drinks around 500 ml of vodka at a party. The next morning he feels thirsty and finds he is passing more urine than normal. Which one of the following best explains why people who drink excessive amounts alcohol develop polyuria?,"[""Ethanol inhibits ADH secretion"", ""Ethanol induces vasoconstriction of the renal arteries"", ""Ethanol increases aquaporin proteins in the proximal convoluted tubule"", ""Osmotic diuresis induced by ethanol"", ""Supratentorial reflex to cleanse the body of toxins""]",Ethanol inhibits ADH secretion,0,
14,"Enid, an 87-year-old lady, is experiencing disturbing visual hallucinations. She sees 'evil' looking faces on the walls and snakes and insects on the floor. She knows that these are not real. She has no auditory hallucinations. She is otherwise well. She has a history of hypertension, depression, hearing loss and macular degeneration. What is the most likely cause of her hallucinations?","[""Lewy body dementia"", ""Psychotic depression"", ""Acute psychosis"", ""Charles Bonnet syndrome"", ""Normal pressure hydrocephalus""]",Charles Bonnet syndrome,3,"Charles-Bonnet syndrome causes unpleasant visual hallucinations in a third of sufferers

The cause of this lady's visual hallucinations is Charles Bonnet syndrome. Around a third of sufferers may experience disturbing or unpleasant hallucinations.

Lewy body dementia may involve visual hallucinations alongside fluctuating cognitive impairment, but in the absence of any current neuropsychiatric symptoms this makes this a less likely diagnosis.

Acute psychosis tends to involve auditory hallucinations associated with delusions.

Psychotic depression would usually involve severe symptoms of depression with the development of psychotic symptoms.

Normal pressure hydrocephalus does not usually involve visual hallucinations."
15,"A 63-year-old man presents to his GP for support following the breakdown of his marriage. He has been consuming a bottle of vodka a day for the last month and states that he drinks upon waking in the morning to relieve his feelings of anxiety, however, he has not drunk this morning and now feels unwell.

He is markedly tremulous when sitting, sweating profusely and reports some hallucinations at times when he has abstained from alcohol. His GP arranges for an ambulance and the patient agrees to attend the hospital for further assessment. Whilst waiting for the ambulance to arrive, the patient collapses in the waiting room and has a tonic-clonic seizure. His seizure resolves spontaneously after 45 seconds and the ambulance team escorts him to hospital.

Which of the following describes the most appropriate treatment plan for this patient?","[""He can be commenced on an outpatient detoxification regime"", ""The patient has alcoholic hallucinosis and requires a psychiatric review"", ""He requires an inpatient detoxification regime with community follow up"", ""He can be discharged 24 hours post seizure if no further seizures with no further input"", ""None of the above""]",He requires an inpatient detoxification regime with community follow up,2,"Patients with a history of complex withdrawals from alcohol (i.e. delirium tremens, seizures, blackouts) should be admitted to hospital for monitoring until withdrawals stabilised

This patient presents with alcohol dependency and complex withdrawal symptoms i.e. history of hallucinations suggestive of delirium tremens (hallucinations occur with abstinence from alcohol) and withdrawal seizures.

Alcoholic hallucinosis is characterised by auditory hallucinations, delusions and changes in mood during or following chronic alcohol misuse, with symptoms mimicking those seen in patients with schizophrenia. Our patient describes acute symptoms and there is no evidence of delusions, hence alcoholic hallucinosis is unlikely.

All patients with complex withdrawals require a longer period of assessment and should ideally complete a detoxification regime as an inpatient.

Outpatient detoxification is contraindicated in patients with a history of complex withdrawals."
16,"A 32-year-old man presents with several months of worsening low mood and behaviours that he feels he cannot control. He often feels distressed and finds that the only way to obtain some relief is to repeat a certain phrase in his mind. He has no significant past medical history and is physically well.

What is this symptom an example of?","[""Compulsion"", ""Insertion"", ""Intrusion"", ""Obsession"", ""Withdrawal""]",Compulsion,0,"An obsession is an intrusive, unpleasant and unwanted thought. A compulsion is a senseless action taken to reduce the anxiety caused by the obsession

The act of a repetitive behaviour that a patient feels driven to perform, whether mental or physical, is a

compulsion

. Whilst this is a mental compulsion - repeating a phrase in the mind until feeling calmer - a physical compulsion may be an act such as repeatedly washing hands, or checking that a door is locked, until satisfied.

Thought

insertion

is the feeling of one's thoughts not being one's own - belonging to someone else and having been inserted into the mind. This does not fit with the scenario presented above. Insertion is a feature of schizophrenia.

An

intrusive

thought is an unwelcome, involuntary thought. These may be experienced by the general population, but if frequent and distressing, may develop into obsessions, which are seen as a more severe form of intrusive thought.

Obsessions

, as mentioned above, are unwanted, intrusive thoughts that repeatedly enter the mind. These cause distress/discomfort. Coupled with compulsions, these form part of obsessive-compulsive disorder (OCD).

Thought

withdrawal

is a delusion, like insertion, where the patient believes that thoughts have been removed from their mind by a third-party. This is found in schizophrenia."
17,A 30-year-old man presents to his doctor as he has been feeling generally 'out of sorts' for the past few weeks. He is accompanied by his girlfriend who says he has 'not been himself'. She is worried and feels he may need to see a psychiatrist. There is no history of past mental health problems. Which one of the following symptoms would be most suggestive of depression?,"[""Palpitations"", ""Nausea before certain situations e.g. getting on a bus"", ""Early morning waking"", ""Excessive gambling"", ""Flash-backs to childhood problems""]",Early morning waking,2,
18,"A 58-year-old man is admitted with pneumonia. He drinks 20 units of alcohol per day. His liver function is normal.

Appropriately 12 hours into his admission he becomes unwell.

His observations are shown below:


Respiratory rate 18 breaths/minute
Oxygen saturations 96%
Blood pressure 123/76 mmHg
Heart rate 106 bpm.
Capillary blood glucose 4.1 mmol/L

An ECG shows sinus tachycardia at a rate of 103 bpm.

On examination, he appears tremulous and sweaty and complains of feeling anxious.

What is the most appropriate management?","[""250ml 10% glucose IV"", ""Chlordiazepoxide regimen and regular high strength IM B vitamin replacement"", ""Regular high strength IM B vitamin replacement"", ""Stat dose of bisoprolol"", ""Stat dose of lorazepam and regular high strength IM B vitamin replacement""]",Chlordiazepoxide regimen and regular high strength IM B vitamin replacement,1,"Chlordiazepoxide, lorazepam or diazepam are used in the treatment of delirium tremens/alcohol withdrawal

Chlordiazepoxide regimen and regular high strength IM B vitamin replacement

is correct. This patient is acutely withdrawing from alcohol. Symptoms usually begin 12 hours following reduction/cessation of alcohol intake. This patient will be undergoing assisted alcohol withdrawal in the inpatient setting, and as such will require prophylaxis of Wernicke's encephalopathy also.

250ml 10% glucose IV

is incorrect, as the patient is not hypoglycaemia.

Regular high strength IM B vitamin replacement

alone is incorrect, as the patient will require a benzodiazepine regimen for alcohol withdrawal also.

Stat dose of bisoprolol

is incorrect. The patient is in sinus tachycardia due to the alcohol withdrawal so bisoprolol will not treat the problem.

Stat dose of lorazepam and regular high strength IM B vitamin replacement

is incorrect. Lorazepam or oxazepam are sometimes used in alcohol withdrawal where there is evidence of alcoholic liver disease but this patient has documented normal LFTs. Also, a stat dose would not be sufficient to treat his alcohol withdrawal and he will require a weaning regimen."
19,"A 44-year-old woman attends the clinic for review. She was started on sertraline 12 months ago for severe depression. She informs you that the symptoms of depression have now resolved.

For how long should she continue with treatment?","[""1 month"", ""12 months"", ""3 months"", ""6 months"", ""Indefinitely""]",6 months,3,"Antidepressants should be continued for at least 6 months after remission of symptoms to decrease risk of relapse

6 months

is correct. Antidepressants should be continued for at least 6 months after remission of symptoms to decrease the risk of relapse."
20,"A 64-year-old male who has been on long term chlorpromazine presents with repetitive eye blinking. He reports he is unable to control this and is worried about what might be causing it. He is otherwise well in himself and has no visual disturbance. He has a normal facial and ocular examination with the exception of excessive rapid blinking.

What is the most likely cause of his symptoms?","[""Parkinsonism"", ""Dry eyes"", ""Sjogren's syndrome"", ""Tardive dyskinesia"", ""Benign essential blepharospasm""]",Tardive dyskinesia,3,"Tardive kinesia can present as chewing, jaw pouting or excessive blinking due to late onset abnormal involuntary choreoathetoid movements in patients on conventional antipsychotics

The correct answer is tardive dyskinesia. The patient has been on a long term antipsychotic - chlorpromazine and has developed late-onset extrapyramidal side effects. Patients most typically develop lip-smacking, jaw pouting or chewing however repetitive blinking or tongue poking can also occur. This is often involuntary and difficult to treat. Where possible replacing the antipsychotic may help some patients or alternatively, a trial of tetrabenazine may provide some relief.

Parkinsonism can occur in patients taking conventional antipsychotics. Patients experience symptoms similar to those with Parkinson's disease for example tremor, blank facies, bradykinesia and muscle rigidity. There is no mention of any other symptoms in this stem and you would not expect repetitive blinking in parkinsonism. As such this option is incorrect.

Dry eyes may lead to eye twitching but repetitive blinking would be unlikely. Furthermore, you would expect other symptoms to be present such as watering of the eyes or visual disturbance.

Sjogren's syndrome can cause dry eyes but as per the above answer, this in itself should not cause the repetitive involuntary blinking.

Blepharospasm is involuntary twitching or contraction of the eyelid. It is a focal dystonia which most commonly lasts only a few days but can be life long. Patients may be light sensitive and experience periods where the eye clamps shut. The cause is typically unknown but commonly occurs due to stress or fatigue. Given that the patient in the stem is on chlorpromazine, a typical antipsychotic, it is more likely he is suffering tardive dyskinesia due to extrapyramidal side effects."
21,"A 34-year-old ex-soldier with a history of post-traumatic stress disorder returns for review. He has had a course of eye movement desensitisation and reprocessing therapy which was not helpful and is reluctant to try cognitive behavioural therapy. Of the options listed, which medication may be useful in such patients?","[""Haloperidol"", ""Diazepam"", ""Venlafaxine"", ""Topiramate"", ""Bupropion""]",Venlafaxine,2,"If CBT or EMDR therapy are ineffective in PTSD, the first line drug treatments are venlafaxine or a SSRI

The correct answer in this case is

Venlafaxine

. Venlafaxine is a serotonin-norepinephrine reuptake inhibitor (SNRI) that has been shown to be effective in the treatment of post-traumatic stress disorder (PTSD). It works by increasing the levels of serotonin and norepinephrine in the brain, which can help improve mood, reduce anxiety, and alleviate symptoms associated with PTSD. According to UK guidelines, selective serotonin reuptake inhibitors (SSRIs) such as sertraline and paroxetine are considered first-line treatments for PTSD; however, SNRIs like venlafaxine can also be used if SSRIs are not effective or not tolerated.

Haloperidol

is an antipsychotic medication that is primarily used to treat schizophrenia and other psychotic disorders. While it may have some limited use in managing agitation or aggression associated with PTSD, it does not directly address the core symptoms of PTSD and would not be considered a first-line treatment option.

Diazepam

is a benzodiazepine commonly used for short-term management of anxiety disorders. However, benzodiazepines are generally not recommended for long-term treatment of PTSD due to their potential for dependence and tolerance. Additionally, they do not address the underlying issues contributing to PTSD and may even interfere with the effectiveness of psychological therapies like cognitive behavioural therapy.

Topiramate

is an anticonvulsant medication that has been studied as a potential treatment for PTSD but has shown mixed results in clinical trials. It is primarily used to treat epilepsy and migraine headaches. Topiramate has not been established as a first-line treatment for PTSD in UK guidelines.

Bupropion

is an atypical antidepressant that acts on dopamine and norepinephrine neurotransmitters. It is primarily used to treat major depressive disorder and as a smoking cessation aid. While it may have some off-label use in anxiety disorders, it has not been well-established as an effective treatment for PTSD and would not be considered a first-line option."
22,"A 19-year-old woman presents with fatigue for several months. Her mother accompanies her, explaining that she is worried about her daughter's lack of appetite and that she has not been wanting to eat food. The patient explains that she feels she is fat and has been exercising at the gym every day for this reason. Her past medical history includes depression, asthma and amenorrhoea for the past 4 months.

On examination, she appears petite and very thin. Soft, fine hair is visible over the face and arms. She undergoes blood tests, the results of which are awaited.

What is most likely, given the diagnosis?","[""Low cortisol"", ""Low growth hormone"", ""Raised cholesterol"", ""Raised follicle-stimulating hormone (FSH)"", ""Raised potassium""]",Raised cholesterol,2,"Anorexia features

This patient's history and presentation is suggestive of anorexia nervosa. This condition is characterised by low body weight, body image disturbance and an intense fear of gaining weight. Associated physical changes include the development of lanugo hair, bradycardia and hypotension. The general rule of thumb is that most investigations are 'low'; however, the 'G's and 'C's are raised. Of the options listed,

raised cholesterol

is the correct answer. This is thought to be due to decreased catabolism and stress-induced hypercortisolaemia.

Low cortisol

is incorrect. Patients with anorexia nervosa are more likely to present with raised cortisol, as part of an adaptive mechanism to maintain euglycaemia.

Low growth hormone

is incorrect. Patients with anorexia nervosa have raised growth hormone levels, presumably as a compensatory response.

Raised follicle-stimulating hormone (FSH)

is incorrect. Patients with the condition typically show low FSH levels, accompanied by hypothalamic amenorrhoea. The patient in this scenario reports a history of amenorrhoea for 4 months.

Raised potassium

is incorrect. Patients with anorexia nervosa usually have low potassium due to malnutrition."
23,"A 28-year-old woman presents to the emergency department with a 2-day history of diarrhoea, nausea, and dizziness. She has no fever or abdominal pain. She stopped taking sertraline 50mg daily 3 days ago after feeling better from her depression. She has no other medical history and takes no other medications. On examination, she appears anxious with mild diaphoresis. Vital signs are normal.

What is the most likely diagnosis?","[""Acute gastroenteritis"", ""Irritable bowel syndrome"", ""SSRI discontinuation syndrome"", ""Serotonin syndrome"", ""Anxiety disorder relapse""]",SSRI discontinuation syndrome,2,"Gastrointestinal side-effects such as diarrhoea are seen in SSRI discontinuation syndrome

SSRI discontinuation syndrome

is the most likely diagnosis in this case. The patient abruptly stopped her sertraline (an SSRI) 3 days ago and has developed symptoms consistent with discontinuation syndrome shortly thereafter. This syndrome typically occurs within days of stopping or significantly reducing an SSRI, particularly when done abruptly rather than with a gradual taper. Gastrointestinal symptoms such as nausea and diarrhoea are common features, along with dizziness, anxiety, and diaphoresis (sweating). The timing of symptom onset in relation to medication discontinuation is highly suggestive of this diagnosis. SSRIs should ideally be tapered over at least 4 weeks to prevent these withdrawal effects. Treatment involves restarting the SSRI at the previous dose and implementing a more gradual tapering schedule.

Acute gastroenteritis

is less likely in this scenario. While it can present with diarrhoea and nausea, the absence of fever and abdominal pain makes this diagnosis less probable. Additionally, the temporal relationship between stopping sertraline and symptom onset strongly points to a medication-related cause rather than an infectious process.

Irritable bowel syndrome

(IBS) typically presents with chronic or recurrent abdominal pain associated with altered bowel habits. The acute onset of symptoms immediately following SSRI discontinuation and the presence of non-gastrointestinal symptoms like dizziness and diaphoresis make IBS an unlikely explanation for this presentation.

Serotonin syndrome

results from excessive serotonergic activity, typically due to drug interactions or overdose of serotonergic medications. It presents with the triad of altered mental status, autonomic instability, and neuromuscular abnormalities. This patient has stopped her SSRI rather than increased the dose or added another serotonergic agent, making serotonin syndrome highly unlikely.

Anxiety disorder relapse

could be considered given the patient's history of depression (which often co-exists with anxiety) and her anxious appearance. However, the prominent gastrointestinal symptoms and the acute onset immediately following SSRI discontinuation are more consistent with discontinuation syndrome than a relapse of an underlying psychiatric condition. Relapse typically develops more gradually over weeks rather than days after stopping medication."
24,A 35-year-old man with a history of schizophrenia is transferred to the Emergency Department due to an oculogyric crisis. What is the most appropriate treatment?,"[""Selegiline"", ""Haloperidol"", ""Procyclidine"", ""Bromocriptine"", ""Cabergoline""]",Procyclidine,2,
25,"A 25-year-old woman presents with an inability to use her right arm, for 3 days. The patient has been living with her mother for the past 5 days after being a victim of domestic abuse from her husband. She is unable to move her right arm from her shoulder to her fingers. She denies any trauma. The patient admits to feeling very stressed currently.

Examination shows normal tone and reflexes but 0/5 power in all muscle groups of the right upper limb. When the affected arm is held above the patient's face and released, the arm misses the face and falls at the patient's side.

What is the likely diagnosis?","[""Acute stress disorder"", ""Conversion disorder"", ""Post traumatic stress disorder (PTSD)"", ""Somatisation disorder"", ""Spinal cord lesion""]",Conversion disorder,1,"Functional neurological disorder (conversion disorder) - typically involves loss of motor or sensory function

This patient has no historical or clinical findings of neurological disease. The likely diagnosis here is

conversion disorder

- a psychiatric condition where psychological stress is unconsciously manifested as physical, neurological symptoms. This was most likely triggered by recent domestic abuse and stress. This patient also has a positive drop-arm test in which the patient unconsciously exhibits a controlled drop to prevent the arm from hitting their face.

Acute stress disorder

occurs following life-threatening experiences such as abuse; however, it is characterised by symptoms of hyperarousal, re-experiencing of the traumatic event, avoidance of stimuli and distress - not physical weakness. As opposed to post-traumatic stress disorder, it lasts between 3 days and 1 month.

Post-traumatic stress disorder

occurs following life-threatening experiences such as abuse; it fits the same definition as acute stress disorder, but symptoms lasting longer than 1 month.

Patients with

somatisation disorder

have multiple bodily complaints lasting months to years and persistent anxiety about their symptoms. Considering this patient's history and physical findings she likely has conversion disorder.

Considering this patient's normal tone and reflexes and lack of trauma to the neck or spine, a

spinal cord lesion

causing total arm paralysis is very unlikely."
26,"A 69-year-old woman who is a retired teacher was living with her daughter and granddaughter. The patient and the family reported a 6-month history of a lack of energy, reduced interest in activities, and worsening agitation together with sleep disturbances following the loss of her foster children. They felt as if she was behaving out of character by being indecisive and restless.

What is this patient suffering from?","[""Dementia"", ""Depression"", ""Generalised anxiety disorder"", ""Post-traumatic stress disorder"", ""Psychosis""]",Depression,1,"Elderly patients with depression are less likely to complain of low mood and instead may present with health anxiety, agitation and sleep disturbance

Depression

in elderly patients presents atypically. They are less likely to complain of low mood and instead may present with health anxiety, agitation and sleep disturbance. Sleep disturbance, fatigue, psychomotor retardation, loss of interest in living, and hopelessness about the future may be more prevalent in late-life depression than in depression in younger or middle-aged adults.

Dementia

is a decline in memory and other mental abilities as people grow older. It can cause memory problems, particularly remembering recent events, reduced concentration, personality or behaviour changes, apathy and withdrawal and loss of ability to do everyday tasks. Most of these signs are not present in this case, making dementia incorrect here.

Generalised anxiety disorder

(GAD) is characterised by at least 6 months of excessive uncontrollable worry accompanied by symptoms of motor tension and vigilance and scanning. As with other anxiety disorders, GAD is less prevalent in older adults than younger adults and is incorrect here.

Post-traumatic stress disorder

(PTSD) is less prevalent in older adults who report more somatic complaints such as appetite, sleep, or memory problems and fewer PTSD symptoms (especially arousal and numbing symptoms); they also report less depression and guilt than younger adults. This is therefore the incorrect answer due to the absence of these features.

Psychosis

or late-onset psychotic symptoms may also result from a psychiatric cause (e.g., schizophrenia, delusional disorder, depression, bipolar disorder). Patients with a history of thought or mood disorders may have a reemergence of symptoms later in life as part of a remitting and relapsing course. No psychotic symptoms or features are reported in this case."
27,"A 40-year-old with an established diagnosis of depression and anxiety disorder is seen in the clinic for a review of his condition. The patient had been prescribed amitriptyline previously offering varying levels of improvement. However, he discontinued this recently due to the side effects he encountered.

As such a proposed a trial of duloxetine is suggested. Before proceeding, a thorough review of his current medication is conducted to ensure no potential interactions and the side effect profile of the drug is provided.

What is this new drug's mechanism of action?","[""Dopamine agonists"", ""Noradrenergic and specific serotonergic antidepressant"", ""Norepinephrine-dopamine reuptake inhibitor"", ""Selective serotonin reuptake inhibitors"", ""Serotonin-noradrenaline reuptake inhibitor""]",Serotonin-noradrenaline reuptake inhibitor,4,"Duloxetine mechanism of action = serotonin and noradrenaline reuptake inhibitor

Duloxetine is a recently developed medication utilized to treat major depressive and generalized anxiety disorders, along with specific pain conditions like fibromyalgia and neuropathic pain. It functions as a

serotonin-noradrenaline reuptake inhibitor

, increasing the levels of both serotonin and noradrenaline in the synaptic clefts. Although the exact mechanism for its antidepressant and anxiolytic effects remains uncertain, this increase in neurotransmitter concentration is believed to play a crucial role. Whether medications that boost both neurotransmitters are more effective than those targeting only one is still a topic requiring further investigation.

Dopamine agonists

are commonly used as adjuncts in the management of Parkinson's disease for patients experiencing depressive symptoms. They are rarely used in the management of depression and anxiety alone. Common examples include bromocriptine, ropinirole and cabergoline.

Noradrenergic and specific serotonergic antidepressants (NaSSAs)

represent a category of psychiatric medications primarily employed as antidepressants. Their mechanism involves the antagonism of the α2-adrenergic receptor and specific serotonin receptors. Through the inhibition of α2-adrenergic autoreceptors and heteroreceptors, NaSSAs effectively amplify the transmission of adrenergic and serotonergic neurotransmitters within the brain, particularly the mood-regulating 5-HT1A-mediated transmission. Mirtazapine is an example of this antidepressant class.

Norepinephrine-dopamine reuptake inhibitors

function by blocking the reuptake of norepinephrine and dopamine neurotransmitters. They achieve this by inhibiting the norepinephrine transporter (NET) and the dopamine transporter (DAT), respectively resulting in an increase in extracellular concentrations of both neurotransmitters, leading to enhanced adrenergic and dopaminergic neurotransmission. These inhibitors are commonly employed in the treatment of clinical depression, attention deficit hyperactivity disorder (ADHD) and narcolepsy.

Selective serotonin reuptake inhibitors

(SSRI) raise the extracellular levels of the neurotransmitter serotonin by impeding its reabsorption into the presynaptic cell. They exhibit different levels of selectivity for other monoamine transporters, with pure SSRIs having a strong affinity for the serotonin transporter and only a weak affinity for the norepinephrine and dopamine transporters. Some common examples of SSRIs include citalopram, sertraline, and fluoxetine."
28,Olanzapine is known to block D2 dopamine receptors. What other type of receptor does it mainly act on?,"[""Alpha-adrenoceptors"", ""Acetylcholine receptors"", ""Serotonin receptors"", ""D1 dopamine receptors"", ""H1 histamine receptors""]",Serotonin receptors,2,
29,"A 68-year-old man with a history of benign prostatic hyperplasia (BPH) presents to the emergency department with a 12-hour history of worsening urinary symptoms, including suprapubic discomfort and complete inability to pass urine.

He recently began a new medication for depressive symptoms, prescribed two weeks ago by his GP. He denies fever, haematuria, or recent changes in fluid intake.

On examination, he appears uncomfortable, and a palpable distended bladder is noted.

What drug was he most likely commenced on?","[""Amitriptyline"", ""Duloxetine"", ""Escitalopram"", ""Sertraline"", ""Venlafaxine""]",Amitriptyline,0,"Tricyclic antidepressants may cause urinary retention, particularly in patients with BPH

Amitriptyline

is a tricyclic antidepressant (TCA) commonly prescribed for depressive symptoms. It works by inhibiting the reuptake of serotonin and norepinephrine in the central nervous system, enhancing their effects. However, TCAs also have significant anticholinergic properties due to their action on muscarinic receptors. This anticholinergic effect can reduce detrusor muscle contractility and impair bladder emptying, leading to urinary retention. Patients with benign prostatic hyperplasia (BPH) are particularly susceptible because they already have reduced urinary flow due to prostatic enlargement. TCA also have alpha-adrenergic receptor-blocking effects with can also increase the risk of retention. In this case, the patient’s inability to pass urine after starting amitriptyline highlights the drug’s exacerbation of his underlying BPH-related bladder outflow obstruction, resulting in acute urinary retention.

Duloxetine

is a serotonin-norepinephrine reuptake inhibitor (SNRI) primarily used for depression, anxiety, and neuropathic pain. While it influences serotonin and norepinephrine signalling, it has minimal anticholinergic effects. Therefore, it does not impair detrusor muscle contraction or exacerbate bladder outflow obstruction in patients with BPH. This makes duloxetine an unlikely cause of the urinary retention seen in this patient.

Escitalopram

is a selective serotonin reuptake inhibitor (SSRI) commonly used for depression and anxiety disorders. It has no significant anticholinergic properties and does not affect bladder function or detrusor muscle activity. Unlike tricyclic antidepressants, escitalopram does not impair bladder emptying or worsen the bladder outflow obstruction associated with BPH, making it an unlikely cause of this patient’s urinary retention.

Sertraline

is an SSRI widely prescribed for depression and anxiety. It lacks the anticholinergic effects associated with tricyclic antidepressants, meaning it does not interfere with bladder muscle contraction or urethral resistance. As such, it would not be expected to cause or exacerbate urinary retention in a patient with pre-existing bladder outflow obstruction from BPH.

Venlafaxine

is an SNRI used for managing depression and anxiety disorders. Like duloxetine, it has minimal anticholinergic activity and does not significantly affect bladder function. Venlafaxine does not impair detrusor muscle activity or increase urinary retention risk, even in patients with BPH, making it an unlikely culprit for this patient’s urinary symptoms."
30,"A 28-year-old man telephones the GP, informing him that he has just stopped taking his medications suddenly as he wishes to come off them. He has a past medical history of depression and asthma, for which he takes sertraline and a salbutamol inhaler.

Which of the following effects is most likely to occur as a result of his decision?","[""Blunted affect"", ""Hypertension"", ""Diarrhoea"", ""Weight gain"", ""Xanthopsia""]",Diarrhoea,2,"Gastrointestinal side-effects such as diarrhoea are seen in SSRI discontinuation syndrome

The correct answer is vomiting. Stopping a selective serotonin reuptake inhibitor (SSRI) suddenly can lead to SSRI discontinuation syndrome. The most common symptom is gastrointestinal upset. Therefore, SSRIs should be gradually tapered instead.

A blunted affect is unlikely. This is usually a side effect of taking antidepressants themselves rather than an effect of their cessation. The opposite may, in fact, occur upon stopping the medication - labile mood and swings.

Hypertension is unlikely - there have been a few isolated case reports of this with SSRI discontinuation, but gastrointestinal symptoms are far more likely.

Weight gain, again, is unlikely - more commonly, weight loss is reported upon cessation.

Xanthopsia (yellow-tinted vision) is not known to occur with SSRIs. It may occur as a result of digoxin use."
31,"A man is admitted from the angiography suite after the cardiologist discovered severe triple vessel disease. He awaits transfer to a tertiary hospital for a coronary artery bypass graft. Around 48 hours into his admission you are called to see him as he has become confused, sweaty, tremulous, and agitated.

His observations show a pyrexia at 37.9ºC, heart rate of 105 bpm, and blood pressure 175/98mmHg.

You review his record and note a history of asthma, variceal bleed, and cirrhosis secondary to alcohol excess.

Given the likely diagnosis, what would be the most appropriate immediate intervention?","[""CT head"", ""Lorazepam"", ""IV antibiotics"", ""Intravenous hydration"", ""Pabrinex""]",Lorazepam,1,"Chlordiazepoxide, lorazepam or diazepam are used in the treatment of delirium tremens/alcohol withdrawal

Alcohol withdrawal usually presents within hours to days of alcohol cessation. Symptoms include agitation, confusion, autonomic dysfunction (e.g. high blood pressure, sweating and pyrexia, raised heart rate), hallucinations, and tremors.

Lorazepam

is the correct answer. Chlordiazepoxide, diazepam, and lorazepam are used to treat alcohol withdrawal. Lorazepam is often preferred in patients with liver cirrhosis. Lorazepam is metabolised through glucuronidation, which is less affected by liver function. Even in patients with significant liver impairment, glucuronidation tends to remain intact, making lorazepam a safer choice. Chlordiazepoxide, on the other hand, undergoes hepatic oxidation via the cytochrome P450 system, which is significantly impaired in cirrhosis. This can lead to prolonged drug accumulation and an increased risk of toxicity, including sedation and hepatic encephalopathy.

IV antibiotics

are not the best answer here. Although confusion, sweating, and agitation can be signs of potential infection when we take into account the alcohol history for this patient the most likely diagnosis is delirium tremens as a result of alcohol withdrawal. If there were any concerns regarding infection it would not be unreasonable to give antibiotics, but this would not treat alcohol withdrawal. The blood pressure is high, rather than low as is often the case in infection, which is a hint.

Intravenous hydration

is important if patients are diaphoretic with high insensible fluid losses. In this case, it is not the best answer as it would not treat the main problem which is alcohol withdrawal.

Pabrinex

does have a role in the treatment of alcohol withdrawal in that it can help prevent the development of Wernicke's encephalopathy (manifested by confusion, ataxia, and ophthalmoplegia). It does not, however, have any effect on the symptoms of delirium tremens and does not reduce the risk of alcohol withdrawal-related seizures. Chlordiazepoxide is therefore the most correct answer.

CT head

is not the best answer here. In this case, we have an agitated patient and this can be an indication for a CT head to exclude an intracranial cause. There is no history of trauma, no mention of any focal neurological finding, and there is a good alternative explanation for the presentation. CT head would therefore not be the best immediate intervention."
32,A 42-year-old woman presents for review. Her husband reports that she has had an argument with their son which resulted in him leaving home. Since this happened she has not been able to speak. Clinical examination of her throat and chest is unremarkable. Which one of the following terms best describes this presentation?,"[""Aprosodia"", ""Schizophasia"", ""Expressive aphasia"", ""Akinetic mutism"", ""Psychogenic aphonia""]",Psychogenic aphonia,4,
33,"A 45-year-old woman with bipolar affective disorder attends the outpatient clinic for routine follow-up. She has been stable on lithium for the past year and has had no recent dose changes or symptoms. Her most recent blood tests, including renal and thyroid function, were within normal limits. According to UK guidelines, how frequently should her serum lithium level now be monitored?","[""Every month"", ""Every 3 months"", ""Every 6 months"", ""Annually"", ""Only if symptomatic""]",Every 3 months,1,"Lithium levels should be checked every 3 months once a stable dose has been achieved

Every 3 months

is correct according to NICE and NPSA recommendations in the UK. Once a patient is established on a stable dose of lithium, serum levels should be checked every three months due to lithium’s narrow therapeutic range and potential toxicity. This regular monitoring helps detect any early signs of toxicity or subtherapeutic dosing, even in asymptomatic patients, as renal function can change over time.

Every month

is excessive once stability is achieved; monthly checks are only indicated during initiation or after dose changes until levels are stable. Continuing such frequent monitoring long-term may burden both patient and healthcare resources without added benefit in a stable patient.

Every 6 months

underestimates the need for close surveillance of lithium levels. While renal and thyroid function can be monitored at six-monthly intervals, lithium’s toxicity profile requires more frequent assessment to avoid complications from unnoticed accumulation or loss of efficacy.

Annually

is inadequate given the risk profile of lithium therapy. Annual checks would miss significant fluctuations in serum concentration that could lead to toxicity or relapse, contrary to UK guidance.

Only if symptomatic

disregards the preventive aspect of monitoring. Waiting for symptoms before checking levels risks missing subclinical toxicity or reduced efficacy; proactive regular testing remains standard care regardless of symptom status."
34,"The mother of a 28-year-old male who has been diagnosed with a personality disorder comes to see you. She reports that her son has been arrested multiple times and can often be aggressive getting into fights. As a teenager, he would lie to obtain money, played truant and would say unpleasant hurtful things to her without apology or apparent regret. He has never held down a job and relies on his parents for financial support.

His mother has the name of the condition he has been diagnosed with and knows you are not able to discuss the individual case. She asks if you can provide generic information on his condition to aid her understanding as she has always blamed herself for his behaviour.

What is the most likely condition her son has been diagnosed with?","[""Avoidant personality disorder"", ""Antisocial personality disorder"", ""Borderline personality disorder"", ""Narcissistic personality disorder"", ""Histrionic personality disorder""]",Antisocial personality disorder,1,"Patients with antisocial personality disorder often fail to conform to social norms, and show lack of remorse, deception and irresponsibility

The correct answer here is 2 - antisocial personality disorder. Patients with this condition often fail to comply with social norms in terms of lawful behaviour resulting in multiple arrests. They are prone to getting into fights due to aggressiveness and can be deceitful particularly when seeking material gain. They can have a disregard for the safety of themselves and others and are irresponsible, failing to support themselves financially. When they do act inappropriately or in a hurtful way to others, they are unable to show remorse for their actions. There is often a history of problems such as truancy in childhood. Their behaviour can have a significant impact on family life and so it is understandable that his mother may have blamed herself in the past and want more information. It is important to ensure that during this consultation confidentiality is not breached.

Patients with avoidant personality disorder tend to avoid social contact/relationships due to fear of being criticised, rejected or embarrassed. They view themselves as inferior to others and so are not keen to be involved unless they are certain of being liked. Hence this is not the correct answer.

Borderline personality disorder is characterised by emotional instability, impulsive behaviour and intense but unstable relationships with others. Patients often have feelings of emptiness, poor self-image and recurrent attempts at self-harm. Again making this an incorrect answer.

Narcissistic personality disorder is also incorrect.  These patients have an over exaggerated perception of self-importance, lack empathy and tend to have a sense of entitlement.

Histrionic personality disorder is seen in patients who crave to be the centre of attention. They can also be sexually inappropriate and suggestible and as such, this is not the correct answer."
35,Which one of the following is least recognised as a potential adverse effect of electroconvulsive therapy?,"[""Nausea"", ""Epilepsy"", ""Cardiac arrhythmias"", ""Short term memory impairment"", ""Headache""]",Epilepsy,1,
36,You review a patient who has been taking citalopram for the past two years to treat depression. He has felt well now for the past year and you agree a plan to stop the antidepressant. How should the citalopram be stopped?,"[""Can be stopped immediately"", ""Withdraw gradually over the next 3 days"", ""Withdraw gradually over the next week"", ""Withdraw gradually over the next 2 weeks"", ""Withdraw gradually over the next 4 weeks""]",Withdraw gradually over the next 4 weeks,4,"When stopping a SSRI the dose should be gradually reduced over a 4 week period

The correct answer is

Withdraw gradually over the next 4 weeks

. This is because citalopram, like other selective serotonin reuptake inhibitors (SSRIs), can cause withdrawal symptoms if stopped abruptly. These symptoms include dizziness, sleep disturbances, anxiety and mood changes. The UK National Institute for Health and Care Excellence (NICE) guidelines recommend that antidepressants should be withdrawn over a period of at least four weeks to minimise the risk of withdrawal symptoms.

Can be stopped immediately

is not recommended as it increases the risk of withdrawal symptoms. This applies to most SSRIs including citalopram.

Withdraw gradually over the next 3 days

and

withdraw gradually over the next week

are both too short periods for safe discontinuation. They would likely result in similar problems as immediate cessation due to inadequate time for physiological adjustment.

Withdraw gradually over the next 2 weeks

, although better than the previous options, is still less than the recommended minimum duration by NICE guidelines which suggests a gradual reduction over at least four weeks. Therefore, it may still lead to significant withdrawal symptoms in some patients."
37,"A 63-year-old patient presents to the emergency department with reports of haematemesis and black stools. She has a background of alcohol excess and typically drinks 8 units per day.

You initiate basic management and start seeing another patient when a crash call sounds, and you find the patient having a seizure.

What is the most likely time period since she last consumed alcohol?","[""24 hours"", ""36 hours"", ""4 hours"", ""6-12 hours"", ""72 hours""]",36 hours,1,"Alcohol withdrawal

36 hours

is correct. Symptoms of alcohol withdrawal occur as GABA is the main inhibitory neurotransmitter in the central nervous system. This has certain binding sites for ethanol, so increases inhibition in the CNS when present. Long-term alcohol exposure to GABA results in continuous inhibition effects on the brain. Further, ethanol binds to glutamate, which is an excitatory amino acid in the CNS. When this binds to glutamate, this inhibits excitation of the CNS, worsening the inhibitory effect.

Mild symptoms can occur within six hours of alcohol cessation and the times in this question are rough guidelines. This will vary depending on individual patient factors such as their duration of alcohol dependence, and typical use. Early symptoms can include tremors, hyperreflexia, anxiety, gastrointestinal upset, headache, and palpitations.

Moderate symptoms include hallucinations and alcohol withdrawal seizures that can occur 12 to 24 hours after cessation of alcohol and are typically generalised in nature. Approximately half of those that have a withdrawal seizure will go on to have delirium tremens. Delirium tremens is the most severe form of alcohol withdrawal and occur due to autonomic dysfunction from excitation of the CNS. Vital sign abnormalities also occur. This can present with visual hallucinations, tachycardia, hypertension, hyperthermia, agitation, and diaphoresis. These symptoms can last up to seven days after alcohol withdrawal and sometimes can progress even longer than this.

24 hours

is incorrect, seizures typically occur at the 36-hour period as explained above, however, time can vary widely.

4 hours

s incorrect, in this time frame mild symptoms may begin to occur such as tremors, anxiety, and elevated blood pressure, although symptoms typically start from 6 hours onwards.

6-12 hours

is incorrect, withdrawal symptoms typically start in this time frame and mild symptoms will occur such as tremors, hyperreflexia, anxiety, gastrointestinal upset, headache, and palpitations.

72 hours

is incorrect, delirium tremens usually occur at this point and are the most severe outcome of alcohol withdrawal, as discussed above."
38,An 80-year-old man presents with recurrent episodes of hallucinations. He describes often seeing faces smaller than normal or other objects out of proportion. He finds these episodes distressing although he says he knows they're not real. His past medical history includes macular degeneration and an episode of depression 20 years ago following the death of his wife. Neurological examination is unremarkable. What is the most likely diagnosis?,"[""Schizophrenia"", ""Charles-Bonnet syndrome"", ""Psychotic depression"", ""Cerebral tumour"", ""Alzheimer's disease""]",Charles-Bonnet syndrome,1,
39,"The sister of a 34-year-old man comes to see you in clinic as she is worried her brother may have a personality disorder. She reports her brother has always had a heightened opinion of himself and often expresses delusional thoughts regarding his potential for success as a banker believing he is capable of making millions. He does not seem perturbed by bringing others down in the process and appears pleased when he talks of others failures. She remembers he behaved similarly when they were growing up and was unsympathetic towards her when she had to resit her finals due to ill health.

What personality disorder is she describing?","[""Antisocial personality disorder"", ""Schizoid personality disorder"", ""Schizotypal personality disorder"", ""Borderline personality disorder"", ""Narcissistic personality disorder""]",Narcissistic personality disorder,4,"Narcisstic personalities lack empathy, have a sense of entitlement and take advantage of others to achieve their own need

The correct answer is narcissistic personality disorder. Whilst her brother may not actually qualify for having a personality disorder if his behaviour does not cause him personal distress or prevent him functioning socially, many of these features are seen in narcissistic behaviour. These patients have a heightened impression of self-importance and entitlement often believing they have unlimited abilities to succeed, become powerful or look beautiful. Additionally, they lack empathy and will happily take advantage of others to achieve their own need. In keeping with many personality disorders his symptoms appear to have been present since childhood and into adult life.

Patients with antisocial personality disorder also lack empathy or feelings of guilt/remorse. Similarly to narcissistic personalities they can be deceitful when wanting to achieve their own need. However, in contrast to narcissists they often fail to comply with rules or laws resulting in criminal offences and are prone to getting into fights. As such the patient in the stem fits more closely with narcissistic personality disorder.

Patients with schizoid personality disorder tend to have a lack of interest in sexual interactions are cold and lack close friendships preferring to spend time alone. They are also indifferent to praise making this unlikely to be the correct answer.

Option 3 is incorrect. Patients with schizotypal personality disorder can have odd/eccentric beliefs or behaviour. They can also struggle to make friends and can be paranoid/suspicious as opposed to lacking empathy or having a sense of entitlement.

Option 5 is also incorrect, borderline personality disorder is characterized by emotional instability, impulsive behaviour, feelings of emptiness and recurrent attempts at self-harm."
40,A 54-year-old man with a history of depression presents for review. He was started on fluoxetine eight weeks ago and is now requesting to stop his medication as he feels so well. What should be recommended regarding his treatment?,"[""It should be stopped straight away"", ""It should be continued for at least another 6 weeks"", ""It should be continued for at least another 3 months"", ""It should be continued for at least another 6 months"", ""It should be continued for at least another 12 months""]",It should be continued for at least another 6 months,3,"Antidepressants should be continued for at least 6 months after remission of symptoms to decrease risk of relapse

The correct answer is that the fluoxetine

should be continued for at least another 6 months

. According to NICE guidelines, after achieving remission from a depressive episode, antidepressant treatment should be continued for at least 6 months from the point of remission. This duration has been shown to significantly reduce the risk of relapse. The continuation phase of treatment is crucial even when patients feel well, as premature discontinuation is associated with a higher risk of recurrence.

Stopping straight away

would be inappropriate and potentially dangerous. Abrupt discontinuation of SSRIs like fluoxetine can lead to discontinuation symptoms and significantly increases the risk of relapse. Even when discontinuing after an appropriate treatment duration, gradual tapering is recommended.

Continuing for

another 6 weeks

would be insufficient. This duration would not provide adequate protection against relapse, as the total treatment duration would only be about 3.5 months, which is too short according to evidence-based guidelines.

Continuing for

another 3 months

would also be insufficient. While this would provide approximately 5 months of total treatment, it still falls short of the recommended minimum 6-month continuation phase after achieving remission.

Continuing for

another 12 months

would be longer than necessary for a first episode of depression without complicating factors. While some patients with recurrent depression or other risk factors might benefit from longer treatment, 12 additional months would be excessive for a standard first episode of depression that has responded well to treatment."
41,Which one of the following is associated with a good prognosis in schizophrenia?,"[""Acute onset"", ""Strong family history"", ""Low IQ"", ""Premorbid history of social withdrawal"", ""Lack of obvious precipitant""]",Acute onset,0,
42,"A woman who gave birth 5 days ago presents for review as she is concerned about her mood. She is having difficulty sleeping and feels generally anxious and tearful. Since giving birth she has also found herself snapping at her husband. This is her first pregnancy, she is not breast feeding and there is no history of mental health disorders in the past. What is the most appropriate management?","[""Explanation and reassurance"", ""Cognitive behavioural therapy"", ""Trial of fluoxetine"", ""Trial of citalopram"", ""Discuss with psychiatric team to consider admission to mother and baby unit""]",Explanation and reassurance,0,
43,"A 68-year-old gentleman is brought into hospital by his husband who says he has reported seeing flashing images of foxes and badgers in their living room. This is something that is extremely distressing to the patient, and has made him reluctant to venture into some areas of the house. You wonder if this might be Charles-Bonnet syndrome.

Which of the following risk factors may pre-dispose this gentleman to Charles-Bonnet syndrome?","[""Caucasian"", ""Peripheral visual impairment"", ""Male gender"", ""Hypertension"", ""Occupational history of working in sewers""]",Peripheral visual impairment,1,"Charles-Bonnet syndrome - peripheral visual impairment is a risk factor

Charles-Bonnet syndrome is characterised by visual hallucinations associated with eye disease.

Most common visual hallucinations are faces, children and wild animals.

It occurs in patients of increasing age; equally amongst males and females; and with no known increased risk with family history."
44,"A 19-year-old woman presents to the Emergency department having taken an overdose of 40x500mg paracetamol tablets and 400ml of vodka. She took the overdose because her boyfriend is going away for 2 weeks on a course and she fears abandonment. This is her 4th attendance with an overdose over the past 3 years. She is also known to the police after an episode of reckless driving / road rage. On arrival in the unit she is tearful and upset, and tells you she did it because her boyfriend is leaving her. Vital signs and general physical examination are normal apart from evidence of cutting her arms. She is given activated charcoal. Which of the following is the most likely diagnosis?","[""Bipolar disorder"", ""Anti-social personality disorder"", ""Borderline personality disorder"", ""Endogenous depression"", ""Drug induced psychosis""]",Borderline personality disorder,2,
45,"You are a junior doctor on the acute medical take. Your next patient has been admitted with an exacerbation of heart failure.

Whilst exploring his past medical history he confides in you he was in a road traffic collision 3 months ago in which a family friend was killed.

He explains he is struggling to sleep and feels he is constantly re-living the accident. He states he is afraid to leave the house in case it was to happen again and that any loud noises cause him to panic. He has increased his alcohol intake to try and forget about it and to help him sleep.

Which of the following treatments is most likely to help this man?","[""Olanzapine"", ""Eye movement desensitisation and reprocessing (EMDR) therapy"", ""GP to review in one month"", ""Single-session debrief therapy"", ""Tricyclic antidepressant""]",Eye movement desensitisation and reprocessing (EMDR) therapy,1,"PTSD management - trauma-focused cognitive behavioural therapy or EMDR

Olanzapine along with most other antipsychotics are not used in the management of post-traumatic stress disorder (PTSD). NICE recommends a trial of risperidone in patients with severe cases of PTSD.

EMDR therapy and cognitive behavioural therapy (CBT) can be trialled in patients were severe cases of post-traumatic stress disorder.

In mild cases lasting less than 4 weeks watchful waiting can be used. It may be appropriate in these scenarios for a GP to regularly review the patient. However in the above case, given the man in the above scenario has experienced severe symptoms for the past 12 weeks, this option would not be appropriate.

Single-session debrief therapy is not recommended following traumatic events and so this option is not correct.

Tricyclic antidepressants are not recommended in PTSD. If drug therapy is the be tried then SSRIs such as sertraline or venlafaxine (SNRI) can be tried."
46,"A 54-year-old man is brought to the emergency department by ambulance, after being found confused by members of the public for the fifth time in the past month. Upon review, he tells you that he came here by bicycle after spending the afternoon with his friends doing shopping, and then later tells you he spent today in the pub with his new dog. He smells strongly of alcohol and you notice a near-empty bottle of unlabelled spirit with him.

On examination, he has an ataxic gait, dysdiadochokinesia and horizontal nystagmus.

When you go back later to see him, he has forgotten your previous interaction.

Which of the following explains his signs and symptoms?","[""Cerebellar ataxia"", ""Ethanol intoxication"", ""Korsakoff's syndrome"", ""Methanol toxicity"", ""Wernicke's encephalopathy""]",Korsakoff's syndrome,2,"Korsakoff's syndrome is a complication of Wernicke's encephalopathy. It's features include: anterograde amnesia, retrograde amnesia, and confabulation

This man has presented to the emergency department with cerebellar signs, eye signs, amnesia and is changing his story about recent events. He is also carrying around a tell-tale bottle of alcohol. Wernicke's encephalopathy alone would account for most, though not all of his symptoms. The classic triad for this is ophthalmoplegia (often a lateral rectus palsy and/or horizontal nystagmus), confusion and ataxia (though any cerebellar signs can be present). However, this man also has features that make Korsakoff's syndrome the unifying diagnosis: anterograde amnesia (he forgets your interaction) and confabulation (he makes up two different stories about his day).

Whilst cerebellar ataxia, caused by alcohol use, haemorrhage, tumour, infection or other cause, accounts for some of this man's symptoms, it does not account for the specific symptoms that point to Korsakoff's disease.

Alcohol intoxication might produce unsteadiness and confusion or changing stories, but the specific neurological signs point away from this.

Methanol toxicity is a possible cause of ataxia, poor coordination and confusion. It may even contaminate unregulated alcohol products. However, it would likely also cause vomiting, abdominal pain, decreased consciousness and can progress to respiratory failure."
47,"A 32-year-old man presents to the Emergency Department with severe back pain following a minor road traffic accident. He reports being unable to walk due to the pain, but examination reveals inconsistent findings. The patient mentions he is pursuing an insurance claim. During observation, he is seen walking normally when he thinks no one is watching. His medical records show multiple similar presentations after minor accidents.

What is the most likely diagnosis?","[""Conversion disorder"", ""Factitious disorder"", ""Illness anxiety disorder"", ""Malingering"", ""Somatisation disorder""]",Malingering,3,"Lying or exaggerating for financial gain is malingering, for example someone who fakes whiplash after a road traffic accident for an insurance payment

Malingering

is the most likely diagnosis in this case. The patient is presenting with symptoms (severe back pain and inability to walk) that are inconsistent with the physical examination findings. The key feature suggesting malingering is that he was observed walking normally when he thought he wasn't being watched, indicating conscious symptom production. Additionally, the context is highly suggestive - he explicitly mentions pursuing an insurance claim, indicating a clear external incentive for his symptoms. His history of multiple similar presentations after minor accidents further supports this pattern of behaviour. Malingering is defined as the intentional production or exaggeration of physical or psychological symptoms motivated by external incentives such as financial compensation, avoiding work, obtaining medications, or evading legal responsibilities. Unlike other conditions where symptoms are not under conscious control, in malingering there is deliberate feigning of symptoms for personal gain.

Conversion disorder

(functional neurological disorder) involves neurological symptoms such as weakness, paralysis, or sensory disturbances that cannot be explained by medical conditions. While this could potentially explain the patient's reported inability to walk, conversion disorder is not associated with conscious symptom production for external gain. In conversion disorder, patients genuinely experience their symptoms and do not typically show such clear evidence of deception as walking normally when unobserved. The symptoms arise from psychological factors but are not intentionally produced.

Factitious disorder

(Munchausen syndrome) involves the deliberate production or feigning of physical or psychological symptoms. While there is intentional symptom falsification as in malingering, the key difference is motivation. In factitious disorder, the motivation is to assume the sick role and receive attention and care from medical professionals, not external rewards like financial compensation. The absence of this psychological need for medical attention and the clear presence of external incentives (insurance claim) make factitious disorder less likely.

Illness anxiety disorder

(hypochondriasis) involves preoccupation with having or acquiring a serious illness despite minimal or absent symptoms. These patients genuinely believe they are ill and experience significant anxiety about their health. This patient's presentation does not suggest anxiety about illness but rather deliberate symptom exaggeration with clear external motivation, making illness anxiety disorder an unlikely diagnosis.

Somatisation disorder

involves multiple physical complaints across different organ systems over several years that cannot be fully explained by medical conditions. Patients with somatisation disorder genuinely experience their symptoms and are not consciously producing them for gain. The acute nature of this presentation following a specific event (accident) with clear external incentives makes somatisation disorder unlikely."
48,A 65-year-old female with a history of ischaemic heart disease is noted to be depressed following a recent myocardial infarction. What would be the most appropriate antidepressant to start?,"[""Paroxetine"", ""Imipramine"", ""Flupentixol"", ""Venlafaxine"", ""Sertraline""]",Sertraline,4,"Sertraline is the SSRI of choice post myocardial infarction

Sertraline is the preferred antidepressant following a myocardial infarction as there is more evidence for its safe use in this situation than other antidepressants"
49,"An 18-year-old woman attends the emergency department with drowsiness. She was found lying in the street. Shortly after admission, she has a tonic clinic seizure which is terminated with lorazepam. On examination, you note mydriasis and urinary retention. Her Glasgow Coma Score (GCS) is currently 11 (M5, V3, E3).

An ECG performed in the department is as follows:


ECG	Sinus tachycardia (120 beats per minute); QRS duration 140ms; Dominant terminal R wave in aVR; First-degree AV block

What is the most likely cause?","[""Digoxin"", ""Dosulepin"", ""Ivabradine"", ""Quinine"", ""Sertraline""]",Dosulepin,1,"Dosulepin - avoid as dangerous in overdose

Dosulepin

is correct, The clinical (e.g. seizures, mydriasis, urinary retention) and electrocardiographic features are most in keeping with tricyclic overdose. These agents block sodium channels resulting in CNS and cardiovascular toxicity in overdose in the form of seizures and ventricular dysrhythmias. Tricyclics mediate their cardiotoxic effects via blockade of myocardial fast sodium channels (e.g. QRS prolongation, tall R wave in aVR), inhibition of potassium channels (e.g. QTc prolongation), and direct myocardial depression.

Digoxin

is incorrect, The classical digoxin toxic dysrhythmia combines:

Supraventricular tachycardia (due to increased automaticity)
Slow ventricular response (due to decreased AV conduction)

The broad complex tachycardia in this case makes digoxin toxicity less likely. However rarely this can occur in digoxin toxicity due to a bidirectional ventricular tachycardia (VT) with a frontal-plane axis that alternates by 180 degrees with each successive beat.

Ivabradine

is incorrect. Ivabradine toxicity can cause bradycardia, sinus arrest, and heart block.

Quinine

is incorrect. Although quinine is also a sodium channel-blocking agent and can cause a wide complex tachyarrhythmia, the presence of mydriasis and urinary retention favours a diagnosis of amitriptyline toxicity.

Sertraline

is incorrect. SSRI overdose can predispose to prolonged QTc and Torsades de pointes. Although seizures and mydriasis (e.g. serotonin syndrome) can occur with SSRI toxicity, the electrocardiographic features of a broad complex tachycardia and a dominant terminal R wave in aVR are more consistent with tricyclic toxicity."
50,"A 33-year-old woman presents to her GP with a several-month history of anxiety with no clear trigger which is affecting her sleep and desire to interact with others. She feels restless and agitated. She denies any episodes of panic attacks. Her medical history is otherwise unremarkable.

Which of the following would be the most appropriate option to try first?","[""Amitriptyline"", ""Duloxetine"", ""Propranolol"", ""Sertraline"", ""Venlafaxine""]",Sertraline,3,"SSRIs are the first-line pharmacological therapy for generalised anxiety disorder

The correct answer is sertraline. The picture being described here is that of generalised anxiety disorder, given the symptoms and chronic duration. NICE guidance recommends a selective serotonin reuptake inhibitor (SSRI) as a first-line pharmacological option for this condition. Out of the available SSRIs, NICE suggest sertraline as a preferable initial choice.

Amitriptyline is a tricyclic antidepressant and would be a second- or third-line agent if other methods failed. Generally, SSRIs and serotonin-noradrenaline reuptake inhibitors (SNRIs) are recommended prior to trying TCAs, due to their larger side effect profile.

Duloxetine is an SNRI and would be a suitable alternative if sertraline did not work. However, first-line, sertraline should be tried.

Propranolol is a beta-blocker and used as needed to control acute flare-ups of anxiety and panic attacks. This patient denies such acute episodes and so would not be as useful; propranolol should be prescribed in conjunction with an agent like sertraline, not used as monotherapy.

Venlafaxine is another SNRI, like duloxetine, and would be another suitable alternative to try if sertraline were not effective."
51,A 23-year-old man presents as he is concerned about a number of recent episodes related to sleep. He finds when he wakes up and less often when he is falling asleep he is 'paralysed' and unable to move. This sometimes associated with what the patient describes as 'hallucinations' such as seeing another person in the room. He is becoming increasingly anxious about these recent episodes. What is the most likely diagnosis?,"[""Frontal lobe epilepsy"", ""Generalised anxiety disorder"", ""Sleep paralysis"", ""Night terrors"", ""Acute schizophrenia""]",Sleep paralysis,2,
52,A patient you are looking after is started on imipramine for depression. Which combination of side-effects is most likely to be seen in a patient taking this class of antidepressants?,"[""Dry mouth + urinary frequency"", ""Hypertension + sweating"", ""Gastrointestinal bleeding + dyspepsia"", ""Headache + myoclonus"", ""Blurred vision + dry mouth""]",Blurred vision + dry mouth,4,
53,A 34-year-old man confides in you that he experienced childhood sexual abuse. Which one of the following features is not a characteristic feature of post-traumatic stress disorder?,"[""Hyperarousal"", ""Emotional numbing"", ""Nightmares"", ""Loss of inhibitions"", ""Avoidance""]",Loss of inhibitions,3,
54,"A 35-year-old woman visits the emergency department complaining of fatigue and headaches. She mentions experiencing irregular menstrual cycles for the past three months. Her past medical history includes bipolar disorder, for which she started taking aripiprazole four months ago.

The following blood tests were conducted:


Na+	141 mmol/L	(135 - 145)
K+	4.2 mmol/L	(3.5 - 5.0)
Bicarbonate	26 mmol/L	(22 - 29)
Urea	4.5 mmol/L	(2.0 - 7.0)
Creatinine	102 µmol/L	(55 - 120)


Thyroid-stimulating hormone (TSH)	7.3 mU/L	(0.5-5.5)
Free thyroxine (T4)	11.2 pmol/L	(9.0 - 18)


Prolactin	2234 ng/mL	(< 20)

What is the most likely cause of this woman's abnormal blood results?","[""Adverse drug reaction"", ""Hyperthyroidism"", ""Hypothyroidism"", ""Macroprolactinoma"", ""Non-functioning pituitary adenoma""]",Macroprolactinoma,3,"Hyperprolactinaemia is uncommon with certain atypical antipsychotics - consider other causes such as prolactinoma if prolactin raised

This patient has presented with symptoms of headache and fatigue, which are recognised as common side effects associated with her use of aripiprazole. Additionally, she reports irregular menstruation, potentially attributable to her significantly elevated prolactin level of 2234 ng/mL. Such an increase is atypically high for aripiprazole-induced hyperprolactinemia. Among atypical antipsychotics, aripiprazole is noted for its favourable side effect profile, particularly in terms of causing less hyperprolactinemia. In this context, it is prudent to first investigate alternative and more likely aetiologies, such as the presence of a

macroprolactinoma

. The headaches reported by the patient could also be linked to an enlarging pituitary mass exerting pressure on the dura.

Although hyperprolactinemia is a recognised

adverse drug reaction

to aripiprazole, it occurs infrequently when compared with other atypical antipsychotics such as olanzapine. The pronounced elevation in prolactin observed here suggests that other causes should be considered, including the possibility of a microprolactinoma.

Hypothyroidism

can manifest with fatigue and menstrual irregularities; nevertheless, her blood tests indicate an elevated TSH concurrent with normal T4 levels—findings indicative of subclinical hypothyroidism—which would not typically produce these symptoms.

Hyperthyroidism

may present with disruption to menstruation but given the patient's thyroid function tests suggest a subclinical hypothyroidism (elevated TSH with normal T4), we can discount this option.

A

non-functioning pituitary adenoma

might induce a modest increase in prolactin due to compression of the pituitary stalk. However, an elevation to 2234 ng/mL as seen in this case would be unusually high. A non-functioning pituitary adenoma may also present with features such as headache and visual disturbances due to dural irritation and compression of the optic chiasm respectively. Compression of the normally functioning pituitary gland tissue by the tumour can lead to panhypopituitarism."
55,"A 65-year-old woman presents with a six-month history of low mood and anhedonia. She has tried cognitive behavioural therapy without benefit. She has also had four-week trials of sertraline and citalopram without improvement. The patient is keen to trial a medication from a different class of anti-depressants.

What drug has a different mechanism to those already trialled?","[""Duloxetine"", ""Escitalopram"", ""Fluoxetine"", ""Fluvoxamine"", ""Paroxetine""]",Duloxetine,0,"Duloxetine mechanism of action = serotonin and noradrenaline reuptake inhibitor

Duloxetine

is the correct answer. Duloxetine is a serotonin and noradrenaline reuptake inhibitor. Sertraline and citalopram are both selective serotonin reuptake inhibitors (SSRIs), and duloxetine is the only drug listed above that is not an SSRI. Duloxetine is licensed for depression and anxiety disorders, diabetic neuropathy and stress incontinence.

Escitalopram

is the incorrect answer as like sertraline and citalopram, it is an SSRI. Escitalopram is an active enantiomer of citalopram and is licensed for depression, anxiety disorders and obsessive-compulsive disorder (OCD).

Fluoxetine

is the incorrect answer as like sertraline and citalopram, it is an SSRI. Fluoxetine is licenced for treating depression, bulimia, obsessive-compulsive disorder, and vasomotor menopausal symptoms.

Fluvoxamine

is the incorrect answer as like sertraline and citalopram, it is an SSRI. Fluvoxamine is licensed for depression and OCD but is rarely used in the UK.

Paroxetine

is the incorrect answer as like sertraline and citalopram, it is an SSRI. Paroxetine is licensed for depression and anxiety disorders, OCD and vasomotor menopausal symptoms. However, it has a higher incidence of discontinuation symptoms than other SSRIs."
56,"A 62-year-old man is brought to the doctors by his daughter. Four weeks ago his wife died from metastatic breast cancer. He reports being tearful every day but his daughter is concerned because he is constantly 'picking fights' with her over minor matters and issues relating to their family past. The daughter also reports that he has on occasion described hearing his wife talking to him and on one occasion he prepared a meal for her.

Despite this he has started going walking again with friends and says that he is determined to get 'back on track'.

What is the most likely diagnosis?","[""Atypical grief reaction"", ""Depression without psychotic features"", ""Delusional disorder"", ""Depression with psychotic features"", ""Normal grief reaction""]",Normal grief reaction,4,
57,"A 52-year-old woman has had 9 months of urinary incontinence, occurring only with laughing, sneezing, or exercise. She has had three previous vaginal deliveries. She has no significant medical history and takes no regular medications. Urine dipstick and culture are negative. The patient has tried pelvic floor exercises with minimal improvement and now wishes to try medication.

Which option best describes the mechanism of action of the drug she is most likely to be offered?","[""Activation of muscarinic acetylcholine receptors"", ""Activation of β3-adrenoceptors"", ""Inhibition of dopamine reuptake"", ""Inhibition of muscarinic acetylcholine receptors"", ""Inhibition of serotonin and noradrenaline reuptake""]",Inhibition of serotonin and noradrenaline reuptake,4,"Duloxetine mechanism of action = serotonin and noradrenaline reuptake inhibitor

Inhibition of serotonin and noradrenaline reuptake

is correct. The most likely diagnosis is stress urinary incontinence, characterised by urine leakage during increases in intra-abdominal pressure, such as laughing, sneezing, or exercise, in the absence of urgency or infection. Duloxetine, a serotonin-noradrenaline reuptake inhibitor, increases synaptic levels in the central nervous system and at presynaptic neurones of the pudendal nerve. This enhances activation of the urethral sphincter, improving urethral closure during stress events. Given the patient’s persistent symptoms despite pelvic floor exercises, duloxetine is an appropriate pharmacological option.

Activation of muscarinic acetylcholine receptors

is incorrect because muscarinic agonists stimulate detrusor muscle contraction, which would worsen urinary leakage in stress urinary incontinence caused by urethral sphincter weakness. These agents, such as bethanechol, may sometimes be used in an underactive bladder or neurogenic bladder with retention, where bladder emptying is impaired. In this patient, with no voiding difficulty and stress-related leakage, muscarinic agonists would exacerbate symptoms and are therefore inappropriate.

Activation of β3-adrenoceptors

is incorrect because β3-adrenoceptor agonists, such as mirabegron, are used to treat urge urinary incontinence and overactive bladder. They relax the detrusor muscle during bladder filling, increasing bladder capacity. This patient does not report urgency or frequency, and her symptoms occur solely during exertion, which is consistent with stress incontinence. Therefore, β3-adrenoceptor activation would not target the underlying mechanism of her condition.

Inhibition of dopamine reuptake

is incorrect because dopamine pathways do not play a primary role in urethral sphincter control or stress urinary incontinence. Dopamine reuptake inhibitors, such as bupropion, are used for depression and smoking cessation, but they have no known efficacy in the treatment of urinary incontinence. This pharmacological mechanism is unrelated to the pathophysiology of stress-related leakage.

Inhibition of muscarinic acetylcholine receptors

is incorrect because antimuscarinic drugs, such as oxybutynin, are used for urge incontinence or overactive bladder, not stress urinary incontinence. These drugs block muscarinic receptors to suppress involuntary bladder contractions. Since this patient experiences leakage only during physical stress and without urgency, antimuscarinic therapy would not address her symptoms and is not an appropriate treatment option."
58,A patient with a history of depression presents for review. Which one of the following suggests an increased risk of suicide?,"[""Being 25-years-old"", ""History of arm cutting"", ""Being married"", ""Female sex"", ""Having a busy job""]",History of arm cutting,1,
59,A 54-year-old man presents with a variety of physical symptoms that have been present for the past 9 years. Numerous investigations and review by a variety of specialties have indicated no organic basis for his symptoms. This is an example of:,"[""Munchausen's syndrome"", ""Hypochondrial disorder"", ""Dissociative disorder"", ""Somatisation disorder"", ""Conversion disorder""]",Somatisation disorder,3,"Unexplained symptoms

Somatisation disorder is the correct answer as the patient is concerned about persistent, unexplained symptoms rather than an underlying diagnosis such as cancer (hypochondrial disorder). Munchausen's syndrome describes the intentional production of symptoms, for example self poisoning"
60,Which one of the following symptoms may indicate mania rather than hypomania?,"[""Predominately elevated mood"", ""Delusions of grandeur"", ""Increased appetite"", ""Flight of ideas"", ""Irritability""]",Delusions of grandeur,1,
61,"A 38-year-old woman with a history of depression presents to the outpatient psychiatry clinic for medication review. She has previously taken amitriptyline, but discontinued due to sedation. She reports occasional suicidal thoughts but no current intent or plan. Which antidepressant should be avoided in her case due to its high risk if taken in overdose?","[""Dosulepin"", ""Lofepramine"", ""Nortriptyline"", ""Clomipramine"", ""Imipramine""]",Dosulepin,0,"Dosulepin - avoid as dangerous in overdose

Dosulepin

is the correct answer as it is considered one of the most dangerous tricyclic antidepressants (TCAs) in overdose, with significant cardiotoxicity and risk of fatal arrhythmia even at relatively modest doses. UK guidelines specifically advise against its use for depression due to this toxicity profile, particularly in patients who may be at risk of self-harm or suicide. The clinical scenario highlights a patient with a psychiatric history and some ongoing suicidal ideation, making dosulepin especially inappropriate.

Lofepramine

is a TCA with a comparatively lower incidence of serious toxicity in overdose and is sometimes chosen when there are concerns about safety. It still carries risks associated with TCAs, but these are less pronounced than those seen with dosulepin or amitriptyline.

Nortriptyline

is another TCA that tends to have fewer anticholinergic side effects and is less sedating than amitriptyline or dosulepin. While not without risk, nortriptyline's toxicity profile in overdose is less severe compared to dosulepin.

Clomipramine

does carry risks typical of TCAs, including potential cardiotoxicity in overdose; however, it is not considered as hazardous as dosulepin or amitriptyline and remains an option for certain indications such as obsessive-compulsive disorder when closely monitored.

Imipramine

, like other TCAs, can cause significant toxicity if overdosed but again does not reach the level of concern associated with dosulepin. While caution must always be exercised when prescribing TCAs to patients at risk of self-harm, imipramine would not be specifically highlighted over dosulepin for avoidance according to UK practice."
62,The risk of developing schizophrenia if one monozygotic twin is affected is approximately:,"[""10%"", ""20%"", ""50%"", ""75%"", "">95%""]",50%,2,
63,"A 60-year-old male is admitted to the in-patient psychiatric unit last night. On reviewing him this morning, he is a poor historian, answering most questions minimally and stating he does not need to be here as he is deceased, and hospitals should be for living patients.

What is the name of this delusional disorder and which condition is it most commonly associated with?","[""De Clerambault's syndrome and Major Depressive Disorder"", ""Cotard syndrome and Major Depressive Disorder"", ""Othello syndrome and Paranoid Schizophrenia"", ""Capgras delusion and Dementia"", ""Charles de Bonnet syndrome and Bipolar Disorder""]",Cotard syndrome and Major Depressive Disorder,1,"Cotard syndrome is associated with severe depression

This patient is presenting with Cotard's syndrome, a rare subtype of nihilistic delusions, in which they believe they or part of them is dead or does not exist. This is seen most commonly in severe depression, but is also associated with schizophrenia."
64,"A 21-year-old woman presents to her GP, seeking help for anxiety. She finds her office-based job stressful, especially the aspects involving discussions with colleagues and bosses, fearing criticism. Outside of work, she often finds herself worrying about what her friends think of her, and increasingly forgoes social interaction with them as a result. She mentions that she thinks quite lowly of herself and does not have much self-esteem.

What best fits her diagnosis?","[""Antisocial personality disorder"", ""Avoidant personality disorder"", ""Borderline personality disorder"", ""Dependent personality disorder"", ""Obsessive-compulsive personality disorder""]",Avoidant personality disorder,1,"Patients with avoidant personality disorder are fearful of criticism, being unliked, rejection and ridicule

This patient's history is a classic example of

avoidant personality disorder

. These patients generally avoid occupational, or social, activities with significant interpersonal contact, due to fear of criticism/rejection. They are preoccupied with ideas that they are being criticised or rejected in social situations and have an inferior view of themselves. Typically, they isolate themselves socially but actually crave social contact.

Patients with

antisocial personality disorder

display a failure to conform to social norms with respect to lawful behaviours - repeatedly performing acts that are grounds for arrest. These patients may use deception, repeatedly lie, and show impulsiveness and a failure to plan ahead; they typically demonstrate a lack of remorse for their actions.

Borderline personality disorder

, also known as emotionally unstable personality disorder, would present differently. These patients make efforts to avoid real or imagined abandonment. They often have unstable interpersonal relationships and an unstable self-image. They demonstrate impulsivity with regards to potentially self-damaging behaviours, such as substance abuse, sexual intercourse and spending. They may also display recurrent suicidal behaviour.

Dependent personality disorder

presents with difficulties making decisions about everyday decisions without excessive reassurance from others. These patients have a need for others to assume responsibility for major areas of their lives. They generally display a lack of initiative and have unrealistic fears of being left to care for themselves. They typically seek out a new relationship as soon as a previous relationship ends.

Obsessive-compulsive personality disorder

, as the name suggests, presents with a preoccupation with details, rules, lists and order - to the point that the key part of the actual activity itself is gone. These patients are typically dedicated to their work and efficiency, eliminating spare time activities. They are generally unwilling to delegate work to others, unless they can be sure that the others will perform the work exactly as they wish it to be done."
65,A 25-year-old man with a history of schizophrenia is prescribed olanzapine. Which one of the following adverse effects is he most likely to experience?,"[""Anorexia"", ""Parkinsonism"", ""Hypertension"", ""Weight gain"", ""Agranulocytosis""]",Weight gain,3,
66,"A 74-year-old man is seen with his wife, who states that the patient has not been himself in the last six weeks. He is frequently agitated over minor issues, sleeps a lot throughout the day, and lost interest in his usual hobbies. The patient reports feeling more forgetful recently. Neurological examination is normal. His Montreal Cognitive Assessment (MoCA) score is 24/30. When asked to subtract numbers or describe similarities between objects, he frequently answers, 'I don't know'.

What is the most likely diagnosis?","[""Alzheimer's disease"", ""Dementia with lewy body"", ""Depressive disorder"", ""Normal pressure hydrocephalus"", ""Parkinson's disease""]",Depressive disorder,2,"Elderly patients with depression are less likely to complain of low mood and instead may present with health anxiety, agitation and sleep disturbance

Depression presents differently in the elderly. The history of agitation, anhedonia, and sleep disturbance with a relatively high MOCA score points towards a diagnosis of depression rather than dementia. They engage poorly with the test, as compared to patients with Alzheimer's dementia who make an attempt but are not able to answer correctly.

Patients with mild

Alzheimer's dementia

score 16 on average on the MOCA. An objective finding of poor short-term memory is more common in dementia, whereas a subjective complaint of poor memory is more common in depression.

Lewy body dementia

more commonly presents with cognitive impairment, gait disorders and visual hallucinations. The normal neurological findings here makes this diagnosis unlikely.

Normal pressure hydrocephalus

is characterized by the triad of cognitive impairment, gait disorders and urinary incontinence. Although the patient has been more forgetful, the neurological examination is normal.

Parkinson's disease

presents with rigidity, bradykinesia and tremor, none of which is seen here."
67,"A 42-year-old man with mental health issues is reviewed. The patient has experienced symptoms in keeping with severe depression for several months and he reports little improvement with cognitive behaviour therapy.

There has been a significant deterioration in his mood and admits to a failed overdose a few weeks ago and he reports still having suicidal thoughts occasionally. Given his condition it is recommended he commence an anti-depressant but one with a lower risk of toxicity in overdose. He has no other medical conditions and is not on any medications.

What medication should be avoided?","[""Amoxapine"", ""Desipramine"", ""Dosulepin"", ""Lofepramine"", ""Nortriptyline""]",Dosulepin,2,"Dosulepin - avoid as dangerous in overdose

Dosulepin

, a tricyclic antidepressant, was previously prescribed for managing depression and anxiety. However, due to it posing a significant risk in overdose, it is rarely used and not recommended particularly as a first-line agent or in patients with a high risk of overdose. In excessive amounts, dosulepin can lead to life-threatening complications, including cardiac arrhythmias, seizures, and respiratory depression. Its toxicity arises from the blockade of various receptors, such as histaminic, cholinergic, and adrenergic receptors. The narrow therapeutic index increases the likelihood of severe adverse effects even with a slight overdose.

Amoxapine

is a tetracyclic antidepressant used to treat depressive disorders. It possesses a unique chemical structure, combining tricyclic and neuroleptic properties. One notable aspect of amoxapine is its relatively safer drug profile in overdose compared to some other tricyclic antidepressants. In instances of overdose, amoxapine tends to produce milder toxicity symptoms. This is attributed to its metabolite, amoxapine-2-OH, which acts as a serotonin reuptake inhibitor, potentially mitigating the severity of adverse effects associated with overdose.

Desipramine

is a tricyclic antidepressant primarily used to treat depressive disorders. Desipramine has a relatively safer drug profile in overdose compared to some other tricyclic antidepressants attributed to its selective inhibition of norepinephrine reuptake, which leads to a milder side effect profile and reduced toxicity. Desipramine's lower affinity for receptors associated with adverse effects, such as anticholinergic and cardiovascular effects, contributes to its decreased risk of severe complications in overdose situations.

Lofepramine

, a tricyclic antidepressant, is known for its relatively safer drug profile in overdose compared to some other tricyclic antidepressants. Its active metabolite, desipramine, is produced in smaller amounts, leading to reduced toxicity. Lofepramine's selective inhibition of norepinephrine reuptake, coupled with a lower affinity for receptors associated with adverse effects, contributes to its diminished risk of severe complications in overdose.

Nortriptyline

, a tricyclic antidepressant, has a relatively safer drug profile in overdose when compared to other tricyclic antidepressants, primarily attributed to its selective inhibition of norepinephrine reuptake, leading to a more favourable side effect profile and reduced toxicity. Nortriptyline's lower affinity for receptors associated with adverse effects, such as anticholinergic and cardiovascular effects, contributes to its diminished risk of severe complications in overdose."
68,"A 52-year-old man is brought into the emergency department having attempted to take his own life. He was found at home with empty packets of paracetamol by his side. He is still conscious. A history is taken from him to assess his risk of further attempts.

Which of the following is considered to be the strongest risk factor for completed suicide?","[""Being a female"", ""Being married"", ""Having five children"", ""Addiction to opiates"", ""Having never seen a General Practitioner""]",Addiction to opiates,3,"A male with a history of alcohol or drug abuse and deliberate self harm should be considered to be at high risk of suicide

This question requires you to recall the major risk factors for suicide.

Being a female - This is not the most appropriate answer given the options available. In fact, being male is one of the most significant risk factors for suicide.

Being married - This is not the most appropriate answer given the options available. Having family support is an important protective factor for suicide.

Having five children - This is not the most appropriate answer given the options available. Having children at home is thought to be a protective factor.

Addiction to opiates - This is correct. Alcohol or drug misuse is one of the major risk factors for suicide.

Having never seen a General Practitioner - This is not the most appropriate answer given the options available. Having a chronic mental or physical condition is however a risk factor for suicide."
69,"A 69-year-old man with a history of benign prostatic hyperplasia (BPH) presents with a 12-hour history of lower abdominal discomfort and inability to pass urine. He has recently commenced amitriptyline for his chronic back pain. He denies fever, dysuria, or hematuria.

On examination, his bladder is distended and tender, and digital rectal examination reveals an enlarged, non-tender prostate.

Urinalysis is unremarkable, and kidney function tests are normal.

Which is the most likely underlying mechanism of his condition?","[""Alpha-adrenergic receptor stimulation"", ""Blockade of muscarinic receptors"", ""Direct smooth muscle stimulation of the bladder wall"", ""Dopamine receptor antagonism"", ""Serotonin reuptake inhibition""]",Blockade of muscarinic receptors,1,"Tricyclic antidepressants may cause urinary retention, particularly in patients with BPH

Blockade of muscarinic receptors

is the correct answer because it leads to inhibition of parasympathetic stimulation in the bladder, thereby reducing contractility of the detrusor muscle and impairing bladder emptying. This effect is characteristic of medications with anticholinergic properties, such as tricyclic antidepressants, certain antipsychotics, and first-generation antihistamines, for patients with benign prostatic hyperplasia (BPH), who may have pre-existing compromised bladder outlet function, even a modest reduction in detrusor contraction can lead to acute urinary retention. In this case, the anticholinergic effects of amitriptyline have exacerbated the patient’s underlying bladder dysfunction.

Alpha-adrenergic receptor stimulation

is incorrect because it predominantly increases tone in the smooth muscle of the bladder, neck and prostate, which may exacerbate bladder outlet obstruction. However, this mechanism is typically associated with sympathomimetic drugs like pseudoephedrine or phenylephrine. Given that there is no history of such medication use and considering the gradual onset of symptoms following the initiation of a new drug, this explanation appears less plausible.

Direct smooth muscle stimulation of the bladder wall

is incorrect as it would likely increase detrusor muscle activity, leading to urinary urgency rather than retention. Agents that promote bladder contractions, such as cholinergic agonists, do not align with clinical findings indicative of a distended bladder and acute retention observed in this scenario. The presentation suggests a mechanism that diminishes detrusor contractility.

Dopamine receptor antagonism

is incorrect since its potential to impair bladder function tends to be indirect through secondary anticholinergic effects rather than being a primary mechanism. While certain antipsychotic medications can cause urinary retention due to their dopamine antagonist activity, the lack of features suggestive of dopamine blockade – such as extrapyramidal side effects – renders muscarinic receptor blockade more likely in this context.

Serotonin reuptake inhibition

is incorrect given that it may slightly increase urethral sphincter tone through enhanced serotonergic input to Onuf's nucleus within the spinal cord; however, this effect is generally mild and infrequently results in urinary retention. Selective serotonin reuptake inhibitors (SSRIs) and serotonin-norepinephrine reuptake inhibitors (SNRIs) are not known to cause significant impairment in bladder contractility compared with anticholinergic agents; therefore, they are an unlikely cause for the patient’s symptoms."
70,A 45-year-old man who takes chlorpromazine for schizophrenia presents with severe restlessness. What side-effect of antipsychotic medication is this an example of?,"[""Akathisia"", ""Neuroleptic malignant syndrome"", ""Acute dystonia"", ""Tardive dyskinesia"", ""Parkinsonism""]",Akathisia,0,"Antipsychotics may cause akathisia (severe restlessness)

The correct answer is

Akathisia

. Akathisia is a common side effect of antipsychotic medications, particularly those of the first generation like chlorpromazine. It is characterised by a subjective feeling of restlessness, often with an inability to sit still. The patient may pace around or constantly fidget. This condition typically occurs within the first few weeks of treatment.

Neuroleptic malignant syndrome

(NMS) is incorrect as this severe reaction to antipsychotics usually presents with hyperthermia, altered mental status, autonomic dysfunction and generalised muscle rigidity (often described as 'lead pipe' rigidity). Although agitation can be a feature of NMS due to the altered mental status, it would not be the sole presenting symptom.

Acute dystonia

is also incorrect because it refers to sudden onset involuntary muscle contractions that cause abnormal movements and postures. These can include oculogyric crisis (involuntary upward eye movement), torticollis (twisting of the neck muscles) and trismus (lockjaw). Restlessness is not characteristic.

Similarly,

Tardive dyskinesia

doesn't fit this presentation either. This side effect generally occurs after long-term use of antipsychotic medication, typically more than 3 months. It manifests as repetitive, involuntary movements such as lip smacking or puckering, grimacing, tongue protrusion and rapid blinking.

Lastly,

Parkinsonism

resulting from antipsychotic use would present with bradykinesia (slowness of movement), resting tremor and rigidity rather than restlessness. It's important to remember that Parkinsonism refers to conditions that exhibit symptoms similar to Parkinson's disease but are caused by other factors such as medication use or different neurological disorders."
71,"As part of a home visit, a new mother undergoes an assessment of her mental health as she reports feeling miserable quite often in the week since giving birth.

She reports feeling panicky for no clear reason at times, resulting in difficulty sleeping. She also reports feeling sad to the point of crying occasionally and has regular thoughts of worthlessness. After asking all questions, she has an Edinburgh Postnatal Depression Scale score of 9.

The mother reports she is breastfeeding and has no significant past medical history.

What is the most appropriate treatment?","[""Admission to hospital for further assessment"", ""Cognitive behavioural therapy"", ""Continue breastfeeding and trial paroxetine"", ""Discontinue breastfeeding and trial fluoxetine"", ""Reassurance and support""]",Reassurance and support,4,"Tearfulness, anxiety 3-7 days postpartum  → ?baby blues

The most appropriate treatment for this mother is

reassurance and support

. An Edinburgh Postnatal Depression Scale (EPDS) score of 9 is considered negative for depression, despite her reported symptoms. These symptoms likely indicate 'baby blues,' a common and temporary condition affecting many new mothers within the first two weeks postpartum. Baby blues typically involve mood swings, anxiety, sadness, and irritability but do not usually require medical treatment beyond emotional support and reassurance. Encouraging her to rest, seek support from loved ones, and communicate her feelings can help her navigate this transient phase.

Admission to hospital for further assessment

is incorrect in this case. Hospitalisation is typically considered for severe postpartum depression or puerperal psychosis, conditions that involve intense symptoms such as severe mood swings, confusion, hallucinations, or delusional thinking. The mother's EPDS score of 9 indicates a low likelihood of major depression. Her symptoms are more consistent with 'baby blues,' a mild and common postpartum condition that does not necessitate hospital admission.

Cognitive behavioural therapy

(CBT) is incorrect in this case because it is primarily used for postnatal depression. The mother's EPDS score of 9 suggests she is not currently experiencing postnatal depression but rather the 'baby blues,' a common and temporary condition postpartum. CBT may be considered if her symptoms persist beyond the typical duration of baby blues (about two weeks) or if her condition worsens.

Continue breastfeeding and trial paroxetine

is incorrect because the patient's symptoms align with 'baby blues,' a mild and temporary condition that typically resolves without medication. Although paroxetine is recommended by SIGN due to its low milk/plasma ratio, it is not necessary in this case as the patient’s condition does not require pharmacological treatment.

Discontinue breastfeeding and trial fluoxetine

is incorrect as antidepressants are reserved for significant postnatal depression, which the mother does not currently have, given her EPDS score of 9. Additionally, breastfeeding offers benefits for both mother and baby and therefore, if required, alternative medications to allow for the continuation of breastfeeding is generally preferred."
72,"A 21-year-old female is admitted to the acute medical unit after a paracetamol overdose. She later admits to multiple episodes of impulsive self-harm and overdoses. She reports that her recent overdose was triggered by a fight with her dad and concerns that he will no longer want to see her. She describes long-standing feelings of emptiness and does not like the way she looks.

What is the most likely underlying personality disorder?","[""Narcissistic personality disorder"", ""Paranoid personality disorder"", ""Borderline personality disorder"", ""Dependant personality disorder"", ""Avoidant personality disorder""]",Borderline personality disorder,2,"Borderline personality disorder is associated with impulsivity, feelings of emptiness, fear of abandonment and unstable self image

The correct answer is borderline personality disorder. Patients with personality disorder have disturbances in behaviour and personality that result in considerable personal and social distress across all areas of life.  Borderline or emotionally unstable personality disorder is characterised by emotional instability, impulsive behaviour and intense but unstable relationships with others. Patients often fear abandonment of those close to them and may idolise these people. As in the patient described, they often have feelings of emptiness, poor self-image and recurrent attempts at self-harm.  There is an association between the development of borderline personality disorder and history of trauma or abuse in childhood.

Narcissistic personality disorder is incorrect. These patients have an over exaggerated sense of self-importance, lack empathy and tend to have a sense of entitlement.

Option 2 is incorrect. Paranoid personality disorder presents in patients who are reluctant to confide in others. They often question the loyalty of friends and family and can be unforgiving. They can see hidden meaning in things or are concerned about conspiracy theories.

Patients with dependent personality disorder struggle to make everyday life decisions and require reassurance and support from others. They cope best when in a relationship and fear being alone. Whilst there are features in the stem of the patient idolising her father there is no evidence of dependent personality disorder.

Option 5 is also incorrect. Avoidant personality disorder is characterised by avoidance of social contact/relationships due to fear of being criticised, rejected or embarrassed. Patients view themselves as inferior to others and so are not keen to be involved unless they are certain of being liked.

Further information on personality disorder can be found in the ICD 10 guide -http://apps.who.int/classifications/icd10/browse/2016/en#/F66"
73,Which one of the following selective serotonin reuptake inhibitors has the highest incidence of discontinuation symptoms?,"[""Paroxetine"", ""Citalopram"", ""Escitalopram"", ""Fluoxetine"", ""Sertraline""]",Paroxetine,0,"Paroxetine - higher incidence of discontinuation symptoms

The correct answer is

Paroxetine

. Paroxetine, a selective serotonin reuptake inhibitor (SSRI), has the highest incidence of discontinuation symptoms amongst all SSRIs. This is primarily due to its short half-life which leads to rapid plasma clearance. As a result, abrupt cessation or missed doses can lead to withdrawal symptoms such as dizziness, sleep disturbances, mood swings and irritability.

Citalopram

and

Escitalopram

, though also SSRIs, have a lower incidence of discontinuation symptoms compared to Paroxetine. Their longer half-lives allow for more gradual withdrawal from the system, reducing the likelihood of experiencing withdrawal symptoms. However, it's important to note that discontinuation symptoms can still occur with these medications if they are stopped abruptly.

Fluoxetine

has the lowest risk of causing discontinuation symptoms among all SSRIs due to its long half-life and active metabolites. It allows for a more gradual decrease in blood levels even when treatment is abruptly stopped.

Sertraline

, while having a shorter half-life than Fluoxetine, Citalopram and Escitalopram but longer than Paroxetine, falls somewhere in between these drugs in terms of risk for discontinuation syndrome.

In conclusion, all SSRIs have potential for causing discontinuation symptoms if stopped abruptly; however, this risk is significantly higher with Paroxetine due to its short half-life and rapid plasma clearance. Therefore gradual tapering off is recommended under medical supervision according to UK guidelines."
74,"A 54-year-old man is brought to his general practitioner by his wife. She is concerned that he is not eating or drinking. He has a past medical history of depression.

Upon further questioning from his general practitioner, the patient reports that he sees no point in eating because he believes himself to be non-existent.

What is the correct description of what he is experiencing?","[""Capgras syndrome"", ""Cotard syndrome"", ""Couvade syndrome"", ""De Clerambault's syndrome"", ""Fregoli delusion""]",Cotard syndrome,1,"Cotard syndrome is characterised by a person believing they are dead or non-existent

Cotard syndrome

is correct. This is nihilistic delusional ideation whereby a patient believes they are dead or non-existent. It is associated with depression.

Capgras syndrome

. This is a delusional disorder whereby a patient believes that someone close to them has been replaced by an imposter.

Couvade syndrome

is incorrect. This is also known as a 'sympathetic pregnancy' is a disorder whereby biological fathers suffer the symptoms of pregnancy in the 1st and 3rd trimesters.

De Clerambault's Syndrome

is incorrect. This is a delusional disorder whereby the patient thinks another person (typically wealthy or famous) is in love with them.

Fregoli delusion

is incorrect. This is a delusional disorder whereby the patient believes that different people are in fact the same person in disguise."
75,"A 93-year-old female patient on the ward is brought to your attention by the nurses. They are concerned she is experiencing visual hallucinations. She was admitted following a decline in mobility that was thought to be secondary to a urinary tract infection (UTI). She has improved clinically and biochemically during her time on the ward and she is awaiting a increase package of care before discharge.

You review the patient who tells you she earlier saw very small children running across the end of the bed. She reports she regularly sees similar images at home and has done so for many years. She has a background of hypertension, depression and age-related macular degeneration. What is the most appropriate step in this patient's management?","[""Reassure the patient"", ""Urgent psychiatric evaluation"", ""Consider treatment failure of her UTI"", ""Prescribe 40mg of chlordiazepoxide"", ""Consider commencing an antidepressant""]",Reassure the patient,0,
76,"A 73-year-old male patient who lives alone presents with recurrent episodes of pleasant visual hallucinations but no clouding of consciousness or confusion. He tells you he knows the hallucinations are not real. He is normally fit and well with the exception of visual impairment.

Given the likely diagnosis, what ophthalmic condition is he most likely to suffer from?","[""Glaucoma"", ""Diabetic retinopathy"", ""Retinal detachment"", ""Age-related macular degeneration"", ""Cataract""]",Age-related macular degeneration,3,"Age-related macular degeneration is associated with Charles-Bonnet syndrome

This patient has Charles-Bonnet syndrome (CBS) as evidenced by visual hallucinations with normal insight on a background of visual impairment. He also lives alone which could be another risk factor for CBS if this leads to him becoming socially isolated.  11-15% of patient with severe visual impairment are thought to have coexisting CBS and experience recurrent, persistent or episodic visual or auditory hallucinations. The most common ophthalmological condition associated with CBS is age-related macular degeneration and hence this is the correct answer.

Glaucoma and cataract are the next most common causes of visual impairment associated with CBS. CBS can, however, occur in any ophthalmic condition making 1,2,3 and 5 all possible but less common causes than age-related macular degeneration.

It is important to note that the hallucinations are related to failing eyesight and are not a sign of an underlying psychiatric condition."
77,A 24-year-old female is reviewed following a course of cognitive behaviour therapy for bulimia. She feels there has been no improvement in her condition and is interested in trying pharmacological treatments. Which one of the following is most suitable?,"[""Low-dose citalopram"", ""Low-dose fluoxetine"", ""Low-dose amitriptyline"", ""High-dose amitriptyline"", ""High-dose fluoxetine""]",High-dose fluoxetine,4,
78,"You have been asked to review a patient with chest pain awaiting assessment by the psychiatry team.

Examination and investigations are normal, however, you note that he is acting strangely. He is reluctant to answer questions and does not maintain eye contact. After developing trust with him, he discloses he has never been in a relationship and that he prefers to be on his own as he won't embarrass himself. He has no friends and doesn't speak to his family because they criticise everything he does.

Which form of personality disorder is he likely suffering from?","[""Antisocial"", ""Avoidant"", ""Borderline"", ""Histrionic"", ""Schizoid""]",Avoidant,1,"Patients with avoidant personality disorder are fearful of criticism, being unliked, rejection and ridicule

An

avoidant

personality disorder is correct. It is associated with social isolation and avoidance of activities due to a fear of embarrassment, criticism, and fear of others.

An

antisocial

personality disorder is associated with impulsivity, aggressiveness, and irritability. People often fight and have a lack of remorse. They are irresponsible and find it difficult to maintain a job.

Borderline

personality disorder reflects a mixture of feelings involving impulsivity in self-damaging acts, instability in relationships, depression, and worries about abandonment.

Histrionic

personality disorder describes a person with inappropriate sexuality. People generally show suggestibility, self-dramatisation, and inappropriate sexual seduction.

Schizoid

personality disorder refers to a preference of being alone with few interests, few friends, and a lack of desire for companionship."
79,"A 27-year-old woman is brought in by her husband. She has been refusing to go outside for the past 3 months, telling her husband she is afraid of catching avian flu. On exploring this further she is concerned due to the high number of migrating birds she can see in her garden. She reports that the presence of her husbands socks on the washing line in the garden alerted her to this. What is the most likely diagnosis?","[""Depression"", ""Hypochondrial disorder"", ""Formal thought disorder"", ""Borderline personality disorder"", ""Acute paranoid schizophrenia""]",Acute paranoid schizophrenia,4,
80,"A 26-year-old female presents to the Emergency Department feeling suicidal after the breakdown of her relationship two weeks ago. She reports being fearful of being on her own as he had made all major decisions in their relationship as she is not capable of making correct choices. She has tried online dating since her relationship broke down but despite multiple dates has not yet found a new partner.

She advises you she was previously diagnosed with a personality disorder. What is the most likely diagnosis?","[""Borderline personality disorder"", ""Paranoid personality disorder"", ""Narcissistic personality disorder"", ""Dependent personality disorder"", ""Avoidant personality disorder""]",Dependent personality disorder,3,"Patients with dependant personality disorder require excessive reassurance from others, seek out relationships and require others to take responsibility for major life decisions

The correct answer is dependent personality disorder. The patient in the question is struggling to cope after the breakdown of a relationship. Patients with this personality disorder struggle to make everyday life decisions and require reassurance and support from others. They feel they are unable to look after themselves and become fearful when left to do so. As in this patient whose relationship only broke down 2 weeks ago but has already been on multiple dates, they cope best when in a relationship and urgently seek out new relationships if one fails. They will often passively comply with the wishes of others.

Borderline personality disorder is characterised by emotional instability, impulsive behaviour and intense but unstable relationships with others. Patients often fear abandonment but do not seek out excessive reassurance and are able to make life decisions making this the incorrect answer.

In contrast to dependent personality disorder, paranoid personality disorder presents in patients who are reluctant to confide in others, question the loyalty of friends and family and can be unforgiving.

Narcissistic personality disorder is incorrect. These patients have an over-exaggerated sense of self-importance, lack empathy and tend to have a sense of entitlement.

Avoidant personality disorder is different from dependent personality disorder in that patients avoid social contact/relationships due to fear of being criticised, rejected or embarrassed. Patients view themselves as inferior to others and so are not keen to be involved unless they are certain of being liked.

Further information on personality disorder can be found in the ICD 10 guide -http://apps.who.int/classifications/icd10/browse/2016/en#/F66"
81,"A 24-year-old man is sectioned under the mental health act after being bought in displaying clearly abnormal behaviour and describing auditory hallucinations.

He is diagnosed with schizophrenia and is started on an atypical antipsychotic. Prior to commencing the agent, all investigations were normal. After a few months of treatment, the patient's symptoms have improved however it is noted he has gained a considerable amount of weight. A repeat lipid profile shows:


Total cholesterol	6.8 mmol/L	<5.2
HDL	0.9 mmol/L	1-1.6
LDL	5 mmol/L	<4.2
Triglycerides	3 mmol/L	<1.7

What agent was the patient most likely started on?","[""Aripiprazole"", ""Clozapine"", ""Haloperidol"", ""Olanzapine"", ""Quetiapine""]",Olanzapine,3,"Olanzapine has a higher risk than other atypicals for dyslipidemia and obesity

NICE guidelines current suggest index cases of schizophrenia should now be commenced on an atypical antipsychotic as first-line. On starting antipsychotic treatment this patient has developed dyslipidaemia, as displayed by the lipid blood tests, and significant weight gain. Several atypical antipsychotics can be associated with these adverse effects however

olanzapine

has a relatively higher risk comparatively. Olanzapine is believed to cause higher deregulation of hepatic lipid metabolism resulting in this increased hyperlipidaemia and weight gain.

Aripiprazole

has a general good side-effect profile when compared to other atypical agents and is not commonly associated with dyslipidaemia and weight gain. Aripiprazole has, however, been associated with the movement disorder akathisia and therefore this should be monitored.

Clozapine

was one of the first atypical antipsychotics to be introduced and although it has a significant side effect profile it is not as associated with dyslipidaemia and weight gain as olanzapine. One of the most significant adverse effects of clozapine is the risk of agranulocytosis. As such clozapine is mainly reserved for patients who are unresponsive to other antipsychotic agents.

Haloperidol

is a typical, not an atypical, antipsychotic agent and therefore will not have been commenced in this case. Typical antipsychotics are more associated with extrapyramidal symptoms such as tardive dyskinesia, parkinsonism, and dystonia and so guidelines now advise commencing patients on atypical antipsychotics first-line.

Quetiapine

again has a lower association with dyslipidaemia and weight gain when compared to olanzapine. Quetiapine is believed to have a higher affinity to α1-adrenergic and histamine-1 receptors and therefore patients may be at high risk of orthostatic hypotension and transient sedation."
82,"A 14-year-old boy is brought for review. He is normally fit and well and hasn't seen a doctor for over five years. His mother has been increasingly concerned about his behaviour in the past few weeks. She describes him staying up late at night, talking quickly and being very irritable. Yesterday he told his mother he was planning to 'take-over' the school assembly and give 'constructive criticism' to his teachers in front of the other pupils. He feels many of his teachers are 'underperforming' and need to be 'retaught' their subjects by him. He admits to trying cannabis once around six months ago and has drank alcohol 'a few times' in the past year, the last time being two weeks ago. Prior to his deterioration a few weeks ago his mother describes him as a happy, well-adjusted, sociable young man. Which one of the following is the most likely diagnosis?","[""Hypomania"", ""Cannabis-induced psychosis"", ""Mania"", ""Alcoholic hallucinosis"", ""Asperger's syndrome""]",Mania,2,
83,"A 42-year-old woman has 3 days of dizziness, irritability, and diarrhoea after stopping a medication 5 days ago that she had been taking for several months. She was diagnosed with depression and prescribed an antidepressant, which she discontinued due to drowsiness as a side effect.

Her vital signs are normal. She appears anxious but is otherwise well, with no signs of acute illness.

Which drug was this patient most likely taking?","[""Escitalopram"", ""Fluoxetine"", ""Lofepramine"", ""Mirtazapine"", ""Paroxetine""]",Paroxetine,4,"Paroxetine - higher incidence of discontinuation symptoms

Paroxetine

is correct. The most likely diagnosis is selective serotonin reuptake inhibitor (SSRI) discontinuation syndrome, which typically occurs within days of stopping the medication and includes symptoms such as dizziness, irritability, and diarrhoea, all of which are present in this patient. Paroxetine is the most likely cause due to its short half-life, which leads to a rapid drop in plasma levels and an increased risk of withdrawal effects. The onset of symptoms five days after abrupt discontinuation is consistent with paroxetine-induced discontinuation syndrome.

Escitalopram

is incorrect. While this is also an SSRI, it has a longer half-life than paroxetine, resulting in a slower decline in plasma concentration and milder withdrawal symptoms. This makes it less likely to cause the abrupt onset of dizziness, irritability, and diarrhoea observed in this patient. In addition, escitalopram is less sedating than paroxetine, making drowsiness a less likely reason for discontinuation in this case.

Fluoxetine

is incorrect. Although this is also an SSRI, it has a very long half-life and active metabolites, leading to a gradual reduction in drug levels after discontinuation. This makes significant discontinuation symptoms such as dizziness, irritability, and diarrhoea less likely to occur within a few days of stopping the drug. Furthermore, fluoxetine is less sedating than paroxetine, making persistent drowsiness an unlikely cause for the patient to stop taking it.

Lofepramine

is incorrect because it is a tricyclic antidepressant and not typically used as a first-line treatment for depression. SSRIs such as paroxetine are preferred first-line due to their improved tolerability and safety profile. Withdrawal from lofepramine is also less likely to produce acute symptoms such as dizziness, irritability, and diarrhoea within a few days, as it has a longer half-life and lower risk of rapid-onset discontinuation syndrome.

Mirtazapine

is incorrect as it is a noradrenergic and specific serotonergic antidepressant with a lower risk of discontinuation syndrome compared to SSRIs such as paroxetine. Although mirtazapine is strongly sedating and could cause drowsiness, leading to discontinuation, it is less likely to be used first-line. It is generally considered when SSRIs are not tolerated or fail to improve symptoms. Its withdrawal symptoms are usually mild and delayed, and dizziness and diarrhoea are much less common. Instead, mirtazapine withdrawal may cause insomnia and rebound anxiety."
84,Which one of the following side-effects is more common with atypical than conventional anti-psychotics?,"[""Akathisia"", ""Weight gain"", ""Galactorrhoea"", ""Parkinsonism"", ""Tardive dyskinesia""]",Weight gain,1,"Atypical antipsychotics commonly cause weight gain

The correct answer is

Weight gain

. Atypical antipsychotics, also known as second-generation antipsychotics, are more associated with weight gain than conventional or first-generation antipsychotics. This side effect is particularly common with medications such as olanzapine and clozapine. The mechanism of weight gain involves the antagonism of serotonin 5-HT2C and histamine H1 receptors, resulting in increased appetite and reduced satiety.

Akathisia

is a condition characterised by motor restlessness and a compulsion to move. It's more commonly associated with the use of first-generation antipsychotics due to their high D2 receptor blockade which can cause extrapyramidal symptoms, including akathisia. While it can occur with atypical antipsychotics, the incidence is lower compared to conventional ones.

Galactorrhoea

, or inappropriate lactation, occurs due to elevated prolactin levels. Both atypical and typical antipsychotics can cause hyperprolactinaemia, but this side effect is less common with atypical agents because they have less dopamine D2 receptor blockade in the tuberoinfundibular pathway where prolactin secretion is regulated.

Parkinsonism

refers to symptoms that mimic Parkinson's disease such as bradykinesia, rigidity, tremor and postural instability. These symptoms are more likely to be seen with first-generation antipsychotics due to their strong dopamine D2 receptor antagonism which affects the nigrostriatal pathway involved in motor control.

Lastly,

Tardive dyskinesia

, characterised by repetitive involuntary movements especially around the mouth area (e.g., grimacing), is another extrapyramidal symptom that's more frequently observed with conventional rather than atypical antipsychotics. This is because typical agents have a higher affinity for D2 receptors and a longer duration of D2 blockade compared to atypical agents."
85,You a reviewing a 24-year-old man who complains of auditory hallucinations. These have become increasingly common and are now happening on a daily basis. Which one of the following factors in his history is the strongest risk factor for psychotic disorders?,"[""Indian subcontinent ethnicity"", ""Having a parent with schizophrenia"", ""A history of long-term cannabis use"", ""A history of being sexually abused when younger"", ""Working in the performing arts""]",Having a parent with schizophrenia,1,"Family history is the strongest risk factor for psychotic disorders

The correct answer in this case is

Having a parent with schizophrenia

. This is because a family history of schizophrenia, particularly in first-degree relatives such as parents, significantly increases the risk of developing psychotic disorders. It is estimated that individuals with a parent who has schizophrenia have around a 10% chance of developing the condition themselves. This increased risk is thought to be due to both genetic factors and shared environmental influences.

Indian subcontinent ethnicity

is not considered a strong risk factor for psychotic disorders. Although some studies have suggested that certain ethnic groups may have higher rates of psychosis compared to others, these differences are often attributed to social and environmental factors rather than inherent biological differences between ethnicities.

A history of

long-term cannabis use

has been associated with an increased risk of developing psychotic disorders, but the strength of this association is weaker than having a parent with schizophrenia. While there is evidence suggesting that regular cannabis use can increase the likelihood of experiencing psychotic symptoms, it remains unclear whether this relationship is causal or simply reflects an underlying vulnerability to psychosis among individuals who use cannabis.

While a history of being

sexually abused when younger

has been linked to various mental health issues, including depression, anxiety, and post-traumatic stress disorder (PTSD), the association between childhood sexual abuse and psychotic disorders is less clear-cut. Some studies have reported an increased risk of psychosis among individuals who experienced sexual abuse during childhood; however, this relationship appears to be weaker than the link between parental schizophrenia and psychosis.

Finally,

working in the performing arts

does not represent a significant risk factor for psychotic disorders. Although some research has suggested that creative individuals may be more prone to certain mental health issues such as mood disorders or substance misuse problems, there is no robust evidence linking involvement in the performing arts specifically with an increased risk of developing psychosis."
86,A 29-year-old fireman presents following a recent traumatic incident where a child died in a house fire. He describes recurrent nightmares and flashbacks which have been present for the past 3 months. A diagnosis of post-traumatic stress disorder is suspected. What is the most appropriate first-line treatment?,"[""Arrange a CT head to exclude an organic cause"", ""Cognitive behavioural therapy or eye movement desensitisation and reprocessing therapy"", ""Cognitive behavioural therapy or graded exposure therapy"", ""Cognitive behavioural therapy or psychodynamic therapy"", ""Watchful waiting""]",Cognitive behavioural therapy or eye movement desensitisation and reprocessing therapy,1,"PTSD management - trauma-focused cognitive behavioural therapy or EMDR

The most appropriate first-line treatment for this patient with suspected post-traumatic stress disorder (PTSD) is

cognitive behavioural therapy or eye movement desensitisation and reprocessing therapy

. According to the UK guidelines, both cognitive behavioural therapy (CBT) and eye movement desensitisation and reprocessing (EMDR) are recommended as first-line treatments for PTSD. These therapies have been shown to be effective in reducing symptoms of PTSD, such as intrusive thoughts, flashbacks, and nightmares.

Arranging a

CT head to exclude an organic cause

would not be the most appropriate first step in this case. While it is important to consider potential organic causes for psychiatric symptoms, the patient's history of a recent traumatic event with subsequent nightmares and flashbacks strongly suggests PTSD. A CT scan may be considered if there were other concerning neurological signs or symptoms, but it is not indicated solely based on this presentation.

Cognitive behavioural therapy or graded exposure therapy

is another option; however, graded exposure therapy has not been shown to be as effective as EMDR in treating PTSD. Graded exposure can be beneficial for anxiety disorders like phobias but may not address the specific symptoms of PTSD effectively.

Similarly,

cognitive behavioural therapy or psychodynamic therapy

is not the best choice because psychodynamic therapy has limited evidence supporting its effectiveness in treating PTSD. Psychodynamic approaches focus on uncovering unconscious conflicts and past experiences that contribute to current difficulties but may not specifically target trauma-related symptoms like CBT or EMDR do.

Lastly,

watchful waiting

would not be appropriate given that the patient has been experiencing symptoms for 3 months. Watchful waiting might be considered if the patient had only recently experienced the traumatic event and was showing mild symptoms. However, given the duration and severity of his symptoms, active intervention with evidence-based treatments like CBT or EMDR is warranted."
87,"A 44-year-old man presents to his general practitioner with galactorrhoea and loss of libido. His past medical history includes schizophrenia, hypertension and gastro-oesophageal reflux disease. He is on lansoprazole, amlodipine and clozapine. Aripiprazole was recently discontinued due to lack of response. He smokes 10 cigarettes daily and is currently unemployed.

Examination reveals mild gynaecomastia and is otherwise unremarkable.

Blood tests:


Prolactin	5000 mIU/L	(<325)

Based on the clinical history, which of the options from the list below is the most likely cause of the clinical presentation?","[""Amlodipine"", ""Aripiprazole"", ""Clozapine"", ""Lansoprazole"", ""Prolactinoma""]",Prolactinoma,4,"Hyperprolactinaemia is uncommon with certain atypical antipsychotics - consider other causes such as prolactinoma if prolactin raised

Prolactinoma is the correct answer. This is the only option listed that causes an elevated prolactin level. Symptoms of hyperprolactinaemia include loss of libido, galactorrhoea and gynaecomastia. These may precede pressure symptoms (e.g. headache) and clinical findings of visual fields defects in pituitary macroadenomas.

Aripiprazole is incorrect. This atypical antipsychotic is less associated with the development of high prolactin levels when compared to other atypical antipsychotics. Furthermore, we would certainly not expect to see a prolactin level of 5000 mIU/L, which is more typical of a prolactinoma.

Clozapine is incorrect. This atypical antipsychotic is rarely associated with hyperprolactinaemia. If it is, the rise tends to be more modest i.e. 2x the upper limit of normal. A level of 5000 mIU/L makes a prolactinoma more likely.

Lansoprazole is incorrect. It is H2 receptor antagonists (e.g. cimetidine) rather than proton-pump inhibitors that are typically associated with hyperprolactinaemia.

Amlodipine is incorrect. Verapamil is the calcium channel blocker that is associated with hyperprolactinaemia."
88,"A 61-year-old businessman presents with a 3-year history of severe itchiness and sores containing 'white fibres' which he said are living 'bugs'. He is otherwise well and takes no regular medication. On examination, there are well-demarcated, scooped-out clean ulcerations with occasional white filaments, some hypopigmented patches, and extensive chronic excoriations. There is sparring between the scapula. Multiple and extensive dermatology and infectious disease outpatient investigations and treatments have failed to find a cause nor improve symptoms.

What is the most likely diagnosis?","[""Body dysmorphic disorder"", ""Conversion disorder"", ""Delusional parasitosis"", ""Somatic symptom disorder"", ""Tactile hallucinations""]",Delusional parasitosis,2,"Patient with a fixed, false belief (delusion) that they are infested by 'bugs'  → delusional parasitosis

Delusional parasitosis

is the correct answer, as this patient is presenting with signs and symptoms consistent with 'Morgellons' which is regarded as a form of delusional parasitosis. Reported fibres or inanimate materials are often found to be common household/clothing materials (e.g. cotton). Skin lesions are consistent with chronic excoriations and the scooped-out lesion is consistent with repetitive picking of lesions. The hypopigmented patches are healed lesions. Sparring of the area between the scapula indicates the area the hands are unable to reach, and no lesions were evident there.

Body dysmorphic

disorder is a persistent preoccupation of one or more aspects of one's own physical appearance, in a derogatory manner. The aspect in question is either normal or has only minor defects.

Conversion disorder

manifests as neurological symptoms (e.g. weakness, non-epileptic seizures, negative sensory symptoms, movement disorders) without any identifiable structural pathology.

Somatic symptom disorder

is a mental disorder characterised by physical symptoms (e.g. pain, weakness, shortness of breath) of which there is no objective evidence of pathology, AND is associated with the excessive preoccupation of these symptoms.

Tactile hallucinations

is not a diagnosis; however, it is a symptom present in patients with delusional parasitosis. The question was asking for a diagnosis."
89,"A 75-year-old woman is seen by her GP with concerns over her memory. She is extremely worried that she cannot remember recent conversations or events; her husband confirms they have repetitive conversations. This has been going on for five weeks and started suddenly following the death of the patient's sister. Over the same period, she has had low mood and energy, a reduced appetite and poor sleep. Despite her concern, the patient is reluctant to go to the memory clinic or take diagnostic tests for dementia.

What factor within the history would lead you to a diagnosis other than depression?","[""Memory loss of recent events"", ""Patient concern over memory loss"", ""Reluctance to engage in memory tests"", ""Short history"", ""Sleep disturbance""]",Memory loss of recent events,0,"Severe depression can mimic dementia but gives a pattern of global memory loss rather than short-term memory loss - this is called pseudodementia

The most likely diagnosis for this patient is depression. She has the core symptoms of low mood and low energy. In addition, she reports poor appetite and sleep quality. The trigger for her depression is likely the recent bereavement.

However, depression can mimic dementia. The key defining factor which distinguishes the two diagnoses is the pattern of memory loss: depression typically causes global memory loss, whereas dementia is more commonly a short-term memory loss. As such, the correct answer is

memory loss of recent events

because it is the only option which suggests a diagnosis of dementia rather than depression. One would expect this patient to describe a global memory loss involving short-term, long-term and working memory loss.

All of the other options are factors which are more in keeping with a diagnosis of depression rather than dementia.

Dementia would usually present over months to years' time-course, so the

short history

of 5 weeks is more suggestive of depression.

While certain types of dementia (such as Parkinson's dementia) are associated with

sleep disturbance

, it is much more common in depression.

The patient's

concern over memory loss

but

reluctance to engage in tests

are also factors which favour a diagnosis of depression over dementia."
90,"A 30-year-old woman who gave birth to her first child a week ago is visited at home by her community midwife as part of routine postnatal care. During the visit, she appears tearful and reports feeling extremely overwhelmed, anxious, and having difficulty sleeping despite being exhausted.

She further expresses worries about her ability to care for her newborn and mentions feelings of inadequacy. Her Edinburgh Postnatal Depression Scale (EPDS) score is 12.

What is the most appropriate next step in management?","[""Arrange psychiatric admission for further assessment"", ""Prescribe sertraline and schedule follow-up in one week"", ""Provide reassurance and normalise her feelings"", ""Urgent referral for cognitive behavioural therapy"", ""Urgent referral to the perinatal mental health team for assessment""]",Provide reassurance and normalise her feelings,2,"Tearfulness, anxiety 3-7 days postpartum  → ?baby blues

Provide reassurance and normalise her feelings

is the correct answer. The patient is likely experiencing baby blues, a common and transient mood disturbance that typically occurs within the first week postpartum. It is characterised by tearfulness, anxiety, mood swings, and feelings of being overwhelmed or inadequate. These emotional changes affect up to 80% of new mothers and usually resolve within two weeks without the need for medical intervention.

Although her EPDS score is 12, this is below the threshold for a diagnosis of postpartum depression, which generally requires an EPDS score of 13 or higher. A score of 12 indicates milder emotional distress, which is consistent with baby blues rather than a more serious depressive illness. Given her early postpartum status and that there is no mention of severe symptoms such as suicidal ideation or concerns about harming her baby, normalising her feelings and providing reassurance are the most appropriate management steps. Continued monitoring is important, but immediate intervention with medication or therapy is not required at this stage.

Arrange psychiatric admission for further assessment

is incorrect. Admission to psychiatric care is reserved for more severe cases, such as postpartum depression with suicidal ideation or postpartum psychosis, where there is a significant risk of harm to the mother or baby. This patient has mild symptoms consistent with the baby blues, and her EPDS score does not meet the threshold for a diagnosis of postpartum depression. Admission would be inappropriate and could cause unnecessary distress, exacerbating her anxiety and making her feel more isolated.

Prescribe sertraline and schedule follow-up in one week

is incorrect. Initiating antidepressant therapy with sertraline is not indicated for baby blues, which is a self-limiting condition that typically resolves within 10 to 14 days without pharmacological intervention. Sertraline and other SSRIs are typically reserved for postpartum depression, especially when the symptoms persist beyond two weeks or significantly impair daily functioning. Additionally, starting antidepressants prematurely could expose the patient to side effects unnecessarily.

Urgent referral for cognitive behavioural therapy

is incorrect. Cognitive behavioural therapy (CBT) is an effective treatment for postpartum depression and anxiety disorders, but it is not indicated for managing the baby blues. The baby blues are mild and transient, typically resolving with supportive care. CBT would be more appropriate if the patient’s symptoms worsen, persist for more than two weeks, or if postpartum depression develops. At this stage, reassurance and monitoring are sufficient, and a premature referral may cause unnecessary concern or anxiety.

Urgent referral to the perinatal mental health team for assessment

is incorrect. Referral to the perinatal mental health team is indicated for patients with moderate to severe postpartum mental health conditions, such as postpartum depression or postpartum psychosis. This patient’s symptoms are mild and typical of the baby blues, which do not require immediate mental health intervention. Her EPDS score of 12 also supports a milder presentation. Urgent referral would not be appropriate at this stage, and reassurance with regular follow-up is the best course of action."
91,"A 35-year-old woman attends her GP for review. She says that she feels nothing is wrong but has attended at the insistence of her husband. When questioned further, she believes that a famous football player is in love with her.

She has no other delusions, nor hallucinations, nor any other obvious thought disorder. She has no insight into her belief about this football player.

What is this condition known as?","[""Capgras syndrome"", ""Charles Bonnet syndrome"", ""Cotard's syndrome"", ""De Clerambault's syndrome"", ""Othello syndrome""]",De Clerambault's syndrome,3,"Erotomania (De Clerambault's syndrome) is the presence of a delusion that a famous is in love with them, with the absence of other psychotic symptoms

The correct answer is De Clerambault's syndrome or erotomania. This is listed in DSM-5 as a type of delusional disorder, whereby the patient has a fixed belief that another individual, usually someone famous or of high social standing, is infatuated with them. Onset is often sudden and may last for several months. The condition is relatively rare and the evidence base for treatment is limited.

Capgras syndrome is a delusion where a patient believes that a friend, spouse or other close family member has been replaced by an identical impostor. It most commonly occurs in association with schizophrenia but has also been reported in patients with brain injury.

Charles Bonnet syndrome, also known as visual release hallucinations, is a type of visual disturbance and complex visual hallucinations in patients with partial or severe blindness. Shapes and grid-like patterns are often reported. Patients have full insight into the nature of the hallucinations.

Cotard's syndrome is the persistent belief that the patient is dead, does not exist, is putrefying or has in some way lost their internal organs. It is again incredibly rare and so the evidence base is very limited.

Othello syndrome, named after Shakespeare's Othello, is a delusional disorder where the patient is preoccupied with the thought that their spouse is being unfaithful - without any real proof."
92,"A 32-year-old woman is brought to the Emergency department by the police. She was found preaching outside the local supermarket, telling people that she is god's disciple and has been sent to prevent them from wasting money. It transpires that she has also spent up to her limit on her bank card. She began treatment with fluoxetine some 3 weeks ago for reactive depression after splitting from her husband. A limited physical examination due to poor compliance is unremarkable, as is a routine blood screen.

Which of the following is the most likely diagnosis?","[""Psychotic depression"", ""Munchausen's syndrome"", ""Schizophrenia"", ""Viral encephalitis"", ""Mania""]",Mania,4,
93,"A 19-year-old female has presented to the emergency department due to a week-long history of diarrhoea. She reports no blood in her stool or infective contacts. The patient feels she is sleeping more and feels generally weak.

She has a past medical history of depression for which she was started on sertraline. Two weeks ago she stopped taking this drug as she said she had a much brighter outlook on life. Her mental state is reported as currently stable and you assess her as euthymic.

Her general examination reveals bilaterally dilated pupils which are noted on previous attendances as a child.

What feature in this patient is most likely due to cessation of her medication?","[""Diarrhoea"", ""Euthymia"", ""Generalised weakness"", ""Hypersomnia"", ""Mydriasis""]",Diarrhoea,0,"Gastrointestinal side-effects such as diarrhoea are seen in SSRI discontinuation syndrome

Diarrhoea is the correct option as this young woman has stopped taking her sertraline two weeks prior to her presentation of protracted diarrhoea, which along with abdominal cramping and vomiting, are common symptoms seen in SSRI discontinuation syndrome. Furthermore, using Occam's razor, given the timeline and the normal blood results and lack of infective contacts, it is more likely to be this syndrome compared to inflammatory bowel disease or gastroenteritis.

Euthymia is incorrect as the SSRI discontinuation syndrome more commonly results in increased mood change.

Hypersomnia is an incorrect option because insomnia changes to the sleep pattern are more commonly seen in SSRI discontinuation.

Generalised weakness is an incorrect option as this is more than likely due to diarrhoea and there is no focal neurology in the limbs to suggest anything different. Moreover, SSRI discontinuation syndrome can result in paraesthesias rather than a general feeling of fatigue and weakness.

Mydriasis is an incorrect option as SSRI discontinuation syndrome is not related to these pupillary changes; in fact, the serotonin syndrome caused by taking too much SSRI can result in this. The stem also clearly states these pupils have been dilated since a young age making congenital mydriasis the most likely diagnosis in this case."
94,"A 27-year-old woman presents to her GP complaining of abdominal pain. She has visited the doctor multiple times over the past three years and has undergone extensive investigations, but no cause has been identified.

During the consultation, she becomes emotional and questions why no doctor believes that she has Crohn's disease, as her father did before he passed away four years ago.

What is the most likely diagnosis?","[""Conversion disorder"", ""Dissociative disorder"", ""Factitious disorder"", ""Illness anxiety disorder"", ""Somatisation disorder""]",Illness anxiety disorder,3,"Illness anxiety disorder (hypochondriasis) is the persistent belief in the presence of an underlying serious disease, e.g. cancer

The patient has repeatedly presented with a single symptom (abdominal pain) over the past three years and firmly believes she is afflicted by Crohn's disease, despite numerous normal investigative results. This persistent concern about having a serious illness, despite medical reassurance, typifies

illness anxiety disorder

(formerly known as hypochondriasis). Illness anxiety disorder can emerge following a loss, such as bereavement, which is pertinent to this scenario.

A

conversion disorder

generally manifests with neurological symptoms such as paralysis or sensory loss, although it may also present with pain as in this instance. Typically, individuals with conversion disorder are more preoccupied with the symptoms themselves rather than being preoccupied with a specific diagnosis, unlike the patient in question. Additionally, they might exhibit 'la belle indifference' - an apparent lack of concern towards their disability.

In contrast to the current case, a

dissociative disorder

involves markedly different presentations. Dissociation entails the separation of certain memories away from conscious awareness and includes psychiatric phenomena such as amnesia, fugue states, stupor or dissociative identity disorder (DID), previously referred to as multiple personality disorder and considered the most extreme form of dissociative disorder.

Factitious disorder

, also known as Munchausen's syndrome, entails the deliberate fabrication or induction of physical or psychological symptoms without any discernible motive for doing so. In the case presented here, there is no indication of such behaviour. An illustrative example would be an individual with type 1 diabetes deliberately administering excessive insulin to induce hypoglycaemic episodes.

Somatisation disorder

requires the presence of multiple unexplained symptoms persisting for at least two years and an unwavering rejection of reassurance or negative test results by the patient. These individuals typically focus on their myriad symptoms rather than being convinced of a singular medical condition. Therefore, this does not align well with our case where the patient has only one symptom and is adamant about having Crohn's disease."
95,"A 36-year-old patient presents with nausea, headaches and palpitations. He has had multiple previous admissions with such symptoms over the past 2 years, each time no organic cause was found. What kind of disorder is this likely to represent?","[""Munchausen's syndrome"", ""Hypochondrial disorder"", ""Somatisation disorder"", ""Conversion disorder"", ""Dissociative disorder""]",Somatisation disorder,2,"Unexplained symptoms

The correct answer is

Somatisation disorder

. This condition is characterised by the recurrent presentation of physical symptoms such as nausea, headaches, and palpitations in the absence of a detectable organic cause. These symptoms are not intentionally produced or feigned, distinguishing it from factitious disorders like Munchausen's syndrome. The patient may have multiple admissions over years due to these unexplained symptoms, which can cause significant distress and impairment in their daily life.

Munchausen's syndrome

, also known as factitious disorder imposed on self, involves individuals deliberately producing or feigning physical or psychological symptoms. They do this to assume the sick role and gain attention or sympathy. However, there is no indication in the question that the patient is intentionally causing his own symptoms.

Hypochondrial disorder

, now referred to as Illness Anxiety Disorder in DSM-5, involves a preoccupation with having or acquiring a serious illness. Patients with this condition misinterpret normal bodily sensations as signs of serious illness. However, they usually do not experience actual somatic symptoms like those described in the question.

Conversion disorder

, also known as Functional Neurological Symptom Disorder (FNSD), typically presents with neurological symptoms such as paralysis, blindness, or seizures that cannot be explained by medical evaluation. The presented case does not describe any such neurological symptom.

Lastly, a

Dissociative disorder

involves disruptions or gaps in memory, awareness, identity or perception that are too extreme to be considered mere forgetfulness. These disorders often develop as a way to cope with trauma. The lack of any indications of such disruptions makes this option unlikely for the given case scenario."
96,Which of the following types of tricyclic antidepressant is considered the safest in overdosage?,"[""Nortriptyline"", ""Imipramine"", ""Dosulepin"", ""Lofepramine"", ""Clomipramine""]",Lofepramine,3,"Lofepramine - the safest TCA in overdosage

The correct answer is

Lofepramine

. Lofepramine is a third-generation tricyclic antidepressant (TCA) and is considered the safest in overdosage due to its lower cardiotoxicity compared with other TCAs. This reduced cardiotoxicity is because lofepramine has less affinity for cardiac fast sodium channels, which are responsible for the life-threatening arrhythmias associated with TCA overdose.

Nortriptyline

is a second-generation TCA and while it has a lower risk of cardiotoxicity compared to first-generation TCAs, it still presents a significant risk in overdose situations. Its side effects can include tachycardia, QT interval prolongation, and complete heart block.

Imipramine

, another second-generation TCA, also carries a higher risk of cardiotoxicity in overdose than lofepramine. It may cause serious cardiovascular complications such as arrhythmias, hypertension or hypotension, and even cardiac arrest.

Dosulepin

(also known as Dothiepin) has been shown to have the highest fatality rate in overdose of all TCAs according to UK data from the National Programme on Substance Abuse Deaths. It can lead to severe cardiovascular toxicity including tachycardia, hypotension and QT prolongation leading to torsades de pointes.

Lastly,

Clomipramine

is another second-generation TCA that carries significant risk in overdosage. It can cause seizures at relatively low levels of overdose and has strong anticholinergic effects which can lead to dangerous conditions like paralytic ileus.

Therefore, despite all being part of the same class of medications - tricyclic antidepressants - there are significant differences in their safety profiles when taken in excessive quantities. Lofepramine's lower affinity for cardiac fast sodium channels makes it the safest option among these five choices in cases of overdosage."
97,"A 32-year-old woman presents to her GP with dizziness, nausea, vivid dreams, irritability, and a sensation of electric shocks in her head.

She had been treated for moderate depression for over a year and reported significant improvement. Two days ago, she abruptly stopped taking her antidepressant without medical advice. Her symptoms began within 48 hours of stopping the medication.

She denies any recent illness, substance use, or changes in routine. Neurological examination is normal.

What is the most likely antidepressant she was taking?","[""Citalopram"", ""Fluoxetine"", ""Mirtazapine"", ""Paroxetine"", ""Sertraline""]",Paroxetine,3,"Paroxetine - higher incidence of discontinuation symptoms

Paroxetine

is correct because it is well known to have the highest incidence of discontinuation symptoms among antidepressants. These symptoms typically begin within 1–3 days of stopping the medication and may include dizziness, nausea, insomnia, irritability, vivid dreams, and paraesthesiae described as “electric shocks.” This patient’s presentation is classic, with symptom onset 48 hours after abrupt cessation. Paroxetine has a relatively short half-life and lacks an active metabolite, which contributes to the severity of withdrawal symptoms when stopped suddenly.

Citalopram

is incorrect as it is associated with a lower risk of discontinuation symptoms compared to paroxetine. While it is a selective serotonin reuptake inhibitor, its longer half-life and slower offset mean that abrupt cessation is less likely to produce sudden and severe symptoms. It may cause mild withdrawal effects, but these are typically less intense than the presentation described. As per the BNF, discontinuation symptoms are more common with paroxetine and less likely with drugs like fluoxetine and citalopram.

Fluoxetine

is incorrect because it is one of the least likely antidepressants to cause discontinuation symptoms. It has a long half-life and an active metabolite (norfluoxetine) that persists for days to weeks, which provides a natural tapering effect. For this reason, fluoxetine is sometimes used to help patients transition off other antidepressants with shorter half-lives.

Mirtazapine

is incorrect because while it can cause withdrawal symptoms if stopped suddenly, they are typically mild and not characterised by vivid dreams or electric-shock sensations. Mirtazapine acts through noradrenergic and serotonergic pathways but lacks the potent serotonin reuptake inhibition of paroxetine, which is strongly linked to discontinuation effects.

Sertraline

is incorrect because although it can cause discontinuation symptoms, these are generally less frequent and less severe than those seen with paroxetine. Sertraline has a longer half-life and a more gradual offset, which reduces the likelihood of abrupt withdrawal effects. When symptoms do occur, they tend to be milder and shorter-lived. The vivid sensory disturbances and rapid onset of symptoms described in this case are more characteristic of paroxetine discontinuation."
98,"A 65-year-old man is admitted to the hospital after being found at home in a confused state. He is unable to explain his condition but states that he was admitted for 10 days last month despite records showing his last admission to be 7 months ago. He is unable to recall what secondary school he attended and, after 1 week on the ward, he does not recognise his main doctor's face. He has a background of hypertension, ischemic stroke and alcoholic liver disease.

Examination shows normal tone, upgoing plantar reflexes on the right and a broad-based gait. There are bilateral cranial nerve 6 (CN 6) palsies associated with nystagmus.

What is the likely diagnosis in this patient?","[""Brain tumor"", ""Korsakoff's syndrome"", ""Lewy body dementia"", ""Transient global amnesia"", ""Vascular dementia""]",Korsakoff's syndrome,1,"Korsakoff's syndrome is a complication of Wernicke's encephalopathy. It's features include: anterograde amnesia, retrograde amnesia, and confabulation

This patient has the triad of confusion, ataxia and ophthalmoplegia, as well as anterograde and retrograde amnesia with confabulation. This is suggestive of Wernicke's encephalopathy that has progressed to

Korsakoff's syndrome

. Wernicke's encephalopathy is a neurological condition due to longstanding thiamine (vitamin B1) deficiency, commonly due to chronic alcohol abuse or malnutrition. It manifests as the triad of confusion, ataxia (broad-based gait) and oculomotor dysfunction (seen in this patient as CN 6 palsies and nystagmus). A known complication of untreated Wernicke's encephalopathy is Korsakoff's syndrome, which manifests as anterograde and retrograde amnesia as well as confabulation (a patient unconsciously makes up stories to fill a gap in their memory) such as this patient thinking he was admitted to the ward the previous week.

Given that this patient has the triad of Wernicke's encephalopathy and symptoms of Korsakoff's syndrome on a background of alcohol abuse, it makes Korsakoff's syndrome more likely.

Brain tumours

most commonly present with early signs of increased intracranial pressure (headache, vomiting) and focal neurological deficits.

This patient's symptoms are not suggestive of

Lewy body dementia

. Lewy body dementia can be diagnosed by a patient with decreased cognition having 2 or more of the following symptoms: parkinsonism, visual hallucination, waxing-and-waning levels of consciousness and rapid-eye-movement (REM) sleep behaviour disorder.

Transient global amnesia

involves retrograde and anterograde amnesia occurring to an individual following a stressful event and lasting commonly between 2-8 hours, but less than 24 hours. This patient's symptoms and history suggest Korsakoff's syndrome.

Vascular dementia

presents with a step-wise decline in cognition, with early deficits in executive function. It does not cause bilateral CN 6 palsies, nystagmus and ataxia."
99,"You are looking after a 36-year-old female patient on the ward when you become concerned regarding her behavior towards you. She has made a number of sexually inappropriate comments and on your last review she was wearing seductive underwear. She is often disruptive on the ward making a scene and easily encouraged by other patients. Your consultant advises you to avoid seeing the patient on her own and that he is aware the patient has a personality disorder.

What is her most likely diagnosis?","[""Histrionic personality disorder"", ""Schizoid personality disorder"", ""Schizotypal personality disorder"", ""Antisocial personality disorder"", ""Borderline personality disorder""]",Histrionic personality disorder,0,"Histrionic personality disorder is characterised by inappropriate sexual seductiveness, suggestibility and intense relationships

The correct answer is 1 - histrionic personality disorder. This condition is seen in patients who crave being the center of attention, can be sexually inappropriate in behavior or appearance and are highly suggestible.  They can develop intense relationships but at other times read more into the intimacy of a relationship that is actually there.

Option 2 is incorrect. Patients with schizoid personality disorder tend to have a lack of interest in sexual interactions making this an unlikely diagnosis based on the patient in question. They are often cold and lack close friendships, preferring to spend time alone.

Patients with schizotypal personality disorder can have odd/eccentric beliefs or behavior. Similarly to the patient in this question they can be inappropriate however struggle to make friends and can be paranoid/suspicious making this less likely the correct answer.

Patients with antisocial personality disorder often fail to comply to social norms in terms of lawful behavior resulting in multiple arrests. They are prone to getting into fights due to aggressiveness and can be deceitful particularly when seeking material gain. They can have a disregard for safety and lack remorse.  This does not describe the patient in the stem.

Option 5 is also incorrect, borderline personality disorder is characterised by emotional instability, impulsive behavior, feelings of emptiness and recurrent attempts at self harm.  Similarly to histrionic personality disorder they also have intense relationships however these are often unstable."
100,"A 36-year-old female is started on haloperidol for treatment-resistant schizophrenia. She presents to her general practitioner with a 1-day history of neck pain and difficulty moving the neck. On examination, she has normal observation except a mild tachycardia of 105 and neck stiffness with restricted range of motion. Her neck is involuntarily flexed to the right. She has normal facial movements.

What is the most likely diagnosis?","[""Neuroleptic malignant syndrome"", ""Oculogyric crisis"", ""Torticollis"", ""Tardive dyskinesia"", ""Akathisia""]",Torticollis,2,"Acute dystonia - sustained muscle contraction such as torticollis or oculogyric crisis

This patient has experienced acute dystonia secondary to commencing a typical antipsychotic - haloperidol.  Torticollis or 'wry' neck can be diagnosed where there is unilateral pain and deviation of the neck with pain on palpation and restricted range of motion.

Neuroleptic malignant syndrome is a medical emergency which occurs in patients taking antipsychotics. It is characterised by altered mental state, generalised rigidity, fever, fluctuating blood pressure and high temperature. This patient has a mild tachycardia which could be explained by pain, given the otherwise normal observations and the lack of any suggestion of altered mental state it is unlikely the correct diagnosis. It should, however, be considered in patients taking antipsychotics.

An oculogyric crisis is a further example of an acute dystonia. Patients experience sustained upward deviation of the eyes, clenched jaw and hyperextension of the back/neck with torticollis. Given that this patient has no facial signs or symptoms, torticollis alone is a more appropriate answer.

Tardive dyskinesia occurs in patients on long term typical antipsychotics and is characterised by uncontrolled facial movements such as lip-smacking.

Akathisia is characterised by severe restlessness with patients having difficulty in sitting still. Patients may rock, tap their legs or cross and uncross the legs.  It typically occurs with long term use of antipsychotics."
101,"A 90-year-old woman with no past medical history presents with increasing forgetfulness. Her daughter is worried that over the last four weeks her mother has been forgetting her grandchildren's names and stories from her upbringing. The patient states that she has had a loss of appetite, sometimes forgetting if she has eaten, is not getting good quality sleep and is angry with her daughter for taking her to the doctors. She sometimes sees and hears her recently deceased husband.

The mini-mental test score is 17/30 and the patient is not happy with this result.

What is the most likely diagnosis in this case?","[""Alzheimer's dementia"", ""Depression"", ""Frontotemporal lobe dementia"", ""Lewy body dementia"", ""Paraphrenia""]",Depression,1,"Severe depression can mimic dementia but gives a pattern of global memory loss rather than short-term memory loss - this is called pseudodementia

Depression

is the correct answer. This is a classical presentation of pseudodementia - the most common mimic for dementia amongst elderly patients. Although there is evidence of some cognitive impairment, the key feature present is a global memory loss affecting both short and longer-term memory, over a short history of four weeks with reluctance to engage with clinical assessment. These symptoms, coupled with the recent loss of her husband, indicate a severe reactive depressive episode.

Alzheimer's dementia

is a key differential diagnosis for these symptoms given the patient's age, though it would tend to present more gradually, with selective impairment of short-term memory, and relative sparing of longer-term memories.

Frontotemporal lobe dementia

tends to present with more florid frontal lobe symptoms, e.g. dramatic behavioural change or emotional disinhibition and is less likely than depression in this instance.

Lewy body dementia

shares some features of this case, including visual hallucinations and impaired cognition. However, the specific hallucination of the patient's husband is more likely related to a grief reaction and depression, which is also favoured by the relatively short symptom course. Question stems describing Lewy body dementia will often also give some hint towards a movement disorder.

Paraphrenia

is incorrect as this disorder tends to manifest as (often persecutory) audiovisual hallucinations in older patients, rather than the cognitive impairment seen in this case. The isolated hallucination of this patient's husband is also more in keeping with a normal grief response than paraphrenia."
102,A 45-year-old man is admitted due to haematemesis. He reports drinking 120 units of alcohol a week. When is the peak incidence of seizures following alcohol withdrawal?,"[""2 hours"", ""6 hours"", ""12 hours"", ""24 hours"", ""36 hours""]",36 hours,4,"Alcohol withdrawal

The correct answer is

36 hours

. Alcohol withdrawal seizures typically peak around 24-48 hours after the last drink, with 36 hours representing the most common timepoint for seizure occurrence. These seizures are a manifestation of central nervous system hyperexcitability that develops as the brain adjusts to the absence of alcohol's depressant effects. In a patient with significant alcohol consumption (120 units weekly indicates alcohol dependence), withdrawal symptoms follow a predictable timeline, with seizures being a serious complication in the intermediate phase of withdrawal. These seizures are typically generalised tonic-clonic in nature and may occur in clusters. Prophylactic benzodiazepines are the mainstay of treatment to prevent withdrawal seizures in at-risk patients.

2 hours

is incorrect as this timeframe is too early for alcohol withdrawal seizures. At 2 hours after the last drink, blood alcohol levels may still be elevated, and the central nervous system has not yet developed the hyperexcitability that leads to seizures. Early withdrawal symptoms at this stage typically include tremor, anxiety, and autonomic instability rather than seizures.

6 hours

is incorrect because this is still within the early phase of alcohol withdrawal. While minor withdrawal symptoms such as tremor, anxiety, headache, and diaphoresis may begin 6-8 hours after the last drink, seizures are uncommon at this early stage. The neuroadaptive changes that predispose to seizures have not fully developed by this point.

12 hours

is incorrect as this remains too early for the peak incidence of withdrawal seizures. At 12 hours, patients are typically experiencing progressive early withdrawal symptoms, but the peak risk period for seizures has not yet been reached. Some patients may begin to experience hallucinations at this stage, particularly visual hallucinations, but seizures typically occur later.

24 hours

is incorrect, although this is approaching the timeframe when seizures become more common. While seizures can certainly occur at 24 hours post-cessation, the peak incidence is slightly later, around 36 hours. The 24-hour mark often represents the beginning of the highest risk period for seizures rather than the peak itself."
103,"A 46-year-old woman presents with ongoing urinary incontinence. Episodes occur when she coughs or laughs. Symptoms have become particularly noticeable since giving birth to her last child. She has no significant past medical history and takes no regular medications.

After declining initial conservative forms of treatment, she is offered medication to help control the symptoms.

What is the mechanism of action of this medication?","[""Activation of beta-3 receptors"", ""Inhibition of muscarinic acetylcholine receptors"", ""Inhibition of serotonin and noradrenaline reuptake"", ""Selective inhibition of noradrenaline reuptake"", ""Selective inhibition of serotonin reuptake""]",Inhibition of serotonin and noradrenaline reuptake,2,"Duloxetine mechanism of action = serotonin and noradrenaline reuptake inhibitor

This patient is experiencing stress incontinence, characterised by episodes of uncontrollable voiding when laughing or coughing. Pelvic floor muscle training is typically tried first, and surgical procedures may be offered. However, if a patient declines these interventions, duloxetine may be offered. This

inhibits serotonin and noradrenaline reuptake

. It increases the synaptic concentration of serotonin and noradrenaline within the pudendal nerve, leading to increased stimulation of muscle tissue in the urethral sphincter.

Inhibition of muscarinic acetylcholine receptors

is incorrect. An example is oxybutynin. This is instead used to manage urge incontinence, which would present with uncontrollable leakage of urine following a sudden unexpected urge, rather than following laughing or coughing.

Activation of beta-3 receptors

is incorrect - this refers to mirabegron. Like antimuscarinics, it is used for urge incontinence rather than stress incontinence.

Selective inhibition of noradrenaline reuptake

is incorrect. Examples of drugs using this mechanism include atomoxetine and reboxetine. These are not routinely used in the management of urinary incontinence and are primarily used as antidepressants.

Selective inhibition of serotonin reuptake

is incorrect. Examples of this class include fluoxetine and sertraline. These are not routinely used in the management of urinary incontinence."
104,You are considering prescribing a selective serotonin reuptake inhibitor for a patient with depression. Which class of drug is most likely to interact with a selective serotonin reuptake inhibitor?,"[""Beta-blocker"", ""Thiazolidinediones"", ""Tetracycline"", ""Statin"", ""Triptan""]",Triptan,4,"Triptans should be avoided in patients taking a SSRI

Triptans should be avoided in patients taking a selective serotonin reuptake inhibitor due to the increased risk of serotonin syndrome."
105,A 23-year-old man asks to be referred to a plastic surgeon. From his records you can see he has been treated for anxiety and depression with fluoxetine previously and has been off work with back pain for the past three months. He is concerned that his ears are too big in proportion to his face. He reports that he now seldom leaves the house because of this. On examination his ears appear to be within normal limits. What is the most appropriate description of this behaviour?,"[""Hypochondriasis"", ""Generalised anxiety disorder"", ""Somatisation"", ""Malingering"", ""Dysmorphophobia""]",Dysmorphophobia,4,
106,"A 58-year-old lady presents to her GP concerned her partner is being unfaithful. She appears very distressed by this yet after further questioning does not appear to have any evidence to support her claims, yet she is convinced she is right. What might this concern be a symptom of?","[""Capgras' delusion"", ""Grandiose delusion"", ""de Clerambault's syndrome"", ""Othello's syndrome"", ""Charles Bonnet syndrome""]",Othello's syndrome,3,
107,"A 43-year-old man is reviewed on the mental health ward following a deterioration of his psychiatric condition. The patient was originally admitted with a major depressive disorder associated with psychiatric hallucinations.

Recently the patient has been consistently reporting that he believes he is dead. As a result, the patient has stopped eating and has clear evidence of self-neglect. The patient is not known to have any other medical conditions other than his mental health issues.

What syndrome is this patient suffering from?","[""Capgras syndrome"", ""Charles Bonnet syndrome"", ""Cotard syndrome"", ""De Clerambault syndrome"", ""Impostor syndrome""]",Cotard syndrome,2,"Cotard syndrome is characterised by a person believing they are dead or non-existent

This patient has presented with the rare psychiatric disorder

Cotard syndrome

where an affected patient holds the delusion that they (or part of their body) are dead or non-existent. The condition is associated with severe depression/psychotic disorders and can have significant detrimental effects on patients suffering self-neglect and withdrawal from others. Management ranges from pharmacological treatments as well as electroconvulsive therapy.

Capgras syndrome

is an irrational delusion of misidentification where patients believe that a relative or friend has been replaced by an identical impostor. The diagnosis is normally associated with schizophrenia although cases have been reported in patients suffering significant brain trauma or dementia.

Charles Bonnet syndrome

is a psychophysical visual disorder where patients with significant vision loss have vivid, often recurrent visual hallucinations. These hallucinations can be simple (i.e. shapes, patterns) or complex (i.e. detailed objects, people) but patients almost always have insight into the fact that they are not real and do not suffer from any other forms of hallucinations (e.g. auditory) or delusions.

De Clerambault syndrome

, also known as erotomania, is a rare delusion disorder where patients believe another individual is infatuated with them, often despite the individual being imaginary, deceased or someone the patient has never met. A common symptom of the syndrome is patients perceiving that they are being sent messages from the false secret admirer via innocuous events (e.g. messages via number plate or the television).

Impostor syndrome

is a pattern of negative psychological behaviour where an individual doubts their own ability or achievements and hold a chronic fear that they will be exposed. These beliefs are held often despite clear external evidence they are false and patients often report feeling they are 'frauds'."
108,A 72-year-old man who is having trouble sleeping is prescribed temazepam. What is the mechanism of action of temazepam?,"[""Inhibits the effect of acetylcholine"", ""Enhances the effect of gamma-aminobutyric acid"", ""Inhibits the effect gamma-aminobutyric acid"", ""Inhibits the effect of glutamate"", ""Inhibits the effect of noradrenaline""]",Enhances the effect of gamma-aminobutyric acid,1,"Benzodiazepines enhance the effect of GABA, the main inhibitory neurotransmitter

The correct answer is

Enhances the effect of gamma-aminobutyric acid

. Temazepam belongs to a class of drugs known as benzodiazepines. Its mechanism of action involves enhancing the effect of gamma-aminobutyric acid (GABA), an inhibitory neurotransmitter in the brain. This enhancement is achieved by increasing the frequency of chloride channel opening within the GABA-A receptor complex, leading to hyperpolarisation of neurons and ultimately decreased neuronal excitability.

Discussing the incorrect options:

Inhibits the effect of acetylcholine

is not correct. Anticholinergic drugs inhibit the effects of acetylcholine, a neurotransmitter involved in many functions including muscle movement, heart rate regulation, learning and memory. Examples include atropine and scopolamine. Temazepam does not have this mechanism.

Inhibits the effect gamma-aminobutyric acid

is also incorrect. Drugs that inhibit GABA usually increase neuronal activity rather than decrease it, which can lead to seizures or anxiety rather than sedation. An example would be flumazenil, a GABA antagonist used as an antidote for benzodiazepine overdose.

Inhibits the effect of glutamate

is not correct either. Glutamate is an excitatory neurotransmitter in CNS and its inhibition would indeed result in reduced neuronal activity similar to enhancing GABA's effects. However, temazepam doesn't work by inhibiting glutamate; drugs that do this are typically NMDA receptor antagonists like memantine used in Alzheimer's disease treatment.

Finally,

Inhibits the effect of noradrenaline

is also incorrect. Noradrenaline (norepinephrine) inhibitors are typically used as antihypertensives or antidepressants such as beta-blockers or selective noradrenaline reuptake inhibitors (NARIs). They do not primarily induce sleep or reduce anxiety which are key therapeutic effects of temazepam."
109,"A 41-year-old man presents to the Emergency Department insisting that he is infested with fleas. He describes that he feels unbearably itchy, and is demanding treatment. This is his third attendance within the last year with this problem. The patient has no significant past medical history and denies taking any recreational drugs. His alcohol intake is reported as 14 units of alcohol per week. He is currently working full-time as a librarian.

What is the most likely diagnosis?","[""Capgras syndrome"", ""Delirium tremens"", ""Delusional parasitosis"", ""Fregoli syndrome"", ""Schizophrenia""]",Delusional parasitosis,2,"Patient with a fixed, false belief (delusion) that they are infested by 'bugs'  → delusional parasitosis

The correct answer is

delusional parasitosis

. Delusional parasitosis is a rare condition in which patients present with a fixed, false belief that they are infected by bugs. Although it may present in conjunction with other psychiatric disorders, it may present in isolation, and leave patients relatively functionally unimpaired, as in this case.

Capgras syndrome

is incorrect. This is a delusional misidentification syndrome whereby the patient believes that someone significant in their life, such as a spouse or a friend, has been replaced by an identical imposter.

Delirium tremens

is incorrect. Although delirium tremens may involve visual hallucinations of insects, or tactile hallucinations similar to this patient's symptoms, this patient is not exhibiting other physical symptoms of delirium tremens (tremor, sweating, disorientation), and the alcohol history provided is not suggestive of excessive consumption followed by abrupt withdrawal.

Fregoli syndrome

is incorrect. This is another delusional misidentification syndrome where the patient believes that multiple people are in fact all the same person, who is constantly changing their appearance.

Schizophrenia

is incorrect. Schizophrenia most commonly involves auditory hallucinations rather than tactile hallucinations. In addition, the diagnosis of schizophrenia requires other symptoms to be present in addition to hallucinations, such as formal thought disorder or diminished emotional expression."
110,"A 82-year-old female who has glaucoma starts to experience visual hallucinations which include seeing goldfish, black boxes and mud sliding down shelves. She is completely blind in the right eye and only partially sighted in the left eye. What is the most likely diagnosis?","[""Charles Bonnet syndrome"", ""Peduncular hallucinosis"", ""Lewy body dementia"", ""Anton's syndrome"", ""Delirium""]",Charles Bonnet syndrome,0,
111,"A 19-year-old man presents to his GP with complaints of persistent, intrusive sexual thoughts that he finds disturbing and which make him feel unclean. He reports these thoughts occupy approximately 45 minutes of his day and compel him to engage in repetitive handwashing. While this behaviour has occasionally made him late for social events, he states it has not significantly impacted other areas of his life. On occasion, he can resist the urge to wash his hands but doing so increases his anxiety.

What is the most appropriate treatment for this patient?","[""Clomipramine"", ""Dialectical behaviour therapy"", ""Exposure and response prevention therapy"", ""Eye movement and desensitisation and reprocessing"", ""Fluoxetine""]",Exposure and response prevention therapy,2,"OCD with mild impairment: low-intensity psychological treatments: cognitive behavioural therapy (CBT) including exposure and response prevention (ERP) is first-line

Obsessive-compulsive disorder (OCD) is characterised by intrusive thoughts, known as obsessions, which can be distressing and sometimes of a sexual nature. These obsessions compel the individual to engage in repetitive behaviours, termed compulsions. Compulsions can manifest physically, such as excessive hand-washing exemplified in our case, or mentally, like repeating phrases internally. The Yale-Brown Obsessive Compulsive Scale classifies OCD severity based on the degree of distress or disruption caused in the patient's life and their level of control over symptoms. In this scenario, the patient exhibits symptoms for less than one hour per day with minimal impact on daily living; thus, they are considered to have mild OCD.

Exposure and response prevention therapy

(ERP), a variant of Cognitive Behavioural Therapy (CBT), represents the first-line treatment for mild OCD and is therefore the most suitable initial management approach for this patient.

Clomipramine

, a tricyclic antidepressant, serves as a therapeutic option for OCD unresponsive to other treatments and selective serotonin reuptake inhibitors (SSRIs). It may also be considered an alternative primary treatment for moderate-to-severe depression if SSRIs are not tolerated well. However, ERP is preferred for mild OCD.

Dialectical behaviour therapy

(DBT), another form of CBT, is predominantly used to treat patients with personality disorders such as borderline personality disorder. While occasionally employed in managing OCD cases including those with mild symptoms, ERP remains the preferred treatment.

Eye movement desensitisation and reprocessing

therapy is primarily indicated for individuals suffering from post-traumatic stress disorder (PTSD). Despite its efficacy in some OCD cases, ERP remains the preferred first-line intervention.

Fluoxetine

, an SSRI, is frequently utilised in treating moderate-to-severe forms of OCD. Nonetheless, for patients with milder conditions like our case subject here, it is advisable to commence with ERP before considering pharmacological interventions."
112,"A 17-year-old girl presents with recurrent vomiting. Her mother reports she doesn't eat alongside her family, but she has found empty food packets hidden in her room.

What is the most likely diagnosis?","[""Anorexia nervosa"", ""Avoidant-restrictive food intake disorder (ARFID)"", ""Binge eating disorder"", ""Bulimia nervosa"", ""Rumination disorder""]",Bulimia nervosa,3,"Episodes of binge eating followed by intentional vomiting - bulimia nervosa

Bulimia nervosa

is the correct answer. The combination of recurrent vomiting and secretive eating behaviour evidences this. Bulimia nervosa is characterised by recurrent episodes of binge eating followed by inappropriate compensatory behaviours, such as self-induced vomiting, to avoid weight gain. These episodes typically occur in secret due to feelings of shame or guilt.

Anorexia nervosa

is incorrect. This diagnosis involves significant food restriction and intense fear of gaining weight. Food packets would not be expected to be found, as there is often an associated fear of food and complete avoidance, rather than secretive behaviours.

Avoidant-restrictive food intake disorder (ARFID)

is incorrect. ARFID involves avoidance of food due to sensory characteristics, fear of choking, or a lack of interest in eating, without body image disturbance or fear of gaining weight. It does not involve binge eating or compensatory behaviours like vomiting. The girl in this scenario is consuming food in secret and vomiting, which are not features of ARFID. Therefore, this diagnosis does not fit the clinical picture.

Binge eating disorder

is incorrect. Recurrent episodes of binge eating characterise this diagnosis without compensatory behaviours such as vomiting, excessive exercise, or fasting. The presence of vomiting in this case excludes binge-eating disorder. Thus, the behaviours described are more consistent with bulimia nervosa.

Rumination disorder

is incorrect. Rumination disorder involves the repeated regurgitation of food after eating, which may be re-chewed, re-swallowed, or spit out. It is typically observed in infants or individuals with developmental disorders, though it can rarely occur in adolescents. However, it is not associated with binge eating or hidden food, nor is it a voluntary behaviour aimed at weight control. The scenario points to deliberate vomiting after binge eating, which rules out rumination disorder."
113,"A 23-year-old woman presents to her GP with troubling symptoms. Eight weeks ago, she was involved in a severe road traffic accident. Although physically well after the accident, she reports experiencing flashbacks since then, being overly vigilant when crossing the road, and generally having difficulty focusing at work.

Which of the following features would best support the likely diagnosis?","[""Delusional beliefs"", ""Emotional detachment"", ""Excessive sleep"", ""Nystagmus"", ""Paranoid ideation""]",Emotional detachment,1,"Common features of PTSD

The correct answer is emotional detachment. The diagnosis here is that of post-traumatic stress disorder (PTSD), with these symptoms being present for over 1 month following a traumatic experience. Patients are often emotionally numbed - demonstrating an inability to experience feelings fully, and generally feeling detached emotionally.

Delusional beliefs do not usually manifest in PTSD. If she were displaying signs of this, it would be prudent to consider an alternative diagnosis, as this is a psychotic feature.

Excessive sleep is not usually part of PTSD - the opposite is normally true. Patients have difficulty sleeping, often wake up during the night, and experience nightmares.

Nystagmus is not associated with PTSD. There is, however, a link between eyes and PTSD - the current conventional therapy for PTSD is eye movement desensitisation and reprocessing therapy.

Paranoid ideation is also not usually a feature of PTSD. If this were being displayed, alternative diagnoses should be considered."
114,"A 35-year-old woman presents to her general practitioner with a two-week history of weakness in her left leg and sensory loss in her right arm. She has no past medical history. She is a professional rower who has recently been disappointed by not being selected for the Olympic team.

On examination, she walks without apparent difficulty, but testing reveals 0/5 strength during hip extension in the left leg. Involuntary extension of the left hip occurs when she is asked to flex the right hip. Reflexes are normal and there is decreased sensation in the right upper limb.

What is the most likely diagnosis?","[""Conversion disorder"", ""Hypochondriasis"", ""Malingering"", ""Somatisation disorder"", ""Stroke""]",Conversion disorder,0,"Functional neurological disorder (conversion disorder) - typically involves loss of motor or sensory function

Conversion disorder

is the correct diagnosis. This condition commonly presents with a loss of motor and sensory function, which typically arises during periods of stress. For a professional rower, not qualifying for the Olympic games would likely be an immensely stressful event. Hoover's sign is a clinical test used to evaluate functional neurological disorders, assessing for discrepancies between voluntary and involuntary hip extension. In cases of genuine limb paresis, both voluntary and involuntary hip extension would be rated as 0/5 in strength. To perform the test, voluntary hip extension is initially assessed in the 'weak' limb. Should this reveal weakness, the examiner subsequently tests hip flexion in the contralateral limb while placing their hand beneath the heel of the patient's 'weak' limb. Ordinarily, hip flexion on one side results in automatic contralateral hip extension. Absence of this response may indicate true weakness; however, if involuntary hip extension is observed, it suggests an inconsistency between voluntary and involuntary movements'raising suspicion for a functional neurological disorder. Functional weakness is characteristic of conversion disorders; importantly, there is no indication that this patient is simulating weakness for secondary gain.

Hypochondriasis

is not applicable here. Hypochondriasis involves a preoccupation with having a serious illness based on misinterpretation of bodily symptoms rather than fear associated with a specific diagnosis such as cancer alone. The patient does not exhibit concern over any particular diagnosis; thus, this option does not apply.

Malingering

is also incorrect for this scenario. Malingering involves fabricating or exaggerating symptoms to obtain external benefits or rewards. In this case study, there are no discernible advantages that could motivate the patient to feign neurological symptoms; rather, it appears more consistent with stress-induced conversion disorder.

Somatisation disorder

does not fit the clinical picture either. This psychiatric condition involves multiple unexplained physical complaints persisting for more than two years without identifiable medical explanations. As somatisation pertains to subjective symptoms reported by patients rather than objective signs detected by clinicians during examination, this diagnosis does not align with our findings.

Finally,

stroke

can be ruled out due to an absence of characteristic stroke-related patterns of weakness'namely unilateral distribution'and because strokes typically do not present with inconsistent examination findings like those described here (e.g., ambulating into the emergency department but demonstrating provoked weakness). Therefore, stroke is deemed an unlikely diagnosis in this context."
115,"An 18-year-old girl is brought in by her mother for medical assessment. She has been refusing meals for an extended period and her oral intake has been severely limited. She has no past medical history.

On examination, she is frail and underweight with a body mass index of 14kg/m². There is fine white hair on her arms.

Given the likely diagnosis, what is a possible finding?","[""High follicle-stimulating hormone"", ""High lutenising hormone"", ""Hyperkalaemia"", ""Low cortisol"", ""Parotidomegaly""]",Parotidomegaly,4,"Anorexia features

Parotidomegaly

is correct. The patient presents with reduced oral intake and a very low body mass index along with lanugo hair. This suggests anorexia nervosa (AN) as the diagnosis. Parotidomegaly is a recognised feature of this condition.

High follicle-stimulating hormone (FSH)

is incorrect. There is hypothalamic dysfunction in AN but this is characterized by hyposecretion of FSH rather than hypersecretion.

High lutenising hormone (LH)

is incorrect. Again, analogous to FSH, the LH level is low rather than high in AN.

Hyperkalaemia

is incorrect. Most things are 'low' in AN and potassium follows this pattern. Hypokalaemia, rather than hyperkalemia, is a feature of AN.

Low cortisol

is incorrect. The cortisol level is high, rather than low, in AN. High cortisol is an adaptive mechanism to maintain euglycaemia in a state of low energy availability."
116,Which class of drug have the Medicines and Healthcare products Regulatory Agency warned may be associated with an increased risk of venous thromboembolism in elderly patients?,"[""Tricyclic antidepressants"", ""5HT3 antagonists"", ""Third generation cephalosporins"", ""Benzodiazepines"", ""Atypical antipsychotics""]",Atypical antipsychotics,4,"Antipsychotics in the elderly - increased risk of stroke and VTE

The correct answer is

Atypical antipsychotics

. The Medicines and Healthcare products Regulatory Agency (MHRA) in the UK has issued a warning about an increased risk of venous thromboembolism (VTE) in elderly patients using atypical antipsychotics. These drugs, which include clozapine, risperidone, olanzapine, and quetiapine among others, are often prescribed for the management of schizophrenia and bipolar disorder. They act by blocking dopamine D2 receptors in the brain which helps to reduce psychotic symptoms. However, they can also cause hyperprolactinaemia and weight gain which may increase the risk of VTE.

Tricyclic antidepressants

are not associated with an increased risk of VTE according to MHRA. These drugs work by inhibiting the reuptake of serotonin and norepinephrine into presynaptic neurons thereby increasing their concentration in the synaptic cleft and enhancing neurotransmission.

5HT3 antagonists

, such as ondansetron or granisetron used mainly for nausea and vomiting, especially during chemotherapy, have not been linked with an increased risk of VTE. They work by blocking 5-HT3 receptors located peripherally on vagal nerve terminals and centrally in the chemoreceptor trigger zone of the area postrema.

Third generation cephalosporins

, like ceftriaxone or ceftazidime used to treat various bacterial infections including

Pseudomonas aeruginosa

, do not pose an increased risk for VTE according to MHRA guidelines. Their mechanism involves disrupting cell wall synthesis leading to bacterial cell death.

Lastly,

benzodiazepines

, such as diazepam or lorazepam used for anxiety disorders, sleep disorders or alcohol withdrawal symptoms, have not been associated with an elevated risk of VTE either. They enhance GABAergic neurotransmission leading to sedative, hypnotic, anxiolytic, muscle relaxant effects."
117,"A 29-year-old woman is reviewed by her psychiatrist. She has been on citalopram for 4 years for depression.

The patient reports a significant improvement in her symptoms recently having started a new job and regular participation in cognitive behaviour therapy. As a result, she wishes to stop taking her medications. You advise her that to discontinue her medication she should slowly reduce the dose over a period of time.

When should the patient be advised to start reducing the dose of citalopram?","[""2 weeks following remission of symptoms"", ""3 months following remission of symptoms"", ""4 weeks following remission of symptoms"", ""6 months following remission of symptoms"", ""Immediately""]",6 months following remission of symptoms,3,"Antidepressants should be continued for at least 6 months after remission of symptoms to decrease risk of relapse

Selective serotonin reuptake inhibitors (SSRIs) such as citalopram are considered first-line treatment for depression. If a patient makes a good response to antidepressant therapy they should continue on treatment for at least

6 months after remission

before slowly reducing and then discontinuing the medication. This is to prevent the risk of relapse of symptoms.

A significant number of patients experience a relapse of their depressive symptoms following the discontinuation of antidepressants. Discontinuing antidepressants sooner than the recommended 6 months following symptom remission has been associated with an increased risk of relapse and is therefore not advised."
118,"A 28-year-old man with known schizophrenia presents for his annual mental health review. His mental health has stabilised after the initiation of first-line treatment, however, his physical health seems to be deteriorating.

You realise that his body mass index has increased over the past 5 years from 24kg/m² to 32kg/m² and at the same time, his cholesterol and triglyceride levels have almost doubled.

What is the most likely responsible medication in this patient?","[""Aripiprazole"", ""Clozapine"", ""Olanzapine"", ""Quetiapine"", ""Risperidone""]",Olanzapine,2,"Olanzapine has a higher risk than other atypicals for dyslipidemia and obesity

Olanzapine

has a higher risk than other atypical anti-psychotics for dyslipidaemia and is a first-line agent in the treatment of schizophrenia.

All atypical antipsychotics can increase the risk of dyslipidaemia and obesity, however, there are varying degrees of risk depending on the agent.

Aripiprazole

is generally recognised as an atypical antipsychotic with a lower risk of causing dyslipidaemia.

Clozapine

, one of the first atypical agents to be developed, does have a significant risk of dyslipidaemia. However, due to the significant risk of agranulocytosis, it is only used in patients resistant to other antipsychotic medication, not on the first presentation.

Quetiapine

has a lower risk of dyslipidaemia when compared with clozapine and olanzapine, however is seen to have a higher risk than aripiprazole and risperidone.

Risperidone

is generally recognised as an atypical antipsychotic with a lower risk of causing dyslipidaemia."
119,"A 38-year-old man is reviewed by his general practitioner. He reports difficulties in maintaining positive relationships with colleagues.

On further questioning, it becomes clear that the man has a very strict value system and moral code. He is inflexible with respect to different beliefs and work practices and this inflexibility makes it difficult to form relationships with colleagues, collaborate or delegate.

What type of personality disorder best describes this patient?","[""Antisocial personality disorder"", ""Borderline personality disorder"", ""Narcissistic personality disorder"", ""Obsessive-compulsive personality disorder"", ""Paranoid personality disorder""]",Obsessive-compulsive personality disorder,3,"Patients with obsessive-compulsive personality can be rigid with respect to morals, ethics and values and often are reluctant to surrender work to others

An obsessive-compulsive personality disorder is correct. Patients with this personality disorder are very rigid with respect to morals, ethics and values and are reluctant to surrender work to others, as in this case. Other features are preoccupation with details, rules, lists and orders and perfectionism impairing the ability to complete tasks.

An antisocial personality disorder is incorrect. This personality disorder is characterized by aggression, repeated unlawful behaviour, deception and aggression.

A borderline personality disorder is incorrect. This personality disorder is characterized by an unstable self-image, unstable interpersonal relationships, efforts to avoid abandonment and chronic feelings of emptiness.

A paranoid personality disorder is incorrect. This personality disorder is characterized by hypersensitivity to insult, an unwarranted tendency to question the loyalty of friends and preoccupation with conspiratorial beliefs and hidden meaning.

The narcissistic personality is incorrect. This is characterized by a grandiose sense of self-importance, sense of entitlement, lack of empathy and preoccupation with fantasies of unlimited success, power or beauty."
120,"A 77-year-old woman presents to the emergency department with shortness of breath, productive cough and confusion. She is treated for delirium, secondary to a chest infection, with intravenous antibiotics and admitted to the geriatrics ward for observation.

Overnight, she becomes agitated and restless. Initial measures to settle her are unsuccessful; the on-call doctor prescribes haloperidol, which takes effect quickly and reduces her agitation.

What receptor does this drug primarily antagonise?","[""5HT2"", ""5HT3"", ""D1"", ""D2"", ""H1""]",D2,3,"Haloperidol - dopamine D2 receptor antagonist, blocking dopaminergic transmission in the mesolimbic pathways

Haloperidol is a first-generation, 'typical' antipsychotic commonly used for a number of purposes. Apart from its use as an antipsychotic in psychiatric patients, it is often used in the context of delirium as seen here. It also plays a role in the management of nausea, especially in the palliative setting. It binds to numerous receptors, with different affinities for each. Primarily, it antagonises the dopamine

D 2 receptor

.

Haloperidol also antagonises the serotonin

5HT 2

receptor. However, its effect on the D

2

receptor is far more effective at any given concentration.

The drug is not known to significantly affect the serotonin

5HT 3 receptor

. Examples of antagonists of this receptor include the antiemetic ondansetron and newer-generation, 'atypical' antipsychotics such as quetiapine and olanzapine.

The drug also binds to the dopamine

D 1 receptor

. However, this effect is not as significant as the effect on the D

2

receptor.

Haloperidol has some effect on the histamine

H 1 receptor

. This effect, however, requires much higher concentrations of haloperidol."
121,"A 30-year-old man presents to the hospital with hallucinations and delusions that have significantly impaired his daily functioning. After a thorough evaluation, he is diagnosed with schizophrenia, and olanzapine is prescribed as part of his treatment.

He is followed up regularly with blood tests and ECGs as part of his review.

What side effect is this patient most at risk of?","[""Extrapyramidal side effects"", ""Hyperprolactinaemia"", ""QT prolongation"", ""Thrombocytopenia"", ""Weight gain""]",Weight gain,4,"Atypical antipsychotics commonly cause weight gain

Weight gain

is a well-known side effect of atypical antipsychotics, particularly olanzapine. This weight gain is driven by increased appetite, changes in metabolism, and altered insulin sensitivity. These metabolic changes, combined with increased appetite, make olanzapine one of the antipsychotics most likely to cause significant weight gain, potentially leading to obesity and related health complications. Therefore, regular monitoring of both weight and metabolic parameters is essential to manage these risks and mitigate the long-term health impact.

Extrapyramidal side effects

are incorrect in this case because olanzapine has a lower propensity to block dopamine receptors in the nigrostriatal pathway, which is primarily implicated in the development of these motor side effects. Such effects, including parkinsonism, dystonia, akathisia and tardive dyskinesia are more commonly associated with typical antipsychotics like haloperidol. While extrapyramidal symptoms are very rarely possible with olanzapine, they are less frequent compared to these typical antipsychotics.

While some atypical antipsychotics, such as risperidone, are associated with

hyperprolactinaemia

, olanzapine has a much lower risk of causing this side effect. Hyperprolactinaemia can lead to symptoms such as galactorrhoea, menstrual irregularities, and sexual dysfunction, but these are not typically seen with olanzapine. The most common side effect of olanzapine is weight gain, driven by its impact on appetite regulation and metabolic pathways, which is why regular monitoring of metabolic parameters is essential.

QT prolongation

is incorrect in this case because, although antipsychotics can cause this side effect, olanzapine is among the antipsychotics least likely to do so. Medications like haloperidol or ziprasidone are more commonly associated with QT prolongation. However, regular monitoring, including ECGs, remains important in any antipsychotic therapy to rule out potential cardiovascular effects, especially in those with pre-existing conditions. However, weight gain remains the most common side effect of atypical antipsychotics.

Thrombocytopenia

is not a common side effect of olanzapine. Although rare cases have been reported, its occurrence is far less frequent compared to other adverse effects, such as metabolic changes. In clinical practice, weight gain is much more prevalent with the use of atypical antipsychotics like olanzapine."
122,Which one of the following interventions is most likely to be beneficial in a patient with schizophrenia?,"[""Counselling"", ""Supportive psychotherapy"", ""Social skills training"", ""Adherence therapy"", ""Cognitive behavioural therapy""]",Cognitive behavioural therapy,4,
123,Which one of the following features is least recognised in long-term lithium use?,"[""Alopecia"", ""Weight gain"", ""Fine tremor"", ""Goitre"", ""Diarrhoea""]",Alopecia,0,
124,"A 35-year-old woman is convinced to attend her general practitioner by her mother. Her mother is concerned that her daughter is entirely convinced that a famous actor is in love with her, despite having never met or communicated with them.

On examination, the woman appears well. There is no evidence of hallucinations, confusion or abnormal speech patterns. Apart from the unshakeable belief that the famous actor is in love with her, the mental status examination is normal.

What is the correct description of this disorder?","[""Capgras syndrome"", ""De Clerambault's syndrome"", ""De Fregoli syndrome"", ""Ekbom syndrome"", ""Othello syndrome""]",De Clerambault's syndrome,1,"Erotomania (De Clerambault's syndrome) is the presence of a delusion that a famous is in love with them, with the absence of other psychotic symptoms

De Clerambault's syndrome is correct. This is the presence of a delusion that a famous person is in love with them, with the absence of other psychotic symptoms as is the case, here.

Capgras syndrome is incorrect. This is the delusion that a person closely related to the patient has been replaced by an impostor.

De Fregoli syndrome is incorrect. This is the delusion of identifying a familiar person in various people they encounter.

Othello syndrome is incorrect. This is a delusion of sexual infidelity on the part of a sexual partner.

Ekbom syndrome is incorrect. This is delusional parasitosis and describes the delusion of infestation."
125,"Rachel is a 45-year-old who has routine bloods for a health check. Blood tests show the following:


Na+	125 mmol/l
K+	4.3 mmol/l
Urea	5.3 mmol/l
Creatinine	60 µmol/l

She takes the following medications: sertraline, carbimazole, amlodipine, metformin, aspirin. Which of her medications is likely to be the cause of her hyponatraemia?","[""Aspirin"", ""Metformin"", ""Amlodipine"", ""Carbimazole"", ""Sertraline""]",Sertraline,4,"SSRIs are associated with hyponatraemia

Out of the list above sertraline is the medication known to cause hyponatraemia.

Other common drug causes of low sodium include: chlorpropramide, carbamazepine, selective serotonin reuptake inhibitor (SSRI) antidepressants, tricyclic antidepressants, lithium, MDMA/ecstasy, tramadol, haloperidol, vincristine, desmopressin, fluphenazine."
126,"A 40-year-old with known rheumatoid arthritis, established on sulfasalazine and regular paracetamol and ibuprofen, is seen by her GP with ongoing low mood. Non-pharmaceutical interventions have been trialled with limited improvement and now the patient reports they feel their depressive symptoms are worsening.

As such the GP decided to commence the patient on an antidepressant.

What agent would increase this patient's risk of a GI bleed the most, therefore, warranting a protein pump inhibitor as cover?","[""Amitriptyline"", ""Citalopram"", ""Haloperidol"", ""Selegiline"", ""St John's Wort""]",Citalopram,1,"SSRI + NSAID = GI bleeding risk - give a PPI

Citalopram

is a common selective serotonin reuptake inhibitor (SSRIs), which are now considered the first-line treatment for most patients with depression. As the name suggests SSRIs increase the extracellular level of serotonin by limiting its reabsorption at the pre-synapses. Gastrointestinal (GI) disruption is common with SSRI use, and they are associated with a significant risk of GI bleeding. It is thought SSRI potential deplete platelet serotonin, resulting in a reduction in clot formation, therefore, increasing the risk of bleeding. As this patient is already established on an NSAID the addition of an SSRI will increase her risk of GI bleeding further and therefore a protein pump inhibitor (PPI) should also be prescribed.

Amitriptyline

is a tricyclic antidepressant (TCA) that can be used in the management of major depressive disorders as well as several different pain syndromes. Amitriptyline inhibits serotonin transporter (SERT) and norepinephrine transporter (NET) both increasing neurotransmitter availability. The main adverse effects of TCAs are related to their anticholinergic effects resulting in symptoms such as blurred vision, dry mouth, and constipation etc. GI bleeds are not commonly associated with TCAs.

Haloperidol

is a typical antipsychotic, rarely used for patients with severe depression and psychotic symptoms. It blocks receptors in the brain's dopamine pathways and therefore the main adverse effects include, extrapyramidal side effects (akathisia, dystonia etc), hypotension and anticholinergic effects. Again GI bleeds are rare.

Selegiline

is a selective and irreversible inhibitor of monoamine oxidase B (MAO-B), and therefore in the class of monoamine oxidase inhibitors (MAOIs). MAOIs are used as antidepressants and work by preventing the breakdown of monoamine neurotransmitters, increasing their availability. MAOIs have been associated with an increased risk of serotonin syndrome and hypertensive crises but GI bleeds are rare.

Hypericum perforatum

, commonly known as

St John's Wort

is a plant frequently used in alternative medicine, particularly for the management of depression. Although its use remains controversial multiple studies have indicated it may have superiority over placebo on treating mild to moderate depression, with the active ingredients thought to be hypericin and hyperforin. St John's wort can interfere with other medications, and its use with other antidepressants is associated with an increased risk of serotonin syndrome, however, it has not been associated with an increased risk of GI bleeding."
127,A 18-year-old sprinter who is currently preparing for a national athletics meeting asks to see the team doctor due to an unusual sensation in his legs. He describes a numb sensation below his knee. On examination the patient there is apparent sensory loss below the right knee in a non-dermatomal distribution. The team doctor suspects a non-organic cause of his symptoms. This is an example of a:,"[""Conversion disorder"", ""Hypochondrial disorder"", ""Somatisation disorder"", ""Malingering"", ""Munchausen's syndrome""]",Conversion disorder,0,"Functional neurological disorder (conversion disorder) - typically involves loss of motor or sensory function

The correct answer in this scenario is a

Conversion disorder

. Conversion disorder, also known as functional neurological symptom disorder, is a psychiatric condition where psychological distress is expressed through physical symptoms. In this case, the patient's numb sensation below his knee and the sensory loss in a non-dermatomal distribution suggest that there may not be an identifiable organic cause for his symptoms. Instead, these symptoms could be manifestations of underlying psychological stress or anxiety related to his upcoming national athletics meeting.

The first incorrect option is

Hypochondrial disorder

, now referred to as Illness Anxiety Disorder. This condition involves excessive worry about having a serious illness despite having no or only mild symptoms. The person may constantly seek medical reassurance and excessively research their perceived illness. In this case, the patient does not present with excessive worry about having an illness but rather reports an unusual sensation in his legs.

Somatisation disorder

is another incorrect option. This condition involves multiple unexplained physical symptoms across different body systems, causing significant distress and impairment in daily functioning. These symptoms cannot be explained by any medical condition or substance use. The patient in this scenario presents with isolated sensory loss below the knee, which does not fit the criteria for somatisation disorder.

The next incorrect option is

Malingering

. Malingering refers to intentionally feigning or exaggerating physical or psychological symptoms for external gain (e.g., avoiding work or obtaining financial compensation). While it might be possible that the athlete could have secondary motives for presenting with these symptoms, there is no indication in the given information that he has any external gain from doing so.

Finally,

Munchausen's syndrome

, now known as Factitious Disorder Imposed on Self, is also incorrect. This psychiatric condition involves a person deliberately producing or falsifying signs and symptoms of an illness to assume the sick role and receive attention or sympathy. In this case, there is no indication that the patient is intentionally producing his symptoms for attention or sympathy."
128,"A 44-year-old man presents to the emergency department with tremors and restlessness. He is visibly anxious and pacing up and down. He admits having last had 'a drink' 8 hours ago. He also describes having taken some morphine several hours prior, but cannot quantify this.

On examination, he is anxious and sweating. Physical observations are normal except for a heart rate of 118 bpm. Pupils are equal and reactive to light. A general tremor is noted.

What is the most appropriate first-line management?","[""Chlordiazepoxide"", ""Lorazepam"", ""Methadone"", ""Naloxone"", ""Phenytoin""]",Chlordiazepoxide,0,"Alcohol withdrawal

This patient is likely experiencing alcohol withdrawal. Initial symptoms, 6-12 hours after last consumption, include the features seen here - tremor, sweating, anxiety and tachycardia. Later features include seizures and delirium tremens. Patients presenting to hospital with features of alcohol withdrawal should be treated with long-acting benzodiazepines first-line, such as

chlordiazepoxide

or diazepam.

Lorazepam

is a short-acting benzodiazepine and not as preferable for this patient. It may be more suitable for patients with a history of hepatic impairment.

Methadone

is an opioid agonist used in the management of withdrawal from opioid addiction. Although patients experiencing opioid addiction may present with similar symptoms, they typically experience nausea, vomiting, diarrhoea and rhinorrhoea, which are not seen here.

Naloxone

is used in the management of opioid overdose. Rather than being agitated as in this scenario, the patient would be drowsy, have pinpoint pupils and potentially respiratory depression.

Phenytoin

is an anticonvulsant. It is not typically recommended for alcohol withdrawal seizures as its effectiveness for these is questionable. It would not be appropriate here."
