question_number,question_text,options_json,answer_text,answer_index,explanation_text
1,"A 64-year-old man is referred for spirometry due to progressively worsening breathlessness.

He is a smoker, has a body mass index (BMI) of 35 kg/m², and is currently taking sulfasalazine for psoriatic arthritis.

Spirometry results are as follows:


Measurement	Volume	Percentage of Predicted (%)	Reference
Forced Vital Capacity (FVC)	2.5 L	53%	4.7 L
Forced Expiratory Volume in 1 second (FEV 1)	2.1 L	57%	3.7 L

His FEV 1/FVC ratio is 0.84 (normal range: 0.75-0.85).

What is the most likely explanation for his reduced forced vital capacity?","[""Expiratory reserve volume is reduced"", ""Functional residual capacity is reduced"", ""Residual volume is reduced"", ""Tidal volume is reduced"", ""Total lung capacity is reduced""]",Expiratory reserve volume is reduced,0,"Expiratory reserve volume may be significantly reduced in obese patients

Expiratory reserve volume is reduced

is correct. The spirometry tests presented are in a restrictive pattern, with reduced volumes and a normal FEV

1

/FVC ratio of 0.84. Whilst this man has numerous risk factors for pulmonary disease, the most likely cause of a restrictive lung defect in his history is obesity, with a BMI of 35 kg/m². The first spirometry finding in obesity-related restrictive physiology is expiratory reserve volume (ERV), due to decreased chest wall compliance and decreased diaphragmatic movement secondary to increased abdominal pressure.  Forced vital capacity is the combination of inspiratory reserve volume, tidal volume and expiratory reserve volume. Therefore, a reduction in expiratory reserve volume will lead to a reduction in FVC.

Functional residual capacity is reduced

is incorrect. This measurement is the combination of expiratory reserve volume and residual volume. Whilst ERV is reduced in obesity, and this will reduce functional residual capacity, this does not offer an adequate explanation as to why forced vital capacity would be decreased. A reduced functional residual capacity could be secondary to a reduced residual volume, rather than a reduced expiratory reserve volume.

Residual volume is reduced

is incorrect. This measurement tends to be preserved in obesity. Pulmonary fibrosis would cause a decreased reserve volume, but sulfasalazine-related pulmonary fibrosis is rather rare, and is less likely than this patient's obesity to be the cause of his restrictive pathology.

Tidal volume is reduced

is incorrect. Tidal volume refers to the volume of a normal breath. It is normally preserved in obesity, often at the expense of expiratory reserve volume. It is only reduced in severe restrictive lung disease, including neuromuscular disorders.

Total lung capacity is reduced

is incorrect. This can be reduced in severe obesity, but it is not the best explanation as to why forced vital capacity is reduced. Additionally, a reduced total lung capacity is more likely to be secondary to intrinsic lung disease impairing alveolar expansion (such as pulmonary fibrosis)."
2,"A 60-year-old presents with a persistent cough, haemoptysis and weight loss with an abnormal chest x-ray. A subsequent CT scan and biopsy confirm squamous cell lung cancer. You order some blood tests which the following:


Hb	90 g/L	Male: (135-180)


Na+	140 mmol/L	(135 - 145)
K+	3.7 mmol/L	(3.5 - 5.0)
Urea	5 mmol/L	(2.0 - 7.0)
Creatinine	110 µmol/L	(55 - 120)


Calcium	3.2 mmol/L	(2.1-2.6)
Phosphate	0.4 mmol/L	(0.8-1.4)
Thyroid stimulating hormone (TSH)	5.5 mU/L	(0.5-5.5)
Free thyroxine (T4)	15 pmol/L	(9.0 - 18)

You order a parathyroid hormone (PTH) level which is low. She denies any bony pain.

What is the likely cause of her hypercalcaemia?","[""Renal failure"", ""Bony metastases"", ""Secretion of parathyroid hormone related peptide (PTHrP)"", ""Secretion of thyroid stimulating hormone (TSH)"", ""Secretion of adrenocorticotropic hormone (ACTH)""]",Secretion of parathyroid hormone related peptide (PTHrP),2,"PTHrP is a paraneoplastic syndrome associated with squamous cell lung cancer

Its important to remember paraneoplastic syndromes associated with lung cancers. Squamous cell lung cancer can secrete PTHrP which mimics PTH and causes calcium resorption which is not under negative feedback. PTHrP cannot be measured by enzyme assays hence a normal PTH level. And so the excess calcium negatively inhibits the release of PTH and thus levels will be low.

Renal function and thyroid function tests are normal thus options 1 and 4 can be dismissed. In addition ACTH is usually a feature of small cell lung cancer thus option 5 is incorrect. Lung cancer can metastasis to bone, however, the patient is not complaining of bony pain and thus unlikely in this scenario."
3,You review a 27-year-old woman in the Emergency Department who has been admitted with an acute exacerbation of her asthma. Which one of the following features is most likely to indicate a life-threatening attack?,"[""Failure to improve after nebulised salbutamol 5mg"", ""Cannot complete sentences"", ""Oxygen saturations of 94% on room air"", ""Peak flow of 30% best or predicted"", ""Respiratory rate of 42 / min""]",Peak flow of 30% best or predicted,3,
4,"You are reviewing a patient with chronic obstructive pulmonary disease (COPD) who remains breathless despite using a salbutamol inhaler as required. Their FEV1 is 60%. There is no history of asthma, eosinophilia or FEV1 variation.

What is the most appropriate next step?","[""Long-acting beta2-agonist (LABA) or inhaled corticosteroid"", ""Long-acting muscarinic antagonist (LAMA) + inhaled corticosteroid (ICS) in a combination inhaler or long-acting beta2-agoinst (LABA)"", ""Long-acting beta2-agonist (LABA) or LABA + inhaled corticosteroid (ICS) in a combination inhaler"", ""Long-acting beta2-agonist (LABA) or regular combined short-acting beta2-agonist + muscarinic antagonist (e.g. Combivent)"", ""Combined long acting beta agonist and long acting muscarinic antagonist (LABA/LAMA)""]",Combined long acting beta agonist and long acting muscarinic antagonist (LABA/LAMA),4,"COPD - still breathless despite using SABA/SAMA and

The correct answer is

Combined long acting beta agonist and long acting muscarinic antagonist (LABA/LAMA)

. According to the NICE guidelines for COPD management, patients who remain breathless or have exacerbations despite using a short-acting bronchodilator (such as salbutamol) should be offered a long-acting bronchodilator. For patients with an FEV1 ≥50% predicted (this patient has 60%), who remain breathless despite using a short-acting bronchodilator, the recommended next step is a LABA/LAMA combination. This dual bronchodilation provides complementary mechanisms of action: LABAs stimulate beta-2 receptors causing bronchodilation, while LAMAs block muscarinic receptors preventing bronchoconstriction. The combination provides superior bronchodilation compared to either agent alone. Additionally, the patient has no history of asthma, eosinophilia, or FEV1 variation, which would be indicators for considering inhaled corticosteroids.

Long-acting beta2-agonist (LABA) or inhaled corticosteroid

is incorrect. While a LABA could be considered as monotherapy in COPD, offering an inhaled corticosteroid (ICS) alone is not recommended in COPD management. ICS monotherapy has limited efficacy in COPD and should only be used in combination with bronchodilators in specific circumstances, such as in patients with features of asthma-COPD overlap or those with high eosinophil counts who experience frequent exacerbations. This patient has no history of asthma, eosinophilia, or FEV1 variation, making ICS inappropriate as a first-line option.

Long-acting muscarinic antagonist (LAMA) + inhaled corticosteroid (ICS) in a combination inhaler or long-acting beta2-agoinst (LABA)

is incorrect. This option presents two separate treatment pathways. While a LAMA or LABA could be considered individually, the combination of LAMA+ICS is not a standard recommended combination in COPD guidelines. ICS should typically be added to dual bronchodilation (LABA+LAMA) in patients with frequent exacerbations and elevated eosinophil counts, not combined with LAMA alone. Additionally, this patient has no indications for ICS therapy based on the clinical information provided.

Long-acting beta2-agonist (LABA) or LABA + inhaled corticosteroid (ICS) in a combination inhaler

is incorrect. While LABA monotherapy could be considered, the LABA+ICS combination would not be appropriate at this stage for this patient. LABA+ICS is typically reserved for patients with COPD who have features suggesting a steroid-responsive component, such as a history of asthma, blood eosinophilia, or significant FEV1 variability. The patient explicitly has none of these features, making LABA+ICS inappropriate as a next step in management.

Long-acting beta2-agonist (LABA) or regular combined short-acting beta2-agonist + muscarinic antagonist (e.g. Combivent)

is incorrect. While LABA monotherapy could be considered, using regular short-acting bronchodilator combinations would not be the most appropriate next step. Short-acting bronchodilators are primarily used for symptom relief on an as-needed basis. When patients remain symptomatic despite as-needed short-acting bronchodilators (as in this case), the appropriate escalation is to long-acting agents rather than increasing the frequency of short-acting medications. Regular use of short-acting combinations is less convenient (requiring multiple daily dosing) and potentially less effective than long-acting alternatives."
5,"A 35-year-old female presents with shortness of breath. The following blood gases are obtained on room air:


pH	7.54
pCO2	1.8 kPa
pO2	12.4 kPa

Which one of the following should not be included on the list of differential diagnoses?","[""Opiate overdose"", ""Pulmonary embolism"", ""Pregnancy"", ""Encephalitis"", ""Anxiety""]",Opiate overdose,0,
6,You review a patient in the respiratory clinic who has a history of recurrent pulmonary embolism despite anticoagulation with warfarin. Which one of the following physiological changes would be expected?,"[""Increased lung compliance"", ""Reduced TLCO"", ""Reduced forced vital capacity"", ""Reduced FEV1"", ""Increased FEV1 / FVC ratio""]",Reduced TLCO,1,
7,"A 37-year-old man has been admitted to the intensive care unit via the emergency department with a reduced consciousness level and cyanosis.

Oxygen saturation in the emergency department was 94% but peripheral and central cyanosis was present.

Arterial blood gas monitoring shows significant hypoxia but no evidence of methaemoglobin.

It is suspected that the patient has carbon monoxide poisoning and he is intubated and ventilated with the aim to stop his oxygen dissociation curve from shifting further to the left.

What would cause this shift in the oxygen dissociation curve?","[""Acidosis"", ""Hypercapnia"", ""Hyperthermia"", ""Hypocapnia"", ""Raised 2,3-diphosphoglycerate""]",Hypocapnia,3,"Shifts the oxygen dissociation curve to the left - low pCO2

Haemoglobin having a higher affinity for oxygen means that it is more reluctant to release oxygen to the tissues. This is associated with a left shift of the oxygen dissociation curve.

Hypocapnia

is the only option that causes a left shift and is therefore correct.

Acidosis

causes a right shift of the oxygen dissociation curve and is referred to as the Bohr effect. This states that haemoglobin's oxygen binding capacity is inversely proportional to acidity. An increase in hydrogen ion concentration leads to the stabilisation of deoxyhaemoglobin making it more difficult for oxygen to bind.

Hypercapnia

has the opposite effect of hypocapnia and causes a right shift. Hypercapnia leads to a right shift in a couple of ways. Increased carbon dioxide leads to an increased concentration of carbaminohaemoglobin which, as with hydrogen ions, stabilises deoxyhaemoglobin. Hypercapnia also leads to an increased concentration of hydrogen ions which also leads to stabilisation as mentioned above.

Hyperthermia

leads to a right shift of the curve by denaturing the bond between oxygen and haemoglobin, thus making it harder for oxygen to bind to haemoglobin.

2,3-diphosphoglycerate is a protein found within erythrocytes that readily binds to deoxygenated haemoglobin. 2,3-diphosphoglycerate stops oxygen from binding to haemoglobin as easily leading to difficulty in oxygen binding in the lungs and easier oxygen release into the tissues. For this reason,

raised 2,3-diphosphoglycerate

shifts the oxygen dissociation curve to the right."
8,"A 21-year-old man presents with acute onset left-sided pleuritic chest pain which has been ongoing for four hours. However, since his arrival, the pain has completely resolved. He has no known medical history or regular medication, and there is no recent history of trauma.

His respiratory rate is 16 breaths per minute, heart rate is 75 beats per minute, blood pressure is 120/64 mmHg, oxygen saturation is 99% on room air, and his temperature is 36.5 ºC.

A chest x-ray revealed a left-sided apical pneumothorax measuring 2cm from the pleural edge with no mediastinal shift.

What management plan should be initiated?","[""Admit and monitor over 24 hours"", ""Chest drain insertion"", ""Continuous positive airway pressure"", ""Discharge with regular ambulatory follow-up"", ""Needle decompression""]",Discharge with regular ambulatory follow-up,3,"Minimally symptomatic pneumothorax, regardless of size, can be treated with conservative treatment / regular follow-up

For patients who have pneumothorax without high-risk features such as bilateral pneumothorax, significant hypoxia, underlying lung disease, and those who are ≥ 50 years old with a significant smoking history, an appropriate initial management would be

discharge with regular ambulatory follow-up

. This patient does not show any symptoms and would be suitable for outpatient conservative management. However, hospitals must ensure the availability of appropriate resources for safe ambulatory monitoring of these patients. The patient should receive clear written advice and must be informed to return if symptoms worsen. They should also be followed up in 2-4 days.

It could be considered to

admit and monitor over 24 hours

if the patient has presented acutely with shortness of breath, is older with a significant smoking history, and has no other indications for invasive intervention. However, in the case of this patient who has no symptoms, and lacks high-risk characteristics, outpatient follow-up would be suitable. If appropriate ambulatory follow-up is not available, the patient may need to be admitted to the hospital to intervene if the pneumothorax does not resolve in the coming days. It would be unnecessary to admit the patient for 24 hours with no intention to intervene, as this would only result in an unnecessary hospital admission.

Chest drain insertion

is not necessary in this case as the pneumothorax is not causing any symptoms and this is a primary spontaneous pneumothorax. A suitable alternative for patients with symptomatic pneumothorax and no high-risk features would be needle aspiration, which should be offered to the patient if they were to become symptomatic. If the pneumothorax persists even after needle aspiration, then chest drain insertion can be considered.

It is not recommended to give

continuous positive airway pressure

to patients with pneumothorax as the positive pressure may exacerbate the condition. In case a patient is hospitalised for observation, supplemental oxygen should be provided if they have hypoxia. However, caution is advised when providing supplementary oxygen to patients with carbon dioxide retention.

Needle decompression

of the pneumothorax is not indicated. If haemodynamic compression due to tension pneumothorax is evident, needle decompression would be the first-line treatment. The recommended sites for needle compression are the second intercostal space in the mid-clavicular line or the fifth intercostal space at the mid-axillary line, where the chest wall is thinner."
9,"During a routine health check, a 64-year-old man is noted to have fine crackles on auscultation of the chest and so the GP requests a chest X-ray. The result prompts him to refer the man to the respiratory team, who conduct a CT scan, which includes the following findings:


CT chest	Predominantly lower zone fibrosis

Which of the following is the most likely cause?","[""Ankylosing spondylitis"", ""Exposure to asbestos"", ""Exposure to coal dust"", ""Exposure to crystalline silica dust"", ""Tuberculosis""]",Exposure to asbestos,1,"Asbestosis causes pulmonary fibrosis predominantly affecting the lower zones

The correct answer is exposure to asbestos. Of all the options listed, asbestosis is the only one that leads to lower zone fibrosis. The others cause predominantly upper-zone fibrosis. Asbestos exposure may also lead to the development of benign pleural plaques.

Ankylosing spondylitis is rarely associated with upper zone fibrosis, not lower zone. With regards to pulmonary involvement, cysts, cavities and bronchiectasis may also be seen.

Exposure to coal dust would lead to coal worker's pneumoconiosis, which is also associated with predominantly upper zone fibrosis, not lower zone. Nodules may also be visible; compared to nodules in silicosis, they have less well-defined margins and appear more granular.

Exposure to crystalline silica dust would lead to silicosis, again associated with upper zone fibrosis. In about 10-20% of patients, the nodules seen are calcified.

Tuberculosis can lead to consolidation, cavitation, pleural disease and fibrosis on imaging. The fibrosis, however, is again upper zone, not the lower zone."
10,"A 27-year-old man with a history of 'brittle' asthma is admitted to the Emergency Department with an asthma attack. The paramedics have already administered high-flow oxygen and nebulised salbutamol. He is unable to complete sentences, has a tight bilateral expiratory wheeze and is unable to perform a peak flow reading. His respiratory rate is 30 / minute, sats 94% (on high-flow oxygen) and pulse 120 / minute. He is immediately given intravenous hydrocortisone and nebulised salbutamol is given continuously. After five minutes there is no improvement and intravenous magnesium sulphate is given. After another five minutes an arterial blood gas sample is taken:


pH	7.34
pCO2	6.9 kPa
pO2	8.8 kPa

What is the most appropriate management?","[""Non-invasive ventilation"", ""Add intravenous aminophylline"", ""Give a further bolus of intravenous hydrocortisone"", ""Add nebulised ipratropium bromide and review in 10 minutes"", ""Intubation""]",Intubation,4,
11,"Each one of the following is a known cause of occupational asthma, except:","[""Isocyanates"", ""Cadmium"", ""Soldering flux resin"", ""Flour"", ""Platinum salts""]",Cadmium,1,
12,"A 37-year-old man with poorly-controlled asthma is admitted with a suspected infective exacerbation. He had a fever, a cough productive of thick brown mucous plugs, and occasional haemoptysis. On examination, there was no wheeze, and his vital signs were stable.

A chest X-ray revealed upper lobe opacities, tram-track and signet ring signs. Blood tests revealed elevated eosinophils, increased total IgE concentration and detectable IgE specific to Aspergillus fumigatus. He recently had a negative interferon-gamma release assay.

What is the most important treatment for this patient's condition?","[""Intravenous broad-spectrum antibiotics"", ""Itraconazole"", ""Ketoconazole"", ""Prednisolone"", ""Fluconazole""]",Prednisolone,3,"Oral glucocorticoids are the treatment of choice for allergic bronchopulmonary aspergillosis

This patient meets the diagnostic criteria of allergic bronchopulmonary aspergillosis. As such, the most important treatment for this condition is the use of systemic corticosteroids (

prednisolone

) to which nearly all patients achieve significant improvement in clinical parameters.

Itraconazole

is an adjunct therapy used in those receiving frequent corticosteroids. However, it is not necessary nor effective alone for the management of this condition.

Ketoconazole

is less-preferred compared to itraconazole due to higher risks of adverse effects.

Intravenous broad-spectrum antibiotics

would not be required in this patient. Even if they were diagnosed as community-acquired pneumonia, it would be non-severe and appropriate to manage with oral antibiotics alone.

Fluconazole

is certainly an azole antifungal and a relatively safe one, but there is evidence to suggest its efficacy against aspergillus infections is significantly inferior to the other options."
13,A 45-year-old man is noted to have bilateral hilar lymphadenopathy on chest x-ray. Which one of the following is the least likely cause?,"[""Amyloidosis"", ""Sarcoidosis"", ""Histoplasmosis"", ""Tuberculosis"", ""Berylliosis""]",Amyloidosis,0,
14,"A 72-year-old man returns to the respiratory clinic for the results of a recent CT chest performed after lung findings were initially identified on a chest x-ray performed as part of a pre-operation workup.

Multiple translucent deposits were originally noted on the lung line and the CT chest has confirmed they are in keeping with pleural plaques. On questioning the patient reports he was previously employed in the building industry, working with, amongst other materials, asbestos.

What course of action is recommended for this patient?","[""No follow-up required"", ""Refer immediately for palliative chemotherapy"", ""Refer immediately for workup chemotherapy treatment"", ""Repeat CT chest in 6 months"", ""Repeat CT chest in 6 weeks""]",No follow-up required,0,"Pleural plaques are benign and do not undergo malignant change. They, therefore don't require any follow-up.

Pleural plaques are the commonest form of asbestos-related lung changes however they do not undergo any form of malignant progression and therefore are considered benign. For this reason

no follow-up is required

for the presences of pleural plaques alone. Patients with exposure to asbestos and respiratory symptoms are occasionally offered some form of follow-ups but this would commonly be via repeat chest x-rays and would be infrequent (i.e. annually). Mesothelioma on the other hand is a malignant disease of the pleural secondary to asbestosis exposure. Although normally diagnosed via fluid cytology/histology, x-rays may show pleural thickening which can be confirmed on CT confirm along with the presence of pleural fluid/effusion (note these changes appear different to those of pleural plaques).

If confirmed mesothelioma treatment options are unfortunately limited. Prognosis is very poor with no intervention offering significant benefit.

Palliative chemotherapy

is commonly offered to patients with radiotherapy and surgery sometimes have a role in the condition.

Pleural plaques require no form of treatment and therefore

workup for chemotherapy treatment

is not required. There is no role for curative chemotherapy in mesothelioma either although palliative chemotherapy options are normally offered to patients.

As pleural plaques are benign there is no requirement for follow-up. Repeat X-rays may be offered in some cases but a

repeat CT chest in 6 months

would not be justified.

Again due to their benign nature follow-up is not required for pleural plaques and there are very limited conditions that would require a

repeat CT chest in 6 weeks

."
15,"A 15-year-old girl attends the emergency department with a three-hour history of shortness of breath on a background of asthma. She was treated with oxygen, intravenous magnesium, and ipratropium/salbutamol nebulisers on admission.

Despite treatment, her respiration rate is 35/min, saturations 93%, heart rate is 112/min, and temperature 37.3ºC. Her peak expiratory flow rate is 40% of predicted. On examination, she is having difficulty completing sentences and there is widespread wheeze on auscultation.

A subsequent arterial blood gas is shown below:


pH	7.37	(7.35-7.45)
pO2	10.1 kPa	(>9 kPa)
pCO2	4.9 kPa	(4.7-6.0 kPa)
Base excess	1.1	(-2 to 2)
Lactate	1.9 mmol/L	(<2 mmol/L)

What is the most appropriate classification for this asthma attack?","[""Severe"", ""Life-threatening"", ""Mild"", ""Moderate"", ""Near-fatal""]",Life-threatening,1,"A normal pCO2 in a patient with acute severe asthma is an indicator that the attack may classified be life-threatening

This young woman fulfils the criteria for a life-threatening asthma attack due to the normal pCO2 recorded on the arterial blood gas. Note that this is a worrying feature and a sign of tiring respiratory effort as the high respiratory rate driven by her hypoxia should result in a low pCO2.

Severe is incorrect due to this girl's normal pCO2 as discussed above.

Mild does not exist as a classification for an acute asthma attack.

This girl demonstrates several criteria that make moderate an incorrect answer. These include her respiratory rate, pulse rate, PEFR, difficulty completing sentences, and pCO2.

Near-fatal is defined as a raised pCO2 rather than a normal pCO2."
16,"A 32-year-old man, who works as a bird fancier, presents with a 5-day history of fever and general malaise. He has an associated non-productive cough and mild shortness of breath. He has no significant past medical history.

On examination, he appears unwell but there is no obvious respiratory distress. Auscultation reveals left-sided crepitations and vesicular breathing. Mild hepatomegaly is found on examination. Serology is taken which comes back positive for Chlamydia psittaci.

What is the most appropriate first-line management?","[""Amoxicillin"", ""Ciprofloxacin"", ""Doxycycline"", ""Erythromycin"", ""Levofloxacin""]",Doxycycline,2,"Chlamydia psittaci

The correct answer is doxycycline. Psittacosis is incredibly rare, with only a few cases presenting annually. Transmission is from birds to humans, rarely from human-to-human and so isolation is not necessary. Diagnosis is confirmed with serology, usually as part of atypical pneumonia screening. First-line treatment is using tetracycline antibiotics.

Amoxicillin is incorrect - this is not listed as an appropriate antibiotic for use against

Chlamydia psittaci

.

Ciprofloxacin is a quinolone antibiotic. Whilst ciprofloxacin itself is not recommended here, moxifloxacin, another quinolone, is considered a second-line option alongside macrolides. Doxycycline or another tetracycline should be used first.

Erythromycin, and the macrolide class of antibiotics, are second-line options for treating psittacosis. Doxycycline remains first-line.

Similar to ciprofloxacin, levofloxacin is another quinolone and so is incorrect - doxycycline should be tried first."
17,"Each one of the following is a risk factor for lung cancer, except:","[""Radon"", ""Cryptogenic fibrosing alveolitis"", ""Coal dust"", ""Asbestos"", ""Arsenic""]",Coal dust,2,
18,Which of the following factors is least useful in assessing patients with a poor prognosis in community-acquired pneumonia?,"[""Abbreviated Mental Test Score (AMTS) of 6/10"", ""Urea of 11.4 mmol/l"", ""C-reactive protein of 154"", ""Respiratory rate of 30"", ""Aged 75 years old""]",C-reactive protein of 154,2,
19,"A 65-year-old man presents to the emergency department with three days of cough and fever. He has no past medical history. He is a retired roofer.

Observations:


Heart rate 88 beats per minute
Oxygen saturation 96% on room air
Respiratory rate 18/minute
Blood pressure 131/72 mmHg
Temperature 37.8C

The examination is unremarkable.

A chest-x-ray demonstrates multiple calcified plaques in the lower zones but no consolidation.

He is treated with oral antibiotics.

What is the appropriate management of the radiographic findings?","[""Bronchoscopy"", ""High resolution CT chest in three months"", ""No follow-up required"", ""Pleural biopsy"", ""Repeat chest-ray in six weeks""]",No follow-up required,2,"Pleural plaques are benign and do not undergo malignant change. They, therefore don't require any follow-up.

No follow-up required

is the correct answer. The patient has an incidental finding of multiple lower zone calcified plaques while being investigated for a lower respiratory tract infection.  In the context of his profession as a retired roofer, these are likely to represent pleural plaques as a consequence of asbestos exposure. They are benign and do not require specific follow-up

High resolution CT chest in three months

is incorrect. This would be a suitable follow-up for some forms of lung nodules rather than pleural plaques.

Pleural biopsy

is incorrect. If mesothelioma was suspected then a pleural biopsy may be indicated. Mesothelioma tends to develop after a long latency in patients exposed to asbestos and has a dismal prognosis. However, it does not present with plaque-like lesions but typically a pleural opacity, reduction in lung volume or pleural effusion.

Bronchoscopy

is incorrect. This may be indicated if we suspected lung cancer or atypical infection. However, the patient is well apart from a mild temperature and there are no lesions suspicious of malignancy or chest x-ray findings suggestive of an unusual infection. Therefore there is no indication to carry out a bronchoscopy.

Repeat chest-ray in six weeks

is incorrect. This would be suitable if there was chest x-ray evidence of consolidation (to ensure resolution)."
20,"A 26-year-old man presents with a 3-month history of intermittent wheezing, chest tightness, and shortness of breath, particularly at night, in cold weather and after exercise. He reports occasional use of his partner's inhaler, which helps relieve his symptoms. There is no history of smoking or known allergies.

Initial investigations, including eosinophil count and fractional exhaled nitric oxide testing, return within normal limits. Spirometry is not available in the clinic.

What investigation should be performed next?","[""Bronchial challenge test"", ""Peak expiratory flow monitoring once daily for 2 weeks"", ""Peak expiratory flow monitoring twice daily for 2 weeks"", ""Peak expiratory flow monitoring twice daily for 2 weeks with and without bronchodilators"", ""Serum IgE and specific allergen testing""]",Peak expiratory flow monitoring twice daily for 2 weeks,2,"If eosinophil count/FeNO do not confirm suspected asthma, and spirometry is not available then measure peak expiratory flow (PEF) twice daily for 2 weeks

Peak expiratory flow (PEF) monitoring twice daily for 2 weeks

is the correct next step because it helps assess variability in airflow over time, which is characteristic of asthma. This method is widely used in practice, especially when spirometry is unavailable. Monitoring twice daily for 2 weeks captures the daily fluctuations in PEF, especially during periods of exacerbation or symptom-free intervals. This approach also allows for the correlation of symptoms with PEF variability, aiding in the diagnosis of asthma.

Bronchial challenge test

is incorrect because it is typically reserved for cases where asthma remains suspected but has not been confirmed by standard tests, including eosinophil count, fractional exhaled nitric oxide FeNO, bronchodilator reversibility BDR, or PEF variability. In this case, PEF monitoring should be performed first, as it is a simple, accessible method to assess variability over time. A bronchial challenge test, which involves administering a bronchoconstrictive agent like methacholine or histamine, is usually considered only if prior investigations are inconclusive but clinical suspicion remains high.

Peak expiratory flow monitoring once daily for 2 weeks

is incorrect because once-daily measurements do not provide sufficient data to assess variability, which is crucial for diagnosing asthma. Peak expiratory flow varies throughout the day, often being lower in the morning and higher in the evening. Measuring twice daily helps detect significant fluctuations that indicate airway hyperresponsiveness.

Peak expiratory flow monitoring twice daily for 2 weeks with and without bronchodilators

is incorrect because bronchodilator testing is typically used in cases where there is a need to confirm reversibility of airway obstruction. At this stage, simple PEF monitoring twice daily is adequate, and adding bronchodilators could complicate the investigation unnecessarily. It is generally used when the diagnosis is more uncertain, not for initial asthma assessment.

Serum IgE and specific allergen testing

is incorrect because although allergies are a common asthma trigger, their presence does not confirm asthma. Many patients with asthma do not have allergic sensitisation, and some individuals with elevated IgE levels do not develop asthma. Diagnosis should focus on objective measures of airway obstruction and variability, such as peak expiratory flow monitoring."
21,A 65-year-old man presents with progressive shortness-of-breath. On examination he is found to have fine crackles in both lung bases and oxygen saturations of 93% on room air. A diagnosis of idiopathic pulmonary fibrosis is suspected. Which one of the following chest x-ray findings develops first in patients with idiopathic pulmonary fibrosis?,"[""Asymmetrical upper zone 'ground-glass' changes"", ""Small, peripheral opacities in the lower zones"", ""Perihilar horizontal septal lines"", ""Honeycombing"", ""Loss of left heart border""]","Small, peripheral opacities in the lower zones",1,
22,"A 27-year-old man presents to a mountain clinic after ascending to an altitude of 4,500 meters over the past three days. He reports progressive shortness of breath, dry cough, and extreme fatigue. His symptoms began 24 hours ago and have been worsening. He denies fever or significant chest pain.

On examination, his oxygen saturation is 68%(Normal range: 95-100%) on room air, and he appears visibly dyspneic. Bilateral inspiratory crackles are heard on chest auscultation, but there are no signs of peripheral oedema or jugular venous distension.

What is the most likely underlying mechanism of this presentation?","[""Alveolar-capillary barrier dysfunction due to endothelial damage"", ""Autoimmune-mediated pulmonary capillaritis"", ""Hydrostatic pressure overload due to impaired left ventricular function"", ""Uneven hypoxic pulmonary vasoconstriction"", ""Viral-induced interstitial inflammation""]",Uneven hypoxic pulmonary vasoconstriction,3,"High altitude pulmonary oedema (HAPE): uneven hypoxic pulmonary vasoconstriction is a key pathophysiological step

Uneven hypoxic pulmonary vasoconstriction

is the correct answer, as the pathophysiological mechanism central to high-altitude pulmonary oedema (HAPE) is uneven hypoxic pulmonary vasoconstriction. At elevated altitudes, hypoxia induces vasoconstriction within the pulmonary circulation in an adaptive attempt to redistribute blood flow towards better-ventilated regions. However, this response can be heterogeneous, leading to areas of increased capillary pressure, capillary stress failure and subsequent fluid transudation into the alveolar spaces. The clinical presentation of rapid ascent, hypoxaemia, dyspnoea and the presence of crackles in this patient strongly supports a diagnosis of HAPE. The absence of systemic features such as fever and normal jugular venous pressure aids in ruling out alternative diagnoses. It is this uneven nature of the hypoxic vasoconstriction that directly contributes to the non-inflammatory fluid accumulation observed in HAPE.

Alveolar-capillary barrier dysfunction due to endothelial damage

is incorrect because while endothelial injury does occur in HAPE, it represents a secondary event that follows from the primary insult of hypoxic pulmonary vasoconstriction and resultant capillary stress. The initial trigger for HAPE remains an irregular response of the pulmonary vasculature to hypoxia rather than primary endothelial dysfunction per se, which cannot account for the precipitating event in this clinical context.

Autoimmune-mediated pulmonary capillaritis

is incorrect because pulmonary capillaritis is typically associated with autoimmune conditions such as granulomatosis with polyangiitis and characteristically presents with systemic symptoms including fever and malaise, often accompanied by haemoptysis. In this case, the absence of systemic inflammatory signs or haemoptysis and a clear association with recent altitude gain significantly diminishes the likelihood of an autoimmune process being responsible for this presentation.

Hydrostatic pressure overload due to impaired left ventricular function

is incorrect because although hydrostatic pulmonary oedema resulting from left ventricular dysfunction may present with dyspnoea and crackles, it appears improbable here given that there are no signs indicative of systemic involvement such as raised jugular venous pressure or peripheral oedema. Moreover, this mechanism has no relation to altitude exposure as described in this scenario. The patient's symptoms are more coherently explained by HAPE-associated hypoxia-induced pulmonary vasoconstriction.

Viral-induced interstitial inflammation

is incorrect because viral pneumonitis typically presents with symptoms such as fever, productive cough and diffuse interstitial changes on radiological imaging. Given the absence of these characteristics combined with a history suggestive of rapid ascent to high altitude, a viral origin seems unlikely. Additionally, the presence of crackles without fever coupled with temporal association with altitude exposure further negates viral infection as a plausible cause."
23,Which one of the following would shift the oxygen dissociation curve to the right?,"[""Alkalosis"", ""HbF"", ""Low 2,3-DPG levels"", ""High pCO2 levels"", ""Methaemoglobin""]",High pCO2 levels,3,"Oxygen dissociation curve

The correct answer is

High pCO2 levels

shifts the oxygen dissociation curve to the right. This is part of the Bohr effect, where increased CO2 levels (and resulting acidosis) cause decreased hemoglobin affinity for oxygen, facilitating oxygen release to tissues. This rightward shift is physiologically important during exercise when metabolically active tissues produce more CO2 and require more oxygen.

Alkalosis

causes a leftward shift of the curve, increasing hemoglobin's affinity for oxygen and making it harder for tissues to extract oxygen.

HbF

(fetal hemoglobin) has a higher affinity for oxygen than adult hemoglobin and causes a leftward shift of the curve. This is physiologically important for fetal oxygen uptake from maternal blood.

Low 2,3-DPG levels

cause a leftward shift as 2,3-DPG normally decreases hemoglobin's affinity for oxygen. When levels are low, oxygen binding increases.

Methaemoglobin

formation results in a leftward shift of the oxygen dissociation curve. Methaemoglobin cannot bind oxygen reversibly and increases the affinity of the remaining normal haem groups for oxygen."
24,"A 64-year-old woman with a background of asthma is referred to the respiratory clinic with worsening shortness of breath over the past few months. She was diagnosed with asthma when she was in her teens and currently takes an inhaled corticosteroid inhaler with an as required salbutamol inhaler which she rarely uses. She does not describe any wheeze or nocturnal symptoms and her inhaler technique in the clinic is excellent. She tells you that she is compliant with her medications. She has no other medical problems and is a non-smoker.

On examination, the patient is sitting comfortably at rest and talking in full sentences. Her oxygen saturations are 96% on air and her body mass index is 30 kg/m². Chest examination is clear.

As part of the work up the patient had a chest x-ray which shows a normal sized heart and clear lung fields. She has also had some lung function tests which show:


FEV1	3.30L (96.1%)
FVC	3.92L (88.6%)
FEV1/FVC	0.84
TLCO	77.4%
KCO	101.9%

What is the likely cause of the patient's shortness of breath?","[""Obesity"", ""Acute exacerbation of asthma"", ""Pulmonary haemorrhage"", ""Pulmonary fibrosis"", ""Polycythaemia""]",Obesity,0,
25,"A 29-year-old man is on a hiking expedition up Mount Everest. Upon reaching around 5000m, he starts to feel unwell, complaining to his team members of headache. He appears to have poor coordination and slurred speech.

Given the likely occurrence, what is the most appropriate treatment?","[""Descent and acetazolamide"", ""Descent and dexamethasone"", ""Descent and mannitol"", ""Descent and nifedipine"", ""Descent and oxygen""]",Descent and dexamethasone,1,"Management of high altitude cerebral edema (HACE) is with descent + dexamethasone

The scenario being described here is high altitude cerebral oedema (HACE), a potentially fatal condition that can develop above 4000m. Correct management is to descend as soon as possible and to administer dexamethasone.

Descent with acetazolamide is incorrect. This would be appropriate for high altitude pulmonary oedema (HAPE), which would present with classic pulmonary oedema features. Acetazolamide may also be used for acute mountain sickness (AMS), which is generally self-limiting.

The use of mannitol does not form part of routine management for HACE. Dexamethasone should be given.

Nifedipine plays a role in the management of HAPE. It would not typically be used for HACE.

Oxygen would also be of benefit in HAPE - if available - alongside descent and drugs. It does not play a role in the management of HACE."
26,A 29-year-old man is admitted with sudden onset dyspnoea and pleuritic chest pain. He is a smoker but has no history of respiratory disease. He considers himself healthy and regularly plays rugby. On admission he has a chest x-ray that shows a pneumothorax with a 3cm rim of air. Aspiration is successful and he is discharged. A follow-up chest x-ray two weeks later shows a complete resolution. What is the single most important piece of advice to reduce his risk of further pneumothoraces?,"[""Avoid flying for 12 months"", ""Avoid contact sports for 12 months"", ""Stop smoking"", ""Arrange a course of respiratory physiotherapy"", ""Seek prompt medical advice for potential respiratory infections""]",Stop smoking,2,
27,"A 40-year male with late-onset asthma presents with a 3-week history of non-specific symptoms of a dry cough, fever, weight loss and fatigue.

He is known to have poorly controlled asthma with frequent exacerbations despite management with high dose inhaled corticosteroids and a long-acting β2-agonist. He reports at his last respiratory clinic, a few months ago, he was started on the next line of medication.

His blood and chest x-ray (CXR) results are:


	Patient's results	Reference ranges
Haemoglobin	130	130-180 g/L
White cell count	13.0	4.0-11.0 Ã—109/L
Platelet count	400 Ã—109	150-400/L
Na+	140	136-146 mmol/L
K+	3.9	3.5-5.0 mmol/L
Creatinine	90	53-106 µmol/L

CXR: bilateral non-specific lung infiltrates.

Which of the following is the most likely diagnosis?","[""Anti-glomerular basement membrane disease (Goodpasture syndrome)"", ""Bronchiectasis"", ""Eosinophilic granulomatosis with polyangiitis (Churg-Strauss syndrome)"", ""Granulomatosis with polyangiitis (Wegener's granulomatosis)"", ""Hypersensitivity pneumonitis""]",Eosinophilic granulomatosis with polyangiitis (Churg-Strauss syndrome),2,"Unmasking of Churg-Strauss syndrome: Montelukast

The patient has most likely developed eosinophilic granulomatosis with polyangiitis (Churg-Strauss syndrome) secondary to being started on the leukotriene receptor antagonists montelukast. Montelukast is used in patients with poorly controlled asthma, who are already established on inhaled corticosteroids and long-acting β2-agonists. The drug has been associated with the unmasking of eosinophilic granulomatosis with polyangiitis. The patient has the typical eosinophilic stage symptoms (fever, malaise, cough) as well as the raised white cell count and lung infiltrates. Confirmation of eosinophilia would assist with the diagnosis prompt further work-up and management.

Anti-glomerular basement membrane disease (Goodpasture syndrome) is a possible diagnosis. However, it is not the most likely diagnosis as the condition normally affects both the kidneys and the lungs with under 10% having lung involvement alone. Patients with lung involvement normally present with symptoms of haemoptysis and chest pain with or without haematuria. Finally, the patient's symptoms started following initiating a new asthma medication, in this case montelukast, which has no association with anti-glomerular basement membrane disease (Goodpasture syndrome).

Bronchiectasis is incorrect as the patient's presentation is not in keeping with this condition. Patient's normal experience a productive cough with large amounts of sputum. The patient's symptoms also started recently following the initiation of a new medication, likely montelukast, which does not fit with the pathology of bronchiectasis.

Granulomatosis with polyangiitis (Wegener's granulomatosis) is a possibility however the patient is not reporting involvement of the upper respiratory tract (nose and sinuses etc) which is seen in nearly all patients with the condition; typical symptoms include epistaxis, sinusitis, coryzal symptoms and finally nose deformity. Again the patient's symptoms started recently following the initiation of a new medication, likely montelukast, which has no association with granulomatosis with polyangiitis.

Hypersensitivity pneumonitis is caused by a specific immunological response (usually IgG-mediated) to inhaled organic dust. The patient normal has a history of exposure to antigen and the diagnosis via demonstration of precipitating antibodies in the patient's serum. This patient's symptoms started and have progressed since the initiation of a new medication and there is nothing in the history to suggest a recent increase in organic dust exposure."
28,Which of the following is not a recognised cause of pulmonary eosinophilia?,"[""Churg-Strauss syndrome"", ""Sulphonamides"", ""Extrinsic allergic alveolitis"", ""Loffler's syndrome"", ""Allergic bronchopulmonary aspergillosis""]",Extrinsic allergic alveolitis,2,
29,"A 57-year-old man presents to the GP with shortness of breath, coughing, and wheeze. He has a 40-pack-year history of smoking, although has recently cut down.

He is referred for spirometry, which reinforces a diagnosis of chronic obstructive pulmonary disease. It is noted that his functional residual capacity is increased.

How is this metric calculated?","[""Expiratory reserve volume + residual volume"", ""Expiratory reserve volume + tidal volume + inspiratory reserve volume"", ""Inspiratory reserve volume + residual volume"", ""Residual volume + expiratory reserve volume + tidal volume + inspiratory reserve volume"", ""Tidal volume + inspiratory reserve volume""]",Expiratory reserve volume + residual volume,0,"Functional residual capacity = Expiratory reserve volume  + Residual volume

The correct answer is expiratory reserve volume (ERV) + residual volume (RV). This is the volume of air remaining in the lungs at the end-expiratory position. This is increased in COPD because the lungs are more compliant and outward recoil of the chest is disturbed.

ERV + tidal volume (TV) + inspiratory reserve volume (IRV) refers to the vital capacity (VC). This the maximum air that one can expel after maximum inhalation.

IRV + RV is not a meaningful figure.

RV + ERV + TV + IRV gives the total lung capacity (TLC). As the name suggests, this is the entire capacity of the lung, including residual volume and volume at maximum inhalation.

TV + IRV refers to the inspiratory capacity (IC), which takes into account both the air taken in with tidal volume and the air taken in through maximum inhalation."
30,"A 45-year-old female with a 30 pack-year history of smoking is admitted to the Emergency Department with shortness of breath. Arterial blood gases taken on room air are as follows:


pH	7.49
pCO2	2.9 kPa
pO2	8.8 kPa

Which one of the following is the most likely diagnosis?","[""Salicylate overdose"", ""Chronic obstructive pulmonary disease"", ""Pulmonary embolism"", ""Vomiting"", ""Anxiety""]",Pulmonary embolism,2,
31,"A 34-year-old woman to the emergency department with left flank pain and haematuria as well as deep pain in her knees and hips. She reports feeling generally unwell over the past 2 months, with increasing shortness of breath, a non-productive cough and constipation. Although she hasn't weighed herself, she feels her clothes hang looser and she has regularly felt feverish over the same period. Her family also states she has had periods of confusion.

A chest x-ray is performed and bilateral hilar shadowing is observed, the rest of the lung fields appear normal.

What is the most likely diagnosis?","[""Goodpasture's syndrome"", ""Granulomatosis with polyangitis"", ""Hodgkin's lymphoma"", ""Sarcoidosis"", ""Systemic lupus erythematous""]",Sarcoidosis,3,"Hypercalcaemia + bilateral hilar lymphadenopathy → ?sarcoidosis

The patient has presented with clinical features that are suggestive of hypercalcaemia. The abdominal pain and haematuria could indicate the presence of a renal calculus, while the deep-seated pain she is experiencing is likely to be bone pain. She is also experiencing constipation and confusion, further symptoms of hypercalcaemia. The respiratory symptoms and radiographic findings indicative of bilateral hilar lymphadenopathy further raise suspicion for

sarcoidosis

, which is also supported by her unintentional weight loss and fever. Sarcoidosis is a granulomatous disorder known to manifest with an array of symptoms, including but not limited to erythema nodosum, arthralgia, uveitis, and lupus pernio rash.

Goodpasture's syndrome

typically presents with haematuria; however, one would also anticipate observing haemoptysis, which this patient does not exhibit. Goodpasture's syndrome involves anti-glomerular basement membrane antibodies and is associated with a high mortality rate. It does not typically present with hypercalcaemia or bilateral hilar lymphadenopathy.

Granulomatosis with polyangiitis

, a rheumatological condition characterised by granuloma formation, leads to chronic sinusitis and pulmonary haemorrhage'both absent in this case. Additional manifestations include nasal bridge destruction, arthralgia, and fatigue. This condition does not usually present with hypercalcaemia or bilateral hilar lymphadenopathy.

While

Hodgkin's lymphoma

can be associated with bilateral hilar lymphadenopathy as well as weight loss and fevers, it generally does not cause hypercalcaemia; thus sarcoidosis remains the more probable diagnosis for this presentation.

Systemic lupus erythematosus

(SLE) is a diverse systemic rheumatological condition that can present in various forms, including weight loss and fever. Nonetheless, it typically does not involve hypercalcaemia or bilateral hilar lymphadenopathy and therefore is less likely in this clinical scenario."
32,"A 34-year-old man is referred for transplant assessment by his respiratory physician. He has a past medical history of cystic fibrosis. In the last year, he has had frequent admissions to hospital requiring intravenous antibiotics and his disease is progressing despite optimal medical therapy with antibiotics, bronchodilators, mucolytics, cystic fibrosis transmembrane conductance regulator (CFTR) modulator treatment (Orkambi), bone protection and physiotherapy.

He has no allergies. He lives in shared accommodation and is currently unemployed. He has no family that lives locally to support him. He is compliant with all of his treatments.

On examination, he is underweight with a body mass index of 17.5 kg/m². He has occasional crackles throughout both lung fields. There is no peripheral oedema.

A bone densitometry (DEXA) scan demonstrates a lumbar spine T score of -3.

A sputum culture grows both Burkholderia cepacia and Mycobacterium abscessus .

Lung function testing demonstrates an FEV1 of 27%.

What feature in this patient's history is an absolute contraindication to lung transplant?","[""Burkholderia cepacia colonization"", ""Mycobacterium abscessus colonization"", ""T score of -3"", ""FEV1 < 30%"", ""BMI of 17.5 kg/m²""]",Burkholderia cepacia colonization,0,"Chronic infection with

Burkholderia cepacia

colonization is the correct answer. Specifically,

Burkholderia cepacia

genomavar III (cenocepacia) has been found to be associated with a survival rate that is unacceptably low to justify transplantation. Other absolute contraindications include systemic sepsis and failure to identify an appropriate antibiotic regimen for treatment.

Mycobacterium abscessus

colonization is incorrect. This is a relative contraindication to lung transplantation.

Osteoporosis is incorrect. This is a relative contraindication to lung transplantation. Thoracic surgery is significantly more complex in the setting of poor bone density.

FEV1 < 30% is incorrect. Rather than being a contraindication, this is a typical threshold at which point someone with cystic fibrosis might be referred for transplant assessment.

BMI < 18 is incorrect. This is a relative contraindication."
33,"A 52-year-old Afro-Caribbean female with a known past medical history of sarcoidosis attends her GP for increased frequency of urination and polydipsia. Her GP decides to do some blood tests which are as follows:


Hb	132 g/l
Platelets	250 * 109/l
WBC	6.6 * 109/l


Na+	139 mmol/l
K+	4.4 mmol/l
Urea	4.8 mmol/l
Creatinine	79 µmol/l


Adjusted calcium	2.93mmol/l

What is the most likely mechanism of hypercalcaemia?","[""Primary hyperparathyroidism"", ""Secondary hyperparathyroidism"", ""Paget's disease"", ""PTHrP release"", ""Increased activation of vitamin D""]",Increased activation of vitamin D,4,
34,A 43-year-old lifelong non-smoker is diagnosed as having emphysema. Further tests reveal that he has alpha-1 antitrypsin deficiency. What is the main role of alpha-1 antitrypsin in the body?,"[""Nicotinic receptor activator"", ""Protease inhibitor"", ""5-alpha-reductase inhibitor"", ""Trypsin activator"", ""Phosphodiesterase inhibitor""]",Protease inhibitor,1,
35,A 74-year-old woman with thyroid cancer is admitted due to shortness of breath. What is the best investigation to assess for possible compression of the upper airways?,"[""Arterial blood gases"", ""Forced vital capacity"", ""Transfer factor"", ""Peak expiratory flow rate"", ""Flow volume loop""]",Flow volume loop,4,"Flow volume loop is the investigation of choice for upper airway compression

The correct answer is

Flow volume loop

. A flow volume loop (FVL) is a graphical representation of the rate of airflow on the y-axis against the total volume breathed on the x-axis. It provides a dynamic view of lung volumes and capacities, which can be used to identify both obstructive and restrictive lung diseases. In this case, it would help to assess whether there's any upper airway obstruction caused by compression due to thyroid cancer.

Arterial blood gases

are useful in assessing the oxygenation status and acid-base balance of a patient but they do not provide information about possible airway obstruction. They would be more appropriate in evaluating conditions such as respiratory failure or metabolic disturbances.

Forced vital capacity

(FVC) measures the maximum amount of air a person can exhale forcefully after taking the deepest breath possible. While it does provide information about lung capacity, it cannot specifically detect upper airway obstruction.

Transfer factor

, also known as diffusing capacity or DLCO, measures how well oxygen passes from the air sacs of your lungs into your blood. This test is usually done to diagnose conditions that affect the alveolar-capillary membrane like pulmonary fibrosis or emphysema, but it wouldn't directly indicate an upper airway obstruction.

Lastly,

Peak expiratory flow rate

(PEFR) measures how fast a person can exhale. It's often used in monitoring patients with asthma but isn't sensitive enough to detect an upper airway obstruction caused by compression from thyroid cancer.

In summary, while all these tests provide valuable information about different aspects of respiratory function, only a Flow Volume Loop would allow us to assess for possible compression of the upper airways in this patient with thyroid cancer."
36,A 58-year-old man is investigated for a chronic cough and is found to have lung cancer. He enquires whether it may be work related. Which one of the following is most likely to increase his risk of developing lung cancer?,"[""Isocyanates"", ""Soldering flux resin"", ""Passive smoking"", ""Coal dust"", ""Polyvinyl chloride""]",Passive smoking,2,
37,"A 65-year-old man presents to the emergency department with 3 days of shortness of breath. He has a background of heart failure, asthma, and pulmonary fibrosis. On examination, there is a non-blanching rash noted on his lower limbs. His observations are a heart rate of 101 bpm, blood pressure 102/66 mmHg, respiratory rate of 24 breaths/min, oxygen saturation of 92% on room air and temperature of 37.8ºC.


Transfer factor	Raised
Chest x-ray	Multifocal airspace consolidation noted.

What is the most likely diagnosis?","[""Asthma exacerbation"", ""Exacerbation of pulmonary fibrosis"", ""Pneumonia"", ""Pulmonary haemorrhage"", ""Pulmonary oedema""]",Pulmonary haemorrhage,3,"Pulmonary haemorrhage may be associated with a raised transfer factor for carbon monoxide

Pulmonary haemorrhage

is correct. The patient presents with a 3-day history of shortness of breath. The differential for multifocal airspace consolidation is wide but includes diagnoses such as pneumonia, pulmonary haemorrhage and flares of pulmonary fibrosis (i.e. with superimposed organising pneumonia). However, pulmonary haemorrhage is associated with a raised transfer factor for carbon monoxide when lung function is tested. The rash on the lower limbs that is non-blanching suggests vasculitis. Asthma is also associated with a raised transfer factor but would not give rise to chest X-ray changes (wheeze would typically be audible on examination).

Asthma exacerbation

is incorrect. This can cause a raised transfer factor but does not explain multifocal airspace consolidation. We would also expect a wheeze on auscultation, which is absent here.

Exacerbation of pulmonary fibrosis

is incorrect. This can cause shortness of breath and multifocal airspace consolidation but would cause a reduction in the transfer factor for carbon monoxide.

Pneumonia

is incorrect. Again, this can cause shortness of breath and multifocal airspace consolidation but would cause a reduction in the transfer factor for carbon monoxide.

Pulmonary oedema

is incorrect. Firstly, this causes a reduction in the transfer factor. Additionally, 'multi-focal airspace consolidation' is not a classic radiographic finding of pulmonary oedema which is more associated with 'ABCDE': Alveolar oedema, Kerley B lines. Cardiomegaly, Dilated upper lobe vessels and pleural Effusion."
38,"A 77-year-old man with a history of type 2 diabetes mellitus is admitted to hospital with worsening shortness-of-breath. He started a course of amoxicillin given by his GP 5 days ago. On examination blood pressure is 88/60 mmHg with a respiratory rate of 36 / min. A chest x-ray reveals left lower lobe consolidation. Arterial blood gases on air are as follows:


pH	7.37
pCO2	5.5 kPa
pO2	9.1 kPa

What is the most suitable antibiotic therapy?","[""Oral amoxicillin + erythromycin"", ""Intravenous ceftriaxone"", ""Intravenous co-amoxiclav + clarithromycin"", ""Intravenous vancomycin + clarithromycin"", ""Oral co-amoxiclav + erythromycin""]",Intravenous co-amoxiclav + clarithromycin,2,
39,Which one of the following paraneoplastic features is LEAST commonly seen in patients with squamous cell lung cancer?,"[""Lambert-Eaton syndrome"", ""Hyperthyroidism"", ""Hypertrophic pulmonary osteoarthropathy"", ""Hypercalcaemia"", ""Clubbing""]",Lambert-Eaton syndrome,0,"Paraneoplastic features of lung cancer

Lambert-Eaton syndrome occurs almost exclusively in small cell lung cancer"
40,A 54-year-old woman with a 30-pack-year history of smoking presents due to increasing breathlessness. A diagnosis of chronic obstructive pulmonary disease (COPD) is suspected. Which of the following diagnostic criteria should be used when assessing a patient with suspected COPD?,"[""FEV1 > 70% of predicted value + FEV1/FVC < 60%"", ""FEV1/FVC < 70% + symptoms suggestive of COPD"", ""FEV1 < 70% of predicted value + FEV1/FVC < 70%"", ""FEV1 < 80% of predicted value + FEV1/FVC < 60%"", ""FEV1 < 70% of predicted value + FEV1/FVC > 70%""]",FEV1/FVC < 70% + symptoms suggestive of COPD,1,
41,"A 24-year-old woman is part of an expedition team attempting to climb Mount Kilimanjaro. On ascending to approximately 3500m the woman started experiencing symptoms of nausea and fatigue with associated on-off headaches.

She and part of the team descend, and she is assessed at the base camp. Although she does not have features of cerebral or pulmonary oedema, she is diagnosed with a precursor condition resulting from the altitude.

What medication can be used as prophylaxis to prevent this condition?","[""Acetazolamide"", ""Dexamethasone"", ""Nifedipine"", ""Sildenafil"", ""Sumatriptan""]",Acetazolamide,0,"Acetazolamide (a carbonic anhydrase inhibitor) can be used to prevent acute mountain sickness

This patient has experienced the altitude-related disorder acute mountain sickness (AMS) with headaches, nausea and fatigue although she does not have any features of the more severe high-altitude pulmonary oedema (HAPE) or high-altitude cerebral oedema (HACE). The risk of AMS can be reduced by a gradual altitude increase of no more than 500m per day when mountain climbing as well as using the carbonic anhydrase inhibitor

acetazolamide

. Acetazolamide can prevent AMS by inducing primary metabolic acidosis and compensatory respiratory alkalosis, increasing the respiratory rate and improving oxygenation.

Dexamethasone

is used to treat the swelling in cerebral oedema resulting from HACE but does not treat the underlying mechanism. As such current advice is that dexamethasone should be reserved for treatment and not the prevention of AMS.

Nifedipine

is used to prevent and manage HAPE once severe AMS has been established. It is thought to lower pulmonary-artery pressure, improve gas exchange and reduce pulmonary oedema. Nifedipine does not however prevent the initial AMS from developing and therefore is not used as prophylaxis.

Sildenafil

is a phosphodiesterase type V inhibitor that is commonly used in the management of HAPE. As with nifedipine, it is believed to reduce pulmonary-artery pressure thought to play a main role in the condition. The use of phosphodiesterase inhibitors to prevent AMS is however not advised and there is some evidence it might worsen the headache symptoms experienced.

As cerebral vasodilation is believed to play a role in AMS, and

sumatriptan

is a selective cerebral vasoconstrictor, it has been proposed that it may be used to prevent the condition. To date, its use is still controversial and there is insufficient evidence to determine its effectiveness and safety when preventing AMS."
42,"A 36-year-old man is rushed into the emergency department following becoming acutely fatigued during a hiking expedition at 4000m above ground level. He reports feeling nauseated and dizzy with a pounding headache.

On examination, his temperature is 36.2ºC with a heart rate of 99 beats/min and blood pressure of 124/77mmHg. On auscultation, chest sounds are clear and heart sounds are normal. There is no focal neurology and fundoscopic examination is unremarkable.

What medication can be used to prevent the above presentation?","[""Acetazolamide"", ""Betahistine"", ""Cyclizine"", ""Dexamethasone"", ""Nifedipine""]",Acetazolamide,0,"Acetazolamide (a carbonic anhydrase inhibitor) can be used to prevent acute mountain sickness

Acetazolamide

is correct. This patient has symptoms of acute mountain sickness with fatigue, headache, nausea and vomiting following a recent hiking expedition. Prevention of acute mountain sickness includes limiting gain of altitude to 500m/day, increasing physical fitness and acetazolamide, a carbonic anhydrase inhibitor that causes metabolic acidosis and a compensatory respiratory alkalosis to increase respiratory rate and tissue oxygenation.

Betahistine

is incorrect. This is used in the treatment of vestibular disorders but plays no role in the prevention of acute mountain sickness.

Cyclizine

is incorrect. This is an anti-emetic used in the treatment of nausea and vomiting. Although it may be helpful in acute illness, it plays no role in the prevention of acute mountain sickness.

Dexamethasone

is incorrect. This is used in the management of high-altitude cerebral oedema and high-altitude pulmonary oedema. Given the lack of respiratory symptoms and absence of focal neurology, both of these seem unlikely.

Nifedipine

is  incorrect. This is used in the management of high-altitude pulmonary oedema. Given the absence of a respiratory history and clear lung fields, acute mountain sickness is the more likely diagnosis."
43,"A 26-year-old woman is seen in clinic with 4 months of episodic exertional dyspnoea, dry cough, and wheezing. Her symptoms are worse at night and during cold weather. She has never smoked and has no other medical history or allergies.

Investigations:


Hb	146 g/L	(115 - 160)
Platelets	310 * 10 9/L	(150 - 400)
WBC	9.3 * 10 9/L	(4.0 - 11.0)
Neuts	5.9 * 10 9/L	(2.0 - 7.0)
Lymphs	3.0 * 10 9/L	(1.0 - 3.5)
Mono	0.2 * 10 9/L	(0.2 - 0.8)
Eosin	0.2 * 10 9/L	(0.0 - 0.4)
FeNO	21 ppb	(< 50)

She has undergone spirometry with bronchodilator reversibility and has measured peak flow variability for 2 weeks, both of which are inconclusive.

Which option is the best next step?","[""Measure peak flow variability twice daily for a further 2 weeks"", ""Refer for skin prick testing to house dust mite"", ""Refer for spirometry with methacholine testing"", ""Refer for spirometry with salbutamol testing"", ""Remeasure fractional exhaled nitric oxide""]",Refer for spirometry with methacholine testing,2,"If asthma is not confirmed by eosinophil count, FeNO, BDR or PEF variability but still suspected then refer for consideration of a bronchial challenge test

Refer for spirometry with methacholine testing

is correct. Episodic exertional dyspnoea, dry cough, nocturnal symptoms, and wheeze suggest asthma. The 2024 NICE and British Thoracic Society (BTS) guidelines advise first testing blood eosinophils and fractional exhaled nitric oxide (FeNO), followed by spirometry with bronchodilator reversibility (BDR) or peak flow variability. This patient has normal eosinophils and FeNO (21 ppb), and both BDR and peak flow monitoring were inconclusive. The recommended next step is bronchial challenge testing (e.g., methacholine), which assesses airway hyperresponsiveness typical of asthma. A positive result confirms asthma by showing a significant drop in FEV1 after methacholine inhalation. This avoids misdiagnosis and guides appropriate treatment.

Measure peak flow variability twice daily for a further 2 weeks

is incorrect. This patient has already completed 2 weeks of twice-daily peak expiratory flow (PEF) monitoring, which was inconclusive. Repeating the same test is unlikely to provide new diagnostic information and would delay diagnosis and treatment. In cases where PEF has not yet been performed or if spirometry access is limited, PEF variability could be considered as an alternative method to support asthma diagnosis.

Refer for skin prick testing to house dust mite

is incorrect. Skin prick testing is not part of the adult diagnostic pathway in the 2024 NICE/BTS guidelines unless there are features of allergy. This patient is an adult with no atopy, allergic symptoms, or history of allergic triggers, so testing would not aid diagnosis. Skin prick testing is mainly reserved for children aged 5–16 with suspected asthma and inconclusive FeNO, BDR, or PEF, especially when allergic triggers are suspected.

Refer for spirometry with salbutamol testing

is incorrect. This describes spirometry with bronchodilator reversibility (BDR), which the patient has already undergone, with inconclusive results. Repeating the same test without a clinical change offers little added value and is not recommended by NICE. BDR could be reconsidered if it had not yet been done or if poor technique had rendered prior results unreliable.

Remeasure fractional exhaled nitric oxide

is incorrect. The patient’s FeNO is 21 ppb, which is within the normal range (< 50), and repeating FeNO without changes in symptoms or treatment is unlikely to provide further clarity. NICE advises bronchial challenge testing when initial FeNO and other objective tests (BDR, PEF) are inconclusive but clinical suspicion for asthma remains. Repeat FeNO may be useful in patients already diagnosed with asthma, for monitoring airway inflammation or assessing treatment response."
44,"A 45-year-old Afro-Caribbean lady presents to the dermatology department with several painful raised lesions on her shins. The only past medical history of note is asthma. She uses a salbutamol inhaler as required and takes the oral contraceptive pill.

A set of baseline investigations were performed:


Hb	132 g/l
Platelets	374 * 109/l
WBC	7.8 * 109/l


Na+	142 mmol/l
K+	3.9 mmol/l
Urea	5.5 mmol/l
Creatinine	67 µmol/l


Calcium	2.8 mmol/l
Phosphate	1.2 mmol/l
TSH	3.0 mlU/l
Free T4	12.6 pmol/l

A chest x-ray is reported as normal.

What is the most likely underlying diagnosis?","[""Tuberculosis"", ""Oral contraceptive pill"", ""Graves disease"", ""Thyrotoxicosis"", ""Sarcoidosis""]",Sarcoidosis,4,
45,"A 64-year-old man presents with several months' history of worsening cough and shortness of breath. He denies any sputum and denies chest pain. His past medical history includes rheumatoid arthritis, for which he takes methotrexate. The patient has worked as a farmer for the past 15 years. Prior to this, he worked at a shipyard and reports exposure to asbestos.

A CT scan of the chest is requested, which shows fibrotic changes in the upper zones.

Which of the following elements of his history explains the imaging findings?","[""Asbestos exposure"", ""Farming work"", ""Idiopathic"", ""Methotrexate use"", ""Rheumatoid arthritis""]",Farming work,1,"Extrinsic allergic alveolitis is associated with upper/mid zone lung fibrosis

The correct answer is farming work. The diagnosis here is that of extrinsic allergic alveolitis (EAA), a hypersensitivity condition caused by exposure to a number of different particles. Examples include farmers' lung, as seen here - caused by exposure to spores from wet hay. Other examples include bird fanciers' lung (exposure to avian proteins) and malt workers' lung. Of the options above, this is the only one that is associated with upper zone fibrosis, rather than lower zone.

Asbestos exposure is classically linked with lower zone fibrosis. This is in contrast to the upper zone findings seen here.

Idiopathic pulmonary fibrosis is generally associated with lower zones more than upper zones. The acronym 'RAID' is useful to remember causes of lower zone fibrosis - rheumatological conditions, asbestos exposure, idiopathic and drug-induced.

Methotrexate is known to cause fibrosis over time. Again, this causes lower rather than upper zone fibrosis. Drugs, in general, are associated with lower zone changes.

Rheumatoid arthritis itself is known to cause lower zone fibrosis more commonly than upper."
46,"A 24-year-old male is admitted with acute severe asthma. Treatment is initiated with 100% oxygen, nebulised salbutamol and ipratropium bromide nebulisers and IV hydrocortisone. Despite initial treatment there is no improvement. What is the next step in management?","[""IV aminophylline"", ""IV magnesium sulphate"", ""IV salbutamol"", ""Non-invasive ventilation"", ""IV adrenaline""]",IV magnesium sulphate,1,
47,"Pulmonary arterial hypertension may be seen in each one of the following conditions, except:","[""Hepatitis B"", ""Eisenmenger's syndrome"", ""Sickle cell anaemia"", ""HIV"", ""Sarcoidosis""]",Hepatitis B,0,
48,Which one of the following is the main criteria for determining whether a patient with chronic obstructive pulmonary disease (COPD) should be offered long-term oxygen therapy?,"[""Two arterial blood gases measurements with pO2 < 6.3 kPa"", ""One arterial blood gas measurement with pO2 < 7.7 kPa"", ""One arterial blood gas measurement with pO2 < 8.3 kPa"", ""One arterial blood gas measurement with pO2 < 8.0 kPa"", ""Two arterial blood gases measurements with pO2 < 7.3 kPa""]",Two arterial blood gases measurements with pO2 < 7.3 kPa,4,"COPD - LTOT if 2 measurements of pO2 < 7.3 kPa

The correct answer is

Two arterial blood gases measurements with pO2 < 7.3 kPa

. According to the British Thoracic Society (BTS) guidelines, long-term oxygen therapy (LTOT) should be offered to patients with chronic obstructive pulmonary disease (COPD) who have a partial pressure of oxygen in the arterial blood (pO2) less than 7.3 kPa in two separate measurements taken at least three weeks apart when the patient is stable and receiving optimal medical management. This recommendation is based on evidence that LTOT improves survival in hypoxaemic COPD patients.

The option

Two arterial blood gases measurements with pO2 < 6.3 kPa

is incorrect because it sets the threshold for LTOT too low. While such severely hypoxaemic patients certainly require oxygen, waiting until their pO2 drops below 6.3 kPa would delay necessary treatment and potentially harm the patient.

One arterial blood gas measurement with pO2 < 7.7 kPa

,

One arterial blood gas measurement with pO2 < 8.3 kPa

, and

One arterial blood gas measurement with pO2 < 8.0 kPa

are all incorrect because they rely on a single measurement rather than two separate ones as recommended by BTS guidelines, and also set the threshold for LTOT too high. While it's true that some patients may benefit from supplemental oxygen if their pO2 falls below these levels, initiating LTOT based on a single measurement could lead to overuse of this therapy in patients who might not actually need it long term or whose hypoxaemia could be better managed through other interventions."
49,"A 48-year-old male patient with a medical history of hypertension and diabetes mellitus presented to the emergency department with painful swelling in the left submandibular and submental areas. There was tenderness on palpation over the swelling with discharging pus. A facial and oral incision and drainage (I&D) was performed under general anaesthesia.

Post-operatively 72-hours later the patient developed a new oxygen requirement with oxygen saturations dropping to 89%. He had a regular heart rate of 75 beats per minute and remained apyrexial. An urgent portable chest radiograph was requested.

What is the most likely diagnosis?","[""Basal atelectasis"", ""Bronchospasm"", ""Hospital-acquired pneumonia"", ""Pneumothorax"", ""Pulmonary embolism""]",Basal atelectasis,0,"Basal atelectasis should be suspected in the presentation of dyspnoea and hypoxaemia 72 hours post operatively

Basal atelectasis should be suspected given the presentation of dyspnoea and hypoxaemia 72-hours postoperatively. Lung opacification with mediastinal shift, hilum or hemidiaphragm shift towards the affected area, with compensatory hyperinflation in the adjacent non-atelectatic lung would be expected to be seen on the chest radiograph.

Pneumothorax is typically more of acute onset shortness of breath which makes the answer incorrect. A chest radiograph would demonstrate air in the pleural space with no vascular bed surrounding the visceral pleura.

Hospital-acquired pneumonia is contracted by a patient in the hospital at least 48-72 hours after admission but would be unlikely here given the absence of fever and tachycardia. It demonstrates chest radiograph findings of either infiltrates, consolidation or cavitation.

Bronchospasm is a clinical diagnosis that is defined by the presence of a newly detected expiratory wheeze. There is no mention of this in the case and no prior history of asthma either.

Pulmonary embolism is most commonly from broken blood clots in the deep vein (deep vein thrombosis) of the legs travelling to the lungs to block pulmonary arteries. This can be a fatal postoperative complication. Five common signs include dyspnoea, tachycardia, chest pain, hypoxia and cough. Chest radiograph appears normal in over 25% of cases. The absence of tachycardia, in this case, would make a pulmonary embolus less likely to be the top differential."
50,Which one of the following is least associated with small cell lung cancer?,"[""Bad prognosis"", ""Cushing's syndrome"", ""PTH-related peptide secretion"", ""Hyponatraemia"", ""Lambert-Eaton syndrome""]",PTH-related peptide secretion,2,"Paraneoplastic features of lung cancer

PTH-related peptide secretion is seen in squamous cell lung cancer"
51,Vital capacity may be defined as:,"[""Volume inspired or expired with each breath at rest"", ""Volume of air remaining after maximal expiration"", ""Maximum volume of air that can be inspired at the end of a normal tidal inspiration"", ""Maximum volume of air that can be expired at the end of a normal tidal expiration"", ""Maximum volume of air that can be expired after a maximal inspiration""]",Maximum volume of air that can be expired after a maximal inspiration,4,"Vital capacity - maximum volume of air that can be expired after a maximal inspiration

The correct answer is

vital capacity is the maximum volume of air that can be expired after a maximal inspiration

. This represents the total volume of air that can be moved in and out of the lungs, measured from a maximal inspiration to a maximal expiration. It is typically around 4-5L in healthy adults and is an important measure of pulmonary function.

Volume inspired or expired with each breath at rest

describes tidal volume, which is approximately 500mL in adults and represents normal breathing without additional effort.

Volume of air remaining after maximal expiration

describes residual volume, which is the amount of air that cannot be expelled from the lungs even with maximum effort, typically around 1.2L.

Maximum volume of air that can be inspired at the end of a normal tidal inspiration

describes inspiratory reserve volume, which is the additional air that can be inhaled beyond normal tidal breathing, approximately 3L.

Maximum volume of air that can be expired at the end of a normal tidal expiration

describes expiratory reserve volume, which is the additional air that can be forcefully exhaled after normal tidal expiration, approximately 1.2L.

Understanding these lung volumes is crucial for interpreting pulmonary function tests and diagnosing respiratory conditions. Vital capacity is particularly important as it can be reduced in both restrictive and obstructive lung diseases."
52,"A 62-year-old man with COPD presents with shortness of breath and a new oxygen requirement.

Initial arterial blood gas on 28% venturi mask shows:


pH	7.33	(7.35-7.45)
PaCO2	6.6kPa	(4.7 - 6.0 kPa)
PaO2	10.9kPa	(11 - 13 kPa)
Bicarbonate	30mEq/L	(22 - 26 mEq/L)

He is treated as an acute exacerbation of his COPD and given nebulised salbutamol/ipratropium, oral prednisolone and intravenous antibiotics.

On the ward he deteriorates further, requiring 15L oxygen to saturate. An arterial blood gas shows:


pH	7.27	(7.35-7.45)
PaCO2	7.8kPa	(4.7 - 6.0 kPa)
PaO2	10.6kPa	(11 - 13 kPa)
Bicarbonate	30mEq/L	(22 - 26 mEq/L)

What is the most appropriate management?","[""Back-to-back nebulised salbutamol"", ""Bi-level positive airway pressure"", ""Continuous positive airway pressure"", ""Intravenous magnesium sulfate"", ""Intravenous methylprednisolone""]",Bi-level positive airway pressure,1,"NIV should be considered in all patients with an acute exacerbation of COPD in whom a respiratory acidosis (PaCO2>6kPa, pH <7.35 ≥7.26) persists despite immediate maximum standard medical treatment

Bi-level positive airway pressure

is correct. This patient is suffering from an acute exacerbation of his COPD. Despite initial therapy, he continues to deteriorate and is now in worsening type 2 respiratory failure. This requires non-invasive ventilation - specifically bi-level continuous positive airway pressure.

Back-to-back nebulised salbutamol

is incorrect. This patient is in worsening type 2 respiratory failure and requires respiratory support. Further nebulisers are unlikely to help at this point.

Continuous positive airway pressure

is incorrect. Type 1 respiratory failure is managed with continuous positive airway pressure, but this patient is in type 2 respiratory failure.

Intravenous magnesium sulfate

is incorrect. This would be used in an acute exacerbation of asthma that has not responded to salbutamol, ipratropium and steroids. It is not used in the management of COPD exacerbations.

Intravenous methylprednisolone

is incorrect. Although steroids form part of the management, oral prednisolone has already been initiated and respiratory support is now required given the deteriorating type 2 respiratory failure."
53,"A 65-year-old man presents to his GP practice with a 3-day history of increased shortness of breath and wheeze. He reports that he is also coughing more frequently than usual and is bringing up large volumes of green sputum. His sputum is usually white.

You note he has a past medical history of COPD.
Following examination of his chest, you conclude that the patient is suffering with an infective exacerbation of COPD.

Of the following organisms, which is the most common cause of this presentation?","[""Haemophilus influenzae"", ""Klebsiella pneumoniae"", ""Moraxella catarrhalis"", ""Mycoplasma pneumoniae"", ""Streptococcus pneumoniae""]",Haemophilus influenzae,0,"The most common organism causing infective exacerbations of COPD is

The most common organism causing infective exacerbations of COPD is

Haemophilus influenzae

. Other bacterial causes include

Streptococcus pneumoniae

and

Moraxella catarrhalis

. Respiratory viruses account for around 30% of exacerbations, with the human rhinovirus being the most common.

Klebsiella pneumoniae

is classically seen in alcoholics. Chest x-ray features may include abscess formation in the middle/upper lobes and empyema.

Mycoplasma pneumoniae

is a cause of atypical pneumonia which often affects younger patients, frequently those living in crowded accommodation. It is associated with a number of characteristic complications such as erythema multiforme and cold autoimmune hemolytic anemia."
54,"A 60-year-old woman has presented to her general practitioner for a routine health check which includes a chest x-ray. The chest x-ray demonstrated what appears to be pleural plaques overlying her right diaphragm.

Upon further questioning, she says that she has had occupational asbestos exposure, but has no cough, haemoptysis, shortness of breath, difficulty in breathing or chest pain. She has no other past medical history and is not taking any medications.

Her general and respiratory examination, observations and blood tests are all unremarkable. The medical team have sent her for a CT chest which demonstrates the aforementioned pleural plaques and nil other pathology.

What follow-up is required for this patient?","[""None"", ""Palliative chemotherapy"", ""Radiotherapy"", ""Surgery"", ""Repeat CT scan in 6 months""]",None,0,"Pleural plaques are benign and do not undergo malignant change. They, therefore don't require any follow-up.

No follow-up is the correct option because pleural plaques are benign conditions and never undergo malignant change. Moreover, pleural plaques are asymptomatic manifestations of asbestos exposure and thus do not require any treatment or follow-up.

Repeat CT scan in 6 months is an incorrect option as pleural plaques never undergo malignant change, thus further imaging would be unnecessary radiation exposure. However, if any symptoms develop, such as chronic cough or haemoptysis, which are indicative of lung cancer then further lung imaging would be indicated.

Palliative chemotherapy is incorrect as this is the potential treatment option for mesothelioma. There is no evidence of mesothelioma or lung malignancy in this case thus this option would be inappropriate.

Radiotherapy use is an incorrect option for the same reasons as chemotherapy.

Surgery is an incorrect option for the same reasons as radiotherapy and chemotherapy."
55,"A 45-year-old woman presents with a six-month history of joint pain with associated stiffness. Her knee and ankle joints are primarily affected. She is otherwise fit and well. There is no history of any chest symptoms. She smokes 5 cigarettes per day. She has no other medical history. On reviewing her record, she was recently seen by another GP in the surgery with painful red lesions over the extensor aspect of both legs four weeks ago. The diagnosis of erythema nodosum was given at the time. Following this finding, further investigations were arranged which include a chest x-ray and blood tests.

The x-ray shows bilateral hilar lymphadenopathy and blood results are as follow:



Hb	123 g/L	Female: (115 - 160)
Platelets	410 * 109/L	(150 - 400)
WBC	11.7 * 109/L	(4.0 - 11.0)


Na+	138 mmol/L	(135 - 145)
K+	4.1 mmol/L	(3.5 - 5.0)
Bicarbonate	27 mmol/L	(22 - 29)
Urea	6.5 mmol/L	(2.0 - 7.0)
Creatinine	110 µmol/L	(55 - 120)


Calcium	2.92 mmol/L	(2.1-2.6)
Phosphate	0.81 mmol/L	(0.8-1.4)


ESR	89 mm/hr	Women: < ((age + 10) / 2)


Which of the following features in the history would support the initiation of corticosteroid treatment for this patient?","[""Hypercalcaemia"", ""Age of onset"", ""Erythema nodosum"", ""Raised ESR"", ""Hilar lymphadenopathy on chest x-ray""]",Hypercalcaemia,0,"Indications for corticosteroid treatment for sarcoidosis are: parenchymal lung disease, uveitis, hypercalcaemia and neurological or cardiac involvement

The correct answer is hypercalcaemia. The history of polyarthralgia, erythema nodosum and hilar lymphadenopathy on chest x-ray suggest the diagnosis of sarcoidosis. Hypercalcaemia is an indication for corticosteroid treatment.

The presence of hilar lymphadenopathy alone with no chest symptoms do not warrant corticosteroid treatment at this stage. Hence the answer 'hilar lymphadenopathy on chest x-ray' is incorrect.

As per NICE guideline, other indications for corticosteroid treatment for sarcoidosis include features of extrapulmonary disease such as uveitis, neurological and cardiac involvement. Hence, the answer 'age of onset', 'erythema nodosum' and 'raised ESR' are incorrect."
56,A 55-year-old man is diagnosed with non-small cell lung cancer. Which one of the following is a contraindication to surgery?,"[""Body mass index of 33 kg/m²"", ""FEV1 of 1.3 litres"", ""Continuation of smoking"", ""Hypercalcaemia"", ""Stage T2N1""]",FEV1 of 1.3 litres,1,"Contraindications to lung cancer surgery include SVC obstruction, FEV < 1.5, MALIGNANT pleural effusion, and vocal cord paralysis

The correct answer is

FEV1 of 1.3 litres

. This represents a significant contraindication to lung resection surgery for non-small cell lung cancer (NSCLC). Pulmonary function is a critical determinant of operability in lung cancer patients. An FEV1 (forced expiratory volume in 1 second) of 1.3 litres is substantially below the threshold considered safe for lung resection. According to British Thoracic Society guidelines, patients with an FEV1 less than 1.5 litres for pneumonectomy or less than 30% of predicted for lobectomy are at high risk of postoperative respiratory complications and mortality. Such patients would typically be deemed inoperable or would require further assessment with additional tests such as DLCO (diffusion capacity) and exercise testing. The severely reduced lung function indicates that the patient would likely have insufficient respiratory reserve following surgery, leading to respiratory failure and poor quality of life.

Body mass index of 33 kg/m²

is not a contraindication to lung cancer surgery. While obesity (BMI >30 kg/m²) may increase perioperative risks and technical difficulty of the procedure, it is not an absolute contraindication. Patients with elevated BMI can still undergo successful lung resection with appropriate perioperative management. The surgical team would consider this factor in their risk assessment but would not exclude a patient from potentially curative surgery on this basis alone.

Continuation of smoking

is not a contraindication to surgery, although smoking cessation is strongly recommended before lung resection. Current smoking increases the risk of postoperative pulmonary complications and impairs wound healing. However, the potential curative benefit of surgery for a patient with resectable NSCLC outweighs these risks. Ideally, patients should stop smoking at least 4-8 weeks before surgery to reduce complications, but ongoing smoking would not prevent a patient from receiving potentially life-saving surgery.

Hypercalcaemia

in a lung cancer patient may indicate advanced disease or paraneoplastic syndrome, but it is not itself a contraindication to surgery. Hypercalcaemia would need to be investigated and managed appropriately before surgery, but if it is due to a paraneoplastic effect of the tumour, surgical resection might actually resolve the metabolic abnormality. The underlying cause and severity of hypercalcaemia would be considered in the overall assessment of the patient.

Stage T2N1

refers to a tumour that is larger than 3 cm but not more than 5 cm in greatest dimension (T2) with metastasis to ipsilateral peribronchial and/or ipsilateral hilar lymph nodes (N1). This stage of NSCLC is generally considered resectable and surgery remains the treatment of choice for suitable candidates. In fact, for stage II NSCLC (which includes T2N1), surgical resection offers the best chance of cure, typically followed by adjuvant chemotherapy. Therefore, this stage is not a contraindication but rather an indication for surgical intervention if the patient is otherwise fit."
57,"A 32-year-old woman is referred to the rheumatology team after presenting with new-onset left foot numbness. She is otherwise well and has an unremarkable history except for asthma and allergic rhinitis with recurrent nasal stuffiness. Blood tests are also taken which show the following:



Hb	112 g/L	Male: (135-180)
Female: (115 - 160)
Platelets	234 * 109/L	(150 - 400)
WBC	7.5 * 109/L	(4.0 - 11.0)
Neuts	3.4 * 109/L	(2.0 - 7.0)
Lymphs	2.3 * 109/L	(1.0 - 3.5)
Mono	0.5 * 109/L	(0.2 - 0.8)
Eosin	1.3 * 109/L	(0.0 - 0.4)

Given the most likely diagnosis, which of the following would most likely be positive?","[""Anti-GBM"", ""Anti-dsDNA"", ""cANCA"", ""pANCA"", ""Anti-Mi-2""]",pANCA,3,"Churg-Strauss syndrome - positive pANCA serology

The diagnosis here is eosinophilic granulomatosis with polyangiitis (EGPA), formerly known as Churg-Strauss syndrome. This is evidenced by the history of asthma, allergic rhinitis, presentation with mononeuritis multiplex (the most common vasculitic manifestation of EGPA) and eosinophilia. Classically, pANCA is positive in this condition and used to aid diagnosis.

Anti-GBM antibodies are present in Goodpasture's disease, not EGPA. This usually presents with both pulmonary and renal signs and symptoms - haemoptysis and renal insufficiency.

Anti-dsDNA antibodies are typically diagnostic of systemic lupus erythematosus (SLE), not EGPA. This would present differently, with multiple systems affected - classically, a malar rash, fatigue, weight loss, arthralgia and many other symptoms.

cANCA is positive in granulomatosis with polyangiitis (GPA), formerly known as Wegener's granulomatosis, rather than EGPA. There is some overlap between the two, although epistaxis, haemoptysis and renal failure would be seen instead of asthma.

Anti-Mi-2 antibodies are specific for dermatomyositis, which would not present similarly to EGPA. Instead, proximal muscle weakness and rashes would be seen."
58,"A 43-year-old woman with a history of poorly controlled asthma is reviewed in the chest clinic. Tests showed an eosinophilia associated with a raised IgE level. Given the likely diagnosis of allergic bronchopulmonary aspergillosis, what is the most appropriate treatment to control her symptoms?","[""Itraconazole"", ""Nebulised pentamidine"", ""Fluconazole"", ""Cyclophosphamide"", ""Prednisolone""]",Prednisolone,4,Oral glucocorticoids are the treatment of choice for allergic bronchopulmonary aspergillosis
59,"A 22-year-old with known cystic fibrosis is being worked up for a potential lung transplant have suffered multiple chest infections and receiving a minimal response to treatments including chest physio, supplementation and a trial of lumacaftor/ivacaftor.

Following assessment, the patient is deemed to meet the criteria for transplant and is placed on the national transplant list to await a potential donor.

In this patient, chronic infection with what organism would be a contraindication to this treatment?","[""Aspergillus fumigatus"", ""Burkholderia cepacia"", ""Mycobacterium abscessus"", ""Pseudomonas aeruginosa"", ""Scedosporium apiospermum""]",Burkholderia cepacia,1,"Chronic infection with

Lung transplantation is a last resort treatment option in cystic fibrosis (CF) patients who do not respond to conventual management. There are several contraindications to lung transplant in CF patients including infections with specific organisms due to their associated poor outcomes with the immunosuppression required following transplant. Chronic infection with

Burkholderia cepacia

bacteria infection is common in CF patients and has been associated with poor outcomes in lung transplant. This treatment is, therefore, contraindicated in CF patients with proven chronic infection.

Aspergillus fumigatus

is a commonly isolated fungal organism in CF patients' secretions, however, it rarely causes serious infection in CF lung transplant patients despite the use of immunosuppressant drugs.

The identification of non-tuberculous Mycobacteria infection, such as

Mycobacterium abscessus

, in CF patients is increasing with increased testing however they are not associated with significantly poorer outcomes in post-transplant patients.

Chronic infection with

Pseudomonas aeruginosa

is again very common in CF patient but is not a contraindication for transplant, even if patients are infected with multi-resistant strains of the bacteria. However, detection of a pan-resistant bacteria (i.e. resistant to all current antibiotics) is a contraindication to transplant.

Scedosporium apiospermum

is another common fungal infection found in CF patients. It has the potential to cause invasive disease, particularly in immunosuppression. Therefore, antifungal therapy should be used in chronically infected patients undergoing transplants.  However, it is not currently a contraindication to treatment."
60,A 31-year-old woman is referred to the acute medical unit with a 4 day history of polyarthritis and a low-grade pyrexia. Examination reveals shin lesions which the patient states are painful. Chest x-ray shows a bulky mediastinum. What is the most likely diagnosis?,"[""Loffler's syndrome"", ""Lofgren's syndrome"", ""Systemic lupus erythematous"", ""Gonococcal arthritis"", ""Reiter's syndrome""]",Lofgren's syndrome,1,
61,You are reviewing a 40-year-old man who is known to have bronchiectasis. What organism is most likely to be isolated from his sputum?,"[""Streptococcus pneumoniae"", ""Klebsiella spp."", ""Haemophilus influenzae"", ""Pneumocystis jiroveci"", ""Pseudomonas aeruginosa""]",Haemophilus influenzae,2,"Bronchiectasis: most common organism =

Haemophilus influenzae

is the most common organism isolated from sputum in patients with bronchiectasis.

Haemophilus influenzae

is a gram-negative coccobacillus that frequently colonises the airways of patients with bronchiectasis and can cause acute exacerbations. The organism's ability to persist in damaged airways and form biofilms makes it particularly problematic in bronchiectasis.

Streptococcus pneumoniae

is more commonly associated with community-acquired pneumonia and while it can be isolated from bronchiectasis patients, it is less frequent than H. influenzae.

Klebsiella

species are more commonly associated with hospital-acquired pneumonia and are not typically the primary pathogen in bronchiectasis.

Pneumocystis jiroveci

is an opportunistic fungal organism that causes pneumonia in immunocompromised patients, particularly those with HIV/AIDS, and is not typically associated with bronchiectasis.

Pseudomonas aeruginosa

is an important pathogen in bronchiectasis but tends to colonise airways later in the disease course and is associated with more severe disease and worse outcomes. While P. aeruginosa can be isolated from bronchiectasis patients, H. influenzae remains the most commonly isolated organism in typical cases.

The presence of H. influenzae in bronchiectasis patients often influences antibiotic choice during exacerbations, with amoxicillin or doxycycline being appropriate first-line options according to UK guidelines. Regular monitoring of sputum microbiology is important to detect changes in colonising organisms which may require modification of empirical antibiotic therapy."
62,Which one of the following would shift the oxygen dissociation curve to the left?,"[""Carboxyhaemoglobin"", ""Acidosis"", ""Raised pCO2"", ""Pyrexia"", ""Raised 2,3-DPG levels""]",Carboxyhaemoglobin,0,"Oxygen dissociation curve

The correct answer is

carboxyhaemoglobin

, which causes a leftward shift of the oxygen dissociation curve. When carbon monoxide binds to haemoglobin, it forms carboxyhaemoglobin which increases the affinity of the remaining haem groups for oxygen. This results in a leftward shift of the oxygen dissociation curve, meaning oxygen binds more tightly to haemoglobin but is released less readily to the tissues.

Acidosis

causes a rightward shift of the oxygen dissociation curve (Bohr effect). The increased H+ concentration reduces haemoglobin's affinity for oxygen, facilitating oxygen release to tissues.

Raised pCO2

also causes a rightward shift through the Bohr effect. CO2 combines with water to form carbonic acid, increasing H+ concentration and reducing haemoglobin's oxygen affinity.

Pyrexia

causes a rightward shift of the curve. Increased temperature reduces haemoglobin's affinity for oxygen, making it easier for oxygen to dissociate and enter tissues.

Raised 2,3-DPG levels

cause a rightward shift. 2,3-DPG binds to deoxyhaemoglobin and stabilizes it, reducing haemoglobin's affinity for oxygen and promoting oxygen release to tissues. This is an important adaptation to chronic hypoxia.

Factors causing a leftward shift (increased oxygen affinity) include:

- Carboxyhaemoglobin

- Methaemoglobin

- Alkalosis

- Hypothermia

- Decreased 2,3-DPG"
63,"A 76-year-old woman is currently being treated with antibiotics in hospital for a urinary tract infection. Over the last few days, she has developed a cough with productive sputum and is feeling very nauseous. She is also a known alcoholic with difficult social circumstances. A chest X-ray is carried out which shows bilateral cavitating opacities in the upper lobe.

What is the most likely causative organism of this clinical picture?","[""Klebsiella pneumoniae"", ""Pseudomonas aeruginosa"", ""Mycoplasma pneumoniae"", ""Legionella pneumophila"", ""Staphylococcus aureus""]",Klebsiella pneumoniae,0,"Klebsiella most commonly causes a cavitating pneumonia in the upper lobes, mainly in diabetics and alcoholics

This patient has several of the risk factors linked with the

Klebsiella

infection such as her age, recent visit to the hospital due to infection and social history. This is backed up with her chest X-ray which shows characteristic signs of

Klebsiella

infection.

Pseudomonas aeruginosa

is a common pathogen in bronchiectasis and cystic fibrosis. It is a common cause of hospital-acquired pneumonia, especially in those patients in the ITU on a ventilator. It doesn't cause the X-ray changes seen in this scenario. Instead, 'ground-glass' attenuation can often be noticed on a CT scan.

Mycoplasma pneumoniae

causes flu-like symptoms such as a headache, arthralgia and myalgia followed by a dry cough which are not seen in this case. Chest X-ray often shows patchy consolidation of one lower lobe.

Legionella pneumophilia

also causes flu-like symptoms such as fever, myalgia. It can also cause extra-pulmonary symptoms such as hepatitis, diarrhea and vomiting. Bi-basal consolidation can be seen on chest X-ray.

Staphylococcus aureus

is often seen in intravenous drug users (IVDU), young, elderly or people with an underlying disease such as leukemia or cystic fibrosis. The patient's history of alcoholism points more towards

Klebsiella"
64,"A 66-year-old woman presents with worsening shortness of breath over several weeks. Her past medical history includes a myocardial infarction 2 years ago, ischaemic heart disease and hypothyroidism. She drinks approximately 40 units of alcohol per week.

On examination, dullness to percussion is noted over the left lower chest. An X-ray confirms pleural effusion. A pleural tap is performed and the fluid is sent for analysis:


Pleural fluid protein	38 g/L	(10 - 20)
Serum protein	61 g/L	(60 - 80)

What is the most likely underlying cause of the effusion?","[""Alcoholic liver disease"", ""Heart failure"", ""Hypothyroidism"", ""Lung cancer"", ""Meigs' syndrome""]",Lung cancer,3,"Pleural effusion: malignancy is associated with an exudate

Dyspnoea is a very non-specific symptom with a wide range of differentials. Equally, pleural effusions can be caused by a large number of different disease pathologies. Analysing fluid to determine if it is a transudate or an exudate can help to distinguish the cause. Light's criteria are typically used to define whether pleural fluid is transudative or exudative. If any of the criteria are met, the fluid is likely to be an exudate. One of the criteria is the ratio of pleural fluid to serum protein is > 0.5, which is met here. Of the causes listed,

lung cancer

is most strongly associated with exudative effusions. The rest are typically associated with transudates.

Alcoholic liver disease

(ALD) is incorrect. This patient's history of heavy alcohol consumption does not make this an unreasonable suggestion. However, ALD is typically associated with transudates, not exudates.

Heart failure

is incorrect. This is a common cause of pleural effusions. This may be suspected, given the patient's history of previous myocardial infarction and ischaemic heart disease. However, it is associated with transudates, not exudates.

Hypothyroidism

is incorrect. Uncommonly, small pleural effusions may arise as a result of hypothyroidism. However, these are typically transudates.

Meigs' syndrome

is incorrect. This is an uncommon presentation comprising a triad of a benign ovarian tumour, ascites and pleural effusion. Although the effusion associated with Meigs' syndrome can sometimes be an exudate, it is more commonly a transudate and so lung cancer remains the most appropriate answer here."
65,An elderly patient with a history of chronic obstructive pulmonary disease is admitted following an infective exacerbation. The posterioranterior (PA) chest x-ray on admission shows a unilateral pleural effusion. Which one of the following is the most useful next line investigation?,"[""Bronchoscopy"", ""Pleural biopsy"", ""Computed tomography"", ""Pleural aspiration with ultrasound guidance"", ""Lateral chest x-ray""]",Pleural aspiration with ultrasound guidance,3,
66,"A 58-year-old man with chronic obstructive pulmonary disease (COPD) presents with a 1-week history of increased breathlessness and reduced exercise tolerance. His COPD is usually managed with a salbutamol inhaler as required and a salmeterol inhaler. He has a chronic cough productive of clear sputum but denies any recent change in this.

He appears breathless and his respiratory rate is 24 breaths per minute, but there is no use of accessory muscles at rest. All other clinical observations were normal. On auscultation of his chest you note expiratory wheeze throughout but good air entry and no other added sounds.

Other than encouraging the use of his salbutamol inhaler, what is the most appropriate management?","[""Give a course of oral prednisolone for 5 days"", ""Give a course of oral prednisolone for 7 days and oral amoxicillin for 5 days"", ""Give a course of oral prednisolone for 7 days and oral clarithromycin for 5 days"", ""Give a course of oral prednisolone for 5 days and oral amoxicillin for 5 days"", ""Give a course of oral prednisolone for 7 days and oral furosemide for 7 days""]",Give a course of oral prednisolone for 5 days,0,"NICE only recommend giving oral antibiotics in an acute exacerbation of COPD in the presence of purulent sputum or clinical signs of pneumonia

This man is presenting with an acute exacerbation of his COPD. NICE recommend increasing the frequency of bronchodilator use and giving a 7-14 day course of oral prednisolone if there is significant breathlessness. NICE only recommend giving oral antibiotics to treat an acute exacerbation of COPD in the presence of purulent sputum or clinical signs of pneumonia which are absent in this case. There is nothing in the question to suggest that he is fluid overloaded and so furosemide would not be appropriate."
67,"A 40-year-old obese woman presented to her GP complaining of daytime somnolence. She is asked to fill out an Epworth sleepiness scale questionnaire and scores 20/24.

Her GP arranges overnight pulse oximetry, and she is diagnosed with obstructive sleep apnoea.

Alongside weight loss, what other intervention is appropriate in this setting?","[""Overnight BiPAP (Bilevel Positive Airway Pressure) ventilation"", ""Overnight CPAP (Continuous Positive Airway Pressure) ventilation"", ""A mandibular advancement device"", ""Antihypertensive medication"", ""Uvulopalatopharyngoplasty""]",Overnight CPAP (Continuous Positive Airway Pressure) ventilation,1,"Following weight loss, CPAP is the first-line treatment for moderate/severe obstructive sleep apnoea

This lady has scored highly on the Epworth sleepiness scale questionnaire suggesting her symptoms are severe. SIGN guidelines recommend that for moderate to severe sleep apnoea treatment is with weight loss and overnight CPAP.

BiPAP should not be used routinely for people with OSA and is only reserved for those with coexisting ventilatory failure.

Mandibular advancement devices should only be used in those that can't tolerate CPAP and only have mild symptoms.

Hypertension can be a consequence of OSA but antihypertensive do not address the underlying problem.

Uvulopalatopharyngoplasty, the surgical removal of the uvula, soft palate and pharynx have been shown in randomised controlled trials not to be effective in the treatment of OSA."
68,"A 52-year-old man with a history of COPD returns for a follow-up visit after being treated for right lower lobe pneumonia 4 weeks earlier. He reports feeling well and that his symptoms are resolved. A follow-up chest X-ray to assess resolution shows a 1 cm right-sided pneumothorax.

His vital signs are stable, with a blood pressure of 110/80 mmHg, pulse rate of 88 bpm, respiratory rate of 18 breaths per minute, and an oxygen saturation of 97%.

What is the most appropriate management for this patient?","[""Conservative management with inpatient monitoring"", ""Conservative management with outpatient monitoring every 2-4 days"", ""Insertion of a chest drain"", ""Needle aspiration"", ""Pleurodesis""]",Conservative management with inpatient monitoring,0,"Patients with a secondary spontaneous pneumothorax that is managed conservatively should be monitored as an inpatient

Conservative management with inpatient monitoring

is the correct answer. The patient has a diagnosis of secondary spontaneous pneumothorax, which can be linked to his existing COPD – a well-recognised risk factor for the development of pneumothorax. Secondary spontaneous pneumothoraces are characterised by their occurrence in the context of pre-existing pulmonary pathologies or conditions that compromise lung integrity, as opposed to primary spontaneous pneumothoraces that occur in individuals without underlying lung disease. Given that the patient presents with a small, asymptomatic pneumothorax and remains haemodynamically stable, there is no indication for interventions such as needle aspiration at this stage. Patients with secondary spontaneous pneumothorax managed conservatively should be monitored on an inpatient basis. Inpatient monitoring facilitates vigilant surveillance, ensuring timely intervention if symptoms emerge or complications develop.

Conservative management with outpatient monitoring every 2-4 days

is inappropriate in this scenario. Although it may be considered for patients with primary spontaneous pneumothorax, it is typically not indicated for those with secondary spontaneous pneumothorax due to a higher risk of complications. Patients with secondary spontaneous pneumothorax require more stringent observation to prevent clinical deterioration; periodic outpatient follow-up may not provide adequate protection against potential risks.

Insertion of a chest drain

is not warranted at this time because this intervention is usually reserved for larger or more clinically concerning pneumothoraces, such as those associated with haemodynamic instability or bilateral involvement. Indications for inserting a chest drain include significant potential complications or failure of conservative measures. For a small and stable pneumothorax in an asymptomatic patient, the insertion of a chest drain would generally be considered excessive.

Needle aspiration

is also incorrect since the patient has a small, stable pneumothorax measuring only 1 cm and is asymptomatic. In these circumstances, conservative management with close inpatient observation is the most appropriate strategy, providing continuous oversight without resorting to invasive procedures unnecessarily. Needle aspiration may become necessary if the pneumothorax does not resolve or if he becomes symptomatic.

Pleurodesis

might be indicated for patients who suffer recurrent or persistent episodes of pneumothorax. If there is ongoing air leakage or inadequate re-expansion of the lung despite chest drain insertion or recurrent episodes occur, video-assisted thoracoscopic surgery could be employed to perform mechanical or chemical pleurodesis. However, this case does not present any persistent or recurrent issues that would justify such an intervention at this point."
69,"A 57-year-old gentleman presents with a chronic, recurrent cough, expiratory wheeze and increased exertional breathlessness. He has never smoked and very limited exposure to passive smoking. He has no significant occupational exposure to pollutants or irritants. Spirometry demonstrates an obstructive picture with limited bronchodilator reversibility. He is suspected of having alpha1-antitrypsin deficiency. What is alpha1-antitrypsin?","[""Cytokine inhibitor"", ""Co-factor for surfactant protein"", ""Protease inhibitor of neutrophil elastase"", ""Goblet cell cytokine"", ""Immunoglobulin""]",Protease inhibitor of neutrophil elastase,2,
70,"You are a doctor in a GP surgery. Your next patient is a 62-year-old man who is a mechanic.

He describes progressively worsening shortness of breath over the last few months which he thought would get better with time. He denies a cough, chest pain and ankle swelling. He is an ex-cigarette smoker of 10-pack-years, having stopped 20 years ago. He occasionally smokes marijuana.

He denies asbestos exposure and has never travelled abroad.

Past medical history includes atrial fibrillation, types 2 diabetes mellitus, psoriasis and osteoarthritis. His current medications include amiodarone, metformin, gliclazide and calcipotriol.

On examination you note grade 3 clubbing in his fingers. He has fine crepitations bibasally. Cardiovascular examination is normal.

What is the most likely cause of this man's new diagnosis?","[""Amiodarone"", ""Calcipotriol"", ""Marijuana"", ""Metformin"", ""Occupation""]",Amiodarone,0,"Lower zones lung fibrosis:  amiodarone

Amiodarone is the correct answer as it is one of the causes of drug-induced lower zone fibrosis.

Calcipotriol does not lead to lung fibrosis.

Marijuana is a cause of lung disease and lung fibrosis but pathology is found throughout the lung fields.

Metformin has been shown to aid in the resolution of lung fibrosis rather than causing it.

Although occupation could account for asbestos exposure, this is not mentioned in the question and is therefore less likely to account for his lower zone lung fibrosis."
71,Which one of the following markers is most useful for monitoring the progression of patients with chronic obstructive pulmonary disease?,"[""FEV1/FVC ratio"", ""Lifestyle questionnaire"", ""Oxygen saturations"", ""FEV1"", ""Number of exacerbations per year""]",FEV1,3,
72,"A 45-year-old man with a BMI of 35 kg/m² presents with shortness of breath on exertion. He has no history of smoking or chronic lung disease. On physical examination, decreased breath sounds are noted at the lung bases. Pulmonary function tests are performed to evaluate his respiratory function.

Which pulmonary function test parameter is most likely to be significantly reduced?","[""Diffusing capacity for carbon monoxide"", ""Expiratory reserve volume"", ""Maximal voluntary ventilation"", ""Peak expiratory flow rate"", ""Tidal volume""]",Expiratory reserve volume,1,"Expiratory reserve volume may be significantly reduced in obese patients

Expiratory reserve volume

is the correct answer. In obese patients, the expiratory reserve volume (ERV) is often significantly reduced due to mechanical constraints on the chest wall and diaphragm caused by excess body fat. The increased intra-abdominal pressure pushes the diaphragm upwards, while the chest wall’s compliance is reduced by the adipose tissue, making it difficult for the patient to exhale fully after a normal breath. ERV measures the volume of air that can be forcibly exhaled after a normal expiration. In obesity, the lungs’ ability to expand and contract is mechanically restricted, leading to a decreased ERV. This reduction in lung volume is a common feature in obesity-related respiratory dysfunction, which explains the patient’s shortness of breath on exertion. Obesity causes a restrictive lung pattern, where lung volumes are primarily affected, but airflow obstruction (as seen in obstructive lung diseases) is not a primary feature.

Diffusing capacity for carbon monoxide

(DLCO) measures the lungs’ ability to transfer gases from the air sacs into the bloodstream and is often reduced in conditions affecting the alveolar-capillary membrane, such as pulmonary fibrosis or emphysema. In the absence of underlying parenchymal lung disease, DLCO is typically preserved in obese patients. Obesity primarily affects lung volumes rather than gas exchange. Therefore, DLCO would remain normal or slightly elevated due to increased blood volume in the pulmonary circulation, which is not relevant to this patient’s symptoms.

Maximal voluntary ventilation

(MVV) measures the greatest amount of air that can be breathed in and out in one minute and is more relevant to assessing muscular effort and endurance than restrictive or obstructive lung function. It is typically used to evaluate respiratory muscle strength or neuromuscular diseases and is not directly affected by obesity. Obesity primarily impacts lung volumes and compliance rather than the patient’s ability to voluntarily control breathing at maximal effort, making MVV an unlikely parameter to be significantly reduced in this case.

Peak expiratory flow rate

(PEFR) measures the maximum speed of expiration and is typically reduced in obstructive lung diseases such as asthma or chronic obstructive pulmonary disease (COPD), where airway resistance impedes airflow. In obesity, the main issue is not airway obstruction but restricted lung expansion due to mechanical factors. PEFR is often normal or only mildly reduced in obese patients, as airflow obstruction is not the primary pathology.

Tidal volume

refers to the amount of air inhaled or exhaled during normal, relaxed breathing. In obese patients, tidal volume is typically maintained at rest to meet metabolic demands, although it may decrease during exercise due to the restrictive impact of obesity on lung mechanics. Tidal volume is generally not as significantly affected as ERV in obesity. In cases of severe lung or neuromuscular disease, tidal volume may be reduced, but this is not expected in this patient’s presentation."
73,"A 32-year-old man with no significant past medical history presents to the emergency department with sudden-onset left-sided chest pain. He denies any trauma or recent respiratory infections.

His observations are as follows: respiratory rate 21 /min, sats 96% on room air, BP 124/78 mmHg, heart rate 88 bpm, and he is apyrexial.

On examination, his trachea is central, the chest on the left side is hyper-resonant on percussion and there is reduced breath sound. The right side of the chest is normal.

A chest x-ray reveals a 2.5cm apical rim of air.

What is the most appropriate initial management for this patient?","[""Ambulatory device"", ""Chest drain"", ""Discharge and follow-up in 1-2 weeks"", ""Inpatient monitoring"", ""Oxygen therapy""]",Ambulatory device,0,"Symptomatic pneumothorax patients with no high-risk features should be offered the following choice:

This patient presents with left-sided chest pain accompanied by mild dyspnoea. The clinical examination revealing unilateral diminished breath sounds and hyperresonance upon percussion strongly suggests a pneumothorax. For symptomatic pneumothorax, management options include conservative measures, needle aspiration, or the use of an

ambulatory device

. Such devices typically incorporate a one-way valve system and vent to prevent the re-entry of air and fluid into the pleural space while permitting controlled release of air or effusion.

For patients with symptomatic pneumothorax exhibiting high-risk features, a

chest drain

is considered first-line management. High-risk characteristics consist of haemodynamic instability, substantial hypoxaemia, bilateral pneumothoraces, pre-existing pulmonary pathology, age over 50 years coupled with a significant smoking history, and the presence of haemothorax. As none of these risk factors apply to this patient, insertion of a chest drain is not indicated.

Considering the patient's symptoms,

discharge and follow-up in 1-2 weeks

would be inappropriate. The patient has a symptomatic primary pneumothorax and therefore needs to be followed up in 2-4 days if managed conservatively.

Inpatient monitoring

would be indicated for a patient presenting with a secondary pneumothorax being managed conservatively, typically because it is asymptomatic. However, in this case, the patient has a primary pneumothorax (they have no significant past medical history) so whilst conservative management remains an option, the patient should be scheduled for outpatient review in 2-4 days rather than hospital admission.

In this scenario, supplemental

oxygen therapy

is unnecessary as the patient maintains satisfactory oxygen saturation on room air."
74,"Each one of the following may result in bronchiectasis, except:","[""Kartagener's syndrome"", ""Amyloidosis"", ""Selective IgA deficiency"", ""Lung cancer"", ""Allergic bronchopulmonary aspergillosis""]",Amyloidosis,1,
75,"A 69-year-old man with chronic obstructive pulmonary disease (COPD) presents to the Emergency Department with dyspnoea. Three days ago he was started on amoxicillin and prednisolone by his GP. Since arriving in the department he has been given back-to-back nebulised salbutamol and ipratropium bromide. The oxygen concentration has been titrated to 28% to achieve a saturation of 88-92%. Due to his poor response to treatment an aminophyline infusion is started. Thirty minutes later, his arterial blood gases show the following (taken on 28% oxygen):


pH	7.30
pCO2	7.6 kPa
pO2	8.1 kPa

What is the most appropriate next step in management?","[""Intravenous magnesium sulphate"", ""Intravenous hydrocortisone"", ""Decrease his oxygen to 24%"", ""Non-invasive ventilation"", ""Increase his oxygen to 35%""]",Non-invasive ventilation,3,
76,"A 58-year-old man originally from India presents with progressive shortness of breath. His history includes ankylosing spondylitis and atrial flutter for which he takes naproxen, amiodarone, and omeprazole. He is now retired but previously worked in stone and coal mines.

On examination, he appears breathless with a respiratory rate of 20/min. Chest examination reveals fine basal crepitations bilaterally.

What is the most likely underlying cause?","[""Amiodarone"", ""Ankylosing spondylitis"", ""Coal worker's pneumoconiosis"", ""Silicosis"", ""Tuberculosis""]",Amiodarone,0,"Lower zones lung fibrosis:  amiodarone

Amiodarone

is the only option here that is associated with lower zone fibrosis and therefore is the most likely cause of these symptoms.

Ankylosing spondylitis

is associated with fibrosis in the upper zones, unlike other rheumatological conditions.

Coal worker's pneumoconiosis

and

silicosis

are industrial-related lung diseases from mining that are both associated with upper zone lung fibrosis rather than lower zone fibrosis.

Tuberculosis

is an infective cause of lung disease which causes upper zone fibrosis."
77,"A 55-year-old farmer is seen in the respiratory clinic with a 2-month history of progressive shortness of breath and a dry cough. He also feels more lethargic with no appetite. His past medical history includes Crohn's disease for which he takes weekly methotrexate. He is an ex-smoker.

His observations are as follows:

Temperature 37.2ºC
Heart rate 88 beats/min
Blood pressure 121/79mmHg
Respiratory rate 19 breaths/min
Saturations 94% on air

On examination, there are audible crackles bilaterally.

CT chest: Multiple centrilobular ground-glass nodules in the upper zones.

What is the most likely diagnosis?","[""Pneumocystis jiroveci pneumonia"", ""Asbestosis"", ""Extrinsic allergic alveolitis"", ""Idiopathic pulmonary fibrosis"", ""Methotrexate-induced pulmonary fibrosis""]",Extrinsic allergic alveolitis,2,"Extrinsic allergic alveolitis is associated with upper/mid zone lung fibrosis

Causes of upper zone pulmonary fibrosis:
Coal workers pneumoconiosis
Hypersensitivity pneumonitis, histiocytosis
Ankylosing spondylitis
Radiation
Tuberculosis
Silicosis, sarcoidosis

Causes of lower zone pulmonary fibrosis:
Most connective tissue diseases (e.g. rheumatoid arthritis)
Asbestosis
Idiopathic pulmonary fibrosis
Drugs (e.g. methotrexate)

This patient has symptoms of progressive shortness of breath, cough, and lethargy. Combined with the centrilobular ground-glass nodules in the upper zones, the underlying diagnosis is suggestive of pulmonary fibrosis. There are multiple causes of pulmonary fibrosis that can be distinguished by their location. Of the answers given,

extrinsic allergic alveolitis

(or hypersensitivity pneumonitis) is the only subtype of fibrosis that causes changes in the upper or mid-zones of the lungs. The occupational history of farming makes extrinsic allergic alveolitis even more likely secondary to spores from hay.

Pneumocystis jiroveci pneumonia

is a fungal pneumonia most commonly seen in immunocompromised patients such as those on chemotherapy or with HIV. Symptoms are similar to this patient's presentation with shortness of breath and a dry cough. Although this patient is taking methotrexate which puts this patient at higher risk of opportunistic infections, the 2-month history of symptoms and upper zone fibrotic changes make

Pneumocystis jiroveci

pneumonia less likely.

Asbestos

exposure causes fibrotic changes in the lower lobes of the lungs up to 30 years from exposure. The occupational history of asbestos exposure is usually common (e.g. construction workers) which is not given here.

Idiopathic pulmonary fibrosis

typically presents between 50-70 years of age and is characterised by progressive fibrosis of the lung interstitium of an unknown cause. Bilateral fibrotic changes are usually seen in the lower lobes initially. Whilst it should be considered as a differential diagnosis, the presence of upper lobe fibrosis and occupational exposure as a farmer makes extrinsic allergic alveolitis more likely.

Methotrexate-induced pulmonary fibrosis

is a potential cause of this patient's symptoms. However, it typically causes lower zone fibrosis and is relatively uncommon, causing pulmonary symptoms in up to 1-8% of patients taking regular methotrexate."
78,"A 65-year-old male with a 20 pack-year smoking history presents to the respiratory clinic with recurrent haemoptysis. He had previously in good general health, although he was slightly breathless in going upstairs. After being referred on the two-week wait pathway he was diagnosed with non small cell lung cancer.

The respiratory team requested a computed-tomography chest, abdomen and pelvis which revealed a 9mm peripheral lesion in the left lung. A multi-disciplinary team meeting agreed to provide a surgical intervention with adjuvant chemotherapy for this patient.

Which of the following would be a contraindication to the proposed management for this patient?","[""Chronic obstructive pulmonary disease (COPD)- FEV1 65% of predicted"", ""Recurrent haemoptysis"", ""Stage II non small-cell lung cancer"", ""Superior vena cava obstruction"", ""Peripheral tumour <1cm in size""]",Superior vena cava obstruction,3,"SVC obstruction is a contraindication to surgery in patients with non-small cell lung cancer

The answer is superior vena cava obstruction. This is one of the contraindications for the  non small cell lung cancer surgical management.

Moderate COPD (FEV1 50-79% of predicted) is common in non small-cell lung cancer patients and is not a contraindication. Predicted FEV1 is calculated using the modified Nunn and Gregg equation.

Recurrent haemoptysis and non-metastatic lung cancer in a haemodynamically are not a contraindication to surgery.

A small tumour <1cm is not a contraindication to surgery."
79,"A 23-year-old gentleman is referred to the respiratory clinic with a possible diagnosis of bronchiectasis. He has been suffering from recurrent chest infections his entire life and has also struggled to maintain a healthy weight. He has no smoking history and no notable family history. He has tried inhalers but these have had no noticeable effect. He is suspected of having cystic fibrosis and genetic tests are sent for analysis.

What is the normal function of the cystic fibrosis transmembrane regulator?","[""Signalling molecule"", ""Water channel"", ""Potassium channel"", ""Chloride channel"", ""Sodium channel""]",Chloride channel,3,
80,Which one of the following would cause a fall in the carbon monoxide transfer factor (TLCO)?,"[""Acute asthma"", ""Wegener's granulomatosis"", ""Polycythaemia"", ""Exercise"", ""Emphysema""]",Emphysema,4,"Transfer factor

The correct answer is

Emphysema

. Emphysema is a chronic obstructive pulmonary disease (COPD) characterised by damage to the air sacs (alveoli) in the lungs. The carbon monoxide transfer factor (TLCO) measures how well oxygen and carbon dioxide are exchanged across the alveolar-capillary membrane, so if this membrane is damaged as in emphysema, the TLCO would decrease.

Acute asthma

, on the other hand, would not cause a fall in TLCO. Asthma is an inflammatory disorder of the airways which causes episodic bronchoconstriction but does not typically affect gas exchange at the alveolar level unless it progresses to status asthmaticus or severe chronic asthma.

Wegener's granulomatosis

, now more commonly known as Granulomatosis with polyangiitis (GPA), is a rare condition that causes inflammation of blood vessels (vasculitis). It primarily affects the respiratory tract and kidneys but can also involve other organs. Although GPA can cause lung damage, it does not specifically lead to a fall in TLCO unless there is extensive fibrosis or destruction of lung tissue.

Polycythaemia

refers to an increased number of red blood cells. While polycythaemia can increase blood viscosity and reduce flow, it does not directly impact on gas exchange at a cellular level and thus would not cause a fall in TLCO.

Lastly,

Exercise

actually increases TLCO due to increased cardiac output and pulmonary capillary perfusion. This enhances gas exchange rather than reducing it. Therefore, exercise would not result in a decreased TLCO."
81,"A 66-year-old man presents to the emergency department with shortness of breath and chest pain that came on over the past 3 hours. He has a past medical history of hypertension and COPD. He is an ex-smoker, having stopped 18 years ago.

Examination demonstrates reduced breath sounds on the right side. An X-ray confirms a right-sided pneumothorax with a 3cm rim of air.

What is the most appropriate next step?","[""Admit for observation and monitoring over several days"", ""Ambulatory device insertion"", ""Chest drain insertion"", ""Discharge with regular outpatient review"", ""Needle aspiration""]",Chest drain insertion,2,"Symptomatic pneumothorax patients with high-risk features (e.g. underlying lung disease) require a chest drain

New British Thoracic Society guidelines emphasise symptom-guided management. If a patient has symptoms, as is the case here, they should be screened for high-risk characteristics. In particular, this patient has underlying lung disease - COPD - which is one of the high-risk characteristics listed in the new guidelines. As such, the next step is

chest drain insertion

.

Admit for observation and monitoring over several days

is incorrect. This conservative approach may be appropriate for a secondary pneumothorax if the patient is asymptomatic. However, this patient is experiencing chest pain and breathlessness.

Ambulatory device insertion

may be an option for symptomatic patients without high-risk features. As this patient has underlying lung disease, a chest drain is preferred.

Discharge with regular outpatient review

is incorrect. This may be appropriate for asymptomatic patients with a primary pneumothorax. However, this patient is symptomatic and has a secondary pneumothorax (due to underlying lung disease).

Needle aspiration

is inappropriate. As this patient has a high-risk characteristic, a chest drain is the most appropriate option. However, if the patient did not have any high-risk characteristics, but was still symptomatic, needle aspiration may be appropriate for rapid symptom relief. This would, however, depend on the patient's preference - they may instead wish to avoid any sort of procedure and opt for conservative management."
82,Which one of the following is a contraindication to surgical resection in lung cancer?,"[""Haemoptysis"", ""FEV 1.9 litres"", ""Histology shows squamous cell cancer"", ""Vocal cord paralysis"", ""Calcium = 2.84 mmol/L""]",Vocal cord paralysis,3,"Contraindications to lung cancer surgery include SVC obstruction, FEV < 1.5, MALIGNANT pleural effusion, and vocal cord paralysis

The correct answer is vocal cord paralysis. Vocal cord paralysis indicates involvement of the recurrent laryngeal nerve, which is a sign of locally advanced disease. This represents T4 disease in the TNM staging system for lung cancer, indicating direct invasion of mediastinal structures. At this stage, surgical resection is not appropriate as the cancer is not amenable to complete resection, and patients should be considered for alternative treatment modalities such as chemoradiotherapy.

Haemoptysis

is not a contraindication to surgical resection. While it can be a concerning symptom of lung cancer, its presence alone does not indicate inoperability. In fact, surgical resection may be the definitive treatment to stop the bleeding if other criteria for operability are met.

FEV 1.9 litres

is not a contraindication to surgery. While pulmonary function tests are crucial in determining operability, this value alone is not prohibitive. The decision should be based on predicted post-operative FEV1 and other parameters such as DLCO. Generally, a predicted post-operative FEV1 >40% is considered acceptable for surgery.

Histology shows squamous cell cancer

is not a contraindication. Squamous cell carcinoma is one of the common histological types of non-small cell lung cancer, and if caught at an appropriate stage, surgical resection is often the treatment of choice.

Calcium = 2.84 mmol/L

is not a contraindication to surgery. While hypercalcaemia can be associated with lung cancer as a paraneoplastic syndrome, this mild elevation would not preclude surgical intervention. The normal range is typically 2.2-2.6 mmol/L, and this modest elevation would need investigation but would not alone prevent surgical management if otherwise appropriate."
83,"A 54-year-old man presents to the emergency department with bilateral ankle swelling and a rash on his shins. He has no past medical history.

On examination, there is synovitis of the bilateral ankles and a few erythematous tender lumps on his anterior tibiae.

A chest x-ray demonstrates bilateral hilar lymphadenopathy.

Given the likely diagnosis, what is the most likely outcome?","[""Progressive disability and death despite treatment"", ""Relapsing remitting course despite treatment"", ""Resolution with need for maintenance therapy"", ""Resolution with treatment but without need for maintenance therapy"", ""Spontaneous resolution""]",Spontaneous resolution,4,"The majority of patients with sarcoidosis get better without treatment

Spontaneous resolution

is correct. The patient has sarcoidosis. He has the Lofgren syndrome subtype of the disease characterized by an acute onset of bilateral lower limb arthritis, erythema nodosum and bilateral hilar lymphadenopathy and typically resolves in the absence of treatment.

Progressive disability and death despite treatment

is incorrect. Mortality in sarcoidosis ranges from 1-8% and therefore this is a much less likely occurrence than spontaneous resolution. Additionally, the Lofgren subtype is associated with a good prognosis.

Relapsing-remitting course despite treatment

is incorrect. Some patients with sarcoidosis will have relapses of disease on maintenance treatment (estimates range from 12-75%) but this is a rarer outcome than spontaneous resolution. Some maintenance treatments used in the treatment of chronic sarcoidosis include anti-TNF, methotrexate, azathioprine, hydroxychloroquine and mycophenolate.

Resolution with need for maintenance therapy

. Most patients with sarcoidosis do not require maintenance therapy. However, some do require conventional immunosuppressants to keep the disease quiescent. This is successful in some cases without relapse.

Resolution with acute treatment but without need for maintenance therapy

. Most patients with sarcoidosis get better without treatment. A smaller proportion will require treatment with NSAIDs/corticosteroids and not require any further treatment with maintenance immunosuppression."
84,"A 32-year-old woman is seen in the clinic having presented with non-specific symptoms of fatigue, weight loss, myalgia and joint pain over the past 3 months. She also recently developed some shortness of breath with an on-off dry cough as well as purple nodular-like skin lesions on her anterior lower limbs.

A serum angiotensin-converting enzyme (ACE) level is raised and a chest X-ray shows bilateral hilar lymphadenopathy with pulmonary infiltrates.

What prognostic statement regarding individuals with this patient's condition is correct?","[""Most patients get better but only with treatment"", ""Most patients get better even without treatment"", ""Only a minority of patients get better even with treatment"", ""Only a minority of patients get better without treatment"", ""There is no treatment that improves prognosis""]",Most patients get better even without treatment,1,"The majority of patients with sarcoidosis get better without treatment

This patient has presented with the hallmark features of sarcoidosis, including pulmonary involvement and erythema nodosum, with the associated X-ray and blood test findings. Management of sarcoidosis is very patient dependant however over 50% of patients require no treatment at all and most (over 75%) only require symptomatic treatment in the form of nonsteroidal anti-inflammatory drugs NSAID therefore

most patients get better without treatment

.

Poor prognostic factors in sarcoidosis include extrapulmonary manifestations such as lupus pernio and splenomegaly and the absence of erythema nodosum. These patients are uncommon, and require treatment with prognosis varying considerably, therefore the statement

most patients get better but only with treatment

is incorrect.

Most patients do not require treatment and even if they do more than a minority improve therefore

only a minority of patients get better even with treatment

is not correct.

Only a minority of patients get better without treatment

is incorrect as most will improve without treatment.

The statement

there is no treatment that improves prognosis

in sarcoidosis is incorrect as several medications have been shown to improve prognosis including steroids, antimetabolites and immunosuppressants."
85,"A 39-year-old woman presents to the GP with a painful rash affecting both shins. Multiple raised erythematous nodules are noted bilaterally and the patient reports they have been present for 3 weeks and appear to be worsening. Of note, she also reports a persisting cough for the preceding 6 weeks and a chest x-ray reveals hilar lymphadenopathy.

Which of the following is most likely to be abnormal?","[""C-ANCA"", ""Creatinine kinas"", ""dsDNA"", ""P-ANCA"", ""Serum ACE level""]",Serum ACE level,4,"Painful shin rash + cough → ?sarcoidosis

This rash is consistent with erythema nodosum. Erythema nodosum, in conjunction with a persistent cough, should raise a concern about sarcoidosis. Although diagnosis is often confirmed on CT imaging, serum ACE is raised in approximately 60% of sarcoid patients at diagnosis and is the most specific autoantibody used in diagnosis.

C-ANCA is incorrect. This is most commonly associated with granulomatosis with polyangiitis, raised in 90% of cases.

dsDNA is incorrect. This is typically abnormal in lupus erythematosus and is not sensitive or specific for sarcoid.

P-ANCA is incorrect. P-ANCA can be raised in several conditions, including but not limited to ulcerative colitis, primary sclerosing cholangitis and rheumatoid arthritis."
86,"A 65-year-old man attends the emergency department with a cough productive of green sputum. He has recently been diagnosed with COPD and is an active smoker. On examination, he is saturating at 94% on room air and is wheezy bilaterally. A chest X-ray does not reveal any consolidation. Blood tests are as follows:


CRP	26 mg/L	(< 5)
Na+	133 mmol/L	(135 - 145)
K+	3.6 mmol/L	(3.5 - 5.0)
Bicarbonate	34 mmol/L	(22 - 29)
Urea	6 mmol/L	(2.0 - 7.0)
Creatinine	100 µmol/L	(55 - 120)

What is the most likely underlying organism causing this clinical picture?","[""Haemophilus infuenzae"", ""Klebsiella pneumoniae"", ""Moraxella catarrhalis"", ""Staphylococcus aureus"", ""Streptococcus pneumoniae""]",Haemophilus infuenzae,0,"The most common organism causing infective exacerbations of COPD is

This man has presented with an infective exacerbation of COPD. This is evidenced by his productive cough, increased shortness of breath and wheeze. The most common bacterial organism that causes infective exacerbations is

Haemophilus infuenzae

.

Streptococcus pneumoniae

and

Moraxella catarrhalis

are both implicated in infective exacerbations of COPD, but are less common than

Haemophilus infuenzae

.

Klebsiella pneumoniae

tends to affect those with impaired respiratory defences, such as diabetics, alcoholics, the immunocompromised and IV drug users.

Staphylococcus aureus

is a common cause of secondary bacterial pneumonia following influenza A infection."
87,A 24-year-old heroin addict is admitted following an overdose. He is drowsy and has a respiratory rate of 6 / min. Which of the following arterial blood gas results (taken on room air) are most consistent with this?,"[""pH = 7.49; pCO2 = 4.9 kPa; pO2 = 10.1 kPa"", ""pH = 7.52; pCO2 = 2.9 kPa; pO2 = 13.1 kPa"", ""pH = 7.31; pCO2 = 7.4 kPa; pO2 = 8.1 kPa"", ""pH = 7.55; pCO2 = 3.4 kPa; pO2 = 14.3 kPa"", ""pH = 7.32; pCO2 = 3.4 kPa; pO2 = 8.3 kPa""]",pH = 7.31; pCO2 = 7.4 kPa; pO2 = 8.1 kPa,2,
88,"A 45-year-old gentleman with a background of long-standing asthma is admitted to the emergency department with shortness of breath and wheeze. Two days prior to this he had been given co-trimoxazole by his General Practitioner for a suspected bronchopneumonia. His observations reveal a respiratory rate of 26/min, oxygen saturations 94% on room air, heart rate 86bpm, temperature 37.7 degrees celsius.

His blood shows the following:


Hb	121 g/l
Platelets	221 * 109/l
WBC	12.2 * 109/l
Lymphocytes	5.1 * 109/l
Neutrophils	6.2 * 109/l
Eosinophils	2.2 * 109/l

He goes on to have a chest x-ray which reveals proximal bronchiectasis but no focal consolidation.

What is the most likely underlying diagnosis?","[""Exacerbation of asthma"", ""Loeffler syndrome"", ""Allergic bronchopulmonary aspergillosis"", ""Churg-Strauss syndrome"", ""DRESS syndrome""]",Allergic bronchopulmonary aspergillosis,2,
89,"A 45-year-old man presents to the emergency department with worsening breathlessness over the past two months. He has a known diagnosis of COPD. He reports smoking 10 cigarettes daily and consuming 10 units of alcohol per week.

His observations show: temperature 36.6ºC, heart rate 88bpm, blood pressure 128/78 mmHg, oxygen saturation at 96%, and respiratory rate of 18/min.

His recent arterial blood gas reveals:


pH	7.47	(7.35-7.45)
PaO2	11.3kPa	(10.5-13.5)
PaCO2	7.0kPa	(5.1-5.6)
Bicarbonate	31mmol/L	(22-28)
Carboxyhaemoglobin	6.8%	(4–5%)

What aspect of this man's history will cause a rightward shift in his oxygen dissociation curve?","[""Alcohol intake"", ""Alkalosis"", ""Carboxyhaemoglobin saturation"", ""PaCO2 level"", ""Temperature""]",PaCO2 level,3,"Shifts the oxygen dissociation curve to the right - hypercapnia

The correct answer is

paCO2 level

, indicating hypercapnia. The oxygen dissociation curve illustrates the relationship between haemoglobin saturation percentage and the partial pressure of oxygen in the blood. Factors that cause a reduction in haemoglobin saturation with oxygen, thus facilitating increased delivery to tissues, are those that induce a rightward shift in this curve. Hypercapnia prompts such a shift by raising hydrogen ion concentration, which leads to acidosis and reduces haemoglobin's affinity for oxygen—this results in a rightward displacement of the curve. In this case, it is probable that the patient's history of COPD and smoking has led to an elevated paCO2.

Alcohol intake

is also not correct. The patient reports consuming 10 units of alcohol per week, which falls within the advised limit of 14 units per week for adults. Moreover, there is no evidence suggesting that alcohol intake at these levels affects the oxygen dissociation curve.

Alkalosis

is not the correct answer; alkalosis decreases oxygen delivery to tissues due to a leftward shift in the dissociation curve. Respiratory alkalosis typically causes this leftward shift, while this patient exhibits metabolic alkalosis.

Carboxyhaemoglobin saturation

is incorrect as well. It refers to carboxyhaemoglobin levels, which are likely elevated in this patient due to smoking. Smoking raises carbon monoxide levels through incomplete combustion of hydrocarbons present in tobacco smoke. Chronic smokers can have carboxyhaemoglobin concentrations up to 10%. Carbon monoxide binds with haemoglobin much more strongly than oxygen—240 times more—and its presence thus shifts the dissociation curve leftwards, hindering both binding and delivery of oxygen to tissues by effectively competing with oxygen for binding sites on haemoglobin.

Temperature

is incorrect. The patient's temperature is 36.6ºC, which falls within normal range. Generally speaking, hypothermia causes a leftward shift in the dissociation curve by increasing haemoglobin's affinity for oxygen and consequently restricting its release into tissues; this could potentially result in significant tissue hypoxia despite normal or high levels of bound oxygen."
90,"A 27-year-old woman presents with shortness of breath and ankle swelling. She has no history of fever or cough. She has primary antiphospholipid syndrome but hasn't been compliant with her treatment..

Her only medication is warfarin.

Bilateral pitting oedema is observed, and her JVP is elevated. Respiratory examination shows dullness and reduced air entry bilaterally.

A V/Q scan shows preserved ventilation with reduced perfusion in the lower lobes.

What echocardiogram finding is most consistent with her likely diagnosis?","[""Aortic valve gradient of 30 mmHg"", ""Left ventricular apical hypokinesia"", ""Pulmonary arterial pressure of 30 mmHg"", ""Pulmonary valve gradient of 45 mmHg"", ""Tricuspid valve gradient of 8 mmHg""]",Pulmonary arterial pressure of 30 mmHg,2,"Pulmonary arterial hypertension is defined as an elevated pulmonary arterial pressure of greater than 20mmHg

This patient is suffering from chronic PE against a background of primary antiphospholipid syndrome and poor compliance with treatment. The most likely cause of her fluid overload is chronic thromboembolic pulmonary hypertension, so the correct echocardiogram finding would be a

pulmonary arterial pressure of 30 mmHg

. Initial treatment involves appropriate anticoagulation, but in some cases, pulmonary hypertension can persist, and referral to specialist centres for potential thrombectomy may be indicated.

An

aortic valve gradient of 30 mmHg

is diagnostic for moderate aortic stenosis. Although this could contribute to fluid overload, it is less likely in a younger patient without a history of chest pain, syncope, or an ejection systolic murmur. Aortic stenosis may be managed medically with diuretics (if the patient is too frail for definitive treatment), endovascularly with transcatheter aortic valve implantation, or surgically with aortic valve replacement.

Left ventricular apical hypokinesia

is part of the Mayo diagnostic criteria for Takotsubo cardiomyopathy. Clinically, Takotsubo cardiomyopathy presents similarly to myocardial infarction, typically following emotional stress, and can be challenging to differentiate from it. Diagnosis is based on characteristic echocardiogram findings and the absence of significant coronary artery disease. Management is supportive, and the prognosis is generally good.

A

pulmonary valve gradient of 45 mmHg

is consistent with moderate pulmonary stenosis. Pulmonary stenosis is primarily congenital, with a small number of acquired cases due to rheumatic fever or carcinoid syndrome. It may be accompanied by pulmonary regurgitation, and definitive treatment involves valve replacement.

Tricuspid stenosis is a rare valvular disorder, largely due to the rarity of rheumatic heart disease, making it an unlikely diagnosis in this context. A

tricuspid valve gradient of 8 mmHg

would indicate hemodynamically significant tricuspid stenosis."
91,"A 58-year-old woman with COPD is brought to resus with difficulty breathing and low oxygen saturation. She was given oral antibiotics and prednisolone by her GP two days ago but, despite taking these, has continued to deteriorate.

An arterial blood gas (ABG) shows:


	Result	Reference
pH	7.29	7.35-7.45
PaO2	7 kPa	11-13 kPa
PaCO2	10 kPa	4.7-6 kPa

She receives oxygen via a venturi mask, back-to-back ipratropium and salbutamol nebulisers, and IV antibiotics. Her ABG after one hour of treatment shows:


	Result	Reference
pH	7.30	7.35-7.45
PaO2	8 kPa	11-13 kPa
PaCO2	9 kPa	4.7-6 kPa

What is the most appropriate next step in management?","[""Consider for intubation and ventilation"", ""Consider for non invasive ventilation"", ""Continue current treatment and repeat arterial blood gas (ABG) in 1 hour"", ""IV hydrocortisone and repeat arterial blood gas (ABG) in 1 hour"", ""IV magnesium sulphate and repeat arterial blood gas (ABG) in 1 hour""]",Consider for non invasive ventilation,1,"NIV should be considered in all patients with an acute exacerbation of COPD in whom a respiratory acidosis (PaCO2>6kPa, pH <7.35 ≥7.26) persists despite immediate maximum standard medical treatment

Consider for non invasive ventilation (NIV)

is the correct answer. The patient's arterial blood gas (ABG) results show persistent type II respiratory failure (high PaCO2, low pH) and acidosis (pH< 7.35) despite optimal medical therapy. Although her repeat ABG shows a slight improvement in pH, paO2 and paCO2, she is still in respiratory acidosis. The British Thoracic Society guidelines state that 'NIV should be considered in all patients with an acute exacerbation of COPD in whom a respiratory acidosis (pH < 7.35, PaCO2 > 6 kPa) persists despite immediate maximum standard medical treatment on controlled oxygen therapy for no more than one hour.'

Consider for intubation and ventilation

is incorrect. The next step in the escalation of treatment is NIV. If the patient continues to deteriorate, they may need a discussion with ITU and consideration of the ceiling of care.

Continue current treatment and repeat arterial blood gas (ABG) in 1 hour

is incorrect. This patient has received optimal medical management for an hour and despite this has persistent respiratory acidosis on her ABG. Such patients should now be considered for NIV.

IV hydrocortisone and repeat arterial blood gas (ABG) in 1 hour

is incorrect. This patient has already been taking PO prednisolone from her GP, so IV hydrocortisone is unlikely to be of additional benefit. The priority here is ensuring this patient is considered for NIV to try and reverse the respiratory acidosis.

IV magnesium sulphate and repeat arterial blood gas (ABG) in 1 hour

is incorrect. Magnesium sulphate is used in acute exacerbations of asthma, not COPD."
92,A 49-year-old male with a past history of alcohol excess presents to the Emergency Department due to fever and shortness of breath. Chest x-ray reveals a cavitating lesion in the right middle zone. What is the most likely causative organism?,"[""Klebsiella"", ""Bartonella"", ""Pneumococcus"", ""Coxiella burnetii"", ""Haemophilus influenzae""]",Klebsiella,0,
93,"A 60-year-old man attends for review - he has had a repeat chest x-ray following a recent chest infection, where he was found to have pleural plaques.

The previous consolidation has fully resolved, however the pleural plaques persist. He is a retired shipyard worker.

What is the most appropriate follow-up?","[""No follow-up required"", ""Urgent respiratory referral"", ""Specialist referral for legal compensation"", ""2-week-wait respiratory referral"", ""Repeat chest X-ray in 6 weeks""]",No follow-up required,0,"Pleural plaques are benign and do not undergo malignant change. They, therefore don't require any follow-up.

Pleural plaques are the commonest form of asbestos-related lung disease. They are benign thickenings of the pleura and do not require treatment or follow-up.

Am urgent respiratory referral is not indicated in a patient with pleural plaques without other complications.

Since 2007, it has not been possible for an individual who has been diagnosed with pleural plaques alone to claim civil compensation in either England or Wales. There is no use in referring the patient for this purpose.

A 2-week-wait referral to respiratory medicine is not indicated as there is no suggestion that there is an underlying lung malignancy. It is however worth noting that his history of occupational exposure to asbestos does put him at risk of lung cancers such as mesothelioma.

Repeat chest X-ray is indicated 6 weeks after pneumonia to ensure resolution and detect underlying lung malignancy, which can be difficult to identify initially when an acute infiltrate is present on X-ray. This has already been done and so another repeat is not required."
94,"A 35-year-old woman presents with a chronic history of a productive cough. On examination, she has finger clubbing and late inspiratory crackles. She is suspected of having bronchiectasis. Which gene is associated with bronchiectasis?","[""HLA-DR1"", ""HLA-DR2"", ""HLA-DR3"", ""HLA-DR4"", ""HLA-B27""]",HLA-DR1,0,
95,Which one of the following would cause a rise in the carbon monoxide transfer factor (TLCO)?,"[""Emphysema"", ""Pulmonary embolism"", ""Pulmonary haemorrhage"", ""Pneumonia"", ""Pulmonary fibrosis""]",Pulmonary haemorrhage,2,"Transfer factor

The correct answer is

Pulmonary haemorrhage

. In pulmonary haemorrhage, there is extravasation of blood into the alveolar spaces. This increases the amount of haemoglobin available in the alveoli for carbon monoxide binding, leading to an increased TLCO measurement. The presence of additional red blood cells in the alveolar space enhances the gas transfer capacity, as carbon monoxide has a high affinity for haemoglobin.

Emphysema

is incorrect because it causes a decrease in TLCO. In emphysema, there is destruction of alveolar walls and enlargement of air spaces, leading to reduced surface area for gas exchange and loss of pulmonary capillary bed. This results in decreased gas transfer capacity and therefore a reduced TLCO.

Pulmonary embolism

is incorrect as it causes a decrease in TLCO. When pulmonary emboli occlude pulmonary vessels, they create areas of ventilation without perfusion (dead space). This reduces the available surface area for gas exchange and decreases the volume of functioning pulmonary capillary bed, leading to reduced TLCO.

Pneumonia

is incorrect because it typically causes a decrease in TLCO. During pneumonia, inflammatory exudates fill the alveolar spaces, creating a barrier to gas diffusion. Additionally, the associated inflammatory response can impair local perfusion, both of which contribute to reduced gas transfer.

Pulmonary fibrosis

is incorrect as it causes a decrease in TLCO. In pulmonary fibrosis, there is progressive scarring of lung tissue with thickening of the alveolar-capillary membrane. This increased diffusion distance and reduced pulmonary capillary volume results in impaired gas transfer and therefore a reduced TLCO."
96,"A 21-year-old man presents with acute onset of left-sided pleuritic chest pain that began four hours ago. The pain has reduced since he arrived at the hospital and is minimal in severity now. He denies any recent history of trauma, and he lives and works nearby as a welder.

The patient has no significant medical history.

He has a respiratory rate of 16/min, heart rate of 75 bpm, blood pressure of 120/64 mmHg, oxygen saturation of 99% on room air, and is apyrexial.

A chest x-ray reveals a left-sided apical pneumothorax measuring 1cm from the pleural edge with no mediastinal shift.

What management plan should be offered?","[""Admit and monitor over 24 hours"", ""Chest drain insertion"", ""Continuous positive airway pressure"", ""Discharge with regular ambulatory follow-up"", ""Pleurodesis""]",Discharge with regular ambulatory follow-up,3,"Symptomatic pneumothorax patients with no high-risk features should be offered the following choice:

For patients who have a symptomatic pneumothorax without high-risk features such as bilateral pneumothorax, significant hypoxia, underlying lung disease, and those who are ≥ 50 years old with a significant smoking history, an appropriate initial management would be to

discharge with regular ambulatory follow-up

. This patient has minimal symptoms and would be suitable for outpatient conservative management. However, hospitals must ensure the availability of appropriate resources for safe ambulatory monitoring of these patients. The patient should receive clear written advice and must be informed to return if symptoms worsen. They should also be followed up in 2-4 days.

It could be considered to

admit and monitor a patient for over 24 hours

if they have presented acutely with dyspnoea, are older with a significant smoking history, and have no other indications for invasive intervention. However, in the case of this patient who has minimal symptoms, lacks high-risk characteristics, and lives nearby, outpatient follow-up would be suitable. If appropriate ambulatory follow-up is not available, the patient may need to be admitted to the hospital to intervene if the pneumothorax does not resolve in the coming days. It would be unnecessary to admit the patient for 24 hours with no intention to intervene, as this would only result in an unnecessary hospital admission.

Chest drain insertion

is not necessary in this case as the pneumothorax is not causing any symptoms and this is a primary spontaneous pneumothorax. A suitable alternative for patients with symptomatic pneumothorax and no high-risk features would be needle aspiration, which should be offered to the patient if they were to become symptomatic. If the pneumothorax persists even after needle aspiration, then chest drain insertion can be considered.

It is not recommended to give

continuous positive airway pressure

to patients with pneumothorax as the positive pressure may exacerbate the condition. In case a patient is hospitalised for observation, supplemental oxygen should be provided if they have hypoxia. However, caution is advised when providing supplementary oxygen to patients with carbon dioxide retention.

It is typically unnecessary to perform

pleurodesis

to reduce the risk of re-occurrence in most patients with primary spontaneous pneumothorax. This includes patients who work in low-risk occupations, such as welding. However, patients with high-risk occupations, such as pilots or scuba divers, who experience their first episode of primary spontaneous pneumothorax, should be considered for pleurodesis due to the increased risk of re-occurrence."
97,"A middle aged woman presents with progressive shortness of breath. Chest X ray shows bilateral hilar lymphadenopathy.


Calcium	2.7mmol/l
Angiotensin converting enzyme	200µg/l (<40µg/l)

Given the likely diagnosis, which of the following features would be associated with a good prognosis?","[""Lupus pernio"", ""Hypercalcaemia"", ""Age>40"", ""Erythema nodosum"", ""HLA B13 subtype""]",Erythema nodosum,3,
98,"A 65-year-old man attends the respiratory clinic with shortness of breath and increased secretions. On examination, he has a bilateral expiratory wheeze. Observations are as follows: heart rate 82 beats per minute, blood pressure 125/80 mmHg, SpO2 95% on air, temperature 37.1ºC, and respiratory rate 14 breaths per minute.

A CT scan is performed:


CT chest	Intralobular, small, rounded and branching opacities; thickened interlobular septa; pleural plaques

What is the most important aspect of treatment?","[""Carbocisteine"", ""Long-term oxygen therapy"", ""Pulmonary rehabilitation"", ""Salbutamol inhaler"", ""Smoking cessation""]",Smoking cessation,4,"Smoking cessation is very important in patients with asbestos-related lung disease as the risk of lung cancer in smokers is very high

Smoking cessation

is correct. The patient most certainly has a diagnosis of asbestosis lung disease given the radiological appearance. Patients with asbestosis lung disease have a very high risk of developing lung cancer, and it is therefore of paramount importance that they stop smoking.

Carbocisteine

is incorrect. Although this drug would be useful symptomatically to reduce secretions, smoking cessation is the most important aspect of management to reduce the long-term risks of lung cancer.

Long-term oxygen therapy

is incorrect. The patient is not hypoxic and therefore long-term oxygen therapy is not currently indicated.

Pulmonary rehabilitation

is incorrect. Although pulmonary rehabilitation may have benefits for the patient's symptomatology, smoking cessation is the most important aspect of management to reduce the long-term risks of lung cancer.

Salbutamol inhaler

is incorrect. Although this drug would be useful symptomatically to reduce bronchospasm, smoking cessation is the most important aspect of management to reduce the long-term risks of lung cancer."
99,"A 67-year-old man presents with progressive exertional dyspnoea. These symptoms have been getting progressively worse over the past nine months and are associated with a dry cough. He gave up smoking 20 cigarettes/day around 30 years ago. On examination his oxygen saturations are 97% on room air, respiratory rate is 14/min and there are some fine bibasal crackles. Finger clubbing is noted. Investigations show the following:


B-type natriuretic peptide	88 pg/ml (< 100pg/ml)

ECG: sinus rhythm, 72/min

Spirometry


FEV1	1.57 L (50% of predicted)
FVC	1.63 L (39% of predicted)
FEV1/FVC	96%

Which investigation is most likely to confirm the diagnosis?","[""Acute vasodilator testing"", ""Echocardiogram"", ""Flow-volume loop"", ""High-resolution CT scan"", ""Ventilation/perfusion scan""]",High-resolution CT scan,3,
100,"A 45-year-old marathon runner presents to the emergency department with symptoms of headaches, dizziness, and blurred vision, which have been impacting his ability in marathon training. He has no significant medical history, apart from a previous ankle fracture from a snowboarding accident. He has recently relocated from Nepal, where he lived for a decade.

His recent blood test results are as follows:


Hb	195 g/L	Male: (135-180)
Female: (115 - 160)
Platelets	250* 10 9/L	(150 - 400)
WBC	8 * 10 9/L	(4.0 - 11.0)

What long-term complication is this man most at risk of developing?","[""Acute myeloid leukaemia"", ""Chronic migraines"", ""Osteoporosis"", ""Postural hypotension"", ""Stroke""]",Stroke,4,"Patients with high oxygen-affinity haemoglobin variants can develop secondary polycythaemia and hence have an increased risk of thrombotic events

Stroke

is the correct answer. The patient, a marathon runner with a history of residing at high altitude, presents with symptoms including headache, dizziness, and blurred vision. Recent blood investigations have revealed secondary polycythaemia. Secondary polycythaemia typically develops due to chronic hypoxaemia, which stimulates the kidneys to produce more erythropoietin. This condition significantly increases the risk of thrombotic events as the increased red blood cell mass contributes to higher blood viscosity, potentially impairing blood flow and predisposing individuals to vaso-occlusive incidents.

Acute myeloid leukaemia

is incorrect. Whilst acute myeloid leukaemia is indeed the most prevalent form of acute leukaemia in adults and should be included in differential diagnoses, its presentation often includes anaemia and thrombocytopenia due to bone marrow infiltration by malignant cells. The raised haemoglobin level seen in this patient aligns more closely with polycythaemia rather than acute myeloid leukaemia.

Chronic migraines

are incorrect. Despite chronic migraines being plausible given the patient's presenting symptoms of headache, dizziness, and blurred vision, they do not represent a complication related to the clinical scenario presented here. Considering the abnormally elevated haemoglobin levels alongside a history of high-altitude habitation and marathon running, secondary polycythaemia is the more probable diagnosis.

Osteoporosis

is incorrect. In this clinical vignette, secondary polycythaemia is identified as the likely diagnosis; osteoporosis does not feature as a known long-term complication of this condition. Although the patient has sustained a previous bone fracture which marginally elevates their risk for osteoporosis development, it was attributed to trauma rather than an underlying pathological process. Furthermore, given that this patient is young and has no current risk factors for further fractures, osteoporosis remains an unlikely concern.

Postural hypotension

is incorrect. In instances of secondary polycythaemia, hypertension would be more anticipated than hypotension owing to an increase in red cell mass leading to elevated circulating blood volume."
101,"A 62-year-old man presents with shortness of breath, wheeze and rhinorrhoea. On examination, you note a bilateral expiratory wheeze.

Blood results are as follows:


Hb	120 g/L	Male: (135-180)
Female: (115 - 160)
Platelets	228 * 109/L	(150 - 400)
WBC	14.2 * 109/L	(4.0 - 11.0)
Eosin	3.2 * 109/L	(0.0 - 0.4)
Na+	138 mmol/L	(135 - 145)
K+	4.1 mmol/L	(3.5 - 5.0)
Urea	5.8 mmol/L	(2.0 - 7.0)
Creatinine	62 µmol/L	(55 - 120)
CRP	8 mg/L	(< 5)


pANCA	Positive

Which of the following drugs should be avoided?","[""Corticosteroids"", ""Cyclosporine"", ""Ipratropium"", ""Montelukast"", ""Salbutamol""]",Montelukast,3,"Leukotriene receptor antagonists may trigger eosinophilic granulomatosis with polyangiitis (Churg-Strauss syndrome)

Montelukast

is correct. Montelukast is a leukotriene receptor antagonist that has been associated with precipitating or exacerbating Eosinophilic granulomatosis with polyangiitis (EGPA), formerly known as Churg-Strauss syndrome. This patient's presentation of asthma symptoms, eosinophilia, and positive pANCA test are suggestive of EGPA. Therefore, it would be best to avoid prescribing Montelukast in this case.

Corticosteroids

is incorrect. Corticosteroids are often used to treat EGPA and would not need to be avoided.

Cyclosporine

is incorrect. Cyclosporine is often used in treating EGPA and would not need to be avoided.

Ipratropium

is incorrect.  Ipratropium is an acetylcholine antagonist via blockade of muscarinic cholinergic receptors. It acts as a bronchodilator that could help manage the patient's asthma symptoms without triggering EGPA.

Salbutamol

is incorrect. Salbutamol is a selective short-acting β2-agonist bronchodilator that could help manage the patient's asthma symptoms without triggering EGPA."
102,"A 55-year-old man is referred to the chest clinic by his general practitioner (GP). He initially presented to the GP 6 weeks ago with shortness of breath and an associated dry cough. He was also feverish and complained of malaise. The GP tried several courses of antibiotics but these did not help. There was no haemoptysis. He is previously fit and well and has never smoked. He works as an accountant. On examination, you note some inspiratory crackles on chest examination but otherwise, the examination is normal.

Blood tests that the GP previously did showed a leukocytosis and increased ESR and CRP. A chest x-ray shows patchy bilateral opacities. Some pulmonary function tests have also been arranged, which show an FEV1/FVC ratio of 0.65 with a transfer factor of 67%.

What is the most likely diagnosis?","[""Cryptogenic organising pneumonia"", ""Hypersensitivity pneumoniitis"", ""Community acquired pneumonia"", ""Lung cancer"", ""Pulmonary haemorrhage""]",Cryptogenic organising pneumonia,0,
103,Which one of the following interventions is most likely to increase survival in patients with COPD?,"[""Home nebulisers"", ""Tiotropium inhaler"", ""Long-term steroid therapy"", ""Smoking cessation"", ""Long-term oxygen therapy""]",Smoking cessation,3,
104,"A 28-year-old presents to the emergency department with a dry cough, progressive dyspnoea, and recurrent chest infections. He was recently started on a salbutamol inhaler by his general practitioner which has had little effect. A diffuse wheeze is heard on auscultation.

Investigations:


Hb	14.8 g/L	Male: (135-180)
Female: (115 - 160)
Platelets	236 * 109/L	(150 - 400)
WBC	8.1 * 109/L	(4.0 - 11.0)
Neuts	6.0 * 109/L	(2.0 - 7.0)
Lymphs	1.1 * 109/L	(1.0 - 3.5)
Mono	0.3 * 109/L	(0.2 - 0.8)
Eosin	0.62 * 109/L	(0.0 - 0.4)
IgE	2300 kU/mL	(0 - 75)
Chest x-ray	Bilateral pulmonary infiltrates	

What is the treatment of choice for this patient?","[""Intravenous immunoglobulin (IVIG)"", ""Low dose inhaled corticosteroids (Low-dose ICS inhaler)"", ""Nebulised antibiotics"", ""Oral glucocorticoids"", ""Rituximab""]",Oral glucocorticoids,3,"Oral glucocorticoids are the treatment of choice for allergic bronchopulmonary aspergillosis

Oral glucocorticoids is the correct answer. The symptoms provided, raised IgE, raised eosinophils and bilateral pulmonary infiltrates are highly suggestive of allergic bronchopulmonary aspergillosis (ABPA). Oral glucocorticoids are the treatment of choice for ABPA. The pulmonary destruction in ABPA is caused by a type 2 hypersensitivity reaction and can result in extensive pulmonary fibrosis if left untreated. Antifungals, such as itraconazole, also have a role in treatment.

Intravenous immunoglobulin (IVIG) is an incorrect answer. It does not have a role in the treatment of ABPA. IVIG is typically used in the management of primary immunodeficiencies.

Low dose inhaled corticosteroids (Low-dose ICS inhaler) is an incorrect answer. It does not have a role as a monotherapy for ABPA. High-dose inhaled corticosteroid's have been used as an adjunct therapy for some cases of ABPA. Low-dose ICS inhalers are used as a second-line therapy with short-acting beta-agonist inhalers in the treatment of asthma.

Nebulised antibiotics is an incorrect answer. It does not have a role in the treatment of ABPA. Nebulised antibiotics are typically used for the management of recurrent cystic fibrosis infections caused by

Pseudomonas aeruginosa

.

Rituximab is an incorrect answer. It does not have a role in the treatment of ABPA. Rituximab is used in the management of autoimmune disorders, such as rheumatoid arthritis, and some leukaemia's and lymphomas."
105,"A 55-year-old man attends his GP with 7 day history of general fever and malaise, and a 2 day history of non-productive cough. His eyes have also been sticky and sore for the last few days. He appears visibly unwell, with a fever of 38.2ºC and a respiratory rate of 20 /min. There is also some mild splenomegaly.

He has no history of recent foreign travel and denies any tuberculosis exposure or contact with anyone who has been ill. He is, however, the proud new owner of George, a red-crested Australian King Parrot, who he has had for a month.

What is the most likely cause of this gentleman's symptoms?","[""H5N1 pneumonia"", ""Chlamydia psittaci infection"", ""Mycoplasma infection"", ""Acute hypersensitivity pneumonitis"", ""Cryptosporidiosis""]",Chlamydia psittaci infection,1,"Chlamydia psittaci

This gentleman has acquired an atypical pneumonia caused by the gram-negative bacteria

Chlamydia psittaci

, a pathogen commonly found in domesticated and exotic birds.

C. psittaci

classically causes a respiratory infection as well as an acute or chronic conjunctivitis, but presentation can range from mild flu-like illness to multi-organ failure.

H5N1, also known as avian influenza or 'bird flu', has received significant attention given its high levels of pathogenicity, however, it does not transmit easily from birds to humans and cases have been limited to date to the far and middle east.

Mycoplasma

is a more common cause of atypical pneumonia and would have a similar presentation. The bird keeping is the primary discriminating element here. Additionally, mycoplasma infection would not typically cause splenomegaly.

Hypersensitivity pneumonitis, also known as extrinsic allergic alveolitis, is a hypersensitivity reaction caused by exposure to organic dusts. This can include bird droppings, such as in Bird Fancier's Lung. Symptom onset is usually within 4-6 hours however as this is an allergic-type reaction, which does not fit with this clinical history.

Cryptosporidiosis is a parasitic infection that can be contracted from contact with infected individuals or animals. It is, however, an opportunistic infection and typically only presents in immunocompromised individuals, particularly those with HIV."
106,"You review a 60-year-old woman in the COPD clinic. She was diagnosed with COPD four years ago and is currently maintained on a salbutamol inhaler as required. She has recently managed to give up smoking and her latest FEV1 was 42% of predicted. Despite her current therapy she has frequent exacerbations. There is no history of asthma, eosinophilia or FEV1 variation.

What is the most appropriate next step in her management?","[""Salmeterol inhaler"", ""Combined salmeterol + fluticasone inhaler"", ""Combined long acting beta agonist and long acting muscarinic antagonist (LABA/LAMA)"", ""Betamethasone inhaler"", ""Oral aminophylline""]",Combined long acting beta agonist and long acting muscarinic antagonist (LABA/LAMA),2,"COPD - still breathless despite using SABA/SAMA and

Following the 2018 NICE guidelines, the next step in management would be a combined long-acting beta2-agonist (such as salmeterol) + a long-acting muscarinic antagonist. This is because there are no

'asthmatic features/features suggesting steroid responsiveness'

."
107,"A 56-year-old gentleman is admitted with worsening shortness of breath on exertion, fever, and cough. He has a 15 pack-year smoking history and is a foundry worker. His respiratory rate is 28/min, heart rate 80bpm, and temperature 37.6ºC. On auscultation of his chest, there were crepitations throughout both lung fields.

Chest X-ray reveals calcified hilar nodules. A subsequent HRCT shows an eggshell calcification pattern.

What is the most likely diagnosis?","[""Berylliosis"", ""Silicosis"", ""Tuberculosis"", ""Sarcoidosis"", ""Histoplasmosis""]",Silicosis,1,
108,You review a 67-year-old man who has chronic obstructive pulmonary disease (COPD). On examination there is evidence of cor pulmonale with a significant degree of pedal oedema. His FEV1 is 43%. During a recent hospital stay his pO2 on room air was 7.5 kPa. Which one of the following interventions is most likely to increase survival in this patient?,"[""Inhaled corticosteroid"", ""Heart-lung transplant"", ""Pulmonary rehabilitation"", ""Loop diuretic therapy"", ""Long-term oxygen therapy""]",Long-term oxygen therapy,4,
109,"A 58-year-old man is reviewed on the surgical wards 7 days after having an anterior resection for a rectal carcinoma. He developed a cough 2 days ago and had a chest x-ray which showed consolidation of the right lower lobe. A diagnosis of post-op pneumonia was made and he was started on broad spectrum intravenous antibiotics.

Over the past 24 hours he has become progressively more short-of-breath. On examination his respiratory rate is 30/min, heart rate 102/min, temperature of 37.2ºC and oxygen saturations of 92% on an oxygen concentration of 35%. Bibasal crackles are noted on lung auscultation. An ECG show sinus rhythm and no acute changes. A chest x-ray shows bilateral infiltrates in both bases.

What is the most likely diagnosis?","[""Bilateral lobar pneumonia"", ""Heart failure secondary to a myocardial infarction"", ""Acute respiratory distress syndrome"", ""Atelectasis"", ""Massive pulmonary embolism""]",Acute respiratory distress syndrome,2,
110,"A 48-year-old woman has 8 months of exertional dyspnoea. She has no cough, wheeze, orthopnoea, or chest pain. She occasionally smoked from 18 to 23 years of age, but has not smoked since.

Her pulse is 85 bpm, her oxygen saturation is 96% breathing air, and her BMI is 38 kg/m². A cardiorespiratory examination is unremarkable. Arterial blood gas is normal.

Spirometry is performed:


Test	Result	Predicted value
FEV1	2.80 L	3.10 L
Forced vital capacity (FVC)	3.60 L	4.10 L
FEV1/FVC	78%	> 70%
Total lung capacity (TLC)	5.80 L	5.90 L
Residual volume (RV)	1.20 L	1.20 L
Expiratory reserve volume (ERV)	0.4 L	1.0 L

Which mechanism best explains these findings?","[""Abnormal permanent dilatation of alveoli"", ""Decreased compliance of the chest wall"", ""Diaphragmatic weakness"", ""Impaired chemoreceptor response and altered ventilatory drive"", ""Increased airway resistance""]",Decreased compliance of the chest wall,1,"Expiratory reserve volume may be significantly reduced in obese patients

Decreased compliance of the chest wall

is correct. In this patient, decreased compliance of the chest wall is correct because her obesity (BMI 38 kg/m²) leads to increased thoracic and abdominal fat mass that mechanically restricts diaphragmatic movement and chest wall expansion. This reduces ERV, as seen in her lung volumes, often without significantly affecting TLC or causing airflow obstruction. Hence, the elevated intra-abdominal pressure limits diaphragmatic descent, which limits chest wall expansion alongside the increased thoracic weight.

Abnormal permanent dilatation of alveoli

is incorrect. While this patient previously smoked, this was occasional for a relatively short duration. The spirometry also shows a normal FEV1/FVC ratio (78%) and normal RV, suggesting no airflow obstruction or trapping. Emphysema typically presents with a reduced FEV1/FVC ratio (< 70%), increased RV due to hyperinflation, and decreased elastic recoil, causing airflow obstruction and air trapping. This patient's lung volumes and spirometry do not reflect these changes. Such alveolar destruction and dilatation are relevant in COPD, especially in smokers with persistent airflow limitation and symptoms like chronic cough and wheezing, which are absent here.

Diaphragmatic weakness

is incorrect. This patient's TLC and RV are normal, indicating preserved lung expansion, which is not typically seen with diaphragm weakness. Additionally, there is no history of neuromuscular disease or symptoms such as orthopnoea or paradoxical breathing. Diaphragmatic weakness could instead be considered in conditions like neuromuscular disorders (e.g., motor neuron disease, myasthenic crises) or phrenic nerve injury, where reduced inspiratory capacity, decreased vital capacity, decreased TLC, and normal/low RV due to poor diaphragmatic excursion are observed, often accompanied by orthopnoea and respiratory failure.

Increased airway resistance

is incorrect as this patient's FEV1/FVC ratio is normal (78%), indicating no obstructive airflow limitation. Increased airway resistance typically causes a reduced FEV1 and FEV1/FVC ratio, as seen in asthma or chronic obstructive pulmonary disease (COPD), often accompanied by wheezing and cough, which she does not have. This mechanism could be considered in patients with obstructive airway diseases where inflammation, bronchoconstriction, or mucus production narrow the airways, leading to airflow obstruction and symptoms such as wheezing, cough, and dyspnoea.

Impaired chemoreceptor response and altered ventilatory drive

is incorrect. This option hints at the mechanism behind obesity hypoventilation syndrome (OHS). This occurs due to an interaction between obesity-related altered respiratory mechanics, impaired chemoreceptor response, and sleep-disordered breathing. This is very commonly seen in obese individuals and is diagnosed with the presence of these three components: BMI > 30 kg/m2, daytime hypercapnia, and absence of any other structural lung diseases. The impaired chemoreceptor response seen in patients with OHS often results in reduced sensitivity to rising carbon dioxide levels and causes inappropriate hypoventilation. This patient does meet the criteria in terms of BMI; however, the absence of any sleep symptoms and normal arterial blood gas make this diagnosis less likely. The altered mechanics of ventilation are the only factor at play in this scenario; therefore, decreased compliance of the chest wall is the better explanation."
111,"A 34-year-old man has been referred to your clinic after pulmonary function testing carried out before elective surgery returned abnormal. He is a non-smoker, currently works as an accountant and past medical history includes gastro-oesophageal reflux disease (GORD) and hypothyroidism. He has a BMI of 39.1kg/m², but the rest of his observations and pre-operative blood tests were within normal range.

What abnormalities would you expect to see on his pulmonary function test?","[""Increased residual volume with reduced FVC"", ""Normal FEV1/FVC ratio and total lung capacity with low diffusing capacity"", ""Reduced FEV1 and FVC with normal FEV1/FVC ratio, and reduced expiratory reserve volume"", ""Reduced FEV1 and FVC with reduced FEV1/FVC ratio with reversibility"", ""Reduced FEV1 and FVC with reduced FEV1/FVC ratio without reversibility""]","Reduced FEV1 and FVC with normal FEV1/FVC ratio, and reduced expiratory reserve volume",2,"Expiratory reserve volume may be significantly reduced in obese patients

The expiratory reserve volume is the additional volume of air that can be forcibly exhaled after a normal tidal expiration. A

reduced FEV1 and FVC with a normal FEV1/FVC ratio, and reduced expiratory reserve volume

may be observed in cases of obesity, where increased abdominal fat restricts diaphragmatic movement, thus reducing the expiratory reserve. Consequently, one would expect both the FVC—the total amount of air that can be forcefully breathed out—and the FEV1—the volume of air expelled in the first second of a forceful expiration following a deep inhalation—to be diminished. The patient's history of GORD and a BMI of 39.1 kg/m² further suggest central obesity, supporting these spirometric findings.

Increased residual volume with reduced FVC

is an unlikely finding in this individual. An elevated residual volume indicates that more air remains in the lungs after full exhalation, which signifies less participation in gas exchange. A decreased FVC suggests an obstructive pattern, characteristic of conditions such as COPD and asthma; however, there is no information to indicate that this patient has either condition. Instead, it is more plausible that spirometry would reveal a restrictive pattern.

A

normal FEV1/FVC ratio and total lung capacity with low diffusing capacity

are indicative of conditions that compromise effective gas exchange while ventilation remains preserved. These include disorders affecting pulmonary perfusion like chronic pulmonary embolism and alveolar gas exchange issues such as thickening alveolar walls seen in pulmonary fibrosis. It is improbable for this patient to have any of these conditions given the absence of relevant symptoms or indications for underlying chronic pulmonary embolism, pulmonary fibrosis, or similar diseases.

Reduced FEV1 and FVC with reduced FEV1/FVC ratio with reversibility

characterises asthma wherein bronchoconstriction significantly impacts FEV1 but demonstrates improvement following salbutamol administration. A reduction in both FEV1 and FVC accompanied by a lowered FEV1/FVC ratio—primarily due to a greater decrement in FEV1—suggests obstructive lung pathology.

Reduced FEV1 and FVC with a reduced FEV1/FVC ratio without reversibility

indicate COPD, an obstructive condition unresponsive to salbutamol treatment; this lack of reversibility assists in distinguishing it from asthma. It should be noted that partial reversibility might occur, indicating the potential coexistence of asthma and COPD within the same patient."
112,"A 28-year-old woman with no significant past medical history presents to the emergency department with progressively worsening dyspnoea over the past month.

Examination reveals peripheral oedema, elevated jugular venous pressure, and hepatomegaly. An electrocardiogram indicates signs of right ventricular strain, and an echocardiogram shows a normal left ventricular ejection fraction. Further investigations reveal increased pulmonary arterial pressure.

What is the most appropriate diagnostic criterion for this condition?","[""A loud second heart sound (S2) and a third heart sound (S3)"", ""Estimated mean pulmonary pressure of 24 mmHg on echocardiogram"", ""Mean pulmonary arterial pressure >20 mmHg"", ""Right ventricular heave on physical examination"", ""Right ventricular hypertrophy (RVH) on electrocardiogram""]",Mean pulmonary arterial pressure >20 mmHg,2,"Pulmonary arterial hypertension is defined as an elevated pulmonary arterial pressure of greater than 20mmHg

Pulmonary hypertension is defined by a

mean pulmonary arterial pressure greater than 20 mmHg

, as measured at rest using right heart catheterisation, which remains the gold standard for diagnosis. This method allows direct assessment of the pressure in the pulmonary arteries, making it a definitive diagnostic tool.

S2 and S3

are clinical findings that suggest right ventricular strain or failure, which can occur in advanced pulmonary hypertension. A loud S2 indicates elevated pulmonary artery pressure, while an S3 reflects volume overload or right ventricular dysfunction. However, these findings are nonspecific and cannot definitively diagnose pulmonary hypertension, as they do not quantify pulmonary artery pressure or directly assess the haemodynamic severity of the condition.

An

estimated mean pulmonary pressure of 24 mmHg on echocardiogram

is incorrect as it is not diagnostic. Although echocardiography can estimate mean pulmonary artery pressure, a value of 24 mmHg is within the normal range (typically < 25 mmHg) and does not confirm pulmonary hypertension. If the mean pulmonary pressure exceeds 25 mmHg, further diagnostic evaluation is warranted. Echocardiographic estimates should always be interpreted in the context of other clinical findings.

Right ventricular heave on physical examination

is incorrect because while a right ventricular heave can suggest right ventricular hypertrophy, which may occur in pulmonary hypertension, it is not a definitive diagnostic criterion. A right ventricular heave is a clinical sign that can be present in various conditions affecting the right ventricle, such as heart failure or congenital heart disease, and thus lacks specificity for pulmonary hypertension.

Right ventricular hypertrophy (RVH)

on an ECG can indicate pulmonary hypertension, as the right ventricle works harder to overcome the increased pressure in the pulmonary vasculature. However, RVH on an ECG is not a diagnostic criterion for pulmonary hypertension. While RVH may suggest the disease, it does not confirm the diagnosis and can also be seen in other conditions, such as chronic lung disease or congenital heart defects."
113,Which of the following features is associated with a good prognosis in sarcoidosis?,"[""Insidious onset"", ""Splenomegaly"", ""Disease in black people"", ""Stage III features on CXR"", ""Erythema nodosum""]",Erythema nodosum,4,"Erythema nodosum is associated with a good prognosis in sarcoidosis

The correct answer is

Erythema nodosum

. Erythema nodosum is a skin condition characterised by red, painful lumps most commonly located on the front of the legs. It's often associated with sarcoidosis and other systemic diseases. In relation to sarcoidosis, erythema nodosum has been linked with acute disease onset and tends to be associated with a more benign course of illness. It typically correlates with Lofgren's syndrome, which is an acute form of sarcoidosis that generally resolves spontaneously within 2 years.

The option

Insidious onset

is incorrect as it's usually associated with a worse prognosis in sarcoidosis. Patients who present with an insidious onset tend to have chronic disease and are more likely to develop pulmonary fibrosis.

Splenomegaly

, or enlargement of the spleen, isn't typically associated with the prognosis of sarcoidosis. While it can occur in patients with sarcoidosis due to granulomatous infiltration of the spleen, its presence doesn't correlate with disease severity or prognosis.

The statement that

disease in black people

is associated with a good prognosis is also not accurate. Sarcoidosis is indeed more common in people of African descent but unfortunately this group also tends to have a worse prognosis compared to other ethnic groups. They are more likely to have chronic disease and suffer from severe manifestations such as cardiac or neurologic involvement.

Finally,

Stage III features on CXR

refer to bilateral pulmonary fibrosis without hilar lymphadenopathy seen on chest X-ray in patients with sarcoidosis. This stage represents advanced disease and correlates with a poorer prognosis due to irreversible lung damage."
114,"A 35-year-old sawmill maintenance engineer developed a dry cough which was associated with global wheeze and fine crackles in his lungs. His symptoms eventually worsened, with work-related lethargy, fever, and increased breathlessness. There was weight loss equivalent to 1-stone. He smokes 10 cigarettes per day. Having been consulted by a respiratory physician he underwent a high-resolution CT scan which demonstrated extensive bilateral ground-glass opacities predominantly affecting the mid zones.

What is the most likely diagnosis in this case?","[""Asthma exacerbation"", ""Extrinsic allergic alveolitis"", ""Sarcoidosis"", ""Silicosis"", ""Tuberculosis""]",Extrinsic allergic alveolitis,1,"Extrinsic allergic alveolitis is associated with upper/mid zone lung fibrosis

Extrinsic allergic alveolitis represents a group of immune-mediated pulmonary disorders characterised by an inflammatory and/or fibrotic reaction affecting the lung parenchyma and small airways. The diagnosis, in this case, is that of wood associated extrinsic allergic alveolitis. Extrinsic allergic alveolitis in woodworkers is predominantly caused by inhalation of the spores of contaminating fungi, but inhaled wood dust may produce a synergistic effect. High-resolution CT scanning may be normal or may show diffuse ground glass or centrilobular ground-glass nodules predominantly affecting the mid to upper zones.

Asthma exacerbation may seem like a viable option at the first instance given the global wheeze and occupational element. However, the findings of the high-resolution CT scan point against this.

Sarcoidosis is a systemic granulomatous disease of unknown aetiology mainly involving the mediastinum and lungs. The diagnosis is based on typical radiological findings such as bilateral symmetric hilar lymphadenopathies with the presence of non-caseating granulomas making it unlikely in this case.

Silicosis is fibrotic pneumoconiosis caused by the inhalation of fine particles of crystalline silicon dioxide. Occupations such as mining, quarrying, sandblasting, construction, roadwork, glass manufacture and tunnelling are associated with this. High-resolution CT scanning may demonstrate diffuse multiple small nodules accompanied by calcifications predominantly through the upper lobes, making it very unlikely in this case.

Tuberculosis affects the upper lung lobes more frequently than lower ones. The reason for this is not entirely clear but may be due to either better airflow, or poor lymph drainage within the upper lobes of the lungs. Radiological findings can include lobar consolidation, cavitation, caseating granulomas (tuberculomas) which eventually calcify. In symptomatic patients, constitutional symptoms are prominent such as fever, malaise, and weight loss. There may be a productive cough that is often blood-stained. The absence of haemoptysis, fever and productive cough with the CT findings make this diagnosis unlikely."
115,A 62-year-old man with a history of recurrent lower respiratory tract infections is diagnosed as having bilateral bronchiectasis following a high resolution CT scan. Which one of the following is most important in the long term control of his symptoms?,"[""Inhaled corticosteroids"", ""Prophylactic antibiotics"", ""Surgery"", ""Postural drainage"", ""Mucolytic therapy""]",Postural drainage,3,"Symptom control in non-CF bronchiectasis - inspiratory muscle training + postural drainage

The correct answer for long term control of symptoms in a patient with bilateral bronchiectasis is

postural drainage

. Postural drainage is a technique that uses gravity to help clear mucus from the lungs by positioning the patient so that the affected lung segments are above the trachea. This facilitates mucus clearance and helps reduce the frequency of infections, ultimately improving the patient's quality of life.

In contrast,

inhaled corticosteroids

are not typically recommended for bronchiectasis as they have limited evidence in reducing exacerbations or improving lung function in non-cystic fibrosis bronchiectasis. Inhaled corticosteroids may be considered in patients with coexisting asthma or COPD but should not be used as monotherapy for bronchiectasis.

Prophylactic antibiotics

can be helpful in some cases of bronchiectasis, particularly when there is evidence of chronic infection with specific organisms such as

Pseudomonas aeruginosa

. However, their use should be guided by sputum culture results and tailored to individual patients. Long-term antibiotic therapy has potential side effects and risks, including antibiotic resistance, which makes it less desirable than postural drainage as a first-line approach for symptom control.

Surgery

is generally reserved for patients who have localized disease that is unresponsive to medical therapy or those with severe complications such as life-threatening hemoptysis. It would not be considered the most important intervention for long-term symptom control in a patient with bilateral bronchiectasis.

Lastly,

mucolytic therapy

, which involves using medications to break down thick mucus secretions, can provide symptomatic relief for some patients with bronchiectasis. However, its overall benefit on long-term outcomes remains uncertain and it is not considered the primary method of managing symptoms in bronchiectasis.

In summary, postural drainage is the most important intervention for long-term symptom control in a patient with bilateral bronchiectasis. Other options such as inhaled corticosteroids, prophylactic antibiotics, surgery, and mucolytic therapy may be considered based on individual patient factors and specific clinical scenarios but are not the primary method of managing symptoms."
116,Which one of the following types of lung cancer is most associated with cavitating lesions?,"[""Carcinoid"", ""Large cell"", ""Small cell"", ""Squamous cell"", ""Adenocarcinoma""]",Squamous cell,3,
117,"A 54-year-old man is admitted following presentation with a 10-day history of worsening shortness of breath, cough and fever. He has no past medical history of note. He lives alone and works at a bird sanctuary.

He is commenced on treatment with IV co-amoxiclav, however, after 72 hours of treatment, there has been no clinical improvement.

Blood culture results taken on admission are obtained and are as follows:

Gram stain	Negative
Culture	positive for Chlamydia psittaci

What action will you take based on these results?","[""Continue co-amoxiclav"", ""Switch to co-trimoxazole"", ""Switch to doxycycline"", ""Switch to levofloxacin"", ""Switch to tazocin""]",Switch to doxycycline,2,"Chlamydia psittaci

Psittacosis is infection caused by

Chlamydia psittaci

- an obligate intracellular organism.

The most common presentation is with an atypical pneumonia. Psittacosis should be suspected in patients presenting with a combination of fever with a history of bird contact, or a presentation with pneumonia and severe headache or organomegaly or failure to respond to penicillin-based antibiotics.

In this case, the diagnosis is confirmed by the blood culture results.

This question is testing your knowledge of the treatment of psittacosis, which is with tetracyclines, such as doxycycline.

The remaining options are inappropriate, as they will not treat

Chlamydia psittaci

."
118,Which one of the following would cause a fall in the carbon monoxide transfer factor (TLCO)?,"[""Goodpasture's syndrome"", ""Left-to-right cardiac shunts"", ""Anaemia"", ""Hyperkinetic states"", ""Exercise""]",Anaemia,2,"Transfer factor

The correct answer is

anaemia

, which causes a reduction in the carbon monoxide transfer factor (TLCO). This occurs because anaemia results in fewer red blood cells and therefore less haemoglobin being available to bind with carbon monoxide during the test. The TLCO measurement depends on both the diffusion of CO across the alveolar-capillary membrane and the amount of haemoglobin available for binding, so reduced haemoglobin leads to a lower TLCO value.

Goodpasture's syndrome

typically causes alveolar haemorrhage which would actually increase the TLCO due to the presence of additional haemoglobin in the alveolar space available for CO binding.

Left-to-right cardiac shunts

increase pulmonary blood flow which tends to increase the TLCO by providing more haemoglobin for CO binding in the pulmonary capillaries.

Hyperkinetic states

with increased cardiac output would also increase pulmonary blood flow and therefore typically raise the TLCO rather than lower it.

Exercise

causes pulmonary capillary recruitment and increased pulmonary blood flow, which increases the surface area available for gas exchange and the amount of haemoglobin present, leading to an increased rather than decreased TLCO."
119,"A 48-year-old Afro-Caribbean female is admitted with a fever and painful red eyes bilaterally. On examination, her temperature is 38.3ºC, heart rate 85bpm, respiratory rate 26/min, and oxygen saturation 93% on room air. Closer examination reveals bilateral swelling of her parotid glands.

A chest x-ray is performed, which reveals bilateral hilar lymphadenopathy. What is the most likely unifying diagnosis?","[""HIV"", ""Tuberculosis"", ""Heerfordt syndrome"", ""Lymphoma"", ""Mumps""]",Heerfordt syndrome,2,
120,"A 52-year-old woman with a 10-year history of rheumatoid arthritis presents to the respiratory clinic with a 6-month history of progressive dyspnoea. She has no cough, chest pain, or fever. She is on methotrexate and prednisolone. On examination, she has fine crackles at both lung bases. Oxygen saturation is 94% on room air. Spirometry shows FEV1/FVC ratio of 65% and TLCO of 60% predicted.

What is the most likely diagnosis?","[""Bronchiolitis obliterans"", ""Methotrexate pneumonitis"", ""Pulmonary fibrosis"", ""Rheumatoid nodules"", ""Pleural effusion""]",Bronchiolitis obliterans,0,"Dyspnoea, obstructive pattern on spirometry in patient with rheumatoid → ? bronchiolitis obliterans

Bronchiolitis obliterans

is the most likely diagnosis in this patient. This condition, also known as constrictive bronchiolitis, is a rare but recognised pulmonary manifestation of rheumatoid arthritis. It typically presents with progressive dyspnoea and an obstructive pattern on spirometry (reduced FEV1/FVC ratio), as seen in this patient. The reduced TLCO (transfer factor) indicates impaired gas exchange. Bronchiolitis obliterans in rheumatoid arthritis is characterised by inflammation and fibrosis of the small airways, leading to airflow limitation. The absence of cough, fever, or recent change in medication makes this diagnosis more likely than the other options. Fine crackles may be heard on auscultation, although they are more commonly associated with interstitial lung disease. High-resolution CT typically shows air trapping, bronchial wall thickening, and sometimes centrilobular nodules.

Methotrexate pneumonitis

is an acute or subacute hypersensitivity reaction to methotrexate that typically occurs within the first year of treatment. It presents with fever, non-productive cough, and dyspnoea. The patient has been on methotrexate for some time (as part of her 10-year rheumatoid arthritis history) and lacks the acute presentation with fever and cough that would be expected with drug-induced pneumonitis. Additionally, methotrexate pneumonitis typically causes a restrictive pattern on spirometry rather than the obstructive pattern seen here.

Pulmonary fibrosis

(rheumatoid interstitial lung disease) is a common pulmonary manifestation of rheumatoid arthritis, but it typically presents with a restrictive pattern on spirometry (reduced FVC with normal or increased FEV1/FVC ratio), not the obstructive pattern seen in this patient. While the fine crackles at the lung bases could be consistent with pulmonary fibrosis, the spirometry findings make this diagnosis less likely than bronchiolitis obliterans.

Rheumatoid nodules

in the lungs are usually asymptomatic and discovered incidentally on imaging. They would not explain the patient's progressive dyspnoea or the obstructive pattern on spirometry. Rheumatoid nodules typically appear as well-defined rounded opacities on chest imaging and do not cause significant respiratory impairment unless they are very large or numerous.

Pleural effusion

is a common thoracic manifestation of rheumatoid arthritis but would present with different clinical and examination findings. A significant pleural effusion would cause dullness to percussion and reduced breath sounds over the affected area, not fine crackles. Additionally, pleural effusion would not explain the obstructive pattern on spirometry. Pleural effusions in rheumatoid arthritis are often asymptomatic but can cause pleuritic chest pain, which this patient does not have."
121,"A 31-year-old woman with a history of asthma was reviewed in the respiratory clinic due to persistent productive cough and progressive dyspnoea for the past 4 months. She received multiple courses of antibiotics with poor response.

Chest x-ray showed bilateral pulmonary infiltrates.

Blood tests are as follows:


Hb	131 g/L	Male: (135-180)
Female: (115 - 160)
Platelets	389 * 109/L	(150 - 400)
WBC	6.8 * 109/L	(4.0 - 11.0)
Eosin	4.2 * 109/L	(0.0 - 0.4)

Given the most likely diagnosis, what is the most appropriate treatment?","[""Chest physiotherapy"", ""Oral montelukast"", ""Oral prednisolone"", ""Pirfenidone"", ""Prophylactic azithromycin""]",Oral prednisolone,2,"Oral glucocorticoids are the treatment of choice for allergic bronchopulmonary aspergillosis

This patient is presented with signs of allergic bronchopulmonary aspergillosis (ABPA); productive cough, dyspnoea, and eosinophilia on a background of asthma. Chest x-ray in these patients can show evidence of infiltrates.

Oral prednisolone

is the treatment of choice for ABPA.

Chest physiotherapy

is useful for patients with bronchiectasis as it clears the secretion and lowers infection rates. However, it does not treat ABPA.

Oral montelukast

is a leukotriene receptor antagonist used for asthma.

Pirfenidone

is used as a treatment for pulmonary fibrosis as it slows the progression of lung scarring. Patients present with exertional dyspnoea and weight loss, with reticular shadowing of the lung peripheries.

Prophylactic azithromycin

can be used for cystic fibrosis, bronchiectasis or severe COPD to reduce the number of exacerbations. However, it is not the treatment of choice for ABPA."
122,"A 45-year-old woman is seen in the respiratory clinic with a cough. She is a known heavy smoker.

She has noted a worsening cough over the last few months and has started bringing up blood over the last week. She also feels her breathing is increasingly wheezy.

On examination there is a slight wheeze throughout the chest but nil else of note.

A CT thorax and blood tests are ordered.

The patient attends for spirometry as part of the investigative workup. The results are shown below:


FEV1	82% of predicted
FVC	85% of predicted
FEV1/FVC	0.72
TLCO	168% of predicted

What is the most likely cause of these spirometry results?","[""Anaemia"", ""COPD"", ""Normal respiratory physiology"", ""Pulmonary fibrosis"", ""Pulmonary haemorrhage""]",Pulmonary haemorrhage,4,"Pulmonary haemorrhage may be associated with a raised transfer factor for carbon monoxide

Pulmonary haemorrhage

is correct. The spirometry shows normal values for FEV1, FVC, and the FEV1/FVC ratio. The TLCO is raised, indicating the diffusion of carbon monoxide across the alveolar membranes is

greater

than expected or (as in this case), the carbon monoxide is taken up by free blood in the airways present as a result of pulmonary haemorrhage.

Anaemia

is incorrect. This patient has normal FEV1, FVC and FEV1/FVC ratio, with a raised TLCO. Anaemia would result in a

lower

TLCO due to there being less circulating red blood cells free for carbon monoxide in the alveoli to diffuse into.

COPD

is incorrect. The FEV1 would be reduced in obstructive lung disease, and so the FEV1/FVC ratio would also be reduced. These values are normal in this question; this answer is therefore incorrect.

Normal respiratory physiology

is incorrect. This patient has normal FEV1, FVC and FEV1/FVC ratio, but the TLCO is raised beyond that which would be expected in a normal individual.

Pulmonary fibrosis

is incorrect. In pulmonary fibrosis, the FEV1 and FVC ratio would both be reduced. The FEV1/FVC ratio may be normal or even raised. The TLCO in pulmonary fibrosis, however, would be lower than expected, whereas in this case, the TLCO is

higher

than expected."
123,"A 62-year-old female with a 40 pack year history of smoking is investigated for a chronic cough associated with haemoptysis. She has no past medical history of note and still works as a school secretary. Bronchoscopy reveals a small 1 cm tumour confined to the right main bronchus. A biopsy taken shows small cell lung cancer (SCLC). Extensive staging investigations show no evidence of nodal spread or metastases, giving a TNM grading of (T1, N0, M0). What is the most appropriate management?","[""Laser therapy"", ""Chemotherapy + radiotherapy"", ""Referral for consideration of surgical resection"", ""Radiotherapy"", ""Interferon-alpha""]",Referral for consideration of surgical resection,2,
124,A 70-year-old man who is known to have chronic obstructive pulmonary disease (COPD) is admitted to the Medical Admissions Unit with a suspected infective exacerbation of COPD. What should the target oxygen saturations be until blood gases are available?,"["">98%"", ""94-98%"", ""88-92%"", ""92-94%"", ""> 95% first 48 hours, > 90% rest of admission""]",88-92%,2,
125,A 34-year-old steelworker presents complaining of episodic shortness of breath. This is particularly noted whilst at work where he describes feeling wheezy and having a tendency to cough. Which one of the following is the most appropriate diagnostic investigation?,"[""Patch testing"", ""High resolution computed tomography of thorax"", ""Serial peak flow measurements at work and at home"", ""Specific IgE measurements"", ""Skin prick test""]",Serial peak flow measurements at work and at home,2,"Serial peak flow measurements at work and at home are used to detect occupational asthma

The correct answer in this case is

Serial peak flow measurements at work and at home

. This is because the patient's symptoms of episodic shortness of breath, wheezing, and coughing, particularly while at work, are suggestive of occupational asthma. Serial peak flow measurements taken at work and at home can help determine if there is a significant difference in lung function between the two environments, which would support the diagnosis of occupational asthma.

Patch testing

is not the most appropriate diagnostic investigation for this patient. Patch testing is primarily used to diagnose contact dermatitis or other skin allergies by applying allergens to the skin and observing for reactions. While it may be useful in identifying potential allergens present in the workplace that could contribute to respiratory symptoms, patch testing alone would not confirm a diagnosis of occupational asthma.

A

High resolution computed tomography (HRCT) of thorax

may be helpful in evaluating lung parenchyma and detecting interstitial lung diseases or other structural abnormalities. However, it would not be the first-line investigation for diagnosing occupational asthma as it does not provide functional information about airway obstruction or reversibility.

Specific IgE measurements

can be used to detect specific immunoglobulin E antibodies against various allergens in blood samples. Although specific IgE measurements can help identify sensitization to specific allergens, they do not confirm a diagnosis of occupational asthma. Furthermore, many cases of occupational asthma are non-IgE mediated; thus, relying on specific IgE measurements alone could lead to false-negative results.

Finally, a

Skin prick test

involves introducing small amounts of potential allergens into the skin using a needle or lancet and observing for an allergic reaction. Similar to specific IgE measurements, skin prick tests can identify sensitization to certain allergens but do not directly confirm a diagnosis of occupational asthma. Additionally, skin prick tests are more commonly used for diagnosing atopic conditions such as allergic rhinitis and atopic dermatitis."
126,"A 72-year-old woman is referred to ambulatory care with a 3-month history of increasing breathlessness.

She has no significant respiratory past medical history.

On examination, observations are normal but there is decreased air entry to the right lung base.

A chest x-ray confirms a large right-sided pleural effusion.

The results of the pleural aspirate are shown below:


Pleural fluid protein	134 g/L
Serum protein	61 g/L	(60 - 80)
White cell count	13,000 cells/µL	(< 1000)
Microscopy	No organisms seen.
Culture	No growth on routine culture after 48 hours.

What is the most likely cause of this patient's pleural effusion?","[""Congestive cardiac failure"", ""Hypoalbuminaemia"", ""Lung cancer"", ""Nephrotic syndrome"", ""Parapneumonic effusion""]",Lung cancer,2,"Pleural effusion: malignancy is associated with an exudate

Lung cancer

is correct. Malignancy is the most common cause of exudative effusions in the over-60s demographic. Despite the dearth of clinical details in this question, one can elucidate the correct cause of the pleural effusion by looking at the pleural fluid protein levels. Levels > 30g/L suggest an exudate. Lung cancer and parapneumonic effusion are the only exudative answers available, and the lack of organisms on microscopy or culture suggests that the aetiology is not infective in origin, leading to lung cancer as the correct answer.

Congestive cardiac failure

is incorrect. Congestive cardiac failure would lead to a transudative pleural effusion. A transudative pleural effusion is defined by a pleural fluid protein level < 30g/L.

Hypoalbuminemia

is incorrect. The pleural effusion in this question is an exudate: the pleural fluid protein is > 30g/L. Hypoalbuminemia would cause a transudative pleural effusion.

Nephrotic syndrome

is incorrect. As a result of loss of protein in the urine, low oncotic pressure develops. This can lead to pleural effusions (usually bilateral) in approximately one-fifth of patients with nephrotic syndrome. The effusion seen is a transudate. In this question, however, the effusion is an exudate (the pleural fluid protein is over 30g/L). This answer is therefore incorrect.

Parapneumonic effusion

is incorrect. The pleural fluid protein is > 30g/L, suggesting this effusion is exudative in origin. The lack of organisms on microscopy and no growth on culture, as well as the normal observations, point away from this effusion being infectious in aetiology, however."
127,A 17-year-old male with a history of cystic fibrosis presents to clinic for annual review. What is the most appropriate advice regarding his diet?,"[""High calorie and low fat with pancreatic enzyme supplementation for every meal"", ""High calorie and low fat with pancreatic enzyme supplementation for evening meal"", ""Normal calorie and low fat with pancreatic enzyme supplementation for every meal"", ""High calorie and high fat with pancreatic enzyme supplementation for evening meal"", ""High calorie and high fat with pancreatic enzyme supplementation for every meal""]",High calorie and high fat with pancreatic enzyme supplementation for every meal,4,
128,"A 62-year-old patient presents to the emergency department with a productive cough, green sputum, and mild shortness of breath. His past medical history is otherwise unremarkable except for hypertension and mild osteoarthritis.

On examination, he appears well. Mild crackles are auscultated over the left side of the chest. Observations are within normal parameters. A chest-X ray is performed, which demonstrates no focal consolidation but several pleural plaques.

The patient elaborates that he used to work in a shipyard for many years. He is treated for respiratory tract infection accordingly.

What is the most appropriate way to follow-up on the chest x-ray finding?","[""Computed tomography (CT) of the chest urgently"", ""Magnetic resonance imaging (MRI) of the chest urgently"", ""No follow-up"", ""Computed tomography (CT) of the chest after 6 months"", ""Repeat chest x-ray after 6 months""]",No follow-up,2,"Pleural plaques are benign and do not undergo malignant change. They, therefore don't require any follow-up.

The correct answer is no follow-up. Pleural plaques are benign and the most common form of asbestos-related lung disease. They occur after a latent period of 20-40 years. As they do not undergo malignant change, they do not require follow-up.

CT scanning is therefore not necessary. If any other findings were seen on the X-ray, which warranted further investigation and was suspicious of a malignant lesion, a CT scan of the chest would definitely be undertaken.

MRI scanning is also not necessary for the same reasons as above - pleural plaques are benign and do not require follow-up.

Repeating the X-ray in 6 months is also unnecessary."
129,A 45-year-old man with end-stage emphysema due to alpha-1 antitrypsin deficiency is reviewed by the respiratory team. He is currently breathless walking 100m and struggles with many of his activities of daily living. Which of the following treatments may be used as a treatment in this case?,"[""Insert a long term chest drain"", ""Lung volume reduction surgery"", ""Lung volume expansion surgery"", ""Pneumonectomy"", ""Tracheotomy""]",Lung volume reduction surgery,1,"Lung volume reduction surgery can be used in the treatment of alpha-1 antitrypsin deficiency

This question is asking about the late stage treatment of alpha 1-antitrypsin deficiency. For respiratory management, it is similar to that of late stage chronic obstructive pulmonary disease (COPD). Therefore of the above options, lung volume reduction surgery is the correct answer.

Lung volume reduction surgery removes the worst affected part of the lungs in order to improve airflow and alveolar gas exchange in the remaining portion of the lung.

Inserting a chest drain or tracheostomy will not aid his symptoms, neither will a pneumonectomy.

Lung volume expansion surgery is not a real thing."
130,What is the typical vital capacity in a male?,"[""300 ml"", ""500 ml"", ""1,500 ml"", ""2,500 ml"", ""4,500 ml""]","4,500 ml",4,"Vital capacity - 4,500ml in males, 3,500 mls in females

The correct answer is

4,500 ml

, which represents the typical vital capacity in an adult male. Vital capacity is defined as the maximum volume of air that can be expired after a maximal inspiration. In healthy adult males, this is typically around 4-5 litres (4,500 ml), though there is some variation based on factors like height, age, and physical condition.

300 ml

is far too low for vital capacity - this is closer to the tidal volume, which is the volume of air moved during normal quiet breathing.

500 ml

is also much too low and represents a normal tidal volume rather than vital capacity.

1,500 ml

is too low for vital capacity in an adult male. This volume is closer to the inspiratory reserve volume, which is the extra volume that can be inhaled above a normal tidal breath.

2,500 ml

is still below the typical vital capacity for an adult male, though it might be normal in some females or smaller individuals.

Understanding normal lung volumes is essential for interpreting pulmonary function tests and diagnosing respiratory conditions. The vital capacity is particularly important as it can be reduced in both restrictive lung diseases (where the lungs cannot expand properly) and severe obstructive diseases (where air becomes trapped in the lungs)."
131,A 63-year-old man presents to the respiratory out-patients department with shortness of breath. Investigations reveal a fibrosing lung disease. A sputum sample however is positive for acid-fast bacilli. Which of the following may have predisposed him to developing tuberculosis?,"[""Cadmium"", ""Coal dust"", ""White asbestos fibres"", ""Blue asbestos fibres"", ""Silica""]",Silica,4,
132,"A 65-year-old woman is investigated for a 6 week history of worsening shortness of breath, lethargy and weight loss. Her past medical history includes chronic obstructive pulmonary disease, hypertension and she is an ex-smoker. Clinical examination is unremarkable. Investigation results are as follows:

Chest x-ray

Hyperinflated lung fields, normal heart size

Bloods

Sodium	131 mmol/l
Potassium	3.4 mmol/l
Urea	7.2 mmol/l
Creatinine	101 µmol/l
Hb	10.4 g/dl
MCV	91 fl
Plt	452 * 109/l
WBC	3.7 * 109/l

What is the most appropriate management?","[""Screen for depression"", ""Short synacthen test"", ""Urgent referral to the chest clinic"", ""Stop bendroflumethiazide"", ""Urgent gastroscopy""]",Urgent referral to the chest clinic,2,
133,"Each one of the following predisposes to the development of obstructive sleep apnoea, except:","[""Acromegaly"", ""Chronic obstructive pulmonary disease"", ""Amyloidosis"", ""Obesity"", ""Hypothyroidism""]",Chronic obstructive pulmonary disease,1,"Sleep apnoea causes include obesity and macroglossia

The Sleep Heart Health Study showed that when these two conditions do coexist, this is the result of chance alone"
134,You are seeing a patient whom you suspect may have chronic obstructive pulmonary disease (COPD). Which one of the following points/investigation is least relevant?,"[""Smoking history"", ""Chest x-ray"", ""Full blood count"", ""Peak expiratory flow"", ""Spirometry""]",Peak expiratory flow,3,
135,"A 48-year-old smoker, who was diagnosed with COPD 10 years ago, is experiencing shortness of breath and a productive cough with purulent sputum. These episodes have become more frequent within the last few years.

What is the most common causative agent of these exacerbations?","[""Moraxella catarrhalis"", ""Streptococcus pneumonia"", ""Chlamydia pneumonia"", ""Pseudomonas aeruginosa"", ""Haemophilus influenzae""]",Haemophilus influenzae,4,"The most common organism causing infective exacerbations of COPD is

The frequency of exacerbations and the mortality rate correlate with the severity of disease. The majority of these cases are due to

Haemophilus influenzae

,

Streptococcus pneumonia

and

Moraxella catarrhalis

. The other answers are rarer causes of acute exacerbations."
136,Which one of the following is not part of the diagnostic criteria of acute respiratory distress syndrome (ARDS)?,"[""Bilateral infiltrates on CXR"", ""Non-cardiogenic"", ""pO2/FiO2 < 200 mmHg"", ""Respiratory rate > 24/min"", ""Acute onset""]",Respiratory rate > 24/min,3,
137,"An 85-year-old man with a history of COPD was admitted to the geriatric ward following a fall. He recovered well on the ward and is medically fit for discharge. The night before his planned discharge, he mentioned to the team his arm hurt, but he denied any trauma. An elbow, humerus and shoulder x-ray were performed, which showed no fractures but did show a small left-sided pneumothorax.

The patient reports feeling well, and his observations are all within normal limits. Physical examination of the chest is unremarkable.

What is the most appropriate management?","[""Arrange ambulatory device insertion"", ""Continue discharge with pneumothorax safety netting"", ""Insert chest drain"", ""Keep patient in hospital for observation"", ""Perform needle aspiration""]",Keep patient in hospital for observation,3,"Patients with a secondary spontaneous pneumothorax that is managed conservatively should be monitored as an inpatient

Keep patient in hospital for observation

is correct. This patient has an incidental asymptomatic secondary spontaneous pneumothorax. Since he is asymptomatic, he may be managed conservatively by the 2023 update to the BTS pleural guidelines.

Arrange ambulatory device insertion

is incorrect. The BTS pleural guidelines were revised in 2023, and the management of pneumothoraces has changed significantly. This patient is found to have an incidental spontaneous pneumothorax but is asymptomatic. The fact the patient is asymptomatic means he can be managed conservatively. Given his background of COPD, this is a secondary spontaneous pneumothorax. He should, therefore, be monitored as an inpatient, and if he remains stable, he can be discharged with outpatient follow-up arranged. An ambulatory device would be used only in cases where the patient had symptoms.

Continue discharge with pneumothorax safety netting

is incorrect. This patient has a secondary spontaneous pneumothorax but is asymptomatic. The new 2023 BTS pleural guidelines recommend that this patient group be monitored as an inpatient, and if stable, they may be discharged with outpatient follow-up.

Insert chest drain

is incorrect. According to the 2023 update to the BTS pleural guidelines, chest drains are indicated in patients with a pneumothorax only if the patient is symptomatic AND needle aspiration is unsuccessful, or they have one of the 'high risk' characteristics (these include haemodynamic compromise, significant hypoxia, bilateral pneumothoraces, pre-existing lung disease, over 50 years old with a heavy smoking history, or haemopneumothorax). The patient in this question is asymptomatic, so this answer is incorrect.

Perform needle aspiration

is incorrect. The BTS pleural guidelines changed in 2023, and the updated guidelines stipulate that asymptomatic patients with pneumothorax of any size may be managed conservatively. Needle aspiration would typically be considered for symptomatic patients without high-risk features, which does not apply to this patient as he is asymptomatic."
138,A 65-year-old man is admitted with fever and dyspnoea. A chest x-ray shows extensive shadowing in the right lower zone. Which one of the following is associated with a poor prognosis in patients with community-acquired pneumonia?,"[""Diastolic blood pressure 65 mmHg"", ""Sodium 131 mmol/l"", ""Urea 12 mmol/l"", ""White blood cell 27 * 109/l"", ""Respiratory rate 25/min""]",Urea 12 mmol/l,2,
139,"A 35-year-old married woman presents to the emergency department with sudden onset of right-sided chest pain and shortness of breath associated with the start of her menstrual period. This occurred during her last menstrual period but she took no notice of it given that it resolved eventually. On this occasion, she reports the pain to be more severe which some radiation to her shoulder. She has two young children; first born via spontaneous vaginal delivery and the other by emergency caesarean section due to fetal compromise.

What is the likely cause of the patient's symptoms?","[""Meigs' syndrome"", ""Takotsubo cardiomyopathy"", ""Catamenial pneumothorax"", ""Pleural effusion"", ""Hiatus hernia""]",Catamenial pneumothorax,2,"Catamenial pneumothorax is the cause of 3-6% of spontaneous pneumothoraces occurring in menstruating women

Catamenial pneumothorax is an uncommon and rather complex clinical condition which occurs due to endometrial tissues and is generally encountered in reproductive women. The mean ages are between 32-35 years old. In most of the cases, it involves the right side presenting with shortness of breath or difficulty breathing, fatigue, and dry cough. It can produce monthly episodes of chest pain which may radiate to the shoulder.

Meigs' syndrome consists of the classical triad of ascites, pleural effusion, and benign ovarian tumour e.g. ovarian fibroma and usually resolves following resection of the tumour.

Takotsubo cardiomyopathy is stress-induced cardiomyopathy (either physical or emotional) which results in the weakening of the left ventricular muscle and characteristically produces an apical ballooning of the heart. It can give symptoms of chest pain and shortness of breath.

Hiatus hernia is where part of the stomach moves up into the chest through the opening in the diaphragm. This commonly occurs in over 50-year-olds giving rise to symptoms of heartburn and upper abdominal pain or discomfort."
140,"A 60-year-old woman presents to the emergency department with a 12-month history of dyspnoea and an accompanying dry cough. She has never smoked, and she has a history of rheumatoid arthritis. She is currently being treated with methotrexate and has no documented history of allergy or atopy.

On respiratory examination, an expiratory wheeze is noted. The following results are obtained from spirometry :


FEV1/FVC	60%

What is the most likely cause of her symptoms?","[""Asthma"", ""Bronchiectasis"", ""Bronchiolitis obliterans"", ""Methotrexate pneumonitis"", ""Pulmonary fibrosis""]",Bronchiolitis obliterans,2,"Dyspnoea, obstructive pattern on spirometry in patient with rheumatoid → ? bronchiolitis obliterans

Bronchiolitis obliterans

is the correct option. The patient's history of rheumatoid arthritis with symptoms of dyspnoea, non-productive cough, expiratory wheeze and obstructive pattern on spirometry strongly suggests bronchiolitis obliterans. Obstructive pattern on spirometry is evidenced by decreased ratio of FEV1 and FVC. This condition is recognised as one of the pulmonary complications associated with rheumatoid arthritis.

Asthma

is not the appropriate diagnosis in this case. There is no documented history of allergies or atopy in this patient. The history of dyspnoea and dry cough in someone with a longstanding history of rheumatoid arthritis is more indicative of bronchiolitis obliterans.

Bronchiectasis

can be excluded as a likely diagnosis because it presents with a productive cough and crackles are heard on respiratory examination. As the patient does not have these features, it makes bronchiectasis a less likely option.

Methotrexate pneumonitis

is unlikely to be the correct diagnosis here since it often presents with a mixed pattern or restrictive findings. Given the patient's history of rheumatoid arthritis with dyspnoea and obstructive pattern on spirometry, bronchiolitis obliterans is the correct option.

Pulmonary fibrosis

is an incorrect option. Pulmonary fibrosis involves scarring and thickening of lung tissue, leading to a restrictive pattern on spirometry, not an obstructive one. While it can be related to rheumatoid arthritis, the spirometry results make this diagnosis less likely."
141,"A 76-year-old man is admitted with a right hemiparesis. On examination his blood pressure is 120/78 mmHg, pulse 84 bpm and oxygen saturations 96% on room air. A CT scan excludes intracerebral haemorrhage and he is given aspirin 300mg. What is the most appropriate management with regards to oxygen therapy in the first 12 hours following admission?","[""35% via Venturi mask"", ""24% via Venturi mask"", ""No oxygen therapy"", ""28% via Venturi mask"", ""2 litres/minute via nasal cannulae""]",No oxygen therapy,2,
142,A chest x-ray of a patient with sarcoidosis shows bilateral hilar lymphadenopathy accompanied with interstitial infiltrates. What chest x-ray stage does this correspond to?,"[""Stage 0"", ""Stage 1"", ""Stage 2"", ""Stage 3"", ""Stage 4""]",Stage 2,2,"Sarcoidosis CXR

The correct answer is

Stage 2

. In the chest x-ray staging of sarcoidosis, Stage 2 is characterised by bilateral hilar lymphadenopathy and interstitial infiltrates. Sarcoidosis is a multisystem granulomatous disease of unknown cause, and its staging on chest radiography helps in understanding the extent of pulmonary involvement and predicting prognosis.

In contrast,

Stage 0

corresponds to a normal chest x-ray without any evidence of hilar lymphadenopathy or parenchymal lung disease. Therefore, this stage would not be compatible with the findings described above.

Stage 1

sarcoidosis is characterised by the presence of bilateral hilar lymphadenopathy alone, without any accompanying interstitial infiltrates. This stage typically has a good prognosis with many cases resolving spontaneously or with minimal treatment.

Stage 3

sarcoidosis involves only interstitial infiltrates or fibrosis without hilar lymphadenopathy. The absence of hilar lymphadenopathy differentiates it from Stage 2.

Finally,

Stage 4

represents advanced sarcoidosis where there are signs of pulmonary fibrosis and honeycombing but no hilar lymphadenopathy. This stage often correlates with severe disease and poor prognosis due to irreversible lung damage."
143,"A 78-year-old female is admitted from the nursing home with breathlessness and a longstanding harsh dry cough. The staff state that her breathlessness has been occurring over the last six weeks but has reached a level that warranted hospital admission. She has no history of respiratory disease but has multiple comorbidities and is on an extensive polypharmacy.

On examination, she is afebrile and tachypnoeic. Auscultation reveals bilateral lower zone inspiratory coarse crackles with reduced air entry.

Chest X-ray and high-resolution CT are performed and show fibrotic changes with patchy ground-glass opacities in the lower zones.

Which of the following medications is the likely culprit of the findings?","[""Trimethoprim"", ""Ciclosporin"", ""Atorvastatin"", ""Amiodarone"", ""Hydroxychloroquine""]",Amiodarone,3,"Lower zones lung fibrosis:  amiodarone

This patient has developed pulmonary fibrosis secondary to long term amiodarone use. It typically occurs with doses that exceed 400mg daily after two or more months of therapy. Estimates range from 1 to 5% in the patients who are on long term amiodarone. The mechanism is not entirely understood however, current hypotheses include direct toxic injury to the lung or an indirect immunological reaction.

Drugs that can cause pulmonary fibrosis include bleomycin, cyclophosphamide, nitrofurantoin, methotrexate and penicillamine. The other answers are not linked with lung fibrosis.

Atorvastatin is an HMG-CoA reductase inhibitor which works by reducing LDL cholesterol. Adverse effects include myopathy and liver impairment.

Trimethoprim is an antibiotic which works by inhibiting dihydrofolate reductase. Adverse effects include myelosuppression and neural tube defects.

Hydroxychloroquine is used to treat systemic erythematous lupus and rheumatoid arthritis. Adverse effects include visual disturbances.

Ciclosporin is an immunosuppressant which works through inhibiting calcineurin. There are many adverse effects associated with this drug including gum hypertrophy, nephrotoxicity and hepatotoxicity."
144,"A 40-year-old man presents with a productive cough that has been worsening for the past six months. He is a known intravenous drug user and has had multiple episodes of pneumonia in the past. Physical examination shows conjunctival pallor and bilateral wheezing. Laboratory studies show.


Eosinophils	7 * 109/L	(0 - 0.4* 109/L)
Serum IgE	1000 kU/L	(5 - 120 kU/L)
Sputum microscopy	eosinophils and fungal hyphae

A chest X-ray shows proximal bronchiectasis and consolidations in the right upper lobe.

Which of the following is the treatment of choice for this patient?","[""Nebulised albuterol"", ""Inhaled beclomethasone"", ""Oral prednisolone"", ""Oral itraconazole"", ""Intravenous amphotericin""]",Oral prednisolone,2,"Oral glucocorticoids are the treatment of choice for allergic bronchopulmonary aspergillosis

The history here is in keeping with a history of allergic bronchopulmonary aspergillosis.

Nebulised albuterol, is used in the acute management of asthma. This patient has features of asthma along with eosinophilia, raised serum IgE and fungal hyphae on sputum examination.  All these together make allergic bronchopulmonary aspergillosis a more likely diagnosis. Furthermore, he has had a productive cough for six months, making any acute management unnecessary.

Low dose inhaled corticosteroids are the mainstay in the chronic management of bronchial asthma, so not indicated here. In any patient presenting with features of asthma and laboratory studies show eosinophilia, it is important to consider allergic bronchopulmonary aspergillosis.

Oral glucocorticoids is the treatment of choice in allergic bronchopulmonary aspergillosis. High dose prednisolone is used for acute management followed by low to medium dosing for maintenance. It is then tapered off over 3-12 months. Prednisolone decreases the risk of bronchiectasis.

Oral itraconazole is an anti-fungal and can be used in allergic bronchopulmonary aspergillosis as a steroid sparer. It does not replace the need for oral steroids. When using itraconazole, liver function tests should be monitored.

Intravenous amphotericin is one of the medications that can be used in invasive aspergillosis. This is usually seen in immunocompromised patients such as those on cancer chemotherapy, immune system diseases such as chronic granulomatous disease, bone marrow transplant etc. It can spread rapidly through the lungs causing granulomatous inflammation, necrosis and suppuration. It may also spread via the blood to other organs leading to disseminated infection."
145,A 41-year-old man presents to his doctor with a persistent cough. This has been present for the past six months and for the past two weeks he has been coughing up blood on a daily basis. He also feels more short-of-breath when exerting himself than normal. He is a non-smoker and has no past medical history of note. On examination he is noted to have reduced air entry in the right upper zone. A chest x-ray shows a right upper lobe collapse and a subsequent bronchoscopy demonstrates a cherry-red lesion in the right superior lobar bronchus. What is the most likely diagnosis?,"[""Small cell lung carcinoma"", ""Large cell lung carcinoma."", ""Lung carcinoid"", ""Bronchioloalveolar carcinoma"", ""Bronchial adenocarcinoma""]",Lung carcinoid,2,
146,"A 63-year-old man undergoes a repeat chest X-ray following hospital treatment for pneumonia with IV antibiotics. He is currently well, with no fever, weight loss, cough, or haemoptysis. His past medical history includes COPD, well-controlled with salbutamol inhalers. He smokes 10 cigarettes daily and is a retired shipworker.

His initial chest X-ray showed patchy consolidation and calcified pleural plaques. The consolidation has fully resolved, but the pleural plaques persist with no change. There are no masses or effusions on either X-ray.

Which option is the most important next step?","[""Advise smoking cessation and offer support"", ""Arrange immediate non-contrast CT thorax"", ""Arrange non-contrast CT thorax in 3 months"", ""Reassure that no further follow-up is needed"", ""Refer for pleural biopsy""]",Advise smoking cessation and offer support,0,"Smoking cessation is very important in patients with asbestos-related lung disease as the risk of lung cancer in smokers is very high

Advise smoking cessation and offer support

is correct. The most likely diagnosis is incidental benign pleural plaques due to prior asbestos exposure, supported by the patient’s history as a shipworker and bilateral calcified pleural plaques on stable chest X-rays with no masses or effusions. These plaques are asymptomatic, benign, and do not progress to malignancy, consistent with the absence of symptoms such as cough, haemoptysis, weight loss, or chest pain. While they do not require follow-up imaging, advising smoking cessation and offering support is the most important next step because the patient smokes 10 cigarettes daily, and smoking synergistically increases the risk of lung cancer in individuals exposed to asbestos. Smoking cessation also prevents further COPD progression, making it the most important step at this stage.

Arrange immediate non-contrast CT thorax

is incorrect because the patient has stable, bilateral calcified pleural plaques without new masses, effusions, or progressive consolidation, and he is entirely asymptomatic. CT thorax is indicated when there are clinical or radiological features suspicious of malignancy, such as pleural thickening, masses, or effusions, not present here. Advising smoking cessation and offering support is a more appropriate and impactful intervention, targeting the patient’s active tobacco use and elevated lung cancer risk due to asbestos exposure. Additionally, when CT is indicated for suspected malignancy, contrast-enhanced imaging is preferred over non-contrast CT.

Arrange non-contrast CT thorax in 3 months

is incorrect because the patient has unchanged pleural plaques with no new abnormalities on chest X-ray and no symptoms such as persistent cough, haemoptysis, weight loss, or chest pain that would suggest malignancy. Pleural plaques are benign and do not require imaging surveillance unless accompanied by suspicious symptoms or findings such as pleural thickening, effusions, or masses. Scheduled CT scanning in this context provides no clinical benefit and exposes the patient to unnecessary radiation and potential anxiety. Furthermore, when CT is warranted, it is often contrast-enhanced, not non-contrast.

Reassure that no further follow-up is needed

is incorrect because, although pleural plaques themselves are benign and do not require radiological follow-up, this patient smokes 10 cigarettes daily and has COPD. His combination of asbestos exposure and ongoing tobacco use significantly increases his risk of lung cancer. Therefore, the most important next step is to address modifiable risk factors, specifically smoking, rather than offer reassurance alone.

Refer for pleural biopsy

is incorrect because there are no suspicious features such as pleural thickening, new effusions, or masses on chest X-ray, and the patient has no symptoms such as chest pain, cough, haemoptysis, or weight loss that would indicate possible mesothelioma or lung cancer. Pleural biopsy is appropriate only in the presence of unexplained pleural effusion or concerning radiological changes. In this case, advising smoking cessation and offering support is more appropriate, targeting the patient’s ongoing risk of lung cancer in the context of asbestos exposure and current tobacco use."
147,"A 78-year-old man with a history of bronchiectasis is reviewed in the clinic.

Over the last week, he has had an increase in sputum, which is greener in colour than usual and he has felt breathless and feverish.

On examination, you note some right-sided crepitations that clear on coughing.

His observations are as follows:

Oxygen saturation 96% in air
BP 132/78mmHg
Heart rate 76/min
Respiratory rate 16/min
Temperature 37.4ºC

You send a sputum culture and treat him empirically with antibiotics as there is no recent sputum culture available.

What is the most common organism you would expect to find in his sputum?","[""Haemophilus influenza"", ""Moraxella catarrhalis"", ""Mycoplasma pneumoniae"", ""Pseudomonas aeruginosa"", ""Streptococcus pneumoniae""]",Haemophilus influenza,0,"Bronchiectasis: most common organism =

The most common organism isolated from patients with bronchiectasis is

Haemophilus influenza

, which is the correct answer.

Moraxella catarrhalis

is not correct. It is traditionally thought of as an upper respiratory tract pathogen but is increasingly recognised as causing bacterial pneumonia, particularly in patients with chronic lung disease, but is not the most common.

Mycoplasma pneumoniae

is also incorrect.  It can cause mild respiratory tract infections that can be self-limiting even without antibiotics but it can sometimes progress to more severe pneumonia.

Pseudomonas aeruginosa

is not correct.  It is a common colonising bacteria in patients with bronchiectasis and is associated with poorer long-term outcomes and can be resistant to commonly used antibiotics.

Streptococcus pneumoniae

is classically recognised as the most common cause of pneumonia but can cause other serious infections such as pneumococcal meningitis. It is not the most common in bronchiectasis so in this case it is incorrect."
148,"A 78-year-old male with longstanding acromegaly comes in with his wife to the respiratory clinic for follow-up. He had been recently diagnosed with obstructive sleep apnoea. Despite various lifestyle modifications which he has undertaken such as losing weight and exercising regularly he still reports being tired when he comes home from work, he has restless sleep during the night with his wife often been disturbed by his loud snoring.

What would be the next step to consider in the management of his obstructive sleep apnoea?","[""Continuous positive airway pressure (CPAP)"", ""Intubation"", ""Maxillomandibular advancement"", ""Oral mouth guard"", ""Tonsillectomy""]",Continuous positive airway pressure (CPAP),0,"Following weight loss, CPAP is the first-line treatment for moderate/severe obstructive sleep apnoea

Continuous positive airway pressure (CPAP) is effective for both moderate/severe disease and is the most common treatment for obstructive sleep apnoea (OSA) after lifestyle modifications such as weight loss, stopping smoking and avoiding alcohol.

Whilst oral appliances can be utilised they are not as effective as CPAP.

Surgical treatments for OSA are not considered first-line and have limited evidence. Tonsillectomy +/- adenoidectomy would be performed in an attempt to increase the size of the airway. Maxillomandibular advancement would be performed to move the upper and lower jaw forwards.

Patients with OSA most likely have an upper-airway obstruction making it difficult to perform tracheal intubation."
149,"A 64-year-old man is admitted after presenting to the emergency department with 4 day history of fevers, dyspnoea and a cough productive of green sputum. He has a 20 year history of severe COPD, and a 50 pack year history. He has no other medical history.

His observations were as follows:
Blood pressure - 100/64 mmHg, heart rate - 118 beats per minute, temperature - 39.1ºC, oxygen saturation 87% on 4L/min O2 via 28% venturi, respiratory rate - 26 breaths/min.

On examination he had clinical signs consistent with a right sided basal consolidation.

His chest X-ray showed focal consolidation localised to the right lower lobe. He was subsequently diagnosed with an acute exacerbation of COPD and started on oral co-amoxiclav.

One day later, he develops sudden onset dyspnoea and tachypnoea.

On examination his airway is patent. There is reduced air entry heard across the right lung with no additional crepitations or wheeze. The JVP is not elevated and there is no peripheral oedema.

His observations are now as follows:
Blood pressure - 84/55 mmHg, heart rate - 125 bpm, temperature - 37.7ºC, oxygen saturations 82% on air, respiratory rate - 38/min.

What is the most likely diagnosis?","[""Anaphylaxis"", ""Pneumothorax"", ""Pulmonary embolism"", ""Acute heart failure"", ""Re-exacerbation of infection""]",Pneumothorax,1,"COPD is the most common cause of secondary pneumothorax

This case is describing an instance of spontaneous secondary pneumothorax (SSP) secondary to existing chronic lung disease, for which chronic obstructive pulmonary disease (COPD) constitutes 50-70% of cases. Patient such as this with signs of acute haemodynamic compromise should undergo urgent chest tube thoracostomy and supportive oxygen therapy.

Option 1: incorrect - while anaphylaxis is an important differential in acute dyspnoea, it is unlikely that this patient would present with penicillin allergy 1 day in to treatment as typically the onset is more immediate.

Option 2: correct - the underlying risk in addition to the unilaterally reduced air entry suggests SSP as the primary differential. The other differentials are possible and should be ruled out as quickly as possible while intervention is prepared.

Option 3: incorrect - pulmonary embolism is an important differential to eliminate and lower limb examination, Well's score calculation and an electrocardiogram (ECG) should be performed rapidly. However given the more likely diagnosis of SSP, and the lack of any other mentioned risk factors, it is less likely that this is the cause of his deterioration.

Option 4: incorrect - acute heart failure typically presents on the background of pre-existing cardiac disease, with de-novo cardiac failure being comparatively rare. This combined with the lack of inspiratory crackles, a raised jugular venous pressure or peripheral oedema significantly reduces the possibility of this being the case.

Option 5: incorrect - while it is not impossible for the infection to re-present, this gentleman is no longer pyrexial and has no clinical signs of infection on examination. It is less likely that re-exacerbation would present with a sudden deterioration."
150,Cystic fibrosis is due to a defect in the cystic fibrosis transmembrane conductance regulator (CFTR) gene. Which chromosome is this gene located on?,"[""Chromosome 3"", ""Chromosome 7"", ""Chromosome 11"", ""Chromosome 14"", ""Chromosome 15""]",Chromosome 7,1,
151,Which one of the following is least associated with Kartagener's syndrome?,"[""Male subfertility"", ""Recurrent sinusitis"", ""Malabsorption"", ""Dextrocardia"", ""Bronchiectasis""]",Malabsorption,2,
152,"A 43-year-old male presents with episodes of waking up in distress. He describes late at night feeling breathless with his heart is racing. These episodes are becoming more frequent and it is worrying him immensely. His wife also adds that he snores loudly which sometimes subsides if he changes position. As well as this, he finds himself taking short naps during the day which is affecting his job as an IT technician. Past medical history includes type 2 diabetes and obesity.

Which of the following is the best investigation in the diagnosis of the patient's condition?","[""Drug-induced sleep endoscopy (DISE)"", ""Multiple Sleep Latency Test (MSLT)"", ""Cinematic MRI"", ""Arterial blood gas (ABG)"", ""Polysomnography (PSG)""]",Polysomnography (PSG),4,"Polysomnography is diagnostic for obstructive sleep apnoea

PSG is the best diagnostic test for obstructive sleep apnoea (OSA). It is used to study and evaluate abnormalities of sleep by monitoring and quantifying the biophysiological changes. The patient is recorded using wires measuring various parameters including rapid eye movements, oxygen saturations and the electrical activity of the brain.

The pathophysiology of OSA can be split into the narrowing or collapse of the pharyngeal airway and then the further biophysiological complications. One drawback of PSG is that it does not reveal the site of obstruction. Cinematic MRI and sleep endoscopy are useful in investigating the anatomical basis of disease. These tests aid in the diagnosis and are important for potential candidates for surgery.

Due to the hypoventilation in OSA patients develop a respiratory metabolic acidosis. A rebound metabolic alkalosis may occur where the kidneys retain bicarbonate in response to the sleep acidosis. Performing an ABG when these patients are acutely unwell would be useful in the assessment but are not diagnostic for OSA.

MSLT is an objective measurement of daytime hypersomnolence. During daytime naps the patients are monitored and the sleep latency is measured (how quick a patient falls asleep). If performed it typically follows PSG and can aid in the diagnosis of OSA."
153,"A 35-year-old with a history of seasonal allergies presents to the emergency department with intermittent episodes of wheezing, dyspnoea, and chest tightness over the past three months.

He denies any infective features but reports that these symptoms worsen at night and after exposure to dust.

On exam, there are expiratory wheezes, and his oxygen saturation is 96% on room air.

What test result would be diagnostic of the patient's likely diagnosis?","[""A raised eosinophil count of 0.6 x 10⁹/L"", ""FEV1 increase is ≥ 5% and 100 mL or more from the pre-bronchodilator measurement"", ""FEV1 increase is ≥ 5% of the predicted normal FEV1"", ""FeNO is ≥ 40 ppb"", ""PEF variability (amplitude percentage mean) is 10%""]",A raised eosinophil count of 0.6 x 10⁹/L,0,"For adults with suspected asthma, if the eosinophil is above the reference range OR FeNO is >= 50 ppb then asthma can be diagnosed

The patient’s history of seasonal allergies, intermittent wheezing, dyspnoea, and chest tightness, and symptoms worsening at night and with dust exposure strongly suggest asthma. Examination findings of expiratory wheezes and normal oxygen saturation further support this diagnosis. Asthma involves type 2 airway inflammation, where eosinophils play a central role. Eosinophils release cytotoxic proteins like eosinophil peroxidase and major basic proteins, causing epithelial damage and perpetuating inflammation. An

eosinophil count of 0.6 x 10⁹/L

exceeds the normal reference range ( 0.02-0.5 x 10⁹/L), meeting diagnostic criteria outlined in joint 2024 NICE, BTS, and SIGN guidelines. This test reflects active eosinophilic inflammation, a hallmark of asthma, and eliminates the need for additional diagnostic tests, confirming asthma in this context.

FEV1 increase ≥ 5% and 100 mL or more from the pre-bronchodilator measurement

is incorrect because, although an FEV1 increase suggests reversible airway obstruction, the guideline threshold for a significant bronchodilator response is ≥ 12% and ≥ 200 mL, or ≥ 10% of the predicted normal FEV1. This value of 10% and 100 mL is below the necessary criteria for diagnosing asthma.

FEV1 increase ≥ 5% of the predicted normal FEV1

is incorrect because the threshold for bronchodilator reversibility required to diagnose asthma is ≥ 10% of the predicted normal FEV1, not 5%. A 5% increase would not show sufficient airflow improvement to reliably confirm asthma, as a larger improvement is expected to demonstrate reversible airway obstruction typical of asthma.

FeNO ≥ 40 ppb

is incorrect because the diagnostic threshold for FeNO, a marker of eosinophilic inflammation in asthma, is ≥ 50 ppb. A level of 40 ppb is below this threshold and does not provide sufficient evidence to diagnose asthma in this case. In contrast, a raised eosinophil count at 0.6 x 10⁹/L is already diagnostic.

PEF variability (amplitude percentage mean) 10%

is incorrect because the diagnostic threshold for peak expiratory flow (PEF) variability in asthma is ≥ 20%. A PEF variability of 10% is too low and would not be considered diagnostic for asthma, especially given the elevated eosinophil count, which already supports the diagnosis in this case."
154,A 24-year-old female with a history of anxiety is taken to the Emergency Department following an acute onset of shortness of breath. On examination the chest is clear to auscultation but the respiratory rate is raised at 40 breaths per minute. A diagnosis of hyperventilation secondary to anxiety is suspected. Which of the following arterial blood gas results (taken on room air) are consistent with this?,"[""pH = 7.56; pCO2 = 2.9 kPa; pO2 = 10.1 kPa"", ""pH = 7.24; pCO2 = 8.4 kPa; pO2 = 12.7 kPa"", ""pH = 7.34; pCO2 = 2.7 kPa; pO2 = 15.4 kPa"", ""pH = 7.54; pCO2 = 2.4 kPa; pO2 = 14.1 kPa"", ""pH = 7.54; pCO2 = 4.9 kPa; pO2 = 13.3 kPa""]",pH = 7.54; pCO2 = 2.4 kPa; pO2 = 14.1 kPa,3,
155,"A 69-year-old man presents to his general practitioner with a cough that has been present for 4 weeks and hasn't improved despite several courses of antibiotics. He has no other symptoms. There is no significant medical history and he has never smoked. The patient is currently retired but worked as an accountant for all his working life. The examination is unremarkable.

A chest x-ray is arranged which shows an area of opacification in the right upper zone. The patient then goes on to have a CT scan of his chest and abdomen. It is reported as showing a lung mass in the right upper lobe suspicious of a lung cancer. There are no other abnormalities reported.

When you see the patient in the two-week wait clinic you break the news to him and inform him that the next step will be to try to obtain a tissue diagnosis.

What is the likely histology of the lung cancer?","[""Adenocarcinoma"", ""Squamous cell"", ""Alveolar cell"", ""Small cell"", ""Mesothelioma""]",Adenocarcinoma,0,
156,"A 29-year-old woman presents to her GP feeling generally unwell, intermittently feverish and pain in her left hand. The pain is associated with some altered sensation in the lateral palmar aspect of the hand. She feels that her thumb is slightly weaker than before.

Examination reveals reduced sensation in the median nerve distribution. Also, there are tender subcutaneous nodules on both elbows.

An autoimmune screen is positive for pANCA.

She has a past medical history of asthma and rhinitis. She recently had an asthma check-up and was commenced on a new medication.

What is the most likely new medication?","[""Fluticasone"", ""Montelukast"", ""Omalizumab"", ""Salmeterol"", ""Theophylline""]",Montelukast,1,"Leukotriene receptor antagonists may trigger eosinophilic granulomatosis with polyangiitis (Churg-Strauss syndrome)

This patient has constitutional symptoms alongside mononeuropathy and cutaneous signs. This is suggestive of a systemic condition. Given she is an asthmatic, this should raise the concern for eosinophilic granulomatosis with polyangiitis (Churg-Strauss syndrome). This can be triggered by leukotriene receptor antagonists of which one is

montelukast

.

Eosinophilic granulomatosis with polyangiitis progression can be crudely divided into three phases. Initially, there is a prodromal phase characterised by atopy. This is followed by an eosinophilic phase of which features include pulmonary opacities, asthma and eosinophilia. Finally, there is a vasculitis phase with a broad range of potential organ involvement.

Fluticasone

can be used as an inhaled corticosteroid in the management of asthma. It is not a recognised trigger for eosinophilic granulomatosis with polyangiitis. Potential side effects include altered taste and oral candidiasis.

Omalizumab

is an IgG1 monoclonal antibody used in the management of allergic asthma and chronic urticaria. It does have an association with eosinophilic granulomatosis with polyangiitis, but is not as well recognised as montelukast, with the side effect listed as frequency not known in the BNF.

Salmeterol

is a long-acting beta-2 agonist. It is not associated with eosinophilic granulomatosis with polyangiitis. Muscle cramps are a common side effect of salmeterol.

Theophylline

is used in acute and chronic asthma. It is not associated with triggering eosinophilic granulomatosis with polyangiitis. It has a risk of causing arrhythmias and when used alongside beta-2 agonists can result in serious hypokalaemia."
157,"A 75-year-old woman presents to the emergency department with increasing shortness of breath and right sided chest pain. On examination she has reduced breathing sounds on the right side of her chest and it is dull to percuss. She takes levothyroxine for Hashimoto's thyroiditis but otherwise has no past medical history.

A chest x-ray is performed, which shows a large right-sided pleural effusion, which is aspirated and the sample sent for analysis:


pH	7.3
Protein	39 g/L


Pleural LDH : Serum LDH	0.8
Pleural protein : Serum protein	0.7

What is the most likely cause of her pleural effusion?","[""Dressler's syndrome"", ""Hypothyroidism"", ""Lung cancer"", ""Meigs' syndrome"", ""Tuberculosis""]",Lung cancer,2,"Pleural effusion: malignancy is associated with an exudate

The correct answer is

lung cancer

, causing an exudative pleural effusion (pleural fluid protein level > 30 g/L). Other general features of exudative effusion are high LDH (over two-thirds the upper limit of normal serum LDH or a pleural fluid-to-serum LDH ratio > 0.6) and high protein (pleural fluid-to-serum protein ratio > 0.5). Malignancy-caused pleural effusions are generally serosanguinous exudates with low glucose and low pH and sometimes have elevated WBC counts. A mesothelioma may cause a heavily blood-stained pleural effusion. Pleural fluid cytology can be used to check for malignant cells, which can aid diagnosis but is only positive in roughly 50-60% of cases.

Dressler's syndrome

may cause an exudative pleural effusion but is seen after myocardial infarction, of which there is no history in this patient. Dressler's syndrome is a form of pericarditis that generally occurs 1-6 weeks after a myocardial infarction. It will present with symptoms like chest pain, fever, dyspnoea, pericardial rub and tachycardia.

We know that the patient has

hypothyroidism

and this can cause a pleural effusion but it will be a transudate. The protein level of the pleural fluid therefore rules out this answer.

Meigs' syndrome

consists of a ovarian mass with transudate pleural effusion and ascites. The high protein level therefore rules out this answer.

Tuberculosis (TB)

is a cause of an exudative effusion but lung cancer is much more common and this patient has no history to suggest she is at risk of TB. There is no history of travel to areas with a high prevalence of TB either."
158,A 54-year-old woman with chronic obstructive pulmonary disease (COPD) is prescribed an inhaled corticosteroid. What is the main therapeutic benefit of inhaled corticosteroids in patients with COPD?,"[""Reduced severity of exacerbations"", ""Improved all cause mortality"", ""Reduced use of bronchodilators"", ""Slows decline in FEV1"", ""Reduced frequency of exacerbations""]",Reduced frequency of exacerbations,4,"COPD - reason for using inhaled corticosteroids - reduced exacerbations

The correct answer is

Reduced frequency of exacerbations

. Inhaled corticosteroids (ICS) are used in the management of COPD primarily to reduce the frequency of exacerbations. This is based on evidence from numerous clinical trials, which have shown that ICS use in COPD patients reduces the rate of exacerbations, especially in those with a history of frequent exacerbations. This therapeutic benefit can significantly improve patient's quality of life and decrease hospital admissions.

The option

Reduced severity of exacerbations

is incorrect. While it might seem logical that if ICS can reduce the frequency of exacerbations, they could also reduce their severity, current evidence does not support this. The severity of an exacerbation when it occurs is not influenced by prior use of ICS.

Improved all cause mortality

is also incorrect. Although reducing the number and severity of COPD exacerbations has important benefits for patients' quality of life, there's no robust evidence to suggest that these drugs improve all-cause mortality in COPD patients.

Reduced use of bronchodilators

as an option is misleading. While it's true that effective control of COPD symptoms might result in less need for rescue medication such as short-acting bronchodilators, this isn't a primary therapeutic goal or effect of ICS therapy itself.

Finally,

Slows decline in FEV1

, while desirable, is not a proven benefit associated with ICS use in COPD patients. The decline in FEV1 (Forced Expiratory Volume in 1 second), a measure indicating disease progression in COPD, continues at its natural pace even with ICS treatment according to most research studies."
159,"A 30-year-old man presents to the emergency department after a sudden onset of sharp pleuritic chest pain and shortness of breath. He has no past medical history of note.

Chest auscultation reveals decreased breath sounds on both sides.

On examination, his vitals are as follows:

Respiratory rate is 29/min
Oxygen saturation is 89% on air
Heart rate is 110/min.

A portable chest X-ray confirms the presence of a left-sided pneumothorax with a 1.5 cm rim of air and a right-sided pneumothorax with a 2 cm rim of air.

What is the most appropriate management for this patient?","[""Chest drain insertion"", ""Intubation and chest drain insertion"", ""Needle aspiration"", ""Needle decompression followed by chest tube insertion"", ""Observation and supplemental oxygen""]",Chest drain insertion,0,"Pneumothorax management: the high-risk characteristics that determine the need for a chest drain are:

This 30-year-old patient presents with a symptomatic (sharp pleuritic chest pain, and shortness of breath) bilateral pneumothorax confirmed on chest X-ray. His vital signs indicate respiratory distress (tachypnea, tachycardia, and hypoxia with an oxygen saturation of 89% on air) and given his high-risk characteristics, including bilateral pneumothorax and significant hypoxia, the pneumothorax may worsen if not treated appropriately with a

chest drain insertion on both sides

.

The appropriate management in this case is chest drain insertion on both sides to remove the air from the pleural space, allowing the lung to re-expand and relieve symptoms. The presence of the above-mentioned high-risk characteristics and the patient’s respiratory compromise justify the need for a bilateral chest drain rather than observation alone.

Intubation and mechanical ventilation

may be necessary if the patient experiences severe respiratory failure, this patient does not appear to require immediate intubation. He can be managed with oxygen therapy and a bilateral chest drain initially. Furthermore, intubation would not resolve the issue at hand, as the  bilateral pneumothorax requires drainage.

Needle aspiration on both sides

is not the correct option. Significant hypoxia and bilateral pneumothorax are high-risk characteristics that warrant chest drain insertion bilaterally. Needle aspiration is an option for primary pneumothorax with no high-risk characteristics.

Needle decompression followed by chest tube insertion

is an approach used for tension pneumothorax, which is characterized by signs of circulatory collapse, such as hypotension, tracheal deviation, and jugular venous distension. This patient does not have signs of tension pneumothorax, so needle decompression is not necessary in this case.

Observation and supplemental oxygen

are generally reserved for patients who are asymptomatic or have minimal symptoms caused by small, stable (no high-risk characteristics) primary or secondary pneumothoraces. This patient has respiratory symptoms (tachypnea, tachycardia and hypoxia) on top of a bilateral pneumothorax, so simple observation would not be appropriate. Supplemental oxygen can help by promoting the absorption of the pneumothorax, but it would not adequately drain his bilateral pneumothorax or prevent complications like recurrence and tension pneumothorax."
160,"A 33-year-old woman presents for an asthma review. She was first diagnosed 2 years ago and has found control difficult. She currently uses a salbutamol inhaler several times per week and a Fostair inhaler twice daily. She commenced montelukast 2 months ago but felt that this made her symptoms significantly worse. She has a past medical history of recurrent sinusitis.

On examination, she is wheezy on auscultation. Blood tests are performed:


Hb	124 g/L	(115 - 160)
Platelets	187 * 109/L	(150 - 400)
WBC	9.2 * 109/L	(4.0 - 11.0)
Eosin	0.85 * 109/L	(0.0 - 0.4)

What is the most important next step in investigation?","[""Anti-double-stranded DNA antibodies (anti-dsDNA antibodies)"", ""Anti-glomerular basement membrane antibodies (anti-GBM antibodies)"", ""Anti-nuclear antibodies (ANA)"", ""Cytoplasmic-antineutrophil cytoplasmic antibodies (c-ANCA)"", ""Perinuclear-antineutrophil cytoplasmic antibodies (p-ANCA)""]",Perinuclear-antineutrophil cytoplasmic antibodies (p-ANCA),4,"Leukotriene receptor antagonists may trigger eosinophilic granulomatosis with polyangiitis (Churg-Strauss syndrome)

This patient's presentation is suggestive of eosinophilic granulomatosis with polyangiitis (eGPA), also known as Churg-Strauss syndrome. This condition is characterised by eosinophilia, granulomatous inflammation and vasculitis. Patients classically present, and are often diagnosed, with adult-onset asthma initially. This may precede vasculitis and mononeuritis multiplex, which is a manifestation secondary to vasculitis, by several years. Interestingly, leukotriene receptor antagonists such as montelukast are thought to precipitate or worsen the condition, rather than help with asthmatic symptoms. The disease is most strongly associated with

p-ANCA

(also known as MPO-ANCA), which is present in 60-70% of patients.

Anti-dsDNA antibodies

are not overly useful here. This is most strongly associated with systemic lupus erythematosus, which would instead classically present with rash, photosensitivity, ulcers and arthritis.

Anti-GBM antibodies

are associated with anti-GBM disease, also known as Goodpasture's disease. This condition presents with rapidly progressive renal dysfunction and pulmonary haemorrhage. The history of asthma, and its worsening being triggered by montelukast, is suggestive of eGPA.

ANA

is not particularly useful in this scenario. ANA is a non-specific marker of autoimmune disease and does not help to diagnose any one particular condition. It is also positive in approximately 15% of the healthy population.

c-ANCA

(also known as PR3-ANCA) is typically positive in granulomatosis with polyangiitis (GPA), formerly known as Wegener's granulomatosis), rather than eGPA. Whilst the two conditions are related and overlap somewhat, the presence of asthma and eosinophilia points more toward eGPA."
161,A 35-year-old patient with a history of asthma and epilepsy presents with haemoptysis and a worsening of his asthma. Blood tests reveal an eosinophilia and a positive pANCA. Which of the following drugs is most likely to have precipitated the likely diagnosis?,"[""Montelukast"", ""Phenytoin"", ""Sodium valproate"", ""Prednisolone"", ""Sodium cromoglycate""]",Montelukast,0,"Leukotriene receptor antagonists may trigger eosinophilic granulomatosis with polyangiitis (Churg-Strauss syndrome)

This patient probably has Churg-Strauss syndrome, which is associated with the use of leukotriene receptor antagonists"
162,A 63-year-old man is noted to have a pleural effusion on CXR. Which one of the following would typically cause a transudate?,"[""Pancreatitis"", ""Pneumonia"", ""Yellow nail syndrome"", ""Hypothyroidism"", ""Dressler's syndrome""]",Hypothyroidism,3,
163,Which one of the following is least associated with bronchiectasis?,"[""Hypogammaglobulinaemia"", ""Allergic bronchopulmonary aspergillosis"", ""Measles"", ""Cystic fibrosis"", ""Sarcoidosis""]",Sarcoidosis,4,
164,A 19-year-old man presents as he is concerned he may be asthmatic. Which one of the following points in the history would make this diagnosis less likely?,"[""Smoking since age of 16 years"", ""Peripheral tingling during episodes of dyspnoea"", ""Peripheral blood eosinophilia"", ""Chest tightness whilst exercising"", ""History of eczema""]",Peripheral tingling during episodes of dyspnoea,1,
165,"A 65-year-old man is referred to the respiratory clinic with unexplained shortness of breath. He has a past medical history of asthma and ankylosing spondylitis. He uses salbutamol occasionally. He smokes 20 cigarettes daily.

On examination, chest auscultation is normal. He has a hunched posture.

Plain radiography of the chest is unremarkable.

Lung function tests:


FEV1	74% best-predicted	(>80%)
FVC	62 % best-predicted	(>80%)
FEV1/FVC	1.19	(>0.7)
Gas transfer (TLCO)	81 % best predicted	(>80%)

What is the likely cause for his dyspnoea?","[""Asthma"", ""Bronchiectasis"", ""COPD"", ""Kyphoscoliosis"", ""Pulmonary fibrosis""]",Kyphoscoliosis,3,"Kyphoscoliosis (e.g. ankylosing spondylitis) can cause a restrictive lung defect on spirometry

Kyphoscoliosis

is the correct answer. The patient has ankylosing spondylitis, which predisposes him to kyphoscoliosis, which we can infer from his hunched posture. This is a cause of a restrictive lung deficit. Restrictive lung function results are typified by reduced FEV1 and FVC  values but a normal or increased FEV1/FVC ratio. The lung function tests, in this case, demonstrate restrictive physiology as described. The only two causes of restrictive lung deficits listed are kyphoscoliosis and pulmonary fibrosis. While ankylosing spondylitis can cause pulmonary fibrosis, the absence of clinical examination or radiographic findings suggesting this diagnosis make it unlikely and therefore kyphoscoliosis is the most likely explanation.

Asthma

is incorrect. He only uses his salbutamol inhaler occasionally, suggesting his asthma is mild. Additionally, this diagnosis is associated with obstructive lung function tests, which are not present here. Furthermore, there is no wheeze. Taken together, this diagnosis is not likely on this basis.

Bronchiectasis

is incorrect. This is associated with obstructive lung function testing along with purulent sputum and chest auscultation evidence of crackles, which clear on coughing. Ankylosing spondylitis is a rare cause of bronchiectasis but none of these features is present in this case.

COPD

is not the right answer. While this patient is a smoker, not all those who smoke develop COPD. It is associated with wheeze and obstructive lung function testing rather than restrictive physiology. The x-ray may show emphysema, flattened hemidiaphragms and hyperinflation. In obstructive lung disease, the FEV1/FVC ratio is < 0.7.

Pulmonary fibrosis

is incorrect. This is associated with AS and would cause a restrictive lung deficit However, a normal chest examination along with a normal chest x-ray make clinically significant ILD unlikely. Additionally, we would expect the gas transfer (TLCO) to be abnormal in pulmonary fibrosis due to impaired diffusion capacity. This would not be the case in kyphoscoliosis."
166,"A 55-year-old man presents to clinic with a persistent cough and occasional haemoptysis. He has a 40 pack-year history of smoking. An urgent chest x-ray is reported as being normal. In patients who are subsequently diagnosed with lung cancer, what percentage of recent chest x-rays were reported as normal?","[""2%"", ""5%"", ""10%"", ""20%"", ""35%""]",10%,2,"In around 10% of patients subsequently diagnosed with lung cancer the chest x-ray was reported as normal

It is important not to get false reassurance from a normal chest x-ray report in patients with worrying symptoms (smoker with haemoptysis). This patient should have a CT scan to exclude a lung cancer."
167,"A 56-year-old woman is admitted with shortness of breath and wheeze associated with cough, pleuritic chest pain, and brown sputum.

She has a background of asthma that has recently become hard to control with frequent exacerbations and hospital admissions despite optimisation of her medication.


Hb	115 g/L	Male: (135-180)
Female: (115 - 160)
WBC	13 * 109/L	(4.0 - 11.0)
Neuts	8 * 109/L	(2.0 - 7.0)
Eosin	0.6 * 109/L	(0.0 - 0.4)
IgE	1112 IU/mL	(1.5-144)

Chest x-ray: parenchymal infiltrates with tram track opacities and ring shadows.

Given the likely diagnosis, what is the most appropriate primary treatment?","[""Intravenous antibiotics"", ""Intravenous magnesium"", ""Oral prednisolone"", ""Salbutamol and ipratropium nebulisers"", ""Treatment dose low molecular weight heparin""]",Oral prednisolone,2,"Oral glucocorticoids are the treatment of choice for allergic bronchopulmonary aspergillosis

This patient has presented with shortness of breath, cough, chest pain, and brown sputum on a background of recently brittle asthma. This should make you think about the possibility of allergic bronchopulmonary aspergillosis (ABPA). The diagnosis is even more likely given the eosinophilia, grossly raised IgE, and chest x-ray findings.

Treatment for ABPA usually consists of oral prednisolone, antifungals, prophylactic antibiotics, and supportive measures. Omalizumab is an anti-IgE recombinant humanized monoclonal antibody that is also sometimes used.

Oral prednisolone

is the correct answer. It helps open up airways and reduce eosinophil levels leading to reduced airway damage and improvement in pulmonary inflammation.

Intravenous magnesium

is usually used as a third-line treatment for asthma exacerbation. It is therefore not the correct answer here.

Intravenous antibiotics

would not be the correct answer. Fungal infection is the main precipitant of ABPA and so usual antibiotic treatment would not be appropriate. There is a case for use of antibiotics to prevent super-added bacterial infection, but this would not be the primary treatment.

Salbutamol and ipratropium nebulisers

are important in helping with bronchospasm but they wouldn't treat the underlying problem of ABPA and so are not the most appropriate primary treatments.

Treatment dose low molecular weight heparin

would be the treatment of choice for pulmonary embolism. Although this patient does have pleuritic chest pain and some haemoptysis, as demonstrated by her brown sputum, ABPA is the unifying diagnosis rather than pulmonary embolism."
168,"A 65-year-old man with known COPD presents to his GP. Over the past few months, he has noticed his breathlessness generally worsening. He currently uses a salbutamol inhaler when needed; recently, he needs to use it more regularly, sometimes several times per day.

On examination, he appears well today. Observations are within normal limits and there is good air entry on auscultation with no evident wheeze. A chest X-ray demonstrates hyperinflated lungs. Blood tests are taken:


Hb	145 g/L	Male: (135-180)
Female: (115 - 160)
Platelets	202 * 109/L	(150 - 400)
WBC	6.8 * 109/L	(4.0 - 11.0)
Neuts	3.4 * 109/L	(2.0 - 7.0)
Lymphs	2.8 * 109/L	(1.0 - 3.5)
Mono	0.4 * 109/L	(0.2 - 0.8)
Eosin	1.0 * 109/L	(0.0 - 0.4)

Given the presentation, what is the most appropriate next step in management?","[""Add formoterol and aclidinium"", ""Add formoterol and budesonide"", ""Add formoterol, glycopyrronium and beclometasone"", ""Add ipratropium"", ""Switch to ipratropium""]",Add formoterol and budesonide,1,"COPD - still breathless despite using SABA/SAMA and

The correct answer is to add formoterol and budesonide. A key point to note here is that this is long-term management of COPD - the patient is not acutely unwell. NICE has very clear guidance on how to proceed, and decisions are stratified depending on whether or not the patient has asthma-like/steroid-responsive features. This includes a previous diagnosis of asthma or, as is the case here, eosinophilia. As such, if a short-acting beta-agonist (SABA) such as salbutamol is not sufficient, a combination of a long-acting beta-agonist (LABA) and an inhaled corticosteroid (ICS) should be commenced.

If the patient had no steroid-responsive/asthma-type features, starting a LABA with a long-acting muscarinic antagonist (LAMA) would be appropriate - such as the combination of formoterol and aclidinium.

If a patient were still breathless or having exacerbations, despite one of the above steps, then triple therapy should be offered - including a LABA, a LAMA and an ICS. The combination of formoterol, glycopyrronium and beclometasone describes this step - however, in this scenario, LABA and ICS should be tried first.

Adding ipratropium would not be appropriate. This is a short-acting muscarinic antagonist (SAMA) and may be used as an initial step for symptom relief instead of a SABA, but should not be added here - a step-up to LABA with ICS is needed.

Similarly, if a SABA alone has failed, switching to a SAMA is not part of the guidelines. A step-up is required. However, if only on a SAMA, and stepping up to LABA with LAMA (if no asthma-like features), then the SAMA should be switched to a SABA."
169,A 35-year-old female with sarcoidosis is started on a course of prednisolone. Which one of the following is a suitable indication for commencing steroid therapy in such patients?,"[""Bilateral hilar lymphadenopathy"", ""Arthralgia"", ""Hypercalcaemia"", ""Serum ACE > 120 u/l"", ""Erythema nodosum""]",Hypercalcaemia,2,"Indications for corticosteroid treatment for sarcoidosis are: parenchymal lung disease, uveitis, hypercalcaemia and neurological or cardiac involvement

The correct answer is

Hypercalcaemia

. Sarcoidosis can cause hypercalcaemia due to increased production of 1,25-dihydroxyvitamin D by activated macrophages in granulomas. This leads to increased intestinal absorption and renal reabsorption of calcium. Hypercalcaemia can have serious health implications and can lead to symptoms such as fatigue, confusion, constipation and arrhythmias. In the case of sarcoidosis-induced hypercalcaemia, glucocorticoids like prednisolone are the treatment of choice as they inhibit the conversion of vitamin D to its active form in the kidney.

Bilateral hilar lymphadenopathy

is a common finding in sarcoidosis but it is not an indication for steroid therapy unless associated with significant symptoms or functional impairment. It often resolves spontaneously and does not always correlate with disease severity or predict prognosis.

Arthralgia

is another symptom that can be present in patients with sarcoidosis, but it's usually managed with NSAIDs rather than steroids. Steroids would only be considered if there was evidence of severe or refractory disease which is not suggested here.

An elevated

Serum ACE > 120 u/l

level can be seen in sarcoidosis due to increased production by epithelioid cells within granulomas. However, it has poor specificity and sensitivity for diagnosing or monitoring sarcoidosis and its levels do not necessarily correlate with disease activity or severity.

Finally,

Erythema nodosum

, a type of panniculitis that presents as tender red nodules on the shins, is often associated with sarcoidosis. However, it typically resolves without specific treatment over several weeks and does not require steroid therapy unless severe or persistent."
170,"A 60-year-old woman with normally well-controlled chronic obstructive pulmonary disease (COPD) was brought in by ambulance breathless and wheezy. On arrival to the emergency department, her oxygen saturations are 86% on room air and her respiratory rate is 36 breaths per minute. An arterial blood gas (ABG) sample was taken and the results are below:

ABG on room air:

pH	7.33
pO2	7.2 kPa
pCO2	6.5 kPa

She was given 200mg intravenous hydrocortisone, repeated doses of nebulised salbutamol and ipratropium bromide and oxygen via a 28% venturi mask at 4L/min. An arterial blood gas sample was taken 1 hour later and the results are below:

ABG on 28% oxygen via venturi mask:

pH	7.29
pO2	7.7 kPa
pCO2	7.1 kPa

What is the next most appropriate step regarding oxygen therapy?","[""Stop the oxygen therapy"", ""Increase the oxygen flow to 6L/min via a 31% venturi mask"", ""Commence non-invasive ventilation (NIV)"", ""Intubate and ventilate the patient"", ""Continue to give oxygen via a 28% venturi mask at 4L/min and nebulised bronchodilators and repeat the ABG after 1 hour""]",Commence non-invasive ventilation (NIV),2,"Acute exacerbation of COPD: BiPaP is indicated if type 2 respiratory failure develops despite medical therapy

1: The patient is hypoxic and requires oxygen.

2: Increasing the oxygen flow rate will worsen the CO2 retention and acidosis.

3: This is the correct answer. Acidosis (pH <7.35), rising pCO2 or a respiratory rate >30 breaths per minute despite best medical management (steroids, nebulised bronchodilators and standard oxygen therapy) is an indication for non-invasive ventilation.

4: Intubation and ventilation are generally considered if the pH is below 7.26 or the pCO2 is rising on non-invasive ventilation (NIV).

5: The repeat blood gas is worse than the previous so the current oxygen therapy is not working. The patient has already received 1 hour of best medical management."
171,Which type of hypersensitivity reaction predominates in the acute phase of extrinsic allergic alveolitis?,"[""Type I"", ""Type II"", ""Type III"", ""Type IV"", ""Type V""]",Type III,2,
172,Which one of the following is least associated with the development of COPD?,"[""Cadmium exposure"", ""Smoking"", ""Coal dust"", ""Isocyanates"", ""Alpha-1 antitrypsin deficiency""]",Isocyanates,3,
173,"A 78-year-old woman presents with increasing shortness of breath and a productive cough. Nursing home staff are concerned as she has been having fevers today and the sputum appears red and jelly-like.

She has a background of previous alcohol dependence, type 2 diabetes mellitus and a recent ischaemic stroke. She is currently risk feeding and awaiting follow up with speech and language therapy in the community.

Chest x-ray demonstrates right upper zone consolidation.

What is the most likely cause of the pneumonia?","[""Haemophilus influenzae"", ""Klebsiella"", ""Mycoplasma"", ""Staphylococcus aureus"", ""Streptococcus pneumoniae""]",Klebsiella,1,"Klebsiella pneumonia-> commonly due to aspiration

Klebsiella

pneumonia is more common in diabetics and patients with a history of alcohol excess. It is also frequently caused by aspiration. In this scenario, the recent stroke has caused problematic dysphagia.

Klebsiella

commonly affects the upper lobes of the lungs.

Haemophilus influenzae

is common in older patients with chronic obstructive pulmonary disease (COPD) and can present as a hospital-acquired pneumonia. It does not cause 'red-currant jelly' sputum.

Mycoplasma

is an atypical pneumonia which classically presents with a gradual onset dry cough and occasionally other features, such as autoimmune haemolytic anaemia and erythema multiforme.

Staphylococcus aureus

pneumonia commonly occurs after influenza and can also be a complication of measles infection. On chest x-ray, multi-lobar consolidation, cavitation or a pneumothorax might be seen.

Streptococcus pneumoniae

is the most common cause of pneumonia and characteristically presents with a high fever and pleuritic chest pain."
174,"A 68-year-old male patient presents with a 6-month history of shortness of breath. He mentions that it is worse on exertion and his exercise tolerance is reduced compared to previously. He describes no associated wheeze, or haemoptysis but does have a dry cough. He has a background of hypertension and takes amlodipine 5mg once a day. He has never smoked or worked with asbestos in the past.

On examination, he is comfortable at rest with oxygen saturations 95% on air. There is no evidence of lymphadenopathy, clubbing or cyanosis. He has fine crackles at both lung bases that do not alter on coughing.

You suspect the patient may have idiopathic pulmonary fibrosis and organise some investigations.

Which of the following investigation findings would support a diagnosis of idiopathic pulmonary fibrosis?","[""Reticular changes on CT imaging that is worse at the bases"", ""Obstructive picture on spirometry"", ""Extensive ground glass opacities on CT imaging"", ""Increased transfer factor on spirometry"", ""A lymphocytosis on bronchoalveolar lavage""]",Reticular changes on CT imaging that is worse at the bases,0,
175,"A 59-year-old man presents to the emergency department with right-sided chest pain and shortness of breath. He has no past medical history. He has smoked ten cigarettes a day since the age of 18.

On examination, he has mild increased work of breathing and minimal reduced air entry on the right side of his chest. His observations are all stable, including an oxygen saturation of 98% on room air.

A chest X-ray demonstrates a 2.4cm right-sided pneumothorax.

What is the appropriate management?","[""Ambulatory device insertion"", ""Chest drain insertion"", ""Inpatient observation"", ""Needle aspiration"", ""Outpatient observation""]",Chest drain insertion,1,"Pneumothorax management: the high-risk characteristics that determine the need for a chest drain are:

As per the latest British Thoracic Society (BTS) guidelines, the appropriate management for this patient is

chest drain insertion

. He presents with symptomatic right-sided chest pain and shortness of breath, coupled with high-risk features such as age over 50 and a significant smoking history. These factors increase the likelihood of progression to tension pneumothorax or worsening respiratory distress. Chest drain insertion is essential to evacuate the pneumothorax effectively, relieve symptoms, and prevent potential complications.

Ambulatory device insertion

is not recommended by BTS for this patient. The patient has high-risk features of being over 50 years old with a significant smoking history. While ambulatory devices are appropriate in patients without such risk factors, this patient's age and smoking history increase the likelihood of complications, and insertion of a chest drain is advisable.

Inpatient observation

is inappropriate for this patient, as this is conservative management of secondary spontaneous pneumothorax without high-risk features. This patient is symptomatic and has high-risk features of being over 50 and a significant smoking history. Given his clinical presentation and risk factors, more immediate and definitive management, in the form of a chest drain insertion, is warranted to address his condition and prevent potential complications.

Needle aspiration

is not recommended for this patient. Needle aspiration is for patients with primary spontaneous pneumothorax without high-risk features. However, given this patient's high-risk features of being over 50 years old with a significant smoking history, needle aspiration may not be sufficient to address his condition effectively. Prompt and definitive management via chest drain insertion is warranted to ensure optimal treatment and mitigate potential complications.

Outpatient observation

is inappropriate for this patient and can only be considered in patients without high-risk features. Given this patient's high-risk features of being over 50 years old and having a significant smoking history, outpatient observation may not provide adequate monitoring and intervention if complications arise."
176,"A 65-year-old life-long smoker with a significant past history of asbestos exposure is investigated for lung cancer. Given his history of both smoking and asbestos exposure, what is his increased risk of lung cancer?","[""5"", ""10"", ""50"", ""500"", ""1,000""]",50,2,
177,A 24-year-old man who has developed a chronic cough and wheeze after starting a new job presents for review. His peak flow measurements are significantly reduced whilst at work and improve at the weekend. Which one of the following substances is most frequently associated with this kind of asthma?,"[""Cadmium"", ""Cement dust"", ""Diesel fumes"", ""Isocyanates"", ""Organophosphates (insecticides)""]",Isocyanates,3,"Isocyanates are the most common cause of occupational asthma

The correct answer is

Isocyanates

. Isocyanates are the most frequently associated substance with occupational asthma in this scenario. Occupational asthma is a type of asthma that occurs due to exposure to specific substances in the workplace. These substances can cause sensitisation, leading to inflammation and constriction of the airways, resulting in symptoms such as cough, wheezing, and reduced peak flow measurements. Isocyanates are commonly used in various industries, including automotive, paint manufacturing, and furniture production. They are known to be potent respiratory sensitizers and have been identified as one of the most common causes of occupational asthma.

Cadmium

is an incorrect option because although it can cause respiratory symptoms such as cough and wheezing due to its irritant effect on the airways, it is less frequently associated with occupational asthma compared to isocyanates. Cadmium exposure typically occurs in metal smelting or battery manufacturing industries.

Cement dust

can cause respiratory symptoms due to its irritant effect on the airways; however, it is not a common cause of occupational asthma. Instead, cement dust exposure often leads to a condition called 'cement dermatitis,' which presents with skin irritation and inflammation.

Diesel fumes

may cause respiratory irritation but are not commonly associated with occupational asthma. Prolonged exposure to diesel fumes has been linked with an increased risk of lung cancer rather than causing asthmatic symptoms.

Finally,

Organophosphates (insecticides)

are primarily neurotoxic agents that affect the nervous system rather than causing respiratory symptoms like cough and wheezing. Although they may cause some bronchoconstriction due to their cholinergic effects (resulting from acetylcholinesterase inhibition), organophosphates are not a common cause of occupational asthma."
178,"A 50-year-old man presents with a six-month history of nasal congestion, occasional epistaxis, and chronic sinusitis unresponsive to antibiotics. He now reports dark-coloured urine and swelling in his lower limbs over the past two weeks.

Examination reveals a swollen nasal bridge, bilateral pedal oedema, and hypertension.

Urinalysis is shown below.



Blood	+++	(negative)
Protein	+++	(negative)
Casts	red blood cell casts	(none)


What is the most likely diagnosis?","[""Anti-glomerular basement membrane disease"", ""Churg-Strauss syndrome (eosinophilic granulomatosis with polyangiitis)"", ""Granulomatosis with polyangiitis (GPA)"", ""IgA nephropathy"", ""Microscopic polyangiitis (MPA)""]",Granulomatosis with polyangiitis (GPA),2,"Chronic sinusitis + nephritic syndrome → ? granulomatosis with polyangiitis

Granulomatosis with polyangiitis (GPA)

is the correct diagnosis given the patient's presentation of chronic sinusitis unresponsive to antibiotics, nasal congestion, epistaxis, and a swollen nasal bridge, which strongly suggests involvement of the upper respiratory tract—a key feature of GPA. The clinical findings of dark urine, pedal oedema, and a urinalysis revealing haematuria, proteinuria, and red blood cell casts are indicative of glomerulonephritis, another hallmark manifestation of GPA. The co-occurrence of upper respiratory tract disease and renal impairment is highly suggestive of GPA. Furthermore, GPA is typically associated with a positive c-ANCA/PR3 test result that would assist in confirming this diagnosis.

Anti-glomerular basement membrane (anti-GBM) disease

is not the most likely cause because although it can present with glomerulonephritis and haematuria, it usually leads to rapidly progressive renal failure and may involve the lungs (as seen in Goodpasture’s syndrome). The lack of pulmonary symptoms such as haemoptysis combined with the chronic nature of the nasal and sinus symptoms diminishes the likelihood of anti-GBM disease in this patient.

Churg-Strauss syndrome (eosinophilic granulomatosis with polyangiitis)

is incorrect because it is a small-vessel vasculitis strongly associated with asthma and peripheral eosinophilia. This patient does not report asthma, eosinophilia, or systemic features such as neuropathy or skin nodules, which are hallmarks of this condition. The combination of upper respiratory tract symptoms and glomerulonephritis fits better with GPA.

IgA nephropathy

is an incorrect diagnosis because it typically manifests as episodic gross haematuria following upper respiratory infections. The patient’s symptoms are more persistent and include significant upper respiratory tract pathology (e.g., sinusitis, nasal bridge swelling), which are not characteristic features associated with IgA nephropathy. Moreover, the extent of proteinuria observed here does not align well with IgA nephropathy, which usually presents with less severe proteinuria.

Microscopic polyangiitis (MPA)

is incorrect because, while it also causes glomerulonephritis and is associated with ANCA positivity, it typically lacks significant upper respiratory tract involvement. The patient’s chronic sinusitis and nasal bridge swelling make GPA far more likely than MPA. Furthermore, nasal and sinus symptoms are hallmark features of GPA, which are rarely seen in MPA."
179,"A 69-year-old man with COPD is seen in the clinic. Despite taking formoterol and tiotropium, he continues to have dyspnoea on exertion. He reports no haemoptysis or weight loss. He is a retired shipyard worker and smokes 30 cigarettes daily.

His vital signs are normal, no finger clubbing, and auscultation reveals reduced breath sounds and scattered wheeze. A chest X-ray is performed, which shows a few pleural plaques without any nodules, effusions, or masses.

Spirometry shows an FEV1/FVC ratio of 0.64, lower than his measurement of 0.68 last year.

Which option is the most important next step in his management?","[""Add ipratropium and follow up in 1 month"", ""Advise no further follow-up is needed as imaging findings are benign"", ""Advise smoking cessation and offer support with this"", ""Arrange CT scan with contrast for further assessment"", ""Repeat chest X-ray in 6 months to monitor for progression""]",Advise smoking cessation and offer support with this,2,"Smoking cessation is very important in patients with asbestos-related lung disease as the risk of lung cancer in smokers is very high

Advise smoking cessation and offer support with this

is correct. This patient's ongoing shortness of breath is likely due to COPD progression as pleural plaques are often asymptomatic and do not significantly impair lung function, and he continues to smoke. Shipyard workers are prone to asbestos exposure, which is the likely cause of this patient's pleural plaques on their chest X-ray. While pleural plaques are benign and do not usually require intervention, one of the most important steps is smoking cessation. This is because smoking in conjunction with asbestos exposure significantly increases the risk of developing lung cancer. Additionally, this would be beneficial in the control of his COPD and preventing its progression.

Add ipratropium and follow up in 1 month

is incorrect. Ipratropium is a short-acting muscarinic antagonist (SAMA). This patient is on formoterol, a long-acting beta agonist (LABA), and tiotropium, a long-acting muscarinic agonist (LAMA); therefore, adding another similarly acting bronchodilator would be inappropriate. If a patient is on LABA + LAMA therapy and is still symptomatic, then the addition of inhaled corticosteroid (ICS) is the next step to consider. Additionally, the most important step out of the options listed is to stop smoking. Continuing to smoke with asbestos-related lung disease significantly increases the risk of lung cancer and contributes to the progression of COPD.

Advise no further follow-up is needed as imaging findings are benign

is incorrect. While pleural plaques are benign and do not require follow-up imaging, this option overlooks advising smoking cessation and providing support with this. In patients with asbestos-related lung disease, ongoing smoking significantly increases the risk of lung cancer and also contributes to COPD progression. Hence, this patient should be counselled on smoking cessation and be given support with this.

Arrange CT scan with contrast for further assessment

is incorrect as pleural plaques are benign and do not require additional imaging unless new clinical features arise, such as unexplained weight loss, haemoptysis, chest pain, or radiological abnormalities suggestive of malignancy. These features are not seen in this patient. In this case, prioritising smoking cessation is more appropriate, as continued smoking alongside asbestos-related lung disease significantly increases lung cancer risk and contributes to COPD progression.

Repeat chest X-ray in 6 months to monitor for progression

is incorrect as pleural plaques are benign, non-progressive, and do not progress to malignancy. Hence, they do not require routine repeat imaging as this does not improve outcomes and exposes the patient to unnecessary radiation. If this patient had developed new symptoms like haemoptysis, unexplained weight loss, or chest pain, then repeat imaging could be considered to assess for malignancy, like lung cancer or mesothelioma. However, in this case, the emphasis should be on smoking cessation, as continuing to smoke with asbestos-related lung disease significantly increases lung cancer risk and contributes to COPD progression."
180,"A 66-year-old man presents to the respiratory clinic with worsening shortness of breath. He is otherwise well and is a retired dockyard worker. He is a lifelong non-smoker.

On examination he has fine crackles at both lung bases.

A chest X-ray shows fine reticulonodular shadowing at both lung bases and several pleural plaques.
He undergoes pulmonary function testing.

Which of these pulmonary function tests fits with the likely diagnosis?","[""Transfer factor for CO (TLCO) 45% of predicted value"", ""Forced expiratory volume in one second (FEV1) 60%"", ""A concave flow/volume loop"", ""FEV1/Forced Vital Capacity (FVC) 70%"", ""Transfer coefficient (KCO) of 110%""]",Transfer factor for CO (TLCO) 45% of predicted value,0,
181,"A 52-year-old woman with a 10-year history of rheumatoid arthritis presents with progressively worsening dyspnoea over the past few months. She denies chest pain, fever, or significant cough.

Spirometry results:


FEV1	60% predicted
FVC	90% predicted
FEV1/FVC	0.55 (Normal > 0.70)

What is the most likely diagnosis?","[""Asthma"", ""Bronchiolitis obliterans"", ""Chronic obstructive pulmonary disease"", ""Interstitial lung disease"", ""Pulmonary embolism""]",Bronchiolitis obliterans,1,"Dyspnoea, obstructive pattern on spirometry in patient with rheumatoid → ? bronchiolitis obliterans

Bronchiolitis obliterans

is the correct answer. Bronchiolitis obliterans, also known as obliterative bronchiolitis, is a rare but severe form of chronic obstructive lung disease that can occur in patients with rheumatoid arthritis, particularly seropositive rheumatoid arthritis. It is characterised by inflammation and fibrosis of the small airways, leading to progressive dyspnoea and an obstructive pattern on spirometry. The patient's long-standing history of rheumatoid arthritis, coupled with the clinical presentation of dyspnoea and obstructive spirometry findings, points towards bronchiolitis obliterans. Early recognition and management are crucial to prevent further lung function decline. Treatment may involve immunosuppressive therapy and other supportive measures to manage symptoms and slow disease progression.

Whilst

asthma

also presents with an obstructive pattern on spirometry, it typically involves episodic symptoms of wheezing, shortness of breath, chest tightness, and cough that vary in intensity and are often reversible with bronchodilators. This patient's progressive dyspnoea and lack of a history of asthma or mention of reversibility on spirometry make this diagnosis less likely.

Chronic obstructive pulmonary disease

(COPD), often associated with smoking, presents with chronic dyspnoea, cough, and sputum production. It also shows an obstructive pattern in spirometry. However, the patient’s primary risk factor and clinical history align more closely with bronchiolitis obliterans secondary to rheumatoid arthritis rather than COPD, especially in the absence of a smoking history or other COPD risk factors.

Interstitial lung disease

(ILD) in rheumatoid arthritis usually presents with a restrictive pattern on spirometry and is characterised by dyspnoea and diffuse parenchymal lung involvement on imaging. The obstructive pattern on spirometry seen in this patient is more consistent with bronchiolitis obliterans rather than ILD.

Pulmonary embolism

typically presents with acute onset dyspnoea, chest pain, and possibly haemoptysis. It would not explain the chronic progressive nature of the patient’s symptoms or the obstructive pattern on spirometry. Nonetheless, pulmonary embolism is a differential diagnosis for acute respiratory symptoms and usually requires imaging studies such as a CT pulmonary angiogram for diagnosis."
182,Which one of the following causes of lung fibrosis predominately affect the lower zones?,"[""Methotrexate"", ""Sarcoidosis"", ""Coal worker's pneumoconiosis"", ""Ankylosing spondylitis"", ""Extrinsic allergic alveolitis""]",Methotrexate,0,"Lower zones lung fibrosis:  methotrexate

Methotrexate

is the correct answer as it typically causes a pattern of pulmonary fibrosis that predominantly affects the lower zones of the lungs. Methotrexate is an antimetabolite drug used in various conditions including rheumatoid arthritis, psoriasis, and certain malignancies. Methotrexate-induced lung toxicity occurs in approximately 5-10% of patients and can manifest as hypersensitivity pneumonitis, interstitial pneumonitis, or pulmonary fibrosis. The radiographic pattern typically shows bilateral interstitial or alveolar infiltrates with a predilection for the lower lung zones. This distribution pattern is similar to other drug-induced pulmonary fibrotic conditions and some connective tissue disease-associated interstitial lung diseases.

Sarcoidosis

is incorrect because it typically affects the upper and middle lung zones rather than the lower zones. Sarcoidosis is a multisystem granulomatous disorder of unknown aetiology characterised by the presence of non-caseating granulomas. Pulmonary involvement is common, occurring in about 90% of patients. The classic radiographic finding is bilateral hilar lymphadenopathy, often accompanied by right paratracheal lymphadenopathy. When parenchymal involvement occurs, it typically shows a predilection for the upper and middle lung zones with a perilymphatic distribution of nodules and, in chronic cases, fibrosis.

Coal worker's pneumoconiosis

is incorrect as it predominantly affects the upper lung zones. This occupational lung disease results from the inhalation of coal dust particles over many years. Simple coal worker's pneumoconiosis is characterised by small rounded opacities (coal macules) predominantly in the upper lung zones. In complicated disease or progressive massive fibrosis, large conglomerate masses develop, typically in the upper lobes. The upper zone predominance is thought to be related to differences in ventilation and lymphatic clearance between the upper and lower lung zones.

Ankylosing spondylitis

is incorrect because when it causes pulmonary fibrosis, it typically affects the upper lobes. Ankylosing spondylitis is a chronic inflammatory disease primarily affecting the axial skeleton. Pulmonary involvement is relatively uncommon but when it occurs, it characteristically causes upper lobe fibrosis with apical fibrobullous disease. This upper zone predominance distinguishes it from the fibrosis pattern seen in other connective tissue diseases such as rheumatoid arthritis and systemic sclerosis, which typically affect the lower zones.

Extrinsic allergic alveolitis

(also known as hypersensitivity pneumonitis) is incorrect because in its chronic form, it predominantly affects the upper and middle lung zones. This condition results from an immunological reaction to inhaled organic antigens in susceptible individuals. Examples include farmer's lung (from mouldy hay) and bird fancier's lung (from avian proteins). While acute hypersensitivity pneumonitis may show diffuse ground-glass opacities, chronic hypersensitivity pneumonitis typically demonstrates upper and mid-zone predominant fibrosis, often with a peribronchovascular distribution, and may be accompanied by air trapping and mosaic attenuation."
183,A patient with poorly controlled asthma is started on montelukast. What is the mechanism of action of this drug?,"[""Beta-2 receptor antagonist"", ""Beta-2 receptor agonist"", ""Leukotriene receptor agonist"", ""Leukotriene receptor antagonist"", ""Phosphodiesterase type-4 inhibitor""]",Leukotriene receptor antagonist,3,
184,Which one of the following causes of lung fibrosis predominately affect the upper zones?,"[""Bleomycin"", ""Rheumatoid arthritis"", ""Idiopathic pulmonary fibrosis"", ""Methotrexate"", ""Extrinsic allergic alveolitis""]",Extrinsic allergic alveolitis,4,"Upper zones lung fibrosis:  hypersensitivity pneumonitis

The correct answer is

Extrinsic allergic alveolitis

. This condition, also known as hypersensitivity pneumonitis, is characterised by a diffuse inflammation of the lung parenchyma in response to the inhalation of various organic antigens. The fibrosis that occurs in extrinsic allergic alveolitis primarily affects the upper lobes of the lungs. This pattern differs from many other causes of pulmonary fibrosis which typically affect the lower zones.

Discussing the incorrect options:

Bleomycin

is an antineoplastic medication used in the treatment of several types of cancers. One of its major side effects is pulmonary toxicity which can lead to lung fibrosis. However, bleomycin-induced pulmonary fibrosis predominantly affects the lower zones rather than the upper zones.

Rheumatoid arthritis

, a systemic autoimmune condition, can have numerous pulmonary manifestations including interstitial lung disease leading to lung fibrosis. Similar to bleomycin, rheumatoid arthritis-related lung disease generally results in fibrotic changes that are more pronounced in the lower lobes.

Idiopathic Pulmonary Fibrosis (IPF)

is another cause of lung fibrosis but it typically affects the lower parts of both lungs. It's characterised by progressive scarring (fibrosis) and worsening dyspnoea with a poor prognosis.

Finally,

Methotrexate

, a commonly used drug for rheumatoid arthritis and other inflammatory conditions, can cause methotrexate-induced pneumonitis. While this may progress to pulmonary fibrosis, it does not show a predilection for upper or lower zones specifically."
185,Which one the following statements regarding asbestos is not correct?,"[""Pleural plaques are premalignant"", ""Asbestosis typically affects the lower zones"", ""Crocidolite (blue) asbestos is the most dangerous form"", ""Severity of asbestosis is related to the length of exposure"", ""Mesothelioma may develop following minimal exposure""]",Pleural plaques are premalignant,0,
186,"A 62-year-old woman with recently diagnosed chronic obstructive pulmonary disease (COPD) presents for review. Her FEV1 is 65% of the predicted value. She has managed to give up smoking and was prescribed a salbutamol inhaler to use as required. Despite this, she is still symptomatic and complains of wheeze and shortness of breath. There is no history of asthma, eosinophilia or FEV1 variation.

What is the most appropriate next step?","[""Add an inhaled corticosteroid"", ""Add a combined long-acting beta2-agonist and long-acting muscarinic antagonist inhaler"", ""Refer for consideration of long-term oxygen therapy"", ""Add a long-acting beta2-agonist"", ""Add a combination long-acting beta2-agonist and corticosteroid inhaler""]",Add a combined long-acting beta2-agonist and long-acting muscarinic antagonist inhaler,1,"COPD - still breathless despite using SABA/SAMA and

Following the 2018 NICE guidelines, the next step in management would be a combined long-acting beta2-agonist (LABA) and a long-acting muscarinic antagonist (LAMA). This is because there are no

'asthmatic features/features suggesting steroid responsiveness'

."
187,"A 66-year-old man with a history of chronic obstructive pulmonary disease (COPD) is referred by his GP to the Rapid Access Chest Clinic. He was recently treated with several courses of antibiotics and steroids for an exacerbation of COPD which failed to completely resolve. A chest x-ray was reported as follows:


There is a suspicious 3cm mass in the right hilum. Background changes of COPD. Urgent referral to the chest clinic is advised.

***Report faxed to GP***

Recent blood tests are also reviewed:


Hb	14.2 g/dl
Platelets	323 * 109/l
WBC	9.1 * 109/l


Na+	128 mmol/l
K+	3.9 mmol/l
Urea	6.4 mmol/l
Creatinine	99 µmol/l

On examination there is no evidence of clubbing. Examination of chest demonstrates a fixed monophonic wheeze in the right lung. What is the most likely underlying cause?","[""Tuberculosis"", ""Sarcoidosis"", ""Squamous cell lung cancer"", ""Small cell lung cancer"", ""Lymphoma""]",Small cell lung cancer,3,
188,"A 50-year-old woman presents to the emergency department with recurrent episodes of epistaxis. Her past medical history is of asthma and she has also recently had a nasal polyp removed. She comments that she has been more wheezy and breathless than usual having stopped montelukast therapy 3 months ago.

Her full blood count results are shown below:


Hb	101 g/L	Male: (135-180)
Female: (115 - 160)
Platelets	420 * 109/L	(150 - 400)
WBC	11.4 * 109/L	(4.0 - 11.0)
Neuts	3.2 * 109/L	(2.0 - 7.0)
Lymphs	1.0 * 109/L	(1.0 - 3.5)
Mono	0.2 * 109/L	(0.2 - 0.8)
Eosin	7.0 * 109/L	(0.0 - 0.4)

What is the most likely cause for her symptoms?","[""Churg-Strauss syndrome"", ""Granulomatosis with polyangiitis"", ""Microscopic polyangiitis"", ""Refractory asthma"", ""Samter's triad""]",Churg-Strauss syndrome,0,"Unmasking of Churg-Strauss syndrome: Montelukast

This woman is suffering from Churg-Strauss syndrome, also known as eosinophilic granulomatosis with polyangiitis (EGPA). The American College of Rheumatology has produced criteria for the diagnosis of EGPA: asthma, eosinophilia, presence of mono-/polyneuropathy, flitting pulmonary infiltrates, paranasal sinus abnormalities and histological evidence of extravascular eosinophils. The presence of four of these criteria is considered highly sensitive for a diagnosis of EGPA. Montelukast is a leukotriene receptor antagonist used in the treatment of asthma. An EGPA-like syndrome has historically been noted on cessation of therapy, although it is likely that stopping treatment is in fact unmasking underlying Churg-Strauss disease.

Granulomatosis with polyangiitis (GPA) would cause sinus, pulmonary and renal symptoms. An asthma syndrome is not commonly described and it would not account for the nasal polyp histology or the very high eosinophil count.

Microscopic polyangiitis is a small vessel vasculitis that also affects the lungs and kidneys. Its presentation can often be with constitutional symptoms such as weight loss, lethargy and low-grade fever, though in advanced disease it can progress to haemoptysis and renal failure. Perinuclear anti-cytoplasmic antibodies (p-ANCA) is often positive and renal biopsy will reveal focal segmental glomerulonephritis. Such a high eosinophil count and sinus symptoms would not be expected in microscopic polyangiitis.

Refractory asthma would not explain the nasal polyps and epistaxis. Eosinophilia could be expected in asthma however a markedly high count is likely to be reflective of multisystem disease.

The triad of asthma, nasal polyposis and salicylate sensitivity is eponymously known as Samter's triad. This woman has no history of salicylate sensitivity and triad would not account for the very high eosinophil count. There may be some overlap between patients with Samter's triad and those who go on to develop EGPA."
189,"A 20-year-old man presents with acute onset of chest pain and dyspnoea. A spontaneous pneumothorax, measuring 5cm at the hilum, is confirmed on chest x-ray (CXR).

Given the patient had no other past medical history and was haemodynamically stable but experiencing ongoing dyspnoea, needle aspiration was performed.

Following the procedure, the patient reports some ongoing difficult in breathing, but his pain has resolved, and a repeat CXR shows the pneumothorax is reduced to 2cm.

What is the next best course of action?","[""Ambulatory device"", ""Chest drain insertion"", ""Home with ambulatory follow up"", ""Monitored as an inpatient on oxygen"", ""Repeat aspiration""]",Chest drain insertion,1,"A chest drain should be inserted if needle aspiration of a pneumothorax is unsuccessful

After attempted needle aspiration, the patient is still experiencing symptoms in the form of dyspnoea and a significant pneumothorax of 2cm on CXR. Therefore, aspiration should be considered unsuccessful, and a

chest drain

should now be inserted. The patient should then be admitted for monitoring until resolution of the pneumothorax, after which the chest drain can be removed. Upon discharge, the patient should have a follow-up appointment in 2-4 weeks to ensure recurrence has not occurred.

The use of

ambulatory devices

is a relatively recent intervention in pneumothorax management. Portable chest drainage systems or flutter valves facilitate the removal of trapped air from the pleural space and promote lung re-expansion, enabling patients to maintain mobility during treatment.

As the patient continues to experience ongoing dyspnoea and a significant pneumothorax of 2cm on CXR, aspiration should be considered unsuccessful. Unsuccessful aspiration indicates a significant pneumothorax, which may progress to a life-threatening tension pneumothorax; therefore, this patient is not suitable to be discharged

home with ambulatory follow-up

.

Since this patient still experiences dyspnoea and a significant pneumothorax of 2cm on CXR, aspiration has been unsuccessful. This indicates a significant pneumothorax, requiring further intervention in the form of a chest drain to prevent progression and therefore

monitoring on oxygen

is not appropriate.

If pneumothorax aspiration is unsuccessful despite correct performance,

repeat aspiration

should not be attempted. A persistent pneumothorax despite aspiration should be considered significant, necessitating definitive management with a chest drain."
190,"A 42-year-old woman with a BMI of 38 kg/m² presents to the respiratory clinic with shortness of breath on exertion. She has no significant past medical history and takes no regular medications. She is a non-smoker. On examination, her respiratory rate is 18 breaths per minute and oxygen saturation is 96% on room air. Chest examination reveals normal breath sounds with no added sounds. Spirometry is performed:


Test	Result	Predicted value
FEV1	2.8 L (85% predicted)	3.3 L
FVC	3.2 L (82% predicted)	3.9 L
FEV1/FVC ratio	0.88	>0.7
TLC	4.8 L (85% predicted)	5.6 L
RV	1.2 L (100% predicted)	1.2 L
ERV	0.4 L (30% predicted)	1.3 L

Which physiological mechanism best explains these findings?","[""Decreased chest wall compliance"", ""Increased airway resistance"", ""Increased elastic recoil of the lungs"", ""Respiratory muscle weakness"", ""Small airway obstruction""]",Decreased chest wall compliance,0,"Expiratory reserve volume may be significantly reduced in obese patients

This patient's pulmonary function tests show a significantly reduced expiratory reserve volume (ERV) at only 30% of predicted, while other lung volumes and spirometry parameters are relatively preserved. This pattern is characteristic of obesity-related respiratory impairment.

Decreased chest wall compliance

is the correct answer. In obesity, excess adipose tissue around the thorax and abdomen reduces chest wall compliance by increasing the mechanical load against which the respiratory muscles must work. This mechanical restriction is particularly evident in the supine position when abdominal contents push against the diaphragm. The most striking effect is on ERV, which represents the additional air that can be exhaled after a normal tidal expiration. The upward displacement of the diaphragm by abdominal adiposity reduces the functional residual capacity, primarily by decreasing ERV. This patient's ERV is markedly reduced to 30% of predicted, while total lung capacity (TLC) is only mildly reduced and residual volume (RV) is normal, consistent with this mechanism.

Increased airway resistance

is incorrect. While obesity can lead to increased airway resistance, particularly in small airways, this would typically manifest as a reduction in FEV1 and FEV1/FVC ratio. In this case, the FEV1/FVC ratio is normal at 0.88, and FEV1 is only mildly reduced, suggesting that airway resistance is not the primary issue.

Increased elastic recoil of the lungs

is incorrect. Increased elastic recoil would typically result in a reduced TLC and increased expiratory flow rates. In obesity, lung elastic recoil is generally normal or slightly decreased. The pattern seen here with preserved FEV1/FVC ratio but reduced ERV is not consistent with increased elastic recoil.

Respiratory muscle weakness

is incorrect. While severe obesity can affect respiratory muscle function due to mechanical disadvantage, true respiratory muscle weakness would typically result in reduced inspiratory capacity, reduced vital capacity, and potentially reduced TLC with preserved RV (leading to an increased RV/TLC ratio). This patient's relatively preserved FVC and TLC argue against significant respiratory muscle weakness as the primary mechanism.

Small airway obstruction

is incorrect. Small airway obstruction would typically manifest as reduced expiratory flow rates, particularly mid-expiratory flow rates, and potentially air trapping with increased RV. This patient has a normal FEV1/FVC ratio and normal RV, which argues against small airway obstruction as the primary mechanism for her reduced ERV."
191,A 62-year-old female is admitted with a suspected infective exacerbation of COPD. A chest x-ray shows no evidence of consolidation. What is the most likely causative organism?,"[""Pseudomonas aeruginosa"", ""Haemophilus influenzae"", ""Staphylococcus aureus"", ""Streptococcus pneumoniae"", ""Moraxella catarrhalis""]",Haemophilus influenzae,1,
192,"A 37-years-old known asthmatic, presents to the emergency department with the complaint of severe shortness of breath. On examination, her respiratory rate is around 35/min. She is unable to complete a full sentence. On auscultation, she has a global wheeze. Her initial arterial blood gas shows:


pH	7.46 nmol/L	(7.35-7.45)
pCO2	3.9 kPa	(4.0-6.0)
pO2	11.2 kPa	(10.0-13.0)
HCO3	22 mmol/L	(22-26)

She is given oral prednisolone, salbutamol and ipratropium nebulisation back to back. An hour later, chest auscultation reveals a silent chest. A repeat arterial blood gas shows:


pH	7.35 nmol/L	(7.35-7.45)
pCO2	5.7 kPa	(4.0-6.0)
pO2	11.0 kPa	(10.0-13.0)
HCO3	24 mmol/L	(22-26)

Chest X-ray was unremarkable.

Which of the following is the best step in the management of this patient?","[""Non-invasive ventilation"", ""Invasive mechanical ventilation"", ""Intravenous hydrocortisone"", ""Intravenous magnesium sulphate"", ""Omalizumab""]",Invasive mechanical ventilation,1,"A normal pCO2 in a patient with acute severe asthma is an indicator that the attack may classified be life-threatening

This patient has developed life-threatening asthma. Silent chest, normalisation of pCO2 and fall in pH are all indicators of life-threatening asthma. A rising pCO2 is indicative of type 2 respiratory failure. Therefore this patient needs intubation and mechanical ventilation.

Non-invasive ventilation is not an appropriate treatment choice for asthma. It is usually used in COPD patients.

Systemic steroids should be given to all patients with life-threatening asthma as early as possible in the episode as this may improve survival. This patient has already received prednisolone and has impending respiratory failure, so intubation followed by mechanical ventilation is the most appropriate management option.

A single intravenous dose of magnesium sulphate 1.2-2 g over 20 min is safe and effective in severe acute asthma however this patient is beyond the stage of medical management. The patient has signs of life-threatening asthma and therefore intubation must be planned.

Omalizumab is thought to be beneficial at minimising the number and probably severity of acute asthma exacerbations in adults with moderate to extreme allergic asthma who aren't getting enough relief from inhaled steroids. It is a preventative measure and has no role in the management of acute life-threatening episodes."
193,"You are a doctor in the respiratory clinic. Your next patient is a 46-year-old woman with sarcoidosis.

She describes some shortness of breath on exertion, a mild, non-productive cough and significant fatigue.

On inspection, you note a mild left-sided facial droop involving the mouth and eye. There is no evidence of forehead sparing. Ear, nose and throat examinations are normal. Heart sounds are normal with no added sounds and her chest is clear. She denies rashes.

Prior to seeing you she had a chest x-ray and blood tests.


Chest X-ray	Perihilar lymphadenopathy. No other evidence of lung disease.


Calcium	2.04 mmol/L	(2.1-2.6)
Phosphate	0.92 mmol/L	(0.8-1.4)

Which of the following is a reason to start steroid treatment in this woman?","[""Dyspnoea and cough"", ""Facial nerve palsy"", ""Fatigue"", ""Hypocalcaemia"", ""Perihilar lymphadenopathy""]",Facial nerve palsy,1,"Indications for corticosteroid treatment for sarcoidosis are: parenchymal lung disease, uveitis, hypercalcaemia and neurological or cardiac involvement

Although this patient is symptomatic of their sarcoidosis, they have stage 1 sarcoidosis according to their chest X-ray report and so steroids are not indicated.

Facial nerve palsy is the correct answer as neurological manifestations of sarcoidosis (neurosarcoidosis) require immediate management with steroids. Both unilateral and bilateral facial nerve palsy are common manifestations of neurosarcoidosis.

Fatigue is not an indication for steroid initiation.

Hypercalcaemia is an indication for steroid management, not hypocalcaemia.

As per the Scadding criteria, perihilar lymphadenopathy on chest X-ray is stage 1 pulmonary sarcoidosis. This is not an indication for steroid initiation."
194,"A 35-year-old, non-smoker is referred for genetic testing following the diagnosis of his brother with alpha-1 antitrypsin deficiency (A1AD). He undergoes protease inhibitor (Pi) genotyping which confirms the Pi carrier genotype. He is advised that he is unlikely to develop respiratory complications provided he remains a non-smoker.

What specific protease inhibitor genotype does the patient carry?","[""PiFZ"", ""PiMM"", ""PiMZ"", ""PiSZ"", ""PiZZ""]",PiMZ,2,"Alpha-1 antitrypsin: PiMZ = carrier and unlikely to develop emphysema if a non-smoker

Alpha-1 antitrypsin deficiency (A1AD) is a genetic disorder resulting in a lack of normal protease inhibitor (Pi) production. As alpha-1 antitrypsin (A1AT) protects cells from enzyme destruction a reduction in its normal form can result in both lung disease, in the form of emphysema, and liver impairment. There have been several mutations of the Pi genotype identified with alleles classified by their electrophoretic mobility e.g. M = normal, S = slow and Z = very slow. The heterozygous genotype

PiMZ

contains one normal allele (M) and one very slow (Z) resulting in patients being carriers for A1AD. Having a normal Pi allele translates to a patient having approximately 60% of the normal serum level of A1AT and therefore respiratory symptoms are very uncommon, especially in non-smokers.

The significance of the rare Pi F variant on A1AD is still not fully understood however PiF has been shown to produce a lower serum level of normal A1AT. When combined with PiZ, the allele most associated with A1AD, to form

PiFZ

the risk of a patient developing respiratory emphysema becomes very likely.

PiMM

is the normal Pi genotype and therefore is not associated with any complication or being a carrier for the condition.

The heterozygous

PiSZ

genotype means individuals have one slow Pi allele and one very slow allele. PiS is associated with a lower than normal serum level of A1AT. This means combined with a PiZ allele, PiSZ patients are both a carrier for the condition as well as having a high chance of developing complications including emphysema.

Patients with the

PiZZ

have two very slow Pi alleles and therefore this is the genotype of most patients who manifest the disease. These patients have approximately 10-15% of the normal serum level of A1AT and therefore are extremely unlikely not to have features of A1AD."
195,"A 34-year-old man presents to his GP with increasing breathlessness over the last few weeks. He also complains of increasing wheeze and dark sputum production. His only past medical history is asthma, which until recently has been well controlled on salbutamol, formoterol and low-dose beclomethasone inhalers.

The GP arranges some blood tests:


Hb	144 g/L	Male: (135-180)
Female: (115 - 160)
Platelets	386 * 109/L	(150 - 400)
WBC	10.8 * 109/L	(4.0 - 11.0)
Neuts	5.3 * 109/L	(2.0 - 7.0)
Lymphs	2.6 * 109/L	(1.0 - 3.5)
Eosin	1.2 * 109/L	(0.0 - 0.4)

A chest X-ray shows evidence of central bronchiectasis.

Given the likely diagnosis, what is the most appropriate management?","[""21-day course of co-trimoxazole"", ""4-month course of itraconazole"", ""Increase the dose of beclometasone"", ""Short course of oral prednisolone and amoxicillin"", ""Weaning course of prednisolone""]",Weaning course of prednisolone,4,"Oral glucocorticoids are the treatment of choice for allergic bronchopulmonary aspergillosis

A

weaning course of prednisolone

is correct. This patient has a history of asthma and is presenting with symptoms of wheeze, dyspnoea and productive cough. The blood tests show eosinophilia and the chest x-ray shows proximal bronchiectasis. This is all suggestive of allergic bronchopulmonary aspergillosis. The first-line treatment is a course of oral steroids.

A

21-day course of co-trimoxazole

is incorrect. This would be the treatment for

Pneumocystis jirovecii

pneumonia (PCP), a fungal lung infection, amongst other things. PCP would present with dry cough, shortness of breath and exertion and it would usually occur in those with underlying HIV or immunosuppression. It would also not explain the proximal bronchiectasis on imaging. This case is more suggestive of allergic bronchopulmonary aspergillosis, for which the first-line treatment is a course of oral steroids.

A

4-month course of itraconazole

is incorrect. The history here suggests allergic bronchopulmonary aspergillosis and, although itraconazole can be used here, it is used second-line.

Increasing the dose of beclometasone

is incorrect. This would be the next step up in managing this patient's asthma, but the chest x-ray findings of central bronchiectasis suggest a diagnosis of allergic bronchopulmonary aspergillosis is the cause of the patient's symptoms, rather than worsening asthma control.

A

short course of oral prednisolone and amoxicillin

is incorrect. This would be appropriate for an infective exacerbation of asthma; however, the subacute course and chest x-ray findings point away from this diagnosis."
196,"A 27-year-old woman presents with episodic shortness of breath, wheezing, and chest tightness, particularly after exercise and exposure to cold air. These symptoms have been occurring for the past six months and are interfering with her daily activities. She denies any history of smoking or known allergies.

Initial blood tests are shown below:


Hb	161 g/L	Male: (135-180)
Female: (115 - 160)
Platelets	169 * 10 9/L	(150 - 400)
WBC	8.1 * 10 9/L	(4.0 - 11.0)
Neuts	5.3 * 10 9/L	(2.0 - 7.0)
Lymphs	2.3 * 10 9/L	(1.0 - 3.5)
Mono	0.4 * 10 9/L	(0.2 - 0.8)
Eosin	0.1 * 10 9/L	(0.0 - 0.4)

FeNO testing is normal.

Given the history is still suggestive of asthma, how can the diagnosis now be reached?","[""Bronchial challenge test"", ""No further investigation required - it is a clinical diagnosis"", ""Peak expiratory flow (PEF) monitoring over 2 weeks"", ""Serum IgE testing"", ""Spirometry with bronchodilator reversibility (BDR) testing,""]","Spirometry with bronchodilator reversibility (BDR) testing,",4,"If asthma is not confirmed by the eosinophil count or FeNO then measure bronchodilator reversibility (BDR) with spirometry

Spirometry with bronchodilator reversibility (BDR) testing

is correct. The new British Thoracic Society and SIGN asthma diagnostic guidelines recommend initial investigation with an eosinophil count or FeNO testing to confirm a diagnosis of asthma. The patient in this case has had both of these tests performed, but they are within normal limits. The history is still strongly suggestive of asthma (episodic symptoms triggered by exercise and cold air), however, so the next investigation recommended by the above guidelines is BDR testing. BDR testing measures lung function by assessing the forced expiratory volume in one second (FEV1) before and after administering a bronchodilator. An increase in FEV1 of ≥ 12% and ≥ 200 mL confirms reversible airflow obstruction, a hallmark of asthma. Spirometry is a key diagnostic tool as it directly evaluates bronchial smooth muscle constriction and reversibility, distinguishing asthma from other respiratory conditions. In this patient, the history of episodic symptoms, triggers like exercise and cold air, and interference with daily life strongly suggest asthma, making spirometry the next logical step after normal eosinophil levels.

Bronchial challenge test

is incorrect. Bronchial challenge test is a more advanced and confirmatory test used to assess bronchial hyperresponsiveness. It is considered when asthma is suspected but not confirmed after initial investigation with eosinophil counts, FeNO testing or spirometry.  The patient in this case has only had FeNO testing and eosinophil counts, so BDR testing is a more appropriate next step.

No further investigation required - it is a clinical diagnosis

is incorrect. Asthma is not a clinical diagnosis and requires a specific investigative workup. The first-line investigations are eosinophil count and FeNO testing, which the patient in this question has already had but are normal. If these are inconclusive but suspicion of asthma persists, then spirometry with bronchodilator reversibility is the next most appropriate investigation.

Peak expiratory flow (PEF) monitoring over 2 weeks

is incorrect. This is usually considered when spirometry testing is unavailable or delayed. The patient in this case has only had first-line investigations for asthma - FeNO testing and eosinophil counts. The next most appropriate step in investigation would be BDR testing.

Serum IgE testing

is incorrect because it is primarily used to assess allergic sensitisation rather than to diagnose asthma itself. While elevated IgE levels can be seen in allergic asthma, this patient has no history of allergies, and her FeNO test is normal, making an allergic component less likely. Asthma is diagnosed based on objective evidence of variable airflow obstruction, which serum IgE testing does not provide. Instead, spirometry with BDR testing is the preferred method to confirm reversible airway obstruction, a hallmark of asthma."
197,"You are called to review a 19-year-old woman with asthma who presented to the emergency department (ED) approximately 30 minutes ago with acute shortness of breath. She is well known to staff and has had 2 previous ITU admissions for her asthma.

At initial presentation in ED she was tachycardic at 126bpm, normotensive, with a respiratory rate (RR) of 30 and saturating at 94% on 4L/min oxygen via face mask. On clerking doctor noted widespread polyphonic wheeze on auscultation of the chest. The following bloods were obtained at the time of presentation:



Hb 117 g/l	Na+ 138 mmol/l
Platelets 350 * 109/l	K+ 4.0 mmol/l
WBC 10.2* 109/l	Urea 6.5 mmol/l
Creatinine 98 µmol/l	
CRP 50 mg/l	
Eosin 0.45 * 109/l	

Chest X-ray showed no acute abnormality.

Peak Flow was 40% predicted.

Initial arterial blood gas (ABG) on 4L/min oxygen:


pH 7.45 mmol/l
pCO2 3.6 mmol/l
pO2 14.3 mmol/l
HCO3 20 mmol/l
Lactate 1.5 mmol/l

The F2 started treatment for acute severe asthma. She has been given back-to-back salbutamol and ipratropium nebulisers, IV hydrocortisone and IV magnesium sulphate.

On your arrival, the patient is the in the resuscitation suite. The F2 informs you that they have attempted to perform a repeat ABG but were unable to obtain a sample as the patient is confused and combative. As a result, they also cannot provide a meaningful repeat peak flow reading. The patient's vital signs are largely unchanged since initial presentation, she is maintaining saturations of 95% on 4L/min (via facemask), with a RR of 27, HR 130 and she is normotensive. ECG is difficult to interpret but does show sinus tachycardia. On auscultation of the chest you hear a widespread polyphonic wheeze.

Given the limited information you have, what is the most appropriate immediate action?","[""Obtain a repeat ABG"", ""IV salbutamol"", ""Aminophylline infusion"", ""Referral to intensive care"", ""Nebulised magnesium sulphate""]",Referral to intensive care,3,"Confusion in an asthma attack is a life-threatening feature

This patient has life-threatening asthma and has not responded despite optimal management, she needs an urgent review by ITU as she may need invasive ventilatory support.

The key detail here is that the patient is confused/combative. You've been given limited quantitative information that we'd normally use to determine treatment response and severity BUT remember that confusion is a life-threatening feature and by definition, therefore, this is a life-threatening attack warranting an ITU review.

The question hints that the confusion is new (within the 30 minutes since initial presentation) as the F2 is now unable to take a repeat ABG. This indicates that the patient is decompensating and this has occurred despite optimal management. The ceiling of care that can be offered outside of an ITU setting has been reached and so it is vital that she is reviewed by critical care.

1. Incorrect. Regardless of what the ABG shows, her confusion still makes this a life-threatening attack and she needs a referral to ITU.

2. Incorrect. IV salbutamol is often reserved for patients in whom the inhaled route cannot be used reliably. However, importantly, in life-threatening asthma it is the nebulised (oxygen-driven) route that is recommended.

3. Incorrect. IV aminophylline is not likely to result in any significant additional bronchodilation compared to standard care with inhaled bronchodilators and steroids.

4. Correct. This patient has life-threatening asthma and has failed to respond to optimal management. She needs urgent critical care review (likely with a view to invasive mechanical ventilation)

5. Incorrect. Nebulised magnesium is not recommended in the management of adults with acute severe asthma"
198,A 41-year-old man with a past history of asthma presents with pain and weakness in his left hand. Examination findings are consistent with a left ulnar nerve palsy. Blood tests reveal an eosinophilia. Which one of the following antibodies is most likely to be present?,"[""ANA"", ""Anti-Scl70"", ""pANCA"", ""Antiphospholipid antibodies"", ""cANCA""]",pANCA,2,"Churg-Strauss syndrome - positive pANCA serology

This patient has Churg-Strauss syndrome as evidenced by the asthma, mononeuritis and eosinophilia"
199,"A 42-year-old male patient presented with a 5-month history of facial swelling and a tumoral mass in the right maxilla with infiltration into the skin. Recently, he had been suffering from difficulty in breathing and a dry cough. Face and sinus computerised tomography (CT) illustrated a right maxillary lesion. Maxilla surgery was performed without orbital removal and a grade III chondrosarcoma was diagnosed, with infiltration into bone, the anterior wall of the maxillary sinus and orbital floor. A subsequent chest x-ray was performed given his chest symptoms suggesting the appearance of lung metastases.

What feature of lung metastases is characteristic for this tumour?","[""Consolidation"", ""Cavitation"", ""Haemorrhage"", ""Calcification"", ""Miliary""]",Calcification,3,"Calcification in lung metastases is uncommon except in the case of chondrosarcoma or osteosarcoma

Pulmonary metastases normally appear peripherally as rounded nodules of differing sizes seen across both lungs. Abnormal features consist of calcification, haemorrhage, consolidation, cavitation and pneumothorax.

Cavitation is seen most commonly with squamous cell carcinoma.

Calcification is seen with osteosarcomas and chondrosarcomas as well as metastases from papillary thyroid carcinoma.

Adenocarcinoma metastases spread along the walls of alveoli, instead of destroying the lung parenchyma, resulting in consolidation like that seen with pneumonia.

Haemorrhagic pulmonary metastases occur with choriocarcinoma and angiosarcoma.

A miliary pattern of metastases is visualised with renal cell carcinoma and malignant melanoma."
200,"A 54-year-old man presents to the emergency department with sudden onset shortness of breath and pleuritic chest pain. He has been smoking for 30 years and reports no significant past medical history.

On examination, his pulse is 90 bpm and his blood pressure is 100/80 mmHg. His oxygen saturation (SpO2) is at 96%, and PaO2 is 11 kPa.

Chest X-ray reveals a pneumothorax characterised by a 2 cm rim of air without any mediastinal shift.

What is the most appropriate management for this patient?","[""Admit for 48 hours observation and repeat chest x-ray"", ""Ambulatory device insertion"", ""Chest drain"", ""Discharge and review as outpatient"", ""Needle aspiration""]",Chest drain,2,"Pneumothorax management: the high-risk characteristics that determine the need for a chest drain are:

The patient's history of smoking, coupled with their age, clinical presentation and investigations, suggests a pneumothorax. A history of smoking in individuals over 50 years old is considered a high-risk feature. In cases where it is safe to proceed, the insertion of a

chest drain

should be the initial management step. So in this patient, the most appropriate management will be chest drain insertion.

When high-risk features are present and intervention can be safely undertaken, the recommended course of action is to place a chest drain. Given this patient's symptoms and significant history of smoking at an advanced age,

needle aspiration

would not be an appropriate first-line treatment.

The use of an

ambulatory device insertion

is not suitable in this situation as it is typically contraindicated for patients displaying high-risk characteristics. This approach may be considered for patients without such risk factors who want quick symptomatic relief and for whom the intervention is deemed safe. However, it does not constitute an appropriate management strategy for patients presenting with a pneumothorax that exhibits high-risk features.

Choosing to

admit for 48 hours observation and repeat chest x-ray

is incorrect under these circumstances due to the presence of significant risk factors like advanced age and smoking history. Admission for observation might be indicated if no high-risk features were present and if dealing with secondary pneumothorax. Therefore, this approach is not recommended for managing an acute pneumothorax in patients with substantial risk factors.

Opting to

discharge and review as outpatient

would also be inappropriate given the identified high-risk features. Discharge with outpatient review might be suitable in cases of primary pneumothorax lacking such risk factors. Nonetheless, for this specific patient who presents with an acute pneumothorax accompanied by high-risk characteristics, the immediate placement of a chest drain represents the most fitting intervention."
201,"A 75-year-old man has recently been referred by his GP for further investigations after having persistent cough, haemoptysis and weight loss for the past 6 months. He had rarely consulted his GP in the past except for occasional minor injuries and benign skin lesions. He has a 40-pack-year smoking history.

On examination, he is noted to be hypertensive with a blood pressure of 165/100 mmHg. He also has significant proximal myopathy in his quadriceps. Blood tests reveal the following:


Na+	138 mmol/L	(135 - 145)
K+	3.1 mmol/L	(3.5 - 5.0)
HbA1c	64 mmol/mol	(<42)

A chest x-ray reveals a suspicious mass in his right lung.

What is the most likely underlying pathology?","[""Cortisol hypersecretion from adrenal metastases"", ""Ectopic ACTH secretion from small cell lung cancer"", ""Ectopic ACTH secretion from squamous cell lung cancer"", ""Pancreatic endocrine insufficiency due to metastases"", ""Primary hyperaldosteronism""]",Ectopic ACTH secretion from small cell lung cancer,1,"Small cell lung carcinoma secreting ACTH can cause Cushing's syndrome

The persistent respiratory symptoms and significant smoking history are suggestive of lung malignancy, which is supported by the radiographic findings of a lung mass. The additional clinical features in this patient - hypertension, proximal muscle weakness, hyperglycaemia and hypokalaemia - are recognised features of Cushing's syndrome. This is seen in up to 5% of patients with small-cell lung cancer and is mediated by the ectopic production of ACTH. Of note, patients with this phenomenon do not tend to present with some other classical cushingoid features such as moon facies and buffalo hump as hypercortisolism occurs fairly rapidly.

Cortisol hypersecretion from adrenal metastases is incorrect. While small cell lung cancers can often metastasise to the adrenal glands, these are much more likely to result in adrenal insufficiency (if occurring bilaterally) rather than develop the capacity to synthesise glucocorticoids.

Ectopic ACTH secretion from squamous cell lung cancer is incorrect. Squamous cell lung cancers are associated with the secretion of other peptides such as parathyroid hormone-related peptide (PTHrp) which can cause hypercalcemia.

Pancreatic endocrine insufficiency due to metastases is incorrect. Although pancreatic tumours or metastases can certainly cause beta-cell dysfunction and subsequent hyperglycaemia, it would not explain the other findings in this patient such as hypokalaemia and hypertension.

Primary hyperaldosteronism is incorrect. Although it is a relatively more common cause of hypertension and hypokalaemia, the clinical scenario indicates that this patient has a lung malignancy and the electrolyte abnormalities are more likely to be a result of a paraneoplastic process."
202,You are reviewing a man with haemoptysis in the rapid-access lung clinic. Which one of the following is the most significant risk factor for developing lung cancer?,"[""Cryptogenic fibrosing alveolitis"", ""Asbestos exposure for most of working life"", ""10 year period of smoking 'crack' cocaine 20 years ago"", ""30 pack-year history of smoking"", ""20 year history of recreational cannabis use""]",30 pack-year history of smoking,3,
203,Which one of the following is responsible for malt workers' lung?,"[""Aspergillus clavatus"", ""Avian proteins"", ""Mycobacterium avium"", ""Thermoactinomyces candidus"", ""Micropolyspora faeni""]",Aspergillus clavatus,0,"Aspergillus clavatus

The correct answer is

Aspergillus clavatus

. Malt workers' lung is a form of hypersensitivity pneumonitis (extrinsic allergic alveolitis) that occurs in workers involved in the malting process of barley.

Aspergillus clavatus

is a thermotolerant fungus that grows on germinating barley during the malting process. When workers are exposed to dust containing spores of this fungus, they may develop an immune-mediated inflammatory response in the lungs. The clinical presentation typically includes dyspnoea, cough, fever, and malaise occurring 4-8 hours after exposure. Radiologically, it presents with diffuse interstitial infiltrates, and histologically with granulomatous inflammation. Long-term exposure can lead to pulmonary fibrosis.

Avian proteins

are incorrect. Avian proteins, particularly those found in bird droppings, feathers, and serum, are responsible for bird fancier's lung (also known as pigeon breeder's disease), which is another form of hypersensitivity pneumonitis. This occurs in individuals who keep birds as pets or work with birds, but is not associated with malt processing.

Mycobacterium avium

is incorrect. This is a non-tuberculous mycobacterium that causes pulmonary infections, particularly in immunocompromised individuals or those with pre-existing lung disease. It is not associated with hypersensitivity pneumonitis in malt workers.

M. avium

typically causes a chronic, slowly progressive pulmonary infection rather than an acute hypersensitivity reaction.

Thermoactinomyces candidus

is incorrect. While

Thermoactinomyces candidus

is indeed associated with some forms of hypersensitivity pneumonitis, it is primarily linked to humidifier lung or air conditioner lung, not malt workers' lung. This thermophilic actinomycete grows in warm, humid environments such as contaminated humidification systems.

Micropolyspora faeni

(now reclassified as

Faenia rectivirgula

) is incorrect. This thermophilic actinomycete is the primary cause of farmer's lung, a form of hypersensitivity pneumonitis that affects agricultural workers exposed to mouldy hay, straw, or grain. While it causes a similar clinical syndrome to malt workers' lung, it is specifically associated with farming environments rather than malting processes."
204,"A 65-year-old woman with a history of chronic obstructive pulmonary disease (COPD) is admitted to the Emergency Department with breathlessness. This is her first admission with an exacerbation of COPD. Blood gases taken on room air shortly after admission are as follows:


pH	7.38
pCO2	4.9 kPa
pO2	8.8 kPa

What should her target oxygen saturations be?","[""94-98%"", ""88-92%"", ""92-94%"", "">98%"", ""> 95% first 48 hours, > 90% rest of admission""]",94-98%,0,
205,"A 65-year-old man presents to the emergency department with shortness of breath. He has a past medical history of chronic obstructive pulmonary disease (COPD).

On examination, he is tachypnoeic and wheezy but alert.

Arterial blood gas (ABG):



pH	7.27	(7.35-7.45)
pCO2	8.2 kPa	(4.5-6)
pO2	6.6 kPa	(11-13)
HCO3-	31 mmol/L	(22-26)

He is treated with nebulized salbutamol, ipratropium bromide and intravenous hydrocortisone.

Repeat ABG:


pH	7.28	(7.35-7.45)
pCO2	7.9 kPa	(4.5-6)
pO2	6.9 kPa	(11-13)

What is the appropriate management?","[""Bilevel positive airway pressure (BiPAP)"", ""Continuous positive airway pressure (CPAP)"", ""Doxapram"", ""Intubation"", ""Magnesium""]",Bilevel positive airway pressure (BiPAP),0,"NIV should be considered in all patients with an acute exacerbation of COPD in whom a respiratory acidosis (PaCO2>6kPa, pH <7.35 ≥7.26) persists despite immediate maximum standard medical treatment

BiPAP

is the correct answer. The patient is having an exacerbation of COPD as evidenced by worsening breathlessness, wheeze, tachypnoea and type 2 respiratory failure. Despite immediate maximum standard medical treatment, he remains acidotic with hypercapnia. The most appropriate management is to commence the patient on BiPAP.

Continuous positive airway pressure (CPAP)

is incorrect. This is a type of non-invasive ventilation but principally it helps with oxygenation by delivering positive pressure, which helps maintain open airways. It is used in conditions where the principal pathophysiology is type 1 respiratory failure i.e. pulmonary oedema/covid pneumonitis. It will not be effective in this scenario as the patient needs support with ventilation as well as oxygenation and therefore needs bilevel (i.e. oxygenation and ventilation) support.

Doxapram

is incorrect. This is a respiratory stimulant that was historically used in the management of COPD. Since the advent of NIV, its use has declined and it would not be the most suitable option at this point.

Intubation

is incorrect. It is standard practice to attempt a trial of NIV prior to intubation unless the patient is severely acidotic (pH < 7.25). Even then, a trial of NIV in the first instance may be warranted.

Magnesium

is incorrect. There is better evidence for the use of IV magnesium in asthma rather than COPD exacerbations."
206,"A 26-year-old male with cystic fibrosis is reviewed in the respiratory outpatient clinic. In the last year he has had recurrent exacerbations requiring antibiotic therapy. His last exacerbation required an admission to the ICU. A decision is made to refer him for a double lung transplantation.

During his lung transplant workup it is noted that his FEV1 is less than 30% of predicted, he has pulmonary hypertension, and he is colonised with both Burkholderia cepacia and Pseudomonas aeruginosa.

Which of the following is a contraindication to lung transplantation in this patient?","[""Burkholderia cepacia colonisation"", ""Life-threatening exacerbation requiring ICU admission"", ""Pseudomonas aeruginosa colonisation"", ""Pulmonary hypertension"", ""FEV1 less than 30% of predicted""]",Burkholderia cepacia colonisation,0,"Chronic infection with

Chronic infection with

Burkholderia cepacia

is an important CF-specific contraindication to lung transplantation. Patients with Burkholderia cepacia complex, particularly the

Burkholderia cenocepacia

species, have an increased risk of mortality due to recurrent disease after transplantation. Burkholderia cepacia typically causes a more rapid progression of disease associated with a deterioration in lung function and FEV1. It is also responsible for an often fatal necrotizing pneumonia known as the 'cepacia syndrome.'

Life-threatening exacerbation requiring ICU admission is not a contraindication to lung transplantation in patients with CF. Common indications for lung transplantation referral for patients with CF include life-threatening exacerbation requiring ICU admission, pulmonary hypertension, FEV1 less than 30% of predicted, recurrent exacerbations requiring antibiotic therapy, recurrent and/or refractory pneumothorax, and recurrent haemoptysis not controlled by embolisation.

Colonisation with

Pseudomonas aeruginosa

is not a contraindication to lung transplantation in patients with CF.

Pseudomonas aeruginosa

is the most common colonising organism in adults with CF. It is reported that approximately 70% of adults with CF are colonised with

Pseudomonas aeruginosa

. In comparison,

Staphylococcus aureus

is the most common colonising organism in children with CF. It is reported that approximately 75% of children with CF are colonised with

Staphylococcus aureus

.

Pulmonary hypertension is not a contraindication to lung transplantation in patients with CF. Common indications for lung transplantation referral for patients with CF include life-threatening exacerbation requiring ICU admission, pulmonary hypertension, FEV1 less than 30% of predicted, recurrent exacerbations requiring antibiotic therapy, recurrent and/or refractory pneumothorax, and recurrent haemoptysis not controlled by embolisation.

FEV1 less than 30% of predicted is not a contraindication to lung transplantation in patients with CF. Common indications for lung transplantation referral for patients with CF include life-threatening exacerbation requiring ICU admission, pulmonary hypertension, FEV1 less than 30% of predicted, recurrent exacerbations requiring antibiotic therapy, recurrent and/or refractory pneumothorax, and recurrent haemoptysis not controlled by embolisation."
207,"A 22-year-old woman is seen in clinic with 6 months of intermittent dry cough and dyspnoea. Her symptoms worsen at night and after cold air exposure. She has no past medical history of atopy and has never smoked.

Her vital signs are normal and a cardiorespiratory examination is unremarkable.

Investigations:


Hb	134 g/L	(115 - 160)
WBC	6.8 * 10 9/L	(4.0 - 11.0)
Eosin	0.2 * 10 9/L	(0.0 - 0.4)
Fractional exhaled nitric oxide (FeNO)	42 ppb	(< 50)

Which option is the best next step to aid diagnosis?","[""Measure peak flow variability over 2-4 weeks"", ""Refer for spirometry with methacholine testing"", ""Refer for spirometry with salbutamol testing"", ""Repeat FeNO test in 3 months"", ""Trial beclometasone/formoterol inhaler and review in 2 weeks""]",Refer for spirometry with salbutamol testing,2,"All adults with suspected asthma should have a bronchodilator reversibility (BDR) test

Refer for spirometry with salbutamol testing

is correct. This patient most likely has asthma, given her 6-month history of intermittent dry cough and dyspnoea that worsen at night and after exposure to cold air. Despite her normal eosinophil count and FeNO level below the diagnostic threshold (42 ppb), these findings do not exclude asthma. The 2024 British Thoracic Society (BTS) and NICE guidelines recommend spirometry with bronchodilator reversibility as the next step, as this assesses reversible airflow obstruction, a hallmark of asthma. An increase in this patient's FEV₁ of ≥ 12% and ≥ 200 mL, or ≥ 10% of the predicted normal FEV1,  after salbutamol would support the diagnosis.

Measure peak flow variability over 2–4 weeks

is incorrect because this test is generally used when spirometry is unavailable or delayed, which is not the case for this patient. It requires twice-daily effort-dependent measurements and is subject to variability in technique, which may reduce its reliability. In contrast, spirometry with bronchodilator reversibility tends to provide a more objective and standardised assessment of airflow obstruction in this patient's scenario.

Refer for spirometry with methacholine testing

is incorrect because methacholine challenge testing is reserved for situations where asthma remains unconfirmed after initial investigations, including spirometry with bronchodilator reversibility and peak flow monitoring. Although it tests airway hyperresponsiveness, it is more complex, less widely available, and carries procedural risks. In this patient, who has not yet had spirometry with bronchodilator testing, referral for methacholine challenge would be premature.

Repeat FeNO test in 3 months

is incorrect because this patient's current FeNO level (42 ppb) is below the threshold of ≥ 50 ppb used to support an asthma diagnosis. Repeating the test without a change in symptoms or clinical context risks delaying diagnosis and appropriate treatment. A further FeNO test alone is unlikely to provide additional diagnostic value in this patient's case.

Trial beclometasone/formoterol inhaler and review in 2 weeks

is incorrect because the 2024 NICE guidelines prioritise objective testing before treatment in patients with suspected asthma. Empirical treatment could mask this patient's symptoms and interfere with the interpretation of subsequent diagnostic tests. A treatment trial may be appropriate if clinical suspicion remains high despite normal or inconclusive objective findings, but this approach is typically undertaken in secondary care and is not indicated at this stage in this patient's assessment."
208,"A 62-year-old man is referred to the respiratory clinic with exertional shortness of breath. He has a past medical history of rheumatoid arthritis and recurrent urinary tract infections and takes methotrexate, folic acid and nitrofurantoin as prophylaxis against infection. He is a pigeon fancier and has worked as a roofer for 40 years.

On examination, chest auscultation reveals crackles at the lung apices. The jugular venous pulse is not raised and there is no peripheral oedema.

A chest radiograph demonstrates reticular shadowing of the lung apices.

Given the likely diagnosis, what is the probable cause?","[""Asbestosis"", ""Extrinsic allergic alveolitis"", ""Methotrexate treatment"", ""Nitrofurantoin"", ""Rheumatoid arthritis""]",Extrinsic allergic alveolitis,1,"Extrinsic allergic alveolitis is associated with upper/mid zone lung fibrosis

Extrinsic allergic alveolitis (EAA) is the correct answer. The patient's symptoms and radiographic findings suggest apical lung fibrosis. EAA is a condition caused by hypersensitivity induced lung damage due to a variety of inhaled organic particles. Avian proteins from bird droppings are an implicated antigen and being a pigeon fancier would be a plausible exposure. EAA is the only cause listed that causes upper zone fibrosis.

Asbestosis is incorrect. While he may have been exposed to asbestos as a roofer, this causes predominantly lower zone fibrosis and is therefore not the most likely diagnosis.

Methotrexate treatment is incorrect. Historically, there was an opinion that methotrexate was a cause of lung fibrosis. However, it is now felt that rheumatoid disease itself is the more likely culprit and methotrexate treatment is just a bystander. It is therefore not the likely answer.

Rheumatoid arthritis is incorrect. This condition can cause lung fibrosis. However, if it does, it tends to be lower zone predominant and is therefore not the correct answer.

Nitrofurantoin is incorrect. Long term treatment with nitrofurantoin has been implicated in the development of pulmonary fibrosis. However, typically this affects the lower zones and is therefore not the right answer."
209,"A 61-year-old smoker presents with a three week history of worsening breathlessness. A chest X-ray shows a large left-sided pleural effusion.

He has a small amount of the effusion aspirated and sent off for examination.

Which of the following laboratory results would point to this effusion being an exudate rather than a transudate (LDH = lactate dehydrogenase)?","[""Pleural fluid LDH / Serum LDH <0.6"", ""Effusion LDH level greater than 2/3rds the upper limit of serum LDH"", ""Pleural fluid protein / Serum protein <0.5"", ""Pleural fluid glucose/ Serum glucose >0.4"", ""Effusion LDH level greater than 1/3rd the upper limit of serum LDH""]",Effusion LDH level greater than 2/3rds the upper limit of serum LDH,1,"Light's criteria: Effusion LDH level greater than 2/3rds the upper limit of serum LDH points to exudate

Light's Criteria for exudative effusion requires one of more of the following:

Pleural fluid protein / Serum protein >0.5
Pleural fluid LDH / Serum LDH >0.6
Pleural fluid LDH > 2/3 * Serum LDH upper limit of normal
Glucose is not used in Light's Criteria."
210,"A 28-year-old man develops nausea and a severe headache whilst trekking in Nepal. Within the next hour he becomes ataxic and confused. A diagnosis of high altitude cerebral oedema is suspected. Other than descent and oxygen, what is the most important treatment?","[""Acetazolamide"", ""Dexamethasone"", ""Burr hole"", ""Mannitol"", ""Frusemide""]",Dexamethasone,1,
211,"A 62-year-old presents with progressive shortness of breath, a persistent dry cough, and wheezing over the past few months. She reports increased fatigue and reduced exercise tolerance. She is known to have rheumatoid arthritis and has been on methotrexate for 5 years.

On examination, she has decreased breath sounds and inspiratory crackles globally.

Pulmonary function tests reveal obstructive airway changes. A high-resolution CT scan of the chest shows mosaic attenuation and bronchial wall thickening.

What complication is the most likely cause for this patient’s presentation?","[""Bronchiolitis obliterans"", ""Caplan's syndrome"", ""Interstitial lung disease"", ""Methotrexate pneumonitis"", ""Pulmonary fibrosis""]",Bronchiolitis obliterans,0,"Dyspnoea, obstructive pattern on spirometry in patient with rheumatoid → ? bronchiolitis obliterans

Bronchiolitis obliterans

is the most likely cause of this patient's presentation. This condition is characterised by progressive shortness of breath, persistent dry cough, and wheezing, all of which she exhibits. Her pulmonary function tests reveal obstructive airway changes and the high-resolution CT scan showing mosaic attenuation and bronchial wall thickening are indicative of bronchiolitis obliterans. Bronchiolitis obliterans condition is a recognised complication of rheumatoid arthritis, occurring due to chronic inflammation and autoimmune processes that affect the small airways.

Caplan's syndrome

is an unlikely cause of this patient’s presentation. This condition, also known as rheumatoid pneumoconiosis, is typically associated with individuals who have rheumatoid arthritis and a history of occupational exposure to coal dust. It is characterised by the presence of multiple, well-defined nodules in the lungs on imaging. This patient's CT scan does not show such nodules, but rather mosaic attenuation and bronchial wall thickening. Additionally, there is no mention of coal dust exposure in her history, making Caplan's syndrome an improbable diagnosis in this case.

Interstitial lung disease

is a potential complication of rheumatoid arthritis, but it generally causes restrictive rather than obstructive lung changes and would show different imaging features, such as ground-glass opacities or fibrosis.

Methotrexate pneumonitis

is unlikely in this patient. Methotrexate pneumonitis typically presents with acute or subacute symptoms within a year of treatment initiation. This patient's CT scan reveals mosaic attenuation and bronchial wall thickening, rather than the diffuse ground-glass opacities or reticular patterns seen in methotrexate pneumonitis. Moreover, methotrexate pneumonitis is usually accompanied by systemic symptoms like fever, which this patient denies.

Pulmonary fibrosis

is unlikely in this patient. Pulmonary fibrosis typically presents with progressive shortness of breath and dry cough, similar to this case. However, it usually shows restrictive lung disease patterns on pulmonary function tests, not the obstructive changes observed in this patient. Additionally, high-resolution CT scans for pulmonary fibrosis typically reveal reticular opacities, honeycombing, and traction bronchiectasis, rather than mosaic attenuation and bronchial wall thickening."
212,"A 55-year-old woman presents to the emergency department with a productive cough, wheeze, and fever. She has a background of rheumatoid arthritis and is treated with methotrexate and folic acid.

On examination, there are bilateral crackles at the lung bases that clear upon coughing and bilateral wheezing.

A chest-x-ray demonstrates dilated bronchi with thickened walls in the lower zones.

Given the context, what is the most likely organism to grow in the sputum?","[""Haemophilus influenzae"", ""Klebsiella pneumoniae"", ""Mycobacterium abscessus"", ""Pseudomonas aeruginosa"", ""Stenotrophomonas maltophilia""]",Haemophilus influenzae,0,"Bronchiectasis: most common organism =

Haemophilus influenzae

is correct. The patient presents with a productive cough along with crackles that clear on coughing with radiographic evidence of dilated bronchi and thickened walls in the lower zones ('tram-track sign'). On a background of rheumatoid arthritis, this suggests the patient has underlying bronchiectasis and is experiencing an exacerbation. The most common organism found in infective exacerbations of bronchiectasis is

Haemophilus influenzae

.

Klebsiella pneumoniae

is incorrect. This organism is commonly found in patients with infective exacerbations of bronchiectasis. However, it is less commonly found than

Haemophilus influenzae

. If the patient was an alcoholic, this organism may be more commonly found.

Mycobacterium abscessus

is incorrect. This organism can be found in patients with bronchiectasis secondary to cystic fibrosis but is less commonly found in patients with bronchiectasis secondary to rheumatoid.

Pseudomonas aeruginosa

is incorrect. Again, this can be found in patients experiencing an infective exacerbation of bronchiectasis but less commonly than

Haemophilus influenzae

. Risk factors for

Pseudomonas aeruginosa

include long duration of bronchiectasis and proton pump inhibitor use. Given bronchiectasis is not included in the past medical history in this case, we may infer that there have not been repeated exacerbations preceding this making

Pseudomonas aeruginosa

less likely.

Stenotrophomonas maltophilia

is incorrect. Again, this is more commonly found in CF-related bronchiectasis rather than non-CF-related bronchiectasis."
213,Non-invasive ventilation (NIV) is least likely to be successful in which one of the following scenarios?,"[""COPD"", ""Chest wall deformity"", ""Obstructive sleep apnoea"", ""Weaning from tracheal intubation"", ""Bronchiectasis""]",Bronchiectasis,4,
214,"A 45-year-old woman who is known to have systemic lupus erythematosus (SLE) is referred to the respiratory clinic with increased shortness-of-breath. A number of investigations are ordered including transfer factor of the lung for carbon monoxide (TLCO), which is elevated. Which one of the following respiratory complications of SLE is associated with this finding?","[""Acute lupus pneumonitis"", ""Pulmonary hypertension"", ""Alveolar haemorrhage"", ""Respiratory muscle weakness"", ""Pulmonary embolism""]",Alveolar haemorrhage,2,
215,"A 65-year-old man presents to the emergency department with worsening dyspnoea and pleuritic chest pain. His medical history includes atrial fibrillation for which he is on warfarin therapy. He reports consuming 24 units of alcohol weekly and has a smoking history of 10 cigarettes daily for the past 10 years. On examination, his respiratory rate is elevated at 23 breaths per minute.

Chest X-ray reveals a 1cm right-sided pneumothorax alongside an old posterior 6th rib fracture.

What aspect of this patient's history most strongly indicates the need for chest drain insertion?","[""Old posterior 6th rib fracture"", ""Over 55 years old and significant smoking history"", ""Over 60 years old and significant alcohol history"", ""Respiratory rate of 23 breaths per minute"", ""Size of the pneumothorax""]",Over 55 years old and significant smoking history,1,"Pneumothorax management: the high-risk characteristics that determine the need for a chest drain are:

Over 55 years old and significant smoking history

is the correct answer. The patient in question presents with a symptomatic pneumothorax, exhibiting a high-risk characteristic that necessitates the insertion of a chest drain. Individuals over the age of 55 who have a substantial history of smoking, such as this patient, are considered at elevated risk due to the likelihood of progression of the pneumothorax and reduced efficacy of other interventions. Typically, pathological changes induced by cigarette smoke in the small airways can lead to bullae formation and subsequent development of pneumothorax.

Old posterior 6th rib fracture

is incorrect. The presence of an old rib fracture on a chest X-ray does not automatically necessitate chest drain insertion, particularly if the patient is asymptomatic. However, patients with underlying lung conditions that predispose them to structural and functional vulnerability such as chronic obstructive pulmonary disease, asthma, or pulmonary fibrosis are indeed high-risk individuals for chest drain insertion due to complications from pneumothorax.

Over 60 years old and significant alcohol history

is incorrect. While advanced age coupled with a smoking history warrants chest drain insertion, an alcohol history does not influence this decision directly but may indicate additional management considerations, such as the potential administration of Pabrinex for nutritional supplementation.

Respiratory rate of 23 breaths per minute

is incorrect. An elevated respiratory rate alone does not dictate the need for chest drain insertion in managing a pneumothorax. It is significant hypoxia rather than tachypnoea that constitutes a high-risk characteristic; however, this patient does not currently require supplemental oxygen.

Size of the pneumothorax

is incorrect. This particular patient has a small-sized pneumothorax measuring 1cm. In the absence of his significant smoking history, there should be consideration for conservative management without resorting to chest drain insertion initially."
216,A chest x-ray of a patient with sarcoidosis shows bilateral hilar lymphadenopathy but is otherwise normal. What chest x-ray stage does this correspond to?,"[""Stage 0"", ""Stage 1"", ""Stage 2"", ""Stage 3"", ""Stage 4""]",Stage 1,1,"Sarcoidosis CXR

The correct answer is

Stage 1

. In the staging system for sarcoidosis, Stage 1 is characterised by bilateral hilar lymphadenopathy (BHL) alone, without any accompanying lung parenchymal abnormalities. This stage of the disease often has a good prognosis and may resolve spontaneously or with treatment.

Stage 0

is incorrect as this stage represents a normal chest x-ray with no visible signs of sarcoidosis. Despite the name, it does not mean that the patient does not have sarcoidosis; it simply means that there are no radiographic manifestations of the disease in the chest.

Stage 2

is also incorrect. Stage 2 sarcoidosis is defined by BHL with additional lung parenchymal involvement. This could include reticular or nodular infiltrates which would be visible on a chest x-ray. As per the question stem, this patient's chest x-ray was otherwise normal apart from BHL, hence this cannot be Stage 2.

Similarly,

Stage 3

and

Stage 4

are incorrect options. Stage 3 indicates lung parenchymal abnormalities without BHL while Stage 4 refers to advanced sarcoidosis with pulmonary fibrosis and permanent scarring in the lungs. Both stages would show significant changes on a chest x-ray beyond mere BHL.

Therefore, based on the given information in the question stem indicating only bilateral hilar lymphadenopathy without any other abnormal findings on chest X-ray, the correct answer is Stage 1."
217,"You are asked to interpret the post-bronchodilator spirometry results of a 56-year-old woman who has been complaining of progressive shortness-of-breath.


FEV1/FVC	0.60
FEV1% predicted	60%

What is the most appropriate interpretation of these results?","[""Poor technique - repeat spirometry"", ""Asthma"", ""COPD (stage 1 - mild)"", ""COPD (stage 2 - moderate)"", ""Pulmonary fibrosis""]",COPD (stage 2 - moderate),3,
218,"A 69-year-old man is seen in the respiratory outpatient department. He has chronic obstructive pulmonary disease (COPD) and no other co-morbidities. He smoked 30 cigarettes a day for 40 years but has not smoked since his diagnosis of COPD 3 years ago. His medications are as required salbutamol inhaler and a daily combination inhaler (beclometasone dipropionate, formoterol fumarate and glycopyrronium). He has had his influenza and pneumococcal vaccinations and has attended pulmonary rehabilitation. He was admitted to hospital twice in the last year with exacerbations of COPD. A CT scan 3 months ago showed typical changes of COPD with no other evidence of other lung pathology.

A decision has been made to start azithromycin. A sputum culture has been done prior to clinic and there was no growth.

Pre-clinic bloods are:


Hb	142 g/L	Male: (135-180)
Female: (115 - 160)
Platelets	356 * 109/L	(150 - 400)
WBC	10.5 * 109/L	(4.0 - 11.0)
Na+	142 mmol/L	(135 - 145)
K+	4.7 mmol/L	(3.5 - 5.0)
Urea	6.5 mmol/L	(2.0 - 7.0)
Creatinine	74 µmol/L	(55 - 120)
CRP	2 mg/L	(< 5)
Bilirubin	6 µmol/L	(3 - 17)
ALP	46 u/L	(30 - 100)
ALT	15u/L	(3 - 40)
γGT	56 u/L	(8 - 60)
Albumin	42 g/L	(35 - 50)

What is the most appropriate test prior to starting azithromycin?","[""ECG"", ""Echocardiogram"", ""Spirometry"", ""Chest X-ray"", ""HIV test""]",ECG,0,"Before starting azithromycin do an ECG (to rule out prolonged QT interval) and baseline liver function tests

The correct answer is ECG. Azithromycin is a macrolide antibiotic that can cause QT interval prolongation, which can lead to potentially fatal cardiac arrhythmias. Therefore, it is essential to perform an ECG before initiating long-term azithromycin therapy to establish a baseline QT interval and identify any patients who may be at increased risk of cardiac complications.

ECG

is the most appropriate test as it is quick, non-invasive, and specifically addresses the main safety concern with azithromycin therapy. The QT interval should be monitored periodically during treatment, particularly in elderly patients who may be more susceptible to cardiac complications.

Echocardiogram

is not necessary prior to starting azithromycin. While it provides detailed cardiac structural and functional information, it does not assess electrical conduction abnormalities, which is the primary concern with azithromycin therapy.

Spirometry

would not be appropriate as the primary pre-treatment test. While it is important in monitoring COPD progression, the patient's diagnosis is already established, and lung function testing would not influence the decision to start azithromycin.

Chest X-ray

is not required as the patient has had recent imaging (CT scan) showing typical COPD changes with no other pathology. There is no clinical indication for repeat imaging at this time.

HIV test

is not necessary in this context. While HIV testing may be relevant in some respiratory conditions, there is no specific indication for HIV testing prior to starting azithromycin in this patient with well-documented COPD."
219,"A 34-year-old Afro-Caribbean man presents to his GP with a 4-week history of fever, joint pains, lymphadenopathy and a tender red rash on his legs.

Cardiovascular, respiratory, neurological and abdominal examinations are unremarkable. The rash on the shins is in keeping with erythema nodosum.

Relevant blood tests are shown below:


Hb	139 g/L	Male: (135-180)
Female: (115 - 160)
Platelets	377 * 109/L	(150 - 400)
WBC	10.8 * 109/L	(4.0 - 11.0)
Urea	5.5 mmol/L	(2.0 - 7.0)
Creatinine	78 µmol/L	(55 - 120)
CRP	17 mg/L	(< 5)
Calcium	2.35 mmol/L	(2.1-2.6)

A chest x-ray shows bilateral hilar lymphadenopathy.

What is the most appropriate management?","[""Azathioprine"", ""Cyclophosphamide"", ""Methotrexate"", ""Monitoring"", ""Prednisolone""]",Monitoring,3,"The majority of patients with sarcoidosis get better without treatment

Monitoring

is correct. This patient is suffering from Lofgren's syndrome - a pattern of sarcoidosis symptoms encompassing fever, joint pain, erythema nodosum, lymphadenopathy and bilateral hilar lymphadenopathy. Lofgren's syndrome has a good prognosis and does not usually require any treatment; it will self-resolve within a year or so. Indications for immunosuppressive treatment include splenic/hepatic/renal/cardiac involvement, lupus pernio, hypercalcemia, eye/CNS involvement or deteriorating pulmonary function tests or deteriorating chest x-ray changes.

Azathioprine

is incorrect. This patient is exhibiting symptoms of sarcoidosis. Azathioprine is used in neurosarcoidosis or in pulmonary sarcoidosis that has not been responsive to steroid therapy. There are no indications to initiate treatment in this case, and if there were then oral steroids would be the first-line treatment.

Cyclophosphamide

is incorrect. This patient is exhibiting symptoms of sarcoidosis. Cyclophosphamide is used in sarcoidosis only if neurological involvement is present that has been previously unresponsive to steroid therapy. There are no indications to initiate treatment in this case, and if there were then oral steroids would be the first-line treatment.

Methotrexate

is incorrect. This patient is exhibiting symptoms of sarcoidosis. Methotrexate may be used in progressive pulmonary sarcoidosis that has not responded to steroid therapy. There are no indications to initiate treatment in this case, and if there were then oral steroids would be the first-line treatment.

Prednisolone

is incorrect. This patient is exhibiting symptoms of sarcoidosis but has no indications to initiate treatment. Indications include splenic/hepatic/renal/cardiac involvement, lupus pernio, hypercalcemia, eye/CNS involvement or deteriorating pulmonary function tests or deteriorating chest x-ray changes."
220,"A 45-year-old woman is referred to the respiratory clinic due to progressive shortness of breath on exertion and fatigue. She has no significant medical history and is a non-smoker.

On examination, she has elevated jugular venous pressure and a loud P2 heart sound.

An echocardiogram reveals right ventricular hypertrophy and a normal left ventricular ejection fraction. A right heart catheterisation is subsequently performed, showing elevated pressures.

What level of pressure is required to confirm the most likely diagnosis?","[""Cardiac output of less than 4 L/min"", ""Mean pulmonary artery pressure of greater than 25 mmHg"", ""Pulmonary arterial pressure of greater than 20 mmHg"", ""Pulmonary capillary wedge pressure of greater than 15 mmHg"", ""Right atrial pressure of greater than 10 mmHg""]",Pulmonary arterial pressure of greater than 20 mmHg,2,"Pulmonary arterial hypertension is defined as an elevated pulmonary arterial pressure of greater than 20mmHg

The correct answer, a

pulmonary arterial pressure of greater than 20 mmHg

, is indicative of pulmonary arterial hypertension (PAH). This term generally encompasses elevated pulmonary artery pressure due to increased resistance within the pulmonary vasculature, which can result from multiple causes, including left heart disease and lung disease. However, in this case, the absence of left ventricular failure (LVF) and the patient’s non-smoking status suggest primary pulmonary arterial hypertension (primary PAH), a subtype of PAH without an identifiable underlying cause. The patient’s symptoms of progressive shortness of breath and fatigue, combined with elevated jugular venous pressure and a loud P2 sound, further support the likelihood of primary PAH.

A

cardiac output of less than 4 L/min

is incorrect as a diagnostic criterion for PAH. While decreased cardiac output can occur in various cardiovascular conditions, it is not a defining feature of PAH itself. PAH is specifically diagnosed based on elevated pulmonary arterial pressure, which is independent of cardiac output measurements. Therefore, using cardiac output as a diagnostic marker does not accurately reflect the presence of PAH.

A

mean pulmonary artery pressure of greater than 25 mmHg

is incorrect as a diagnostic criterion for PAH. While this value indicates elevated pressure, the specific threshold for diagnosing PAH is greater than 20 mmHg during right heart catheterisation. The 25 mmHg measurement is often used in research settings but does not reflect the established clinical definition of PAH, which is based on the lower threshold to ensure accurate diagnosis and treatment.

A

pulmonary capillary wedge pressure (PCWP) of greater than 15 mmHg

is incorrect for diagnosing PAH. PCWP reflects left atrial pressure and helps distinguish pulmonary hypertension caused by left-sided heart disease, such as left ventricular failure or mitral valve disease. In this case of primary PAH, which is due to pathology in the pulmonary vasculature, PCWP would not be elevated. The normal left ventricular ejection fraction here rules out left-sided heart disease, making elevated pulmonary arterial pressure the key diagnostic criterion for PAH.

A

right atrial pressure (RAP) of greater than 10 mmHg

is incorrect for diagnosing PAH. While elevated RAP can indicate right heart dysfunction or increased pressure in the right atrium, it does not directly reflect the pulmonary arterial pressure required for a PAH diagnosis. PAH is specifically characterised by an elevated pulmonary arterial pressure of greater than 20 mmHg, and relying on RAP alone would not provide the necessary information to confirm PAH."
221,"A 28-year-old man presents to the Emergency Department with sudden onset right-sided chest pain and shortness of breath. Chest X-ray confirms a large right-sided pneumothorax. You decide to insert a chest drain. After obtaining consent and preparing the equipment, you position the patient at 45° with his right arm behind his head.

What anatomical landmarks define the 'triangle of safety' for chest drain insertion?","[""Base of axilla, lateral edge of pectoralis major, 5th intercostal space, anterior border of latissimus dorsi"", ""Nipple, mid-clavicular line, 2nd intercostal space, anterior axillary line"", ""Sternal angle, mid-axillary line, 4th intercostal space, posterior border of pectoralis minor"", ""Xiphisternum, posterior axillary line, 6th intercostal space, inferior angle of scapula"", ""Clavicle, anterior axillary line, 3rd intercostal space, lateral border of serratus anterior""]","Base of axilla, lateral edge of pectoralis major, 5th intercostal space, anterior border of latissimus dorsi",0,"The triangle of safety for chest drain insertion involves the base of the axilla, lateral edge pectoralis major, 5th intercostal space and the anterior border of latissimus dorsi

Base of axilla, lateral edge of pectoralis major, 5th intercostal space, anterior border of latissimus dorsi

correctly defines the 'triangle of safety' for chest drain insertion. This anatomical region is the preferred site for chest drain insertion as it minimises the risk of damage to vital structures. The triangle is bounded superiorly by the axilla, anteriorly by the lateral border of pectoralis major, posteriorly by the anterior border of latissimus dorsi, and inferiorly by a horizontal line at the level of the 5th intercostal space. This location in the mid-axillary line at the 5th intercostal space ensures the drain enters the pleural cavity without risking damage to the internal mammary artery (which runs vertically about 2cm from the lateral sternal edge), the intercostal neurovascular bundle (which runs along the inferior border of each rib), or abdominal organs (if placed too low). The British Thoracic Society guidelines recommend this approach for safe chest drain insertion, though ultrasound guidance is strongly recommended whenever possible, particularly for pleural effusions.

Nipple, mid-clavicular line, 2nd intercostal space, anterior axillary line

describes landmarks that are not consistent with the triangle of safety. The 2nd intercostal space in the mid-clavicular line is actually the site for needle decompression in tension pneumothorax, not for standard chest drain insertion. This anterior approach carries a higher risk of damage to the internal mammary artery and is not recommended for routine chest drain placement.

Sternal angle, mid-axillary line, 4th intercostal space, posterior border of pectoralis minor

includes incorrect landmarks. The sternal angle (angle of Louis) is an anterior midline structure and not part of the triangle of safety. The 4th intercostal space is typically too high for optimal chest drain placement for pneumothorax or effusion drainage. The posterior border of pectoralis minor is not a reliable surface landmark for chest drain insertion.

Xiphisternum, posterior axillary line, 6th intercostal space, inferior angle of scapula

describes landmarks that are potentially dangerous. The 6th intercostal space may be too low, especially in some patients, risking diaphragmatic injury and inadvertent entry into the abdominal cavity. The posterior axillary line is too posterior for the standard approach to chest drain insertion.

Clavicle, anterior axillary line, 3rd intercostal space, lateral border of serratus anterior

includes incorrect landmarks. The clavicle is too superior and not part of the triangle of safety. The 3rd intercostal space is typically too high for optimal chest drain placement, particularly for draining fluid collections which tend to accumulate in the dependent portions of the pleural space."
222,"A 46-year-old woman presents with complaints of a chronic non-productive cough, fatigue, shortness of breath, widespread joint pain, and unintended weight loss of 5kgs in the past 4 months. She works as a miner and has a 9-pack-year smoking history.

On examination, she has bluish-red nodules and plaques over the nose and cheeks. A chest X-ray shows bilateral hilar lymphadenopathy.

Her laboratory result reveals the following:


Na+	139 mmol/L	(135 - 145)
K+	4.0 mmol/L	(3.5 - 5.0)
Urea	4.0 mmol/L	(2.0 - 7.0)
Creatinine	70 µmol/L	(55 - 120)
Calcium	2.8 mmol/L	(2.1-2.6)
Angiotensin-converting enzyme (ACE)	42 U/L	(8 - 52)

What is the most likely diagnosis?","[""Lymphoma"", ""Sarcoidosis"", ""Silicosis"", ""Squamous cell lung cancer"", ""Systemic lupus erythematosus (SLE)""]",Sarcoidosis,1,"Hypercalcaemia + bilateral hilar lymphadenopathy → ?sarcoidosis

This 46-year-old woman presents with a combination of chronic cough (4 months), weight loss, fatigue, shortness of breath, muscle weakness, bluish-red nodules and plaques over the nose and cheeks which is lupus pernio, and bilateral hilar lymphadenopathy on chest X-ray. These clinical features, along with elevated serum calcium, are highly suggestive of sarcoidosis.

Sarcoidosis

is a systemic granulomatous disease that most commonly affects the lungs and lymph nodes. Features such as bilateral hilar lymphadenopathy, hypercalcaemia and skin manifestations such as lupus pernio are seen in a significant proportion of cases, especially in young adults like this patient. The presence of lupus pernio is a hallmark feature of sarcoidosis. Although normal here, high serum ACE level is often associated with sarcoidosis because ACE is produced by granulomas. Although ACE is not specific to sarcoidosis, it can contribute to the diagnostic picture. Increased calcium levels in sarcoidosis are due to enhanced conversion of vitamin D to its active form by macrophages in granulomas, leading to increased calcium absorption from the gut.

Lymphoma

can cause lymphadenopathy and weight loss, but it is less likely to cause hypercalcaemia. Lymphomas typically present with night sweats and fever, which are not mentioned in this case. Also, the presence of lupus pernio makes sarcoidosis more likely.

Silicosis

can lead to chronic cough, shortness of breath, fatigue, and weight loss. It is highly associated with silica exposure, especially in miners. However, it would not explain the hypercalcaemia, or lupus pernio. While silicosis can cause bilateral hilar lymphadenopathy on chest X-ray, it typically presents with a more characteristic pattern of upper lobe fibrosis with nodules, which is not present here.

SLE

is an autoimmune disorder that is usually diagnosed in young females and presents with systemic symptoms like fatigue, joint pain, and weight loss. It can also involve the lungs and joints resulting in cough and widespread joint pain. However, the presence of lupus pernio, bilateral hilar lymphadenopathy, and hypercalcaemia strongly suggest sarcoidosis as the most likely diagnosis.

Squamous cell lung cancer

can cause chronic cough, fatigue, shortness of breath, unintended weight loss and elevated serum calcium. Hypercalcaemia is due to production of parathyroid hormone-related protein (PTHrP). PTHrP mimics the effects of parathyroid hormone by increasing the release of calcium from the bones into the bloodstream and reducing calcium excretion by the kidneys. However, her relatively modest smoking history (9-pack-year) does not make it the most likely diagnosis. A longer smoking history (typically 20+ pack-years) is a stronger risk factor for developing SCLC. In addition, bilateral hilar lymphadenopathy is more characteristic of sarcoidosis. In squamous cell lung cancer, the lymphadenopathy tends to be more localized (often on the same side as the primary tumor). Moreover, the presence of lupus pernio is very characteristic of sarcoidosis."
223,A newborn female baby is diagnosed with cystic fibrosis following an episode of meconium ileus shortly after birth. Which one of the following is least likely to occur as a consequence of her underlying diagnosis?,"[""Delayed puberty"", ""Nasal polyps"", ""Diabetes mellitus"", ""Rectal prolapse"", ""Arthropathy""]",Arthropathy,4,
224,A 31-year-old man with a history of asthma presents to the Emergency Department with dyspnoea not responding to his salbutamol inhaler. On examination he is noted to have reduced breath sounds on the right side and a chest x-ray confirms a pneumothorax with a 1.5cm rim of air. A pleural aspiration is performed and the patient's dyspnoea resolves. What advice should he be given before discharge?,"[""Air travel should be avoided for the next 12 months"", ""His asthma treatment should be increased to the next step on the British Thoracic Society guidelines"", ""Playing wind instruments such as the trombone should be avoided for the next 12 months"", ""Scuba diving should be avoided for life"", ""Vigorous exercise should be avoided for the next 3 months""]",Scuba diving should be avoided for life,3,"Pneumothorax -> life long ban on deep sea diving

This man has developed a secondary spontaneous pneumothorax. The British Thoracic Society (BTS) guidelines state:

'Diving should be permanently avoided unless the patient has undergone bilateral surgical pleurectomy and has normal lung function and chest CT scan postoperatively.'

Air travel is acceptable once the pneumothorax has fully resolved."
225,"You are the SHO on the respiratory team. A 70-year-old man presents to the emergency department (ED) after a fall at home. He had been taking a course of oral antibiotics prescribed by his GP for a urinary tract infection (UTI). He describes pain over the right chest wall with pleuritic features and complains of shortness of breath. Initial observations reveal a heart rate (HR) of 85 bpm, RR 19 and he is saturating at 95% on 4L/min oxygen via facemask. The ED doctor notes reduced breath sounds over the right hemithorax and dull percussion. A chest x-ray (CXR) demonstrates a right-sided pneumothorax (no tension) with a 3cm rim of air associated with a fracture of the 5th rib. A chest drain was inserted under ultrasound guidance in the emergency department, 360ml of serosanguinous fluid was rapidly drained and 15cmH20 suction was applied. The patient is admitted under the care of the respiratory team. A repeat chest x-ray at 1-hour showed complete resolution of the pneumothorax and the gentleman is now saturating at 96% on 2L/min and he is transferred to the wards. 2 hours later, however, you are called to review the patient as he has become severely short of breath and his saturations have fallen to 75%. There are no obvious issues with the drain. A portable CXR shows isolated alveolar shadowing on the right side.

What is the cause of this man's deterioration?","[""Recurrent pneumothorax"", ""Underlying community-acquired pneumonia"", ""Haemothorax"", ""Re-expansion pulmonary oedema"", ""Pulmonary embolism""]",Re-expansion pulmonary oedema,3,"Over rapid aspiration/drainage of pneumothorax can result in re-expansion pulmonary oedema

The correct answer is re-expansion pulmonary oedema (RPE)

This is a complication that can develop due to over-rapid re-expansion of the lung after large volume thoracocentesis for pneumothorax or effusion.

It is relatively uncommon and usually occurs within 1-2 hours of thoracocentesis but may develop up to 24 hours after. RPE may progress over 1-2 days and usually resolves several days later.

Risk factors for RPE include:

1. Longer duration of lung collapse
2. Larger volume of lung collapse
3. Rapid drainage of pleural fluid/air
4. Application of negative pleural pressure (suction)
5. Younger age of patient"
226,"An 80-year-old is seen in the respiratory clinic with increasing breathlessness. The patient confirms he has multiple conditions, including heart failure and ankylosing spondylitis which he takes amiodarone, naproxen and omeprazole.

On review of his past medical and social history the patient reports he was treated for pulmonary tuberculosis as a child and performed several manual labour occupations in the past including mining and construction work.

X-ray and CT imaging show the presence of extensive fibrosis in the lower lung zones only and a lung biopsy confirms the diagnosis.

What factor has most likely resulted in this patient's lung condition?","[""Ankylosing spondylitis"", ""Coal worker's pneumoconiosis"", ""Drug-induced"", ""Silicosis"", ""Tuberculosis""]",Drug-induced,2,"Lower zones lung fibrosis:  amiodarone

Lung fibrosis can result from several medical conditions, environmental exposures or medications. The different causes of lung fibrosis have an increased predisposition to predominantly affect either the upper or lower zones of the lungs and as such the pattern of fibrosis can assist when attempted to diagnosing its potential cause. In general,

drug-induced lung fibrosis

, caused by medications such as amiodarone, result in lower lung zone fibrosis. Of all the potential causes of lung fibrosis described in this case, amiodarone-induced is the only factor that predominantly affects the lower lung zones. This patient is most likely on amiodarone for his long-standing heart failure with prolonged use of the drug associated with the pulmonary condition.

Ankylosing spondylitis (AS)

, unlike most other connective tissue disorders which are associated with lung fibrosis (i.e. rheumatoid arthritis, Sjogren's syndrome and scleroderma), predominantly affects the upper lung zones. Although rare, lung fibrosis is seen in AS and patients may require long term home oxygen as a result.

Coal worker's pneumoconiosis

(CWP), also known as black lung disease, is a result of long-term exposure to coal dust and as such is primarily only seen in patients who previously worked in coal mines. In CWP inhaled coal dust progressively builds up predominantly in the upper lung zones, not the lower as seen in this patient, leading to inflammation and fibrosis.

Silicosis

, similar to CWP, is a form of occupational lung disease caused by the inhalation of silica dust. Like in CWP, this crystalline silica dust predominantly settles in the upper lung zones and therefore the resulting fibrosis generally affects these areas.

Tuberculosis

infections predominantly involve the apical/upper lung lobes. It is believed that this is due to the upper lung zones relatively higher oxygen concentration and delayed lymphatic drainage. As such fibrosis resulting from previous tuberculosis infection are generally seen in the upper zones."
227,"A 44-year-old woman presents with progressive exertional dyspnoea and intermittent hoarseness. She denies cough, wheeze, or chest pain. She has a past medical history of total thyroidectomy for a large multinodular goitre three months ago.

Clinical examination reveals inspiratory stridor and reduced air entry bilaterally without wheeze.

Chest X-ray shows a subtle narrowing of the upper trachea.

What is the most appropriate initial investigation of choice?","[""Chest MRI"", ""Chest ultrasound"", ""Diffusion capacity testing (DLCO)"", ""Fibreoptic laryngoscopy"", ""Spirometry with flow–volume loop""]",Spirometry with flow–volume loop,4,"Flow volume loop is the investigation of choice for upper airway compression

Spirometry with flow–volume loop

is the correct answer. The diagnosis is upper airway obstruction due to tracheal compression or stenosis. Tracheal stenosis can present in a delayed fashion after thyroidectomy, especially in patients with pre-existing tracheal deviation, prolonged compression from a large goitre, or post-surgical scarring and fibrosis. These structural changes can lead to progressive symptoms such as exertional dyspnoea and stridor. Spirometry with a flow–volume loop is the investigation of choice because it provides a non-invasive, dynamic assessment of airflow during both inspiration and expiration. Although it does not directly visualise the obstruction, it helps confirm functional upper airway limitation by demonstrating flattening of the inspiratory and/or expiratory limbs of the loop. This makes it the most appropriate initial test to functionally confirm the suspected obstruction before proceeding to anatomical assessment. Subsequent imaging or bronchoscopy is often guided by the findings on spirometry.

Chest MRI

is not the correct answer. MRI provides detailed soft tissue resolution and can be used to evaluate vascular or soft tissue masses that may compress the trachea. However, it lacks the ability to assess dynamic airflow limitation and is not typically used in the evaluation of post-thyroidectomy tracheal narrowing. MRI is also less accessible and takes longer to perform compared to other modalities. In this clinical context of stridor following thyroid surgery, other tests such as spirometry or CT offer more relevant diagnostic information. As such, MRI is not the first-line investigation.

Chest ultrasound

is not appropriate for investigating upper airway obstruction or tracheal narrowing. Ultrasound waves do not penetrate air-filled structures like the trachea effectively, limiting visualisation of intrathoracic airways. In this patient with post-thyroidectomy stridor and suspected tracheal compression, ultrasound cannot assess dynamic airflow or detect structural narrowing of the trachea. Therefore, it provides no relevant diagnostic information in this context. More suitable investigations, such as spirometry and cross-sectional imaging, better evaluate the airway function and anatomy.

DLCO

assesses the ability of the lungs to transfer gas from the alveoli into the blood, typically used in the evaluation of interstitial lung disease, emphysema, or pulmonary vascular disorders. It does not evaluate large airway function or detect upper airway obstruction. In a patient with post-thyroidectomy stridor and suspected tracheal narrowing, diffusion studies are irrelevant to the site and nature of the pathology. They offer no functional or anatomical information about the trachea or upper airways. Therefore, diffusion capacity testing is not appropriate for confirming tracheal obstruction in this clinical scenario.

Fibreoptic laryngoscopy

allows direct visualisation of the upper airway, including the vocal cords, and is useful in assessing hoarseness or vocal cord dysfunction. While it primarily visualises the larynx and vocal cords, it can sometimes offer indirect evidence of tracheal issues, such as tracheal tugging or abnormal movement at the vocal cords during respiration. However, it does not visualise the lower trachea, where the suspected narrowing is located based on the chest X-ray and history. In a patient with post-thyroidectomy stridor, laryngeal causes should be ruled out, but fibreoptic laryngoscopy cannot confirm tracheal stenosis. It is therefore not sufficient to establish the diagnosis in this case."
228,"A 31-year-old man has 7 months of episodic dyspnoea, chest tightness, and wheezing. His symptoms are worse in the morning and after exercise, occurring several times per week. He smokes 2-3 cigarettes weekly.

A clinical examination is unremarkable.

Investigations:


Hb	150 g/L	(135-180)
Platelets	320 * 10 9/L	(150 - 400)
WBC	8.3 * 10 9/L	(4.0 - 11.0)
Neuts	5.3 * 10 9/L	(2.0 - 7.0)
Lymphs	2.5 * 10 9/L	(1.0 - 3.5)
Mono	0.3 * 10 9/L	(0.2 - 0.8)
Eosin	0.2 * 10 9/L	(0.0 - 0.4)
Fractional exhaled nitric oxide (FeNO)	16 ppb	(< 25)

Spirometry is performed:


	Pre-bronchodilator	Post-bronchodilator
FEV1	1.5 L	1.9 L	(2.5 - 3.3)
FVC	3.0 L	3.1 L	(3.3 - 3.8)

Which option is the best initial treatment for this patient?","[""Combined corticosteroid/formoterol inhaler as required"", ""Long-acting beta agonist inhaler twice daily"", ""Low-dose corticosteroid inhaler twice daily"", ""Short-acting beta agonist inhaler as required"", ""Short-acting muscarinic antagonist as required""]",Combined corticosteroid/formoterol inhaler as required,0,"Asthma: adults and children ≥ 12 years first-line treatment → low-dose inhaled corticosteroid (ICS)/formoterol combination inhaler as required

Combined corticosteroid/formoterol inhaler as required

is correct. This patient likely has asthma, given his episodic dyspnoea, chest tightness, and wheezing, which worsen in the morning and after exercise. His spirometry shows an FEV1 increase from 1.5L to 1.9L post-bronchodilator, meeting the > 12% and > 200mL threshold for reversible airflow obstruction, confirming asthma. His FeNO and eosinophil counts are normal, suggesting non-eosinophilic asthma. The 2024 NICE and British Thoracic Society guidelines recommend a combined inhaled corticosteroid (ICS)/formoterol inhaler as first-line treatment, providing both reliever and anti-inflammatory effects. Formoterol, a long-acting beta-agonist (LABA) with a rapid onset, offers immediate symptom relief while the ICS reduces airway inflammation. This approach simplifies treatment, improves adherence, and reduces the risk of exacerbations.

Long-acting beta agonist inhaler twice daily

is incorrect. A LABA alone is not used in asthma because it provides bronchodilation without addressing airway inflammation, increasing the risk of exacerbations. This patient’s frequent symptoms and reversible airflow obstruction require both bronchodilation and anti-inflammatory treatment, making a combined ICS/formoterol inhaler the preferred choice. LABAs are only used alongside ICS, not as monotherapy.

Low-dose corticosteroid inhaler twice daily

is incorrect. While an ICS reduces airway inflammation, this patient’s frequent symptoms require both immediate symptom relief and long-term control. An ICS alone does not provide rapid bronchodilation, which is essential given his exercise-induced and morning symptoms. The correct approach is an ICS/formoterol inhaler, ensuring both inflammation control and symptom relief in a single inhaler.

Inhaled short-acting beta agonist inhaler as required

is incorrect. While a short-acting beta-agonist (SABA) like salbutamol provides quick symptom relief, it does not treat airway inflammation and is no longer first-line therapy under the 2024 guidelines. Relying solely on a SABA can worsen long-term asthma control, increasing the risk of exacerbations. This patient needs a combined ICS/formoterol inhaler, which addresses both acute symptoms and underlying inflammation.

Short-acting muscarinic antagonist as required

is incorrect. Short-acting muscarinic antagonists (SAMAs) are typically first-line therapy for COPD, not asthma. While this patient smokes occasionally, his young age, lack of chronic sputum production, and reversible airflow obstruction make asthma far more likely than COPD. SAMAs are not appropriate for asthma management and do not provide the anti-inflammatory benefits needed in this case."
229,"A 26-year-old man presents to the GP with episodic dyspnoea, wheezing, and chest tightness. His symptoms occur 2-3 times weekly, usually at night. He has a dry cough but has no sputum, haemoptysis, or weight loss. He has never smoked and has no past medical history.

Investigations:


Hb	150 g/L	Male: (135-180)
Platelets	333 * 10 9/L	(150 - 400)
WBC	9 * 10 9/L	(4.0 - 11.0)
Neuts	6 * 10 9/L	(2.0 - 7.0)
Lymphs	2 * 10 9/L	(1.0 - 3.5)
Mono	0.8 * 10 9/L	(0.2 - 0.8)
Eosin	0.2 * 10 9/L	(0.0 - 0.4)


Fractional exhaled nitric oxide (FeNO)	21 ppb (< 50)

Which option is the best next step for the GP to take?","[""Arrange chest X-ray"", ""Measure peak expiratory flow rate in clinic"", ""Refer for spirometry with methacholine testing"", ""Refer for spirometry with salbutamol testing"", ""Repeat FeNO measurement in 3 months""]",Refer for spirometry with salbutamol testing,3,"All adults with suspected asthma should have a bronchodilator reversibility (BDR) test

Refer for spirometry with salbutamol testing

is correct. This patient most likely has asthma, given his episodic wheeze, dyspnoea, chest tightness, and nocturnal symptoms in a young adult with no smoking history or alternative diagnoses. According to the updated 2024 NICE guidelines, first-line tests include eosinophil counts and FeNO, which are both normal in this patient. The next test they recommend is spirometry with bronchodilator reversibility (BDR). This test can confirm the diagnosis by showing a significant increase in FEV1 after salbutamol administration. If the FEV1 increase is ≥ 12% and 200 ml or more from the pre-bronchodilator measurement, then asthma can be diagnosed.

Arrange chest X-ray

is incorrect as this patient has no features warranting a chest X-ray, such as red flag malignancy symptoms such as haemoptysis and unexplained weight loss, or suspicion of alternative diagnoses like infection. Arranging a chest X-ray is unlikely to yield any useful information in this patient and would unnecessarily expose them to ionising radiation.

Measure peak expiratory flow rate in clinic

is incorrect. A single peak expiratory flow rate (PEFR) would not capture the diurnal variability characteristic of asthma. NICE recommends that PEFR monitoring be done twice daily over two weeks to assess variability. Additionally, PEFR monitoring is used if spirometry is unavailable or delayed, which is not mentioned here.

Refer for spirometry with methacholine testing

is incorrect as this is a test done under specialist supervision in secondary care after eosinophils, FeNO, spirometry with BDR, and PEFR are inconclusive. Methacholine is a muscarinic agonist and induces bronchoconstriction when given, allowing spirometry post-administration, which would show a fall in FEV1. However, this carries more risks than spirometry with BDR and would be premature in this patient who has only had eosinophils and FeNO testing.

Repeat FeNO measurement in 3 months

is incorrect as this is unlikely to yield any diagnostic benefit if repeated and delays timely diagnosis and treatment. NICE recommends referring for spirometry with BDR if eosinophils and FeNO are inconclusive, which is the case here."
230,"A 67-year-old woman is admitted with a 5-day history of increased cough, purulent sputum, and worsening breathlessness. She has known bronchiectasis and has had three similar episodes in the past year. On examination, temperature is 38.2°C, respiratory rate is 24/min, and coarse crackles are heard over the right lower zone. Chest X-ray shows right lower lobe consolidation.

Which organism is most likely responsible for this exacerbation?","[""Haemophilus influenzae"", ""Moraxella catarrhalis"", ""Pseudomonas aeruginosa"", ""Staphylococcus aureus"", ""Streptococcus pneumoniae""]",Haemophilus influenzae,0,"Bronchiectasis: most common organism =

Haemophilus influenzae

is the most common bacterial pathogen isolated in non-cystic fibrosis bronchiectasis exacerbations, accounting for approximately 30-40% of cases. This gram-negative coccobacillus is particularly adept at colonising the damaged bronchial tree in bronchiectasis. The patient's presentation with increased purulent sputum, fever, and localised signs on examination is typical of an H. influenzae exacerbation. The recurrent nature of her infections (three episodes in the past year) is also consistent with chronic colonisation with this organism. In patients with bronchiectasis, the damaged mucociliary clearance mechanism allows H. influenzae to establish persistent infection, leading to a cycle of inflammation and further airway damage.

Pseudomonas aeruginosa

is also a significant pathogen in bronchiectasis, but it typically colonises patients with more severe or advanced disease. P. aeruginosa infection is associated with accelerated lung function decline, more frequent exacerbations, and poorer quality of life. While this organism could be responsible for this patient's exacerbation, it is statistically less common than H. influenzae in the general bronchiectasis population. P. aeruginosa would be more likely if the patient had very severe bronchiectasis or had previously cultured this organism.

Streptococcus pneumoniae

is a common respiratory pathogen that can cause exacerbations in bronchiectasis patients, but it is isolated less frequently than H. influenzae. S. pneumoniae typically causes acute community-acquired pneumonia rather than chronic colonisation of the bronchiectatic airways. While the consolidation on chest X-ray could suggest pneumococcal infection, the patient's history of recurrent episodes makes H. influenzae more likely.

Moraxella catarrhalis

is occasionally isolated from the sputum of patients with bronchiectasis but is a less common cause of exacerbations compared to H. influenzae. This gram-negative diplococcus typically causes exacerbations in patients with COPD rather than being a primary pathogen in bronchiectasis.

Staphylococcus aureus

is an uncommon cause of exacerbations in non-cystic fibrosis bronchiectasis. It is more frequently associated with bronchiectasis in patients with cystic fibrosis or allergic bronchopulmonary aspergillosis. In the absence of these specific risk factors, S. aureus would be an unusual causative organism for this patient's presentation."
231,"A 32-year-old man attends your clinic requesting to be tested for alpha-1 antitrypsin deficiency due to a family history of this condition. He does not smoke. His genotype is found to be PiMZ.

What are the most likely outcome and the carrier status of this patient?","[""Carrier genotype, roughly 50% chance of developing emphysema"", ""Carrier genotype, unlikely to develop emphysema if he does not smoke"", ""Homozygous genotype, very high chance of developing emphysema"", ""Normal genotype, could develop emphysema if he starts smoking"", ""Normal genotype, therefore no risk of emphysema""]","Carrier genotype, unlikely to develop emphysema if he does not smoke",1,"Alpha-1 antitrypsin: PiMZ = carrier and unlikely to develop emphysema if a non-smoker

Remember when testing for Alpha-1 antitrypsin:

M is normal, S is slow, and Z for very slow → PiMM is the normal genotype. You can remember this by thinking of which letter comes first in the alphabet (M) and which comes last (Z - slowest).

Therefore the genotype he has, PiMZ, is heterozygous. This means he has the

carrier genotype, unlikely to develop lung disease if he does not smoke.

He may, however, pass on the A1AT gene to his children.

Carrier genotype, roughly 50% chance of developing lung disease

is incorrect. Although he is a carrier, being a nonsmoker makes him unlikely to develop emphysema with this genotype.

Homozygous genotype, very high chance of developing emphysema

is incorrect as he has the PiMZ genotype, rather than the PiSS or PiZZ, so by definition, he is not homozygous.

Normal genotype, could develop emphysema if he starts smoking

is incorrect as the normal genotype would be PiMM, and he has PiMZ which makes him a carrier.

Normal genotype, therefore no risk of emphysema

is incorrect as the normal genotype would be PiMM, and he has PiMZ which makes him a carrier."
232,"A 63-year-old man presents to the emergency department with haemoptysis. He has a past medical history of antiphospholipid syndrome and is on warfarin.

On examination, chest auscultation is normal. There is evidence of nasal crusting. The sensation is reduced bilaterally to the ankles.

A chest x-ray demonstrates cavitating nodules in both midzones.

Blood tests:


WBC	4.5 * 109/L	(4.0 - 11.0)
Hb	138 g/L	Male: (135-180)
Urea	15.6 mmol/L	(2.0 - 7.0)
Creatinine	240 µmol/L	(55 - 120)
CRP	145 mg/L	(0-5)
INR	1.4	(0.9-1.1)

What is the most likely diagnosis?","[""Staphylococcus aureus pneumonia"", ""Anti-glomerular basement membrane disease"", ""Granulomatosis with polyangiitis"", ""Microscopic polyangiitis"", ""Pulmonary embolism""]",Granulomatosis with polyangiitis,2,"Consider granulomatosis with polyangiitis when a patient presents with ENT, respiratory and kidney involvement

Granulomatosis with polyangiitis

is the correct answer. The patient presents with haemoptysis and cavitating pulmonary nodules in association with ENT involvement (nasal crusting), renal impairment, neurological involvement (peripheral neuropathy) and systemic inflammation (CRP 145). The most likely diagnosis causing this multisystem disorder is

Granulomatosis with polyangiitis

. This is a pauci-immune small vessel vasculitis. It is associated with the positivity of cytoplasmic anti-neutrophil cytoplasmic autoantibody (cANCA) and proteinase 3 (PR3).

Anti-glomerular basement membrane disease

is incorrect. This is another disorder that causes the pulmonary-renal syndrome. It occasionally overlaps with ANCA vasculitis. It is characterized typically but pulmonary haemorrhage and rapidly progressive glomerulonephritis. It is not typically associated with ENT involvement or peripheral neuropathy and therefore GPA is more likely.

Staphylococcus aureus

pneumonia is incorrect. This may cause cavitating lung lesions. Additionally, if the patient had severe sepsis it may result in an acute kidney injury. A nasal infection with this bacteria may cause some crusting. However, it is not associated with peripheral neuropathy and would typically cause a raised white cell count and therefore GPA is more likely.

Microscopic polyangiitis

is incorrect. This is another ANCA vasculitis that affects the small and medium arteries. It is less likely to cause pulmonary nodules and typically does not affect the upper respiratory tract and therefore GPA is more likely, in this case. It is usually associated with perinuclear anti-neutrophil cytoplasmic autoantibody  (ANCA) and myeloperoxidase (MPO).

Pulmonary embolism

is incorrect. The historical diagnosis of the anti-phospholipid syndrome would put him at risk of venous thromboembolism and his warfarin is not in the therapeutic range. However, it would not explain the other systemic features and is therefore unlikely."
233,"A 35-year-old woman is referred to the respiratory clinic with a 6-month history of progressive dyspnoea. She has never smoked. Her father died of emphysema at age 45. Spirometry shows an FEV1/FVC ratio of 0.65. Alpha-1 antitrypsin level is 0.9 g/L (1.1-2.1). Genetic testing reveals a PiMZ genotype.

What is the most appropriate advice regarding her risk of developing emphysema?","[""High risk due to her PiMZ status and family history"", ""High risk due to her reduced alpha-1 antitrypsin level"", ""Low risk as a PiMZ carrier who has never smoked"", ""Moderate risk requiring annual pulmonary function testing"", ""No increased risk as her symptoms are unrelated to alpha-1 antitrypsin status""]",Low risk as a PiMZ carrier who has never smoked,2,"Alpha-1 antitrypsin: PiMZ = carrier and unlikely to develop emphysema if a non-smoker

Low risk as a PiMZ carrier who has never smoked

is the correct answer. Alpha-1 antitrypsin (A1AT) deficiency is an autosomal co-dominant condition where individuals inherit various protease inhibitor (Pi) alleles. The PiMZ genotype indicates heterozygous carrier status, with one normal M allele and one deficient Z allele. This typically results in A1AT levels approximately 50-60% of normal, as seen in this patient (0.9 g/L). While there is some conflicting evidence in the literature, the consensus is that PiMZ heterozygotes who have never smoked have a very low risk of developing emphysema related to their A1AT status. Her current symptoms and mild obstructive pattern on spirometry may be due to other respiratory conditions rather than A1AT-related emphysema. The appropriate advice would be that her carrier status alone poses a low risk for developing emphysema, particularly as she has never smoked.

High risk due to her PiMZ status and family history

is incorrect. While family history is important, her father's emphysema may have been due to homozygous PiZZ status (which carries a much higher risk) or other factors. The PiMZ genotype itself does not confer a high risk of emphysema in non-smokers. The patient's carrier status means she has reduced but not severely deficient levels of A1AT.

High risk due to her reduced alpha-1 antitrypsin level

is incorrect. Her A1AT level of 0.9 g/L is only slightly below the reference range (1.1-2.1 g/L) and is consistent with PiMZ carrier status. This moderate reduction is not typically associated with a high risk of emphysema in non-smokers. Severe deficiency associated with high risk typically occurs with levels below 0.5 g/L, usually seen in PiZZ individuals.

Moderate risk requiring annual pulmonary function testing

is incorrect. While monitoring pulmonary function may be appropriate for this patient given her symptoms, PiMZ carriers who have never smoked do not have a moderate risk of developing emphysema that would necessitate annual testing specifically for A1AT-related disease progression.

No increased risk as her symptoms are unrelated to alpha-1 antitrypsin status

is incorrect. While her PiMZ status confers a low risk rather than a high risk, it would be inappropriate to state there is absolutely no increased risk compared to the general population. Additionally, we cannot definitively state that her current symptoms are unrelated to her A1AT status without further investigation, even though they are unlikely to be directly caused by it."
234,Which one of the following pathophysiological changes is most responsible for emphysema?,"[""Mucosal oedema and mucus plugging"", ""Destruction of alveolar walls secondary to proteinases"", ""Airway hypersensitivity"", ""Smooth muscle contraction"", ""Hypertrophy of mucous secreting glands""]",Destruction of alveolar walls secondary to proteinases,1,
235,"A 43-year-old man is seen in the respiratory clinic with a 6-month history of increasing breathlessness. His symptoms are constant and do not vary throughout the day. He has a past medical history of rheumatoid arthritis, for which he takes methotrexate. There is no other past medical history of note.

He was seen by his GP initially at which time physical examination of the chest was recorded as unremarkable. The GP then requested spirometry and referred him to respiratory outpatients.

Spirometry results are shown below:


	% predicted
FEV1	46
FVC	81
FEV1/FVC	57

What is the most likely diagnosis?","[""Asthma"", ""Bronchiectasis"", ""Bronchiolitis obliterans"", ""Pulmonary fibrosis"", ""Sarcoidosis""]",Bronchiolitis obliterans,2,"Dyspnoea, obstructive pattern on spirometry in patient with rheumatoid → ? bronchiolitis obliterans

Bronchiolitis obliterans

is correct.  Bronchiolitis obliterans (also known as obliterative bronchiolitis) is a rare complication of rheumatoid arthritis and is characterised by small airway inflammation and fibrosis, leading to airflow obstruction. This condition manifests as progressive dyspnoea and an obstructive spirometry pattern (reduced FEV1/FVC ratio), consistent with the patient's presentation and spirometry results. It is a non-reversible form of airway obstruction and fits the patient's history of rheumatoid arthritis with worsening breathlessness and obstructive spirometry.

Asthma

is incorrect. The constant, progressive nature of this patient's symptoms without episodic wheezing or atopy makes asthma less likely. Additionally, the first presentation of asthma at age 43 would be unusual, and asthma is not associated with rheumatoid arthritis.

Bronchiectasis

is incorrect. Bronchiectasis is a common pulmonary complication of rheumatoid arthritis and can present with progressive dyspnoea. Spirometry in bronchiectasis can also show an obstructive picture or a mixed obstructive and restrictive pattern. There is no mention of recurrent infections or excessive sputum production, which are characteristic features of bronchiectasis. This answer is, therefore, incorrect.

Pulmonary fibrosis

is incorrect. Pulmonary fibrosis, often part of interstitial lung disease (ILD) associated with rheumatoid arthritis, is a common pulmonary manifestation but typically presents with a restrictive spirometry pattern (reduced FVC and normal or increased FEV1/FVC ratio). This does not match the obstructive pattern seen in this case. Additionally, pulmonary fibrosis is more likely to cause symptoms such as dry cough and fine inspiratory crackles on auscultation, neither of which is highlighted in this scenario.

Sarcoidosis

is incorrect. Sarcoidosis is a systemic granulomatous disease that can affect the lungs but is not directly associated with rheumatoid arthritis. While sarcoidosis most commonly presents with a restrictive spirometry pattern, it can also present with an obstructive pattern, particularly if there is airway involvement. The clinical presentation of sarcoidosis often includes systemic symptoms such as fatigue, skin lesions, arthralgia and lymphadenopathy, which are not described in this patient - this answer is, therefore, incorrect."
236,"A couple is being investigated in a fertility clinic due to difficulty with conceiving. They have been engaging in regular unprotected sexual intercourse for 24 months with no success. The woman (aged 25) has been extensively investigated with no structural or hormonal abnormality found.

As part of the investigations of the man (aged 26), semen analysis revealed oligospermia with immotile live sperms. He also reports recurrent chest infections for the past 15 years, a sweat test was performed 10 years ago revealing no abnormality. A testicular examination was normal. A chest examination revealed quiet heart sounds and generalised crepitations and wheeze throughout the lung fields There were no abnormalities on hormonal analysis.

What is the most likely cause of this mans infertility?","[""Cystic fibrosis"", ""Kartagener's syndrome"", ""Klinefelter's syndrome"", ""Orchitis"", ""Varicocele""]",Kartagener's syndrome,1,"Recurrent chest infections + subfertility - think primary ciliary dyskinesia syndrome (Kartagener's syndrome)

Primary ciliary dyskinesia or Kartagener's syndrome are characterised by reduced cilia motility throughout the body. This results in recurrent chest infections and bronchiectasis but also can result in male infertility. When Primary ciliary dyskinesia (PCD) is associated with situs inversus (resulting in the quiet heart sounds), it is known as Kartagener's syndrome, however, this only happens in 50% of PCD. This presentation of symptoms is similar to cystic fibrosis however the negative sweat test ruled out this differential. The normal testicular examination ruled out a varicocele and the normal hormonal analysis ruled out Klinefelter's syndrome."
237,"A 68-year-old man presents to his GP with shortness of breath when climbing a flight of stairs or walking to the shops at the end of his road. He has a past medical history of chronic obstructive pulmonary disease (COPD), rheumatoid arthritis and hypertension. His regular medications are paracetamol, a salbutamol inhaler and amlodipine. He smokes 20 cigarettes a day and has done so for 40 years.

On examination, his chest is clear with no added sounds and equal air entry bilaterally. Heart sounds are normal. He has a small amount of pitting oedema to both ankles.

You review his previous blood results from a recent check-up appointment:


Hb	155 g/L	Male: (135-180)
Female: (115 - 160)
Platelets	364 * 109/L	(150 - 400)
WBC	6.2 * 109/L	(4.0 - 11.0)
Neuts	3.5 * 109/L	(2.0 - 7.0)
Lymphs	1.5 * 109/L	(1.0 - 3.5)
Mono	0.5 * 109/L	(0.2 - 0.8)
Eosin	0.7 * 109/L	(0.0 - 0.4)


Na+	135mmol/L	(135 - 145)
K+	4.6 mmol/L	(3.5 - 5.0)
Bicarbonate	24 mmol/L	(22 - 29)
Urea	6.2 mmol/L	(2.0 - 7.0)
Creatinine	87µmol/L	(55 - 120)

You also review his previous spirometry results:


FEV1	Peak expiratory flow (litres/minute)
62%	200
59%	225
63%	190

Which of the following most strongly suggests that his COPD would be steroid responsive?","[""Laboratory blood tests"", ""Past medical history"", ""Smoking history"", ""FEV1"", ""Peak expiratory flow""]",Laboratory blood tests,0,"Asthmatic features/features suggesting steroid responsiveness in COPD:

This gentleman has raised blood eosinophils and therefore this is most likely to suggest steroid responsiveness in his case.

There is no substantial variation in his FEV1 or peak expiratory flow in the results that you are given therefore these do not suggest steroid responsiveness.

There is no history of asthma or atopy in his past medical history so this does not suggest steroid responsiveness.

Smoking history is not a predictive factor for steroid responsiveness in COPD."
238,"A 28-year-old woman presents to her GP with intermittent episodes of shortness of breath, wheezing, and chest tightness over the past six months. She reports that symptoms are often worse at night and triggered by cold air or exercise. She has no significant medical history and denies fever, recent infections, or smoking.

Examination reveals mild wheezing on auscultation but is otherwise unremarkable.

Given the suspected diagnosis, what is the first-line investigation?","[""Bronchoscopy"", ""Chest X-ray"", ""Eosinophil count"", ""Methacholine challenge test"", ""Peak expiratory flow monitoring""]",Eosinophil count,2,"The first line investigation for adults with suspected asthma is to measure the eosinophil count OR fractional nitric oxide

This patient’s symptoms of intermittent shortness of breath, wheezing, and chest tightness, which worsen at night and with triggers like cold air or exercise, strongly suggest a diagnosis of asthma. Asthma is a chronic airway inflammatory disorder often associated with reversible airflow obstruction and airway hyperresponsiveness. The absence of fever, infection, or smoking history further supports asthma over alternative diagnoses.

An eosinophil count

is a key first-line investigation as asthma is frequently linked to eosinophilic airway inflammation. Elevated eosinophil levels reflect the underlying inflammatory process driven by type 2 helper T cells, which stimulate eosinophil recruitment. Assessing the eosinophil count aids in confirming the diagnosis and may guide treatment decisions, particularly regarding the use of inhaled corticosteroids to control inflammation.

Bronchoscopy

is incorrect as a first-line investigation for this patient because it is an invasive procedure primarily used to assess structural abnormalities, foreign bodies, or for biopsy in cases of suspected malignancy or infection. This patient’s presentation of intermittent wheezing and symptom triggers aligns with asthma, which does not warrant invasive diagnostic methods unless atypical features, such as unexplained haemoptysis or persistent atelectasis, are present. Bronchoscopy would not provide additional useful information for diagnosing a straightforward case of asthma.

Peak expiratory flow monitoring

is incorrect as it is primarily used for monitoring asthma control over time rather than for initial diagnosis. Although valuable in assessing how well a patient is managing their asthma, it lacks the specificity and diagnostic power of a full blood count or spirometry for confirming asthma.

Chest X-ray

is incorrect because it is not typically used to diagnose asthma. While a chest X-ray may be ordered to rule out other potential causes of respiratory symptoms, it does not provide information specific to asthma. Most asthma patients have a normal chest X-ray unless there are complications, so it is not a primary tool for diagnosis.

Methacholine challenge test

is incorrect because it is not the first-line investigation for suspected asthma. This test is used in cases where asthma is suspected but the diagnosis remains uncertain after spirometry. It is more invasive and less commonly used than a full blood count or spirometry for confirming the diagnosis of asthma."
239,Which one of the following is responsible for farmer's lung?,"[""Aspergillus clavatus"", ""Saccharopolyspora rectivirgula"", ""Candida albicans"", ""Mycobacterium avium"", ""Avian proteins""]",Saccharopolyspora rectivirgula,1,"Saccharopolyspora rectivirgula

Saccharopolyspora rectivirgula

is the correct answer. Farmer's lung is a type of hypersensitivity pneumonitis (HP), which is an immunologically mediated inflammatory lung disease caused by repeated inhalation of organic antigens.

Saccharopolyspora rectivirgula

(formerly known as

Micropolyspora faeni

) is the primary causative organism of farmer's lung. This thermophilic actinomycete thrives in warm, moist conditions found in mouldy hay, straw, and grain. When farmers handle these materials, they inhale the spores, which can trigger an immune response in susceptible individuals. The clinical presentation typically includes dyspnoea, cough, fever, and malaise occurring 4-8 hours after exposure, with chronic exposure potentially leading to irreversible pulmonary fibrosis.

Aspergillus clavatus

is incorrect. While

Aspergillus

species can cause various pulmonary conditions including allergic bronchopulmonary aspergillosis (ABPA) and aspergilloma,

A. clavatus

specifically is associated with malt worker's lung, not farmer's lung. Malt worker's lung is another form of hypersensitivity pneumonitis that affects workers in the brewing industry who are exposed to mouldy barley during the malting process.

Candida albicans

is incorrect.

Candida albicans

is a commensal yeast that can cause opportunistic infections, primarily mucocutaneous candidiasis and invasive candidiasis in immunocompromised hosts. It is not associated with hypersensitivity pneumonitis or farmer's lung. While

Candida

can occasionally cause pulmonary infections in severely immunocompromised patients, it does not trigger the immunological reaction characteristic of farmer's lung.

Mycobacterium avium

is incorrect.

Mycobacterium avium

complex (MAC) is a group of environmental mycobacteria that can cause pulmonary disease, particularly in patients with underlying lung disease or immunocompromised states. MAC infections typically present as a chronic, indolent pulmonary infection rather than the acute or subacute hypersensitivity reaction seen in farmer's lung. MAC is not implicated in the pathogenesis of hypersensitivity pneumonitis.

Avian proteins

is incorrect. Avian proteins from bird droppings, feathers, and serum are indeed responsible for a type of hypersensitivity pneumonitis, but this is specifically called bird fancier's lung (or pigeon breeder's disease), not farmer's lung. Bird fancier's lung affects individuals with regular exposure to birds, such as pigeon breeders, pet bird owners, and poultry workers. While the pathophysiology is similar to farmer's lung (both being forms of hypersensitivity pneumonitis), the antigenic trigger is different."
240,"A 74-year-old man with Chronic Obstructive Pulmonary Disease (COPD) presents on the acute take with increasing shortness of breath over the past two days. His arterial blood gas on room air shows:


pH	7.28
pO2	5.9kPa
pCO2	7.9kPa
HCO3-	31.0mmol/L
BE	+3.5mmol/L

He is started on 2 litres of oxygen and the second gas shows:


pH	7.25
pO2	6.1kPa
pCO2	8.5kPa
HCO3-	31.2mmol/L
BE	+3.5mmol/L

What is the next most appropriate course of action?","[""Intubate and ventilate the patient"", ""Start 28% Venturi mask"", ""Start non-invasive ventilation"", ""Place the patient on room air"", ""Continue 2 litres of oxygen""]",Start non-invasive ventilation,2,
